x0000,y0000
1777575130.4989111,-0.1369628906
1777575130.5089111,-0.1369628906
1777575130.5189111,-0.1369628906
1777575130.528911,-0.1369628906
1777575130.538911,-0.1369628906
1777575130.548911,-0.1369628906
1777575130.558911,-0.1369628906
1777575130.568911,-0.1369628906
1777575130.578911,-0.1369628906
1777575130.588911,-0.1369628906
1777575130.598911,-0.1369628906
1777575130.608911,-0.1369628906
1777575130.6189113,-0.1369628906
1777575130.6289113,-0.1369628906
1777575130.6389112,-0.1369628906
1777575130.6489112,-0.1369628906
1777575130.6589112,-0.1369628906
1777575130.6689112,-0.1369628906
1777575130.6789112,-0.1369628906
1777575130.6889112,-0.1369628906
1777575130.6989112,0.1520996094
1777575130.7089112,0.1520996094
1777575130.7189112,0.1520996094
1777575130.7289112,0.1520996094
1777575130.7389112,0.1520996094
1777575130.7489111,0.1520996094
1777575130.7589111,0.1520996094
1777575130.7689111,0.1520996094
1777575130.778911,0.1520996094
1777575130.788911,0.1520996094
1777575130.798911,0.1520996094
1777575130.808911,0.1520996094
1777575130.8189113,0.1520996094
1777575130.8289113,0.1520996094
1777575130.8389113,0.1520996094
1777575130.8489113,0.1520996094
1777575130.8589113,0.1520996094
1777575130.8689113,0.1520996094
1777575130.8789113,0.1520996094
1777575130.8889112,0.1520996094
1777575130.8989112,0.1010742188
1777575130.9089112,0.1010742188
1777575130.9189112,0.1010742188
1777575130.9289112,0.1010742188
1777575130.9389112,0.1010742188
1777575130.9489112,0.1010742188
1777575130.9589112,0.1010742188
1777575130.9689112,0.1010742188
1777575130.9789112,0.1010742188
1777575130.9889112,0.1010742188
1777575130.9989111,0.1010742188
1777575131.0089111,0.1010742188
1777575131.0189114,0.1010742188
1777575131.0289114,0.1010742188
1777575131.0389113,0.1010742188
1777575131.0489113,0.1010742188
1777575131.0589113,0.1010742188
1777575131.0689113,0.1010742188
1777575131.0789113,0.1010742188
1777575131.0889113,0.1010742188
1777575131.0989113,-0.0541992188
1777575131.1089113,-0.0541992188
1777575131.1189113,-0.0541992188
1777575131.1289113,-0.0541992188
1777575131.1389112,-0.0541992188
1777575131.1489112,-0.0541992188
1777575131.1589112,-0.0541992188
1777575131.1689112,-0.0541992188
1777575131.1789112,-0.0541992188
1777575131.1889112,-0.0541992188
1777575131.1989112,-0.0541992188
1777575131.2089112,-0.0541992188
1777575131.2189114,-0.0541992188
1777575131.2289114,-0.0541992188
1777575131.2389114,-0.0541992188
1777575131.2489114,-0.0541992188
1777575131.2589114,-0.0541992188
1777575131.2689114,-0.0541992188
1777575131.2789114,-0.0541992188
1777575131.2889113,-0.0541992188
1777575131.2989113,-0.0363769531
1777575131.3089113,-0.0363769531
1777575131.3189113,-0.0363769531
1777575131.3289113,-0.0363769531
1777575131.3389113,-0.0363769531
1777575131.3489113,-0.0363769531
1777575131.3589113,-0.0363769531
1777575131.3689113,-0.0363769531
1777575131.3789113,-0.0363769531
1777575131.3889112,-0.0363769531
1777575131.3989112,-0.0363769531
1777575131.4089112,-0.0363769531
1777575131.4189115,-0.0363769531
1777575131.4289114,-0.0363769531
1777575131.4389114,-0.0363769531
1777575131.4489114,-0.0363769531
1777575131.4589114,-0.0363769531
1777575131.4689114,-0.0363769531
1777575131.4789114,-0.0363769531
1777575131.4889114,-0.0363769531
1777575131.4989114,0.0676269531
1777575131.5089114,0.0676269531
1777575131.5189114,0.0676269531
1777575131.5289114,0.0676269531
1777575131.5389113,0.0676269531
1777575131.5489113,0.0676269531
1777575131.5589113,0.0676269531
1777575131.5689113,0.0676269531
1777575131.5789113,0.0676269531
1777575131.5889113,0.0676269531
1777575131.5989113,0.0676269531
1777575131.6089113,0.0676269531
1777575131.6189115,0.0676269531
1777575131.6289115,0.0676269531
1777575131.6389115,0.0676269531
1777575131.6489115,0.0676269531
1777575131.6589115,0.0676269531
1777575131.6689115,0.0676269531
1777575131.6789114,0.0676269531
1777575131.6889114,0.0676269531
1777575131.6989114,-0.0107421875
1777575131.7089114,-0.0107421875
1777575131.7189114,-0.0107421875
1777575131.7289114,-0.0107421875
1777575131.7389114,-0.0107421875
1777575131.7489114,-0.0107421875
1777575131.7589114,-0.0107421875
1777575131.7689114,-0.0107421875
1777575131.7789114,-0.0107421875
1777575131.7889113,-0.0107421875
1777575131.7989113,-0.0107421875
1777575131.8089113,-0.0107421875
1777575131.8189116,-0.0107421875
1777575131.8289115,-0.0107421875
1777575131.8389115,-0.0107421875
1777575131.8489115,-0.0107421875
1777575131.8589115,-0.0107421875
1777575131.8689115,-0.0107421875
1777575131.8789115,-0.0107421875
1777575131.8889115,-0.0107421875
1777575131.8989115,-0.0881347656
1777575131.9089115,-0.0881347656
1777575131.9189115,-0.0881347656
1777575131.9289114,-0.0881347656
1777575131.9389114,-0.0881347656
1777575131.9489114,-0.0881347656
1777575131.9589114,-0.0881347656
1777575131.9689114,-0.0881347656
1777575131.9789114,-0.0881347656
1777575131.9889114,-0.0881347656
1777575131.9989114,-0.0881347656
1777575132.0089114,-0.0881347656
1777575132.0189116,-0.0881347656
1777575132.0289116,-0.0881347656
1777575132.0389116,-0.0881347656
1777575132.0489116,-0.0881347656
1777575132.0589116,-0.0881347656
1777575132.0689116,-0.0881347656
1777575132.0789115,-0.0881347656
1777575132.0889115,-0.0881347656
1777575132.0989115,-0.1279296875
1777575132.1089115,-0.1279296875
1777575132.1189115,-0.1279296875
1777575132.1289115,-0.1279296875
1777575132.1389115,-0.1279296875
1777575132.1489115,-0.1279296875
1777575132.1589115,-0.1279296875
1777575132.1689115,-0.1279296875
1777575132.1789114,-0.1279296875
1777575132.1889114,-0.1279296875
1777575132.1989114,-0.1279296875
1777575132.2089114,-0.1279296875
1777575132.2189116,-0.1279296875
1777575132.2289116,-0.1279296875
1777575132.2389116,-0.1279296875
1777575132.2489116,-0.1279296875
1777575132.2589116,-0.1279296875
1777575132.2689116,-0.1279296875
1777575132.2789116,-0.1279296875
1777575132.2889116,-0.1279296875
1777575132.2989116,-0.1645507812
1777575132.3089116,-0.1645507812
1777575132.3189116,-0.1645507812
1777575132.3289115,-0.1645507812
1777575132.3389115,-0.1645507812
1777575132.3489115,-0.1645507812
1777575132.3589115,-0.1645507812
1777575132.3689115,-0.1645507812
1777575132.3789115,-0.1645507812
1777575132.3889115,-0.1645507812
1777575132.3989115,-0.1645507812
1777575132.4089115,-0.1645507812
1777575132.4189117,-0.1645507812
1777575132.4289117,-0.1645507812
1777575132.4389117,-0.1645507812
1777575132.4489117,-0.1645507812
1777575132.4589117,-0.1645507812
1777575132.4689116,-0.1645507812
1777575132.4789116,-0.1645507812
1777575132.4889116,-0.1645507812
1777575132.4989116,0.1330566406
1777575132.5089116,0.1330566406
1777575132.5189116,0.1330566406
1777575132.5289116,0.1330566406
1777575132.5389116,0.1330566406
1777575132.5489116,0.1330566406
1777575132.5589116,0.1330566406
1777575132.5689116,0.1330566406
1777575132.5789115,0.1330566406
1777575132.5889115,0.1330566406
1777575132.5989115,0.1330566406
1777575132.6089115,0.1330566406
1777575132.6189117,0.1330566406
1777575132.6289117,0.1330566406
1777575132.6389117,0.1330566406
1777575132.6489117,0.1330566406
1777575132.6589117,0.1330566406
1777575132.6689117,0.1330566406
1777575132.6789117,0.1330566406
1777575132.6889117,0.1330566406
1777575132.6989117,-0.0446777344
1777575132.7089117,-0.0446777344
1777575132.7189116,-0.0446777344
1777575132.7289116,-0.0446777344
1777575132.7389116,-0.0446777344
1777575132.7489116,-0.0446777344
1777575132.7589116,-0.0446777344
1777575132.7689116,-0.0446777344
1777575132.7789116,-0.0446777344
1777575132.7889116,-0.0446777344
1777575132.7989116,-0.0446777344
1777575132.8089116,-0.0446777344
1777575132.8189118,-0.0446777344
1777575132.8289118,-0.0446777344
1777575132.8389118,-0.0446777344
1777575132.8489118,-0.0446777344
1777575132.8589118,-0.0446777344
1777575132.8689117,-0.0446777344
1777575132.8789117,-0.0446777344
1777575132.8889117,-0.0446777344
1777575132.8989117,-0.1623535156
1777575132.9089117,-0.1623535156
1777575132.9189117,-0.1623535156
1777575132.9289117,-0.1623535156
1777575132.9389117,-0.1623535156
1777575132.9489117,-0.1623535156
1777575132.9589117,-0.1623535156
1777575132.9689116,-0.1623535156
1777575132.9789116,-0.1623535156
1777575132.9889116,-0.1623535156
1777575132.9989116,-0.1623535156
1777575133.0089116,-0.1623535156
1777575133.0189118,-0.1623535156
1777575133.0289118,-0.1623535156
1777575133.0389118,-0.1623535156
1777575133.0489118,-0.1623535156
1777575133.0589118,-0.1623535156
1777575133.0689118,-0.1623535156
1777575133.0789118,-0.1623535156
1777575133.0889118,-0.1623535156
1777575133.0989118,0.0473632812
1777575133.1089118,0.0473632812
1777575133.1189117,0.0473632812
1777575133.1289117,0.0473632812
1777575133.1389117,0.0473632812
1777575133.1489117,0.0473632812
1777575133.1589117,0.0473632812
1777575133.1689117,0.0473632812
1777575133.1789117,0.0473632812
1777575133.1889117,0.0473632812
1777575133.1989117,0.0473632812
1777575133.2089117,0.0473632812
1777575133.218912,0.0473632812
1777575133.2289119,0.0473632812
1777575133.2389119,0.0473632812
1777575133.2489119,0.0473632812
1777575133.2589118,0.0473632812
1777575133.2689118,0.0473632812
1777575133.2789118,0.0473632812
1777575133.2889118,0.0473632812
1777575133.2989118,0.0187988281
1777575133.3089118,0.0187988281
1777575133.3189118,0.0187988281
1777575133.3289118,0.0187988281
1777575133.3389118,0.0187988281
1777575133.3489118,0.0187988281
1777575133.3589118,0.0187988281
1777575133.3689117,0.0187988281
1777575133.3789117,0.0187988281
1777575133.3889117,0.0187988281
1777575133.3989117,0.0187988281
1777575133.4089117,0.0187988281
1777575133.418912,0.0187988281
1777575133.428912,0.0187988281
1777575133.438912,0.0187988281
1777575133.448912,0.0187988281
1777575133.458912,0.0187988281
1777575133.468912,0.0187988281
1777575133.4789119,0.0187988281
1777575133.4889119,0.0187988281
1777575133.4989119,-0.2927246094
1777575133.5089118,-0.2927246094
1777575133.5189118,-0.2927246094
1777575133.5289118,-0.2927246094
1777575133.5389118,-0.2927246094
1777575133.5489118,-0.2927246094
1777575133.5589118,-0.2927246094
1777575133.5689118,-0.2927246094
1777575133.5789118,-0.2927246094
1777575133.5889118,-0.2927246094
1777575133.5989118,-0.2927246094
1777575133.6089118,-0.2927246094
1777575133.618912,-0.2927246094
1777575133.628912,-0.2927246094
1777575133.638912,-0.2927246094
1777575133.648912,-0.2927246094
1777575133.658912,-0.2927246094
1777575133.668912,-0.2927246094
1777575133.678912,-0.2927246094
1777575133.688912,-0.2927246094
1777575133.698912,0.1010742188
1777575133.708912,0.1010742188
1777575133.718912,0.1010742188
1777575133.7289119,0.1010742188
1777575133.7389119,0.1010742188
1777575133.7489119,0.1010742188
1777575133.7589118,0.1010742188
1777575133.7689118,0.1010742188
1777575133.7789118,0.1010742188
1777575133.7889118,0.1010742188
1777575133.7989118,0.1010742188
1777575133.8089118,0.1010742188
1777575133.818912,0.1010742188
1777575133.828912,0.1010742188
1777575133.838912,0.1010742188
1777575133.848912,0.1010742188
1777575133.858912,0.1010742188
1777575133.868912,0.1010742188
1777575133.878912,0.1010742188
1777575133.888912,0.1010742188
1777575133.898912,-0.1791992188
1777575133.908912,-0.1791992188
1777575133.918912,-0.1791992188
1777575133.928912,-0.1791992188
1777575133.938912,-0.1791992188
1777575133.948912,-0.1791992188
1777575133.958912,-0.1791992188
1777575133.968912,-0.1791992188
1777575133.9789119,-0.1791992188
1777575133.9889119,-0.1791992188
1777575133.9989119,-0.1791992188
1777575134.0089118,-0.1791992188
1777575134.018912,-0.1791992188
1777575134.028912,-0.1791992188
1777575134.038912,-0.1791992188
1777575134.048912,-0.1791992188
1777575134.058912,-0.1791992188
1777575134.068912,-0.1791992188
1777575134.078912,-0.1791992188
1777575134.088912,-0.1791992188
1777575134.098912,-0.326171875
1777575134.108912,-0.326171875
1777575134.118912,-0.326171875
1777575134.128912,-0.326171875
1777575134.138912,-0.326171875
1777575134.148912,-0.326171875
1777575134.158912,-0.326171875
1777575134.168912,-0.326171875
1777575134.178912,-0.326171875
1777575134.188912,-0.326171875
1777575134.198912,-0.326171875
1777575134.208912,-0.326171875
1777575134.2189121,-0.326171875
1777575134.228912,-0.326171875
1777575134.238912,-0.326171875
1777575134.248912,-0.326171875
1777575134.258912,-0.326171875
1777575134.268912,-0.326171875
1777575134.278912,-0.326171875
1777575134.288912,-0.326171875
1777575134.298912,-0.1298828125
1777575134.308912,-0.1298828125
1777575134.318912,-0.1298828125
1777575134.328912,-0.1298828125
1777575134.338912,-0.1298828125
1777575134.348912,-0.1298828125
1777575134.358912,-0.1298828125
1777575134.368912,-0.1298828125
1777575134.378912,-0.1298828125
1777575134.388912,-0.1298828125
1777575134.398912,-0.1298828125
1777575134.408912,-0.1298828125
1777575134.4189122,-0.1298828125
1777575134.4289122,-0.1298828125
1777575134.4389122,-0.1298828125
1777575134.4489121,-0.1298828125
1777575134.4589121,-0.1298828125
1777575134.4689121,-0.1298828125
1777575134.478912,-0.1298828125
1777575134.488912,-0.1298828125
1777575134.498912,-0.0583496094
1777575134.508912,-0.0583496094
1777575134.518912,-0.0583496094
1777575134.528912,-0.0583496094
1777575134.538912,-0.0583496094
1777575134.548912,-0.0583496094
1777575134.558912,-0.0583496094
1777575134.568912,-0.0583496094
1777575134.578912,-0.0583496094
1777575134.588912,-0.0583496094
1777575134.598912,-0.0583496094
1777575134.608912,-0.0583496094
1777575134.6189122,-0.0583496094
1777575134.6289122,-0.0583496094
1777575134.6389122,-0.0583496094
1777575134.6489122,-0.0583496094
1777575134.6589122,-0.0583496094
1777575134.6689122,-0.0583496094
1777575134.6789122,-0.0583496094
1777575134.6889122,-0.0583496094
1777575134.6989121,-0.3439941406
1777575134.7089121,-0.3439941406
1777575134.7189121,-0.3439941406
1777575134.728912,-0.3439941406
1777575134.738912,-0.3439941406
1777575134.748912,-0.3439941406
1777575134.758912,-0.3439941406
1777575134.768912,-0.3439941406
1777575134.778912,-0.3439941406
1777575134.788912,-0.3439941406
1777575134.798912,-0.3439941406
1777575134.808912,-0.3439941406
1777575134.8189123,-0.3439941406
1777575134.8289123,-0.3439941406
1777575134.8389122,-0.3439941406
1777575134.8489122,-0.3439941406
1777575134.8589122,-0.3439941406
1777575134.8689122,-0.3439941406
1777575134.8789122,-0.3439941406
1777575134.8889122,-0.3439941406
1777575134.8989122,0.0524902344
1777575134.9089122,0.0524902344
1777575134.9189122,0.0524902344
1777575134.9289122,0.0524902344
1777575134.9389122,0.0524902344
1777575134.9489121,0.0524902344
1777575134.9589121,0.0524902344
1777575134.9689121,0.0524902344
1777575134.978912,0.0524902344
1777575134.988912,0.0524902344
1777575134.998912,0.0524902344
1777575135.008912,0.0524902344
1777575135.0189123,0.0524902344
1777575135.0289123,0.0524902344
1777575135.0389123,0.0524902344
1777575135.0489123,0.0524902344
1777575135.0589123,0.0524902344
1777575135.0689123,0.0524902344
1777575135.0789123,0.0524902344
1777575135.0889122,0.0524902344
1777575135.0989122,-0.0476074219
1777575135.1089122,-0.0476074219
1777575135.1189122,-0.0476074219
1777575135.1289122,-0.0476074219
1777575135.1389122,-0.0476074219
1777575135.1489122,-0.0476074219
1777575135.1589122,-0.0476074219
1777575135.1689122,-0.0476074219
1777575135.1789122,-0.0476074219
1777575135.1889122,-0.0476074219
1777575135.1989121,-0.0476074219
1777575135.2089121,-0.0476074219
1777575135.2189124,-0.0476074219
1777575135.2289124,-0.0476074219
1777575135.2389123,-0.0476074219
1777575135.2489123,-0.0476074219
1777575135.2589123,-0.0476074219
1777575135.2689123,-0.0476074219
1777575135.2789123,-0.0476074219
1777575135.2889123,-0.0476074219
1777575135.2989123,0.041015625
1777575135.3089123,0.041015625
1777575135.3189123,0.041015625
1777575135.3289123,0.041015625
1777575135.3389122,0.041015625
1777575135.3489122,0.041015625
1777575135.3589122,0.041015625
1777575135.3689122,0.041015625
1777575135.3789122,0.041015625
1777575135.3889122,0.041015625
1777575135.3989122,0.041015625
1777575135.4089122,0.041015625
1777575135.4189124,0.041015625
1777575135.4289124,0.041015625
1777575135.4389124,0.041015625
1777575135.4489124,0.041015625
1777575135.4589124,0.041015625
1777575135.4689124,0.041015625
1777575135.4789124,0.041015625
1777575135.4889123,0.041015625
1777575135.4989123,-0.1853027344
1777575135.5089123,-0.1853027344
1777575135.5189123,-0.1853027344
1777575135.5289123,-0.1853027344
1777575135.5389123,-0.1853027344
1777575135.5489123,-0.1853027344
1777575135.5589123,-0.1853027344
1777575135.5689123,-0.1853027344
1777575135.5789123,-0.1853027344
1777575135.5889122,-0.1853027344
1777575135.5989122,-0.1853027344
1777575135.6089122,-0.1853027344
1777575135.6189125,-0.1853027344
1777575135.6289124,-0.1853027344
1777575135.6389124,-0.1853027344
1777575135.6489124,-0.1853027344
1777575135.6589124,-0.1853027344
1777575135.6689124,-0.1853027344
1777575135.6789124,-0.1853027344
1777575135.6889124,-0.1853027344
1777575135.6989124,-0.0544433594
1777575135.7089124,-0.0544433594
1777575135.7189124,-0.0544433594
1777575135.7289124,-0.0544433594
1777575135.7389123,-0.0544433594
1777575135.7489123,-0.0544433594
1777575135.7589123,-0.0544433594
1777575135.7689123,-0.0544433594
1777575135.7789123,-0.0544433594
1777575135.7889123,-0.0544433594
1777575135.7989123,-0.0544433594
1777575135.8089123,-0.0544433594
1777575135.8189125,-0.0544433594
1777575135.8289125,-0.0544433594
1777575135.8389125,-0.0544433594
1777575135.8489125,-0.0544433594
1777575135.8589125,-0.0544433594
1777575135.8689125,-0.0544433594
1777575135.8789124,-0.0544433594
1777575135.8889124,-0.0544433594
1777575135.8989124,0.3051757812
1777575135.9089124,0.3051757812
1777575135.9189124,0.3051757812
1777575135.9289124,0.3051757812
1777575135.9389124,0.3051757812
1777575135.9489124,0.3051757812
1777575135.9589124,0.3051757812
1777575135.9689124,0.3051757812
1777575135.9789124,0.3051757812
1777575135.9889123,0.3051757812
1777575135.9989123,0.3051757812
1777575136.0089123,0.3051757812
1777575136.0189126,0.3051757812
1777575136.0289125,0.3051757812
1777575136.0389125,0.3051757812
1777575136.0489125,0.3051757812
1777575136.0589125,0.3051757812
1777575136.0689125,0.3051757812
1777575136.0789125,0.3051757812
1777575136.0889125,0.3051757812
1777575136.0989125,-0.2028808594
1777575136.1089125,-0.2028808594
1777575136.1189125,-0.2028808594
1777575136.1289124,-0.2028808594
1777575136.1389124,-0.2028808594
1777575136.1489124,-0.2028808594
1777575136.1589124,-0.2028808594
1777575136.1689124,-0.2028808594
1777575136.1789124,-0.2028808594
1777575136.1889124,-0.2028808594
1777575136.1989124,-0.2028808594
1777575136.2089124,-0.2028808594
1777575136.2189126,-0.2028808594
1777575136.2289126,-0.2028808594
1777575136.2389126,-0.2028808594
1777575136.2489126,-0.2028808594
1777575136.2589126,-0.2028808594
1777575136.2689126,-0.2028808594
1777575136.2789125,-0.2028808594
1777575136.2889125,-0.2028808594
1777575136.2989125,-0.0629882812
1777575136.3089125,-0.0629882812
1777575136.3189125,-0.0629882812
1777575136.3289125,-0.0629882812
1777575136.3389125,-0.0629882812
1777575136.3489125,-0.0629882812
1777575136.3589125,-0.0629882812
1777575136.3689125,-0.0629882812
1777575136.3789124,-0.0629882812
1777575136.3889124,-0.0629882812
1777575136.3989124,-0.0629882812
1777575136.4089124,-0.0629882812
1777575136.4189126,-0.0629882812
1777575136.4289126,-0.0629882812
1777575136.4389126,-0.0629882812
1777575136.4489126,-0.0629882812
1777575136.4589126,-0.0629882812
1777575136.4689126,-0.0629882812
1777575136.4789126,-0.0629882812
1777575136.4889126,-0.0629882812
1777575136.4989126,0.0734863281
1777575136.5089126,0.0734863281
1777575136.5189126,0.0734863281
1777575136.5289125,0.0734863281
1777575136.5389125,0.0734863281
1777575136.5489125,0.0734863281
1777575136.5589125,0.0734863281
1777575136.5689125,0.0734863281
1777575136.5789125,0.0734863281
1777575136.5889125,0.0734863281
1777575136.5989125,0.0734863281
1777575136.6089125,0.0734863281
1777575136.6189127,0.0734863281
1777575136.6289127,0.0734863281
1777575136.6389127,0.0734863281
1777575136.6489127,0.0734863281
1777575136.6589127,0.0734863281
1777575136.6689126,0.0734863281
1777575136.6789126,0.0734863281
1777575136.6889126,0.0734863281
1777575136.6989126,-0.0654296875
1777575136.7089126,-0.0654296875
1777575136.7189126,-0.0654296875
1777575136.7289126,-0.0654296875
1777575136.7389126,-0.0654296875
1777575136.7489126,-0.0654296875
1777575136.7589126,-0.0654296875
1777575136.7689126,-0.0654296875
1777575136.7789125,-0.0654296875
1777575136.7889125,-0.0654296875
1777575136.7989125,-0.0654296875
1777575136.8089125,-0.0654296875
1777575136.8189127,-0.0654296875
1777575136.8289127,-0.0654296875
1777575136.8389127,-0.0654296875
1777575136.8489127,-0.0654296875
1777575136.8589127,-0.0654296875
1777575136.8689127,-0.0654296875
1777575136.8789127,-0.0654296875
1777575136.8889127,-0.0654296875
1777575136.8989127,-0.076171875
1777575136.9089127,-0.076171875
1777575136.9189126,-0.076171875
1777575136.9289126,-0.076171875
1777575136.9389126,-0.076171875
1777575136.9489126,-0.076171875
1777575136.9589126,-0.076171875
1777575136.9689126,-0.076171875
1777575136.9789126,-0.076171875
1777575136.9889126,-0.076171875
1777575136.9989126,-0.076171875
1777575137.0089126,-0.076171875
1777575137.0189128,-0.076171875
1777575137.0289128,-0.076171875
1777575137.0389128,-0.076171875
1777575137.0489128,-0.076171875
1777575137.0589128,-0.076171875
1777575137.0689127,-0.076171875
1777575137.0789127,-0.076171875
1777575137.0889127,-0.076171875
1777575137.0989127,-0.0852050781
1777575137.1089127,-0.0852050781
1777575137.1189127,-0.0852050781
1777575137.1289127,-0.0852050781
1777575137.1389127,-0.0852050781
1777575137.1489127,-0.0852050781
1777575137.1589127,-0.0852050781
1777575137.1689126,-0.0852050781
1777575137.1789126,-0.0852050781
1777575137.1889126,-0.0852050781
1777575137.1989126,-0.0852050781
1777575137.2089126,-0.0852050781
1777575137.2189128,-0.0852050781
1777575137.2289128,-0.0852050781
1777575137.2389128,-0.0852050781
1777575137.2489128,-0.0852050781
1777575137.2589128,-0.0852050781
1777575137.2689128,-0.0852050781
1777575137.2789128,-0.0852050781
1777575137.2889128,-0.0852050781
1777575137.2989128,-0.1215820312
1777575137.3089128,-0.1215820312
1777575137.3189127,-0.1215820312
1777575137.3289127,-0.1215820312
1777575137.3389127,-0.1215820312
1777575137.3489127,-0.1215820312
1777575137.3589127,-0.1215820312
1777575137.3689127,-0.1215820312
1777575137.3789127,-0.1215820312
1777575137.3889127,-0.1215820312
1777575137.3989127,-0.1215820312
1777575137.4089127,-0.1215820312
1777575137.418913,-0.1215820312
1777575137.4289129,-0.1215820312
1777575137.4389129,-0.1215820312
1777575137.4489129,-0.1215820312
1777575137.4589128,-0.1215820312
1777575137.4689128,-0.1215820312
1777575137.4789128,-0.1215820312
1777575137.4889128,-0.1215820312
1777575137.4989128,-0.1669921875
1777575137.5089128,-0.1669921875
1777575137.5189128,-0.1669921875
1777575137.5289128,-0.1669921875
1777575137.5389128,-0.1669921875
1777575137.5489128,-0.1669921875
1777575137.5589128,-0.1669921875
1777575137.5689127,-0.1669921875
1777575137.5789127,-0.1669921875
1777575137.5889127,-0.1669921875
1777575137.5989127,-0.1669921875
1777575137.6089127,-0.1669921875
1777575137.618913,-0.1669921875
1777575137.628913,-0.1669921875
1777575137.638913,-0.1669921875
1777575137.648913,-0.1669921875
1777575137.658913,-0.1669921875
1777575137.668913,-0.1669921875
1777575137.6789129,-0.1669921875
1777575137.6889129,-0.1669921875
1777575137.6989129,-0.0859375
1777575137.7089128,-0.0859375
1777575137.7189128,-0.0859375
1777575137.7289128,-0.0859375
1777575137.7389128,-0.0859375
1777575137.7489128,-0.0859375
1777575137.7589128,-0.0859375
1777575137.7689128,-0.0859375
1777575137.7789128,-0.0859375
1777575137.7889128,-0.0859375
1777575137.7989128,-0.0859375
1777575137.8089128,-0.0859375
1777575137.818913,-0.0859375
1777575137.828913,-0.0859375
1777575137.838913,-0.0859375
1777575137.848913,-0.0859375
1777575137.858913,-0.0859375
1777575137.868913,-0.0859375
1777575137.878913,-0.0859375
1777575137.888913,-0.0859375
1777575137.898913,0.0090332031
1777575137.908913,0.0090332031
1777575137.918913,0.0090332031
1777575137.9289129,0.0090332031
1777575137.9389129,0.0090332031
1777575137.9489129,0.0090332031
1777575137.9589128,0.0090332031
1777575137.9689128,0.0090332031
1777575137.9789128,0.0090332031
1777575137.9889128,0.0090332031
1777575137.9989128,0.0090332031
1777575138.0089128,0.0090332031
1777575138.018913,0.0090332031
1777575138.028913,0.0090332031
1777575138.038913,0.0090332031
1777575138.048913,0.0090332031
1777575138.058913,0.0090332031
1777575138.068913,0.0090332031
1777575138.078913,0.0090332031
1777575138.088913,0.0090332031
1777575138.098913,0.3137207031
1777575138.108913,0.3137207031
1777575138.118913,0.3137207031
1777575138.128913,0.3137207031
1777575138.138913,0.3137207031
1777575138.148913,0.3137207031
1777575138.158913,0.3137207031
1777575138.168913,0.3137207031
1777575138.1789129,0.3137207031
1777575138.1889129,0.3137207031
1777575138.1989129,0.3137207031
1777575138.2089128,0.3137207031
1777575138.218913,0.3137207031
1777575138.228913,0.3137207031
1777575138.238913,0.3137207031
1777575138.248913,0.3137207031
1777575138.258913,0.3137207031
1777575138.268913,0.3137207031
1777575138.278913,0.3137207031
1777575138.288913,0.3137207031
1777575138.298913,-0.2622070312
1777575138.308913,-0.2622070312
1777575138.318913,-0.2622070312
1777575138.328913,-0.2622070312
1777575138.338913,-0.2622070312
1777575138.348913,-0.2622070312
1777575138.358913,-0.2622070312
1777575138.368913,-0.2622070312
1777575138.378913,-0.2622070312
1777575138.388913,-0.2622070312
1777575138.398913,-0.2622070312
1777575138.408913,-0.2622070312
1777575138.4189131,-0.2622070312
1777575138.428913,-0.2622070312
1777575138.438913,-0.2622070312
1777575138.448913,-0.2622070312
1777575138.458913,-0.2622070312
1777575138.468913,-0.2622070312
1777575138.478913,-0.2622070312
1777575138.488913,-0.2622070312
1777575138.498913,0.1252441406
1777575138.508913,0.1252441406
1777575138.518913,0.1252441406
1777575138.528913,0.1252441406
1777575138.538913,0.1252441406
1777575138.548913,0.1252441406
1777575138.558913,0.1252441406
1777575138.568913,0.1252441406
1777575138.578913,0.1252441406
1777575138.588913,0.1252441406
1777575138.598913,0.1252441406
1777575138.608913,0.1252441406
1777575138.6189132,0.1252441406
1777575138.6289132,0.1252441406
1777575138.6389132,0.1252441406
1777575138.6489131,0.1252441406
1777575138.6589131,0.1252441406
1777575138.6689131,0.1252441406
1777575138.678913,0.1252441406
1777575138.688913,0.1252441406
1777575138.698913,0.0751953125
1777575138.708913,0.0751953125
1777575138.718913,0.0751953125
1777575138.728913,0.0751953125
1777575138.738913,0.0751953125
1777575138.748913,0.0751953125
1777575138.758913,0.0751953125
1777575138.768913,0.0751953125
1777575138.778913,0.0751953125
1777575138.788913,0.0751953125
1777575138.798913,0.0751953125
1777575138.808913,0.0751953125
1777575138.8189132,0.0751953125
1777575138.8289132,0.0751953125
1777575138.8389132,0.0751953125
1777575138.8489132,0.0751953125
1777575138.8589132,0.0751953125
1777575138.8689132,0.0751953125
1777575138.8789132,0.0751953125
1777575138.8889132,0.0751953125
1777575138.8989131,-0.0170898438
1777575138.9089131,-0.0170898438
1777575138.9189131,-0.0170898438
1777575138.928913,-0.0170898438
1777575138.938913,-0.0170898438
1777575138.948913,-0.0170898438
1777575138.958913,-0.0170898438
1777575138.968913,-0.0170898438
1777575138.978913,-0.0170898438
1777575138.988913,-0.0170898438
1777575138.998913,-0.0170898438
1777575139.008913,-0.0170898438
1777575139.0189133,-0.0170898438
1777575139.0289133,-0.0170898438
1777575139.0389132,-0.0170898438
1777575139.0489132,-0.0170898438
1777575139.0589132,-0.0170898438
1777575139.0689132,-0.0170898438
1777575139.0789132,-0.0170898438
1777575139.0889132,-0.0170898438
1777575139.0989132,-0.052734375
1777575139.1089132,-0.052734375
1777575139.1189132,-0.052734375
1777575139.1289132,-0.052734375
1777575139.1389132,-0.052734375
1777575139.1489131,-0.052734375
1777575139.1589131,-0.052734375
1777575139.1689131,-0.052734375
1777575139.178913,-0.052734375
1777575139.188913,-0.052734375
1777575139.198913,-0.052734375
1777575139.208913,-0.052734375
1777575139.2189133,-0.052734375
1777575139.2289133,-0.052734375
1777575139.2389133,-0.052734375
1777575139.2489133,-0.052734375
1777575139.2589133,-0.052734375
1777575139.2689133,-0.052734375
1777575139.2789133,-0.052734375
1777575139.2889132,-0.052734375
1777575139.2989132,0.0493164062
1777575139.3089132,0.0493164062
1777575139.3189132,0.0493164062
1777575139.3289132,0.0493164062
1777575139.3389132,0.0493164062
1777575139.3489132,0.0493164062
1777575139.3589132,0.0493164062
1777575139.3689132,0.0493164062
1777575139.3789132,0.0493164062
1777575139.3889132,0.0493164062
1777575139.3989131,0.0493164062
1777575139.4089131,0.0493164062
1777575139.4189134,0.0493164062
1777575139.4289134,0.0493164062
1777575139.4389133,0.0493164062
1777575139.4489133,0.0493164062
1777575139.4589133,0.0493164062
1777575139.4689133,0.0493164062
1777575139.4789133,0.0493164062
1777575139.4889133,0.0493164062
1777575139.4989133,-0.0073242188
1777575139.5089133,-0.0073242188
1777575139.5189133,-0.0073242188
1777575139.5289133,-0.0073242188
1777575139.5389132,-0.0073242188
1777575139.5489132,-0.0073242188
1777575139.5589132,-0.0073242188
1777575139.5689132,-0.0073242188
1777575139.5789132,-0.0073242188
1777575139.5889132,-0.0073242188
1777575139.5989132,-0.0073242188
1777575139.6089132,-0.0073242188
1777575139.6189134,-0.0073242188
1777575139.6289134,-0.0073242188
1777575139.6389134,-0.0073242188
1777575139.6489134,-0.0073242188
1777575139.6589134,-0.0073242188
1777575139.6689134,-0.0073242188
1777575139.6789134,-0.0073242188
1777575139.6889133,-0.0073242188
1777575139.6989133,0.0129394531
1777575139.7089133,0.0129394531
1777575139.7189133,0.0129394531
1777575139.7289133,0.0129394531
1777575139.7389133,0.0129394531
1777575139.7489133,0.0129394531
1777575139.7589133,0.0129394531
1777575139.7689133,0.0129394531
1777575139.7789133,0.0129394531
1777575139.7889132,0.0129394531
1777575139.7989132,0.0129394531
1777575139.8089132,0.0129394531
1777575139.8189135,0.0129394531
1777575139.8289135,0.0129394531
1777575139.8389134,0.0129394531
1777575139.8489134,0.0129394531
1777575139.8589134,0.0129394531
1777575139.8689134,0.0129394531
1777575139.8789134,0.0129394531
1777575139.8889134,0.0129394531
1777575139.8989134,-0.0087890625
1777575139.9089134,-0.0087890625
1777575139.9189134,-0.0087890625
1777575139.9289134,-0.0087890625
1777575139.9389133,-0.0087890625
1777575139.9489133,-0.0087890625
1777575139.9589133,-0.0087890625
1777575139.9689133,-0.0087890625
1777575139.9789133,-0.0087890625
1777575139.9889133,-0.0087890625
1777575139.9989133,-0.0087890625
1777575140.0089133,-0.0087890625
1777575140.0189135,-0.0087890625
1777575140.0289135,-0.0087890625
1777575140.0389135,-0.0087890625
1777575140.0489135,-0.0087890625
1777575140.0589135,-0.0087890625
1777575140.0689135,-0.0087890625
1777575140.0789135,-0.0087890625
1777575140.0889134,-0.0087890625
1777575140.0989134,-0.0161132812
1777575140.1089134,-0.0161132812
1777575140.1189134,-0.0161132812
1777575140.1289134,-0.0161132812
1777575140.1389134,-0.0161132812
1777575140.1489134,-0.0161132812
1777575140.1589134,-0.0161132812
1777575140.1689134,-0.0161132812
1777575140.1789134,-0.0161132812
1777575140.1889133,-0.0161132812
1777575140.1989133,-0.0161132812
1777575140.2089133,-0.0161132812
1777575140.2189136,-0.0161132812
1777575140.2289135,-0.0161132812
1777575140.2389135,-0.0161132812
1777575140.2489135,-0.0161132812
1777575140.2589135,-0.0161132812
1777575140.2689135,-0.0161132812
1777575140.2789135,-0.0161132812
1777575140.2889135,-0.0161132812
1777575140.2989135,-0.0844726562
1777575140.3089135,-0.0844726562
1777575140.3189135,-0.0844726562
1777575140.3289135,-0.0844726562
1777575140.3389134,-0.0844726562
1777575140.3489134,-0.0844726562
1777575140.3589134,-0.0844726562
1777575140.3689134,-0.0844726562
1777575140.3789134,-0.0844726562
1777575140.3889134,-0.0844726562
1777575140.3989134,-0.0844726562
1777575140.4089134,-0.0844726562
1777575140.4189136,-0.0844726562
1777575140.4289136,-0.0844726562
1777575140.4389136,-0.0844726562
1777575140.4489136,-0.0844726562
1777575140.4589136,-0.0844726562
1777575140.4689136,-0.0844726562
1777575140.4789135,-0.0844726562
1777575140.4889135,-0.0844726562
1777575140.4989135,-0.0717773438
1777575140.5089135,-0.0717773438
1777575140.5189135,-0.0717773438
1777575140.5289135,-0.0717773438
1777575140.5389135,-0.0717773438
1777575140.5489135,-0.0717773438
1777575140.5589135,-0.0717773438
1777575140.5689135,-0.0717773438
1777575140.5789135,-0.0717773438
1777575140.5889134,-0.0717773438
1777575140.5989134,-0.0717773438
1777575140.6089134,-0.0717773438
1777575140.6189137,-0.0717773438
1777575140.6289136,-0.0717773438
1777575140.6389136,-0.0717773438
1777575140.6489136,-0.0717773438
1777575140.6589136,-0.0717773438
1777575140.6689136,-0.0717773438
1777575140.6789136,-0.0717773438
1777575140.6889136,-0.0717773438
1777575140.6989136,-0.3344726562
1777575140.7089136,-0.3344726562
1777575140.7189136,-0.3344726562
1777575140.7289135,-0.3344726562
1777575140.7389135,-0.3344726562
1777575140.7489135,-0.3344726562
1777575140.7589135,-0.3344726562
1777575140.7689135,-0.3344726562
1777575140.7789135,-0.3344726562
1777575140.7889135,-0.3344726562
1777575140.7989135,-0.3344726562
1777575140.8089135,-0.3344726562
1777575140.8189137,-0.3344726562
1777575140.8289137,-0.3344726562
1777575140.8389137,-0.3344726562
1777575140.8489137,-0.3344726562
1777575140.8589137,-0.3344726562
1777575140.8689137,-0.3344726562
1777575140.8789136,-0.3344726562
1777575140.8889136,-0.3344726562
1777575140.8989136,0.072265625
1777575140.9089136,0.072265625
1777575140.9189136,0.072265625
1777575140.9289136,0.072265625
1777575140.9389136,0.072265625
1777575140.9489136,0.072265625
1777575140.9589136,0.072265625
1777575140.9689136,0.072265625
1777575140.9789135,0.072265625
1777575140.9889135,0.072265625
1777575140.9989135,0.072265625
1777575141.0089135,0.072265625
1777575141.0189137,0.072265625
1777575141.0289137,0.072265625
1777575141.0389137,0.072265625
1777575141.0489137,0.072265625
1777575141.0589137,0.072265625
1777575141.0689137,0.072265625
1777575141.0789137,0.072265625
1777575141.0889137,0.072265625
1777575141.0989137,-0.0354003906
1777575141.1089137,-0.0354003906
1777575141.1189137,-0.0354003906
1777575141.1289136,-0.0354003906
1777575141.1389136,-0.0354003906
1777575141.1489136,-0.0354003906
1777575141.1589136,-0.0354003906
1777575141.1689136,-0.0354003906
1777575141.1789136,-0.0354003906
1777575141.1889136,-0.0354003906
1777575141.1989136,-0.0354003906
1777575141.2089136,-0.0354003906
1777575141.2189138,-0.0354003906
1777575141.2289138,-0.0354003906
1777575141.2389138,-0.0354003906
1777575141.2489138,-0.0354003906
1777575141.2589138,-0.0354003906
1777575141.2689137,-0.0354003906
1777575141.2789137,-0.0354003906
1777575141.2889137,-0.0354003906
1777575141.2989137,0.0229492188
1777575141.3089137,0.0229492188
1777575141.3189137,0.0229492188
1777575141.3289137,0.0229492188
1777575141.3389137,0.0229492188
1777575141.3489137,0.0229492188
1777575141.3589137,0.0229492188
1777575141.3689137,0.0229492188
1777575141.3789136,0.0229492188
1777575141.3889136,0.0229492188
1777575141.3989136,0.0229492188
1777575141.4089136,0.0229492188
1777575141.4189138,0.0229492188
1777575141.4289138,0.0229492188
1777575141.4389138,0.0229492188
1777575141.4489138,0.0229492188
1777575141.4589138,0.0229492188
1777575141.4689138,0.0229492188
1777575141.4789138,0.0229492188
1777575141.4889138,0.0229492188
1777575141.4989138,0.0344238281
1777575141.5089138,0.0344238281
1777575141.5189137,0.0344238281
1777575141.5289137,0.0344238281
1777575141.5389137,0.0344238281
1777575141.5489137,0.0344238281
1777575141.5589137,0.0344238281
1777575141.5689137,0.0344238281
1777575141.5789137,0.0344238281
1777575141.5889137,0.0344238281
1777575141.5989137,0.0344238281
1777575141.6089137,0.0344238281
1777575141.618914,0.0344238281
1777575141.6289139,0.0344238281
1777575141.6389139,0.0344238281
1777575141.6489139,0.0344238281
1777575141.6589139,0.0344238281
1777575141.6689138,0.0344238281
1777575141.6789138,0.0344238281
1777575141.6889138,0.0344238281
1777575141.6989138,-0.2189941406
1777575141.7089138,-0.2189941406
1777575141.7189138,-0.2189941406
1777575141.7289138,-0.2189941406
1777575141.7389138,-0.2189941406
1777575141.7489138,-0.2189941406
1777575141.7589138,-0.2189941406
1777575141.7689137,-0.2189941406
1777575141.7789137,-0.2189941406
1777575141.7889137,-0.2189941406
1777575141.7989137,-0.2189941406
1777575141.8089137,-0.2189941406
1777575141.818914,-0.2189941406
1777575141.828914,-0.2189941406
1777575141.838914,-0.2189941406
1777575141.848914,-0.2189941406
1777575141.858914,-0.2189941406
1777575141.868914,-0.2189941406
1777575141.8789139,-0.2189941406
1777575141.8889139,-0.2189941406
1777575141.8989139,-0.2097167969
1777575141.9089139,-0.2097167969
1777575141.9189138,-0.2097167969
1777575141.9289138,-0.2097167969
1777575141.9389138,-0.2097167969
1777575141.9489138,-0.2097167969
1777575141.9589138,-0.2097167969
1777575141.9689138,-0.2097167969
1777575141.9789138,-0.2097167969
1777575141.9889138,-0.2097167969
1777575141.9989138,-0.2097167969
1777575142.0089138,-0.2097167969
1777575142.018914,-0.2097167969
1777575142.028914,-0.2097167969
1777575142.038914,-0.2097167969
1777575142.048914,-0.2097167969
1777575142.058914,-0.2097167969
1777575142.068914,-0.2097167969
1777575142.078914,-0.2097167969
1777575142.088914,-0.2097167969
1777575142.098914,0.0600585938
1777575142.108914,0.0600585938
1777575142.118914,0.0600585938
1777575142.1289139,0.0600585938
1777575142.1389139,0.0600585938
1777575142.1489139,0.0600585938
1777575142.1589139,0.0600585938
1777575142.1689138,0.0600585938
1777575142.1789138,0.0600585938
1777575142.1889138,0.0600585938
1777575142.1989138,0.0600585938
1777575142.2089138,0.0600585938
1777575142.218914,0.0600585938
1777575142.228914,0.0600585938
1777575142.238914,0.0600585938
1777575142.248914,0.0600585938
1777575142.258914,0.0600585938
1777575142.268914,0.0600585938
1777575142.278914,0.0600585938
1777575142.288914,0.0600585938
1777575142.298914,0.0981445312
1777575142.308914,0.0981445312
1777575142.318914,0.0981445312
1777575142.328914,0.0981445312
1777575142.338914,0.0981445312
1777575142.348914,0.0981445312
1777575142.358914,0.0981445312
1777575142.368914,0.0981445312
1777575142.3789139,0.0981445312
1777575142.3889139,0.0981445312
1777575142.3989139,0.0981445312
1777575142.4089139,0.0981445312
1777575142.418914,0.0981445312
1777575142.428914,0.0981445312
1777575142.438914,0.0981445312
1777575142.448914,0.0981445312
1777575142.458914,0.0981445312
1777575142.468914,0.0981445312
1777575142.478914,0.0981445312
1777575142.488914,0.0981445312
1777575142.498914,0.4038085938
1777575142.508914,0.4038085938
1777575142.518914,0.4038085938
1777575142.528914,0.4038085938
1777575142.538914,0.4038085938
1777575142.548914,0.4038085938
1777575142.558914,0.4038085938
1777575142.568914,0.4038085938
1777575142.578914,0.4038085938
1777575142.588914,0.4038085938
1777575142.598914,0.4038085938
1777575142.608914,0.4038085938
1777575142.6189141,0.4038085938
1777575142.628914,0.4038085938
1777575142.638914,0.4038085938
1777575142.648914,0.4038085938
1777575142.658914,0.4038085938
1777575142.668914,0.4038085938
1777575142.678914,0.4038085938
1777575142.688914,0.4038085938
1777575142.698914,-0.0065917969
1777575142.708914,-0.0065917969
1777575142.718914,-0.0065917969
1777575142.728914,-0.0065917969
1777575142.738914,-0.0065917969
1777575142.748914,-0.0065917969
1777575142.758914,-0.0065917969
1777575142.768914,-0.0065917969
1777575142.778914,-0.0065917969
1777575142.788914,-0.0065917969
1777575142.798914,-0.0065917969
1777575142.808914,-0.0065917969
1777575142.8189142,-0.0065917969
1777575142.8289142,-0.0065917969
1777575142.8389142,-0.0065917969
1777575142.8489141,-0.0065917969
1777575142.8589141,-0.0065917969
1777575142.8689141,-0.0065917969
1777575142.878914,-0.0065917969
1777575142.888914,-0.0065917969
1777575142.898914,0.0393066406
1777575142.908914,0.0393066406
1777575142.918914,0.0393066406
1777575142.928914,0.0393066406
1777575142.938914,0.0393066406
1777575142.948914,0.0393066406
1777575142.958914,0.0393066406
1777575142.968914,0.0393066406
1777575142.978914,0.0393066406
1777575142.988914,0.0393066406
1777575142.998914,0.0393066406
1777575143.008914,0.0393066406
1777575143.0189142,0.0393066406
1777575143.0289142,0.0393066406
1777575143.0389142,0.0393066406
1777575143.0489142,0.0393066406
1777575143.0589142,0.0393066406
1777575143.0689142,0.0393066406
1777575143.0789142,0.0393066406
1777575143.0889142,0.0393066406
1777575143.0989141,-0.0927734375
1777575143.1089141,-0.0927734375
1777575143.1189141,-0.0927734375
1777575143.128914,-0.0927734375
1777575143.138914,-0.0927734375
1777575143.148914,-0.0927734375
1777575143.158914,-0.0927734375
1777575143.168914,-0.0927734375
1777575143.178914,-0.0927734375
1777575143.188914,-0.0927734375
1777575143.198914,-0.0927734375
1777575143.208914,-0.0927734375
1777575143.2189143,-0.0927734375
1777575143.2289143,-0.0927734375
1777575143.2389143,-0.0927734375
1777575143.2489142,-0.0927734375
1777575143.2589142,-0.0927734375
1777575143.2689142,-0.0927734375
1777575143.2789142,-0.0927734375
1777575143.2889142,-0.0927734375
1777575143.2989142,0.0876464844
1777575143.3089142,0.0876464844
1777575143.3189142,0.0876464844
1777575143.3289142,0.0876464844
1777575143.3389142,0.0876464844
1777575143.3489141,0.0876464844
1777575143.3589141,0.0876464844
1777575143.3689141,0.0876464844
1777575143.378914,0.0876464844
1777575143.388914,0.0876464844
1777575143.398914,0.0876464844
1777575143.408914,0.0876464844
1777575143.4189143,0.0876464844
1777575143.4289143,0.0876464844
1777575143.4389143,0.0876464844
1777575143.4489143,0.0876464844
1777575143.4589143,0.0876464844
1777575143.4689143,0.0876464844
1777575143.4789143,0.0876464844
1777575143.4889143,0.0876464844
1777575143.4989142,-0.1337890625
1777575143.5089142,-0.1337890625
1777575143.5189142,-0.1337890625
1777575143.5289142,-0.1337890625
1777575143.5389142,-0.1337890625
1777575143.5489142,-0.1337890625
1777575143.5589142,-0.1337890625
1777575143.5689142,-0.1337890625
1777575143.5789142,-0.1337890625
1777575143.5889142,-0.1337890625
1777575143.5989141,-0.1337890625
1777575143.6089141,-0.1337890625
1777575143.6189144,-0.1337890625
1777575143.6289144,-0.1337890625
1777575143.6389143,-0.1337890625
1777575143.6489143,-0.1337890625
1777575143.6589143,-0.1337890625
1777575143.6689143,-0.1337890625
1777575143.6789143,-0.1337890625
1777575143.6889143,-0.1337890625
1777575143.6989143,-0.2609863281
1777575143.7089143,-0.2609863281
1777575143.7189143,-0.2609863281
1777575143.7289143,-0.2609863281
1777575143.7389143,-0.2609863281
1777575143.7489142,-0.2609863281
1777575143.7589142,-0.2609863281
1777575143.7689142,-0.2609863281
1777575143.7789142,-0.2609863281
1777575143.7889142,-0.2609863281
1777575143.7989142,-0.2609863281
1777575143.8089142,-0.2609863281
1777575143.8189144,-0.2609863281
1777575143.8289144,-0.2609863281
1777575143.8389144,-0.2609863281
1777575143.8489144,-0.2609863281
1777575143.8589144,-0.2609863281
1777575143.8689144,-0.2609863281
1777575143.8789144,-0.2609863281
1777575143.8889143,-0.2609863281
1777575143.8989143,0.0712890625
1777575143.9089143,0.0712890625
1777575143.9189143,0.0712890625
1777575143.9289143,0.0712890625
1777575143.9389143,0.0712890625
1777575143.9489143,0.0712890625
1777575143.9589143,0.0712890625
1777575143.9689143,0.0712890625
1777575143.9789143,0.0712890625
1777575143.9889143,0.0712890625
1777575143.9989142,0.0712890625
1777575144.0089142,0.0712890625
1777575144.0189145,0.0712890625
1777575144.0289145,0.0712890625
1777575144.0389144,0.0712890625
1777575144.0489144,0.0712890625
1777575144.0589144,0.0712890625
1777575144.0689144,0.0712890625
1777575144.0789144,0.0712890625
1777575144.0889144,0.0712890625
1777575144.0989144,-0.3393554688
1777575144.1089144,-0.3393554688
1777575144.1189144,-0.3393554688
1777575144.1289144,-0.3393554688
1777575144.1389143,-0.3393554688
1777575144.1489143,-0.3393554688
1777575144.1589143,-0.3393554688
1777575144.1689143,-0.3393554688
1777575144.1789143,-0.3393554688
1777575144.1889143,-0.3393554688
1777575144.1989143,-0.3393554688
1777575144.2089143,-0.3393554688
1777575144.2189145,-0.3393554688
1777575144.2289145,-0.3393554688
1777575144.2389145,-0.3393554688
1777575144.2489145,-0.3393554688
1777575144.2589145,-0.3393554688
1777575144.2689145,-0.3393554688
1777575144.2789145,-0.3393554688
1777575144.2889144,-0.3393554688
1777575144.2989144,-0.1599121094
1777575144.3089144,-0.1599121094
1777575144.3189144,-0.1599121094
1777575144.3289144,-0.1599121094
1777575144.3389144,-0.1599121094
1777575144.3489144,-0.1599121094
1777575144.3589144,-0.1599121094
1777575144.3689144,-0.1599121094
1777575144.3789144,-0.1599121094
1777575144.3889143,-0.1599121094
1777575144.3989143,-0.1599121094
1777575144.4089143,-0.1599121094
1777575144.4189146,-0.1599121094
1777575144.4289145,-0.1599121094
1777575144.4389145,-0.1599121094
1777575144.4489145,-0.1599121094
1777575144.4589145,-0.1599121094
1777575144.4689145,-0.1599121094
1777575144.4789145,-0.1599121094
1777575144.4889145,-0.1599121094
1777575144.4989145,0.0659179688
1777575144.5089145,0.0659179688
1777575144.5189145,0.0659179688
1777575144.5289145,0.0659179688
1777575144.5389144,0.0659179688
1777575144.5489144,0.0659179688
1777575144.5589144,0.0659179688
1777575144.5689144,0.0659179688
1777575144.5789144,0.0659179688
1777575144.5889144,0.0659179688
1777575144.5989144,0.0659179688
1777575144.6089144,0.0659179688
1777575144.6189146,0.0659179688
1777575144.6289146,0.0659179688
1777575144.6389146,0.0659179688
1777575144.6489146,0.0659179688
1777575144.6589146,0.0659179688
1777575144.6689146,0.0659179688
1777575144.6789145,0.0659179688
1777575144.6889145,0.0659179688
1777575144.6989145,-0.2023925781
1777575144.7089145,-0.2023925781
1777575144.7189145,-0.2023925781
1777575144.7289145,-0.2023925781
1777575144.7389145,-0.2023925781
1777575144.7489145,-0.2023925781
1777575144.7589145,-0.2023925781
1777575144.7689145,-0.2023925781
1777575144.7789145,-0.2023925781
1777575144.7889144,-0.2023925781
1777575144.7989144,-0.2023925781
1777575144.8089144,-0.2023925781
1777575144.8189147,-0.2023925781
1777575144.8289146,-0.2023925781
1777575144.8389146,-0.2023925781
1777575144.8489146,-0.2023925781
1777575144.8589146,-0.2023925781
1777575144.8689146,-0.2023925781
1777575144.8789146,-0.2023925781
1777575144.8889146,-0.2023925781
1777575144.8989146,-0.0100097656
1777575144.9089146,-0.0100097656
1777575144.9189146,-0.0100097656
1777575144.9289145,-0.0100097656
1777575144.9389145,-0.0100097656
1777575144.9489145,-0.0100097656
1777575144.9589145,-0.0100097656
1777575144.9689145,-0.0100097656
1777575144.9789145,-0.0100097656
1777575144.9889145,-0.0100097656
1777575144.9989145,-0.0100097656
1777575145.0089145,-0.0100097656
1777575145.0189147,-0.0100097656
1777575145.0289147,-0.0100097656
1777575145.0389147,-0.0100097656
1777575145.0489147,-0.0100097656
1777575145.0589147,-0.0100097656
1777575145.0689147,-0.0100097656
1777575145.0789146,-0.0100097656
1777575145.0889146,-0.0100097656
1777575145.0989146,-0.1958007812
1777575145.1089146,-0.1958007812
1777575145.1189146,-0.1958007812
1777575145.1289146,-0.1958007812
1777575145.1389146,-0.1958007812
1777575145.1489146,-0.1958007812
1777575145.1589146,-0.1958007812
1777575145.1689146,-0.1958007812
1777575145.1789145,-0.1958007812
1777575145.1889145,-0.1958007812
1777575145.1989145,-0.1958007812
1777575145.2089145,-0.1958007812
1777575145.2189147,-0.1958007812
1777575145.2289147,-0.1958007812
1777575145.2389147,-0.1958007812
1777575145.2489147,-0.1958007812
1777575145.2589147,-0.1958007812
1777575145.2689147,-0.1958007812
1777575145.2789147,-0.1958007812
1777575145.2889147,-0.1958007812
1777575145.2989147,-0.0227050781
1777575145.3089147,-0.0227050781
1777575145.3189147,-0.0227050781
1777575145.3289146,-0.0227050781
1777575145.3389146,-0.0227050781
1777575145.3489146,-0.0227050781
1777575145.3589146,-0.0227050781
1777575145.3689146,-0.0227050781
1777575145.3789146,-0.0227050781
1777575145.3889146,-0.0227050781
1777575145.3989146,-0.0227050781
1777575145.4089146,-0.0227050781
1777575145.4189148,-0.0227050781
1777575145.4289148,-0.0227050781
1777575145.4389148,-0.0227050781
1777575145.4489148,-0.0227050781
1777575145.4589148,-0.0227050781
1777575145.4689147,-0.0227050781
1777575145.4789147,-0.0227050781
1777575145.4889147,-0.0227050781
1777575145.4989147,-0.037109375
1777575145.5089147,-0.037109375
1777575145.5189147,-0.037109375
1777575145.5289147,-0.037109375
1777575145.5389147,-0.037109375
1777575145.5489147,-0.037109375
1777575145.5589147,-0.037109375
1777575145.5689147,-0.037109375
1777575145.5789146,-0.037109375
1777575145.5889146,-0.037109375
1777575145.5989146,-0.037109375
1777575145.6089146,-0.037109375
1777575145.6189148,-0.037109375
1777575145.6289148,-0.037109375
1777575145.6389148,-0.037109375
1777575145.6489148,-0.037109375
1777575145.6589148,-0.037109375
1777575145.6689148,-0.037109375
1777575145.6789148,-0.037109375
1777575145.6889148,-0.037109375
1777575145.6989148,-0.0263671875
1777575145.7089148,-0.0263671875
1777575145.7189147,-0.0263671875
1777575145.7289147,-0.0263671875
1777575145.7389147,-0.0263671875
1777575145.7489147,-0.0263671875
1777575145.7589147,-0.0263671875
1777575145.7689147,-0.0263671875
1777575145.7789147,-0.0263671875
1777575145.7889147,-0.0263671875
1777575145.7989147,-0.0263671875
1777575145.8089147,-0.0263671875
1777575145.818915,-0.0263671875
1777575145.8289149,-0.0263671875
1777575145.8389149,-0.0263671875
1777575145.8489149,-0.0263671875
1777575145.8589149,-0.0263671875
1777575145.8689148,-0.0263671875
1777575145.8789148,-0.0263671875
1777575145.8889148,-0.0263671875
1777575145.8989148,0.0612792969
1777575145.9089148,0.0612792969
1777575145.9189148,0.0612792969
1777575145.9289148,0.0612792969
1777575145.9389148,0.0612792969
1777575145.9489148,0.0612792969
1777575145.9589148,0.0612792969
1777575145.9689147,0.0612792969
1777575145.9789147,0.0612792969
1777575145.9889147,0.0612792969
1777575145.9989147,0.0612792969
1777575146.0089147,0.0612792969
1777575146.018915,0.0612792969
1777575146.028915,0.0612792969
1777575146.038915,0.0612792969
1777575146.048915,0.0612792969
1777575146.058915,0.0612792969
1777575146.068915,0.0612792969
1777575146.0789149,0.0612792969
1777575146.0889149,0.0612792969
1777575146.0989149,-0.1491699219
1777575146.1089149,-0.1491699219
1777575146.1189148,-0.1491699219
1777575146.1289148,-0.1491699219
1777575146.1389148,-0.1491699219
1777575146.1489148,-0.1491699219
1777575146.1589148,-0.1491699219
1777575146.1689148,-0.1491699219
1777575146.1789148,-0.1491699219
1777575146.1889148,-0.1491699219
1777575146.1989148,-0.1491699219
1777575146.2089148,-0.1491699219
1777575146.218915,-0.1491699219
1777575146.228915,-0.1491699219
1777575146.238915,-0.1491699219
1777575146.248915,-0.1491699219
1777575146.258915,-0.1491699219
1777575146.268915,-0.1491699219
1777575146.278915,-0.1491699219
1777575146.288915,-0.1491699219
1777575146.298915,0.0595703125
1777575146.308915,0.0595703125
1777575146.318915,0.0595703125
1777575146.3289149,0.0595703125
1777575146.3389149,0.0595703125
1777575146.3489149,0.0595703125
1777575146.3589149,0.0595703125
1777575146.3689148,0.0595703125
1777575146.3789148,0.0595703125
1777575146.3889148,0.0595703125
1777575146.3989148,0.0595703125
1777575146.4089148,0.0595703125
1777575146.418915,0.0595703125
1777575146.428915,0.0595703125
1777575146.438915,0.0595703125
1777575146.448915,0.0595703125
1777575146.458915,0.0595703125
1777575146.468915,0.0595703125
1777575146.478915,0.0595703125
1777575146.488915,0.0595703125
1777575146.498915,0.1909179688
1777575146.508915,0.1909179688
1777575146.518915,0.1909179688
1777575146.528915,0.1909179688
1777575146.538915,0.1909179688
1777575146.548915,0.1909179688
1777575146.558915,0.1909179688
1777575146.568915,0.1909179688
1777575146.5789149,0.1909179688
1777575146.5889149,0.1909179688
1777575146.5989149,0.1909179688
1777575146.6089149,0.1909179688
1777575146.618915,0.1909179688
1777575146.628915,0.1909179688
1777575146.638915,0.1909179688
1777575146.648915,0.1909179688
1777575146.658915,0.1909179688
1777575146.668915,0.1909179688
1777575146.678915,0.1909179688
1777575146.688915,0.1909179688
1777575146.698915,-0.0327148438
1777575146.708915,-0.0327148438
1777575146.718915,-0.0327148438
1777575146.728915,-0.0327148438
1777575146.738915,-0.0327148438
1777575146.748915,-0.0327148438
1777575146.758915,-0.0327148438
1777575146.768915,-0.0327148438
1777575146.778915,-0.0327148438
1777575146.788915,-0.0327148438
1777575146.798915,-0.0327148438
1777575146.808915,-0.0327148438
1777575146.8189151,-0.0327148438
1777575146.828915,-0.0327148438
1777575146.838915,-0.0327148438
1777575146.848915,-0.0327148438
1777575146.858915,-0.0327148438
1777575146.868915,-0.0327148438
1777575146.878915,-0.0327148438
1777575146.888915,-0.0327148438
1777575146.898915,-0.0522460938
1777575146.908915,-0.0522460938
1777575146.918915,-0.0522460938
1777575146.928915,-0.0522460938
1777575146.938915,-0.0522460938
1777575146.948915,-0.0522460938
1777575146.958915,-0.0522460938
1777575146.968915,-0.0522460938
1777575146.978915,-0.0522460938
1777575146.988915,-0.0522460938
1777575146.998915,-0.0522460938
1777575147.008915,-0.0522460938
1777575147.0189152,-0.0522460938
1777575147.0289152,-0.0522460938
1777575147.0389152,-0.0522460938
1777575147.0489151,-0.0522460938
1777575147.0589151,-0.0522460938
1777575147.0689151,-0.0522460938
1777575147.078915,-0.0522460938
1777575147.088915,-0.0522460938
1777575147.098915,0.1643066406
1777575147.108915,0.1643066406
1777575147.118915,0.1643066406
1777575147.128915,0.1643066406
1777575147.138915,0.1643066406
1777575147.148915,0.1643066406
1777575147.158915,0.1643066406
1777575147.168915,0.1643066406
1777575147.178915,0.1643066406
1777575147.188915,0.1643066406
1777575147.198915,0.1643066406
1777575147.208915,0.1643066406
1777575147.2189152,0.1643066406
1777575147.2289152,0.1643066406
1777575147.2389152,0.1643066406
1777575147.2489152,0.1643066406
1777575147.2589152,0.1643066406
1777575147.2689152,0.1643066406
1777575147.2789152,0.1643066406
1777575147.2889152,0.1643066406
1777575147.2989151,-0.1411132812
1777575147.3089151,-0.1411132812
1777575147.3189151,-0.1411132812
1777575147.328915,-0.1411132812
1777575147.338915,-0.1411132812
1777575147.348915,-0.1411132812
1777575147.358915,-0.1411132812
1777575147.368915,-0.1411132812
1777575147.378915,-0.1411132812
1777575147.388915,-0.1411132812
1777575147.398915,-0.1411132812
1777575147.408915,-0.1411132812
1777575147.4189153,-0.1411132812
1777575147.4289153,-0.1411132812
1777575147.4389153,-0.1411132812
1777575147.4489152,-0.1411132812
1777575147.4589152,-0.1411132812
1777575147.4689152,-0.1411132812
1777575147.4789152,-0.1411132812
1777575147.4889152,-0.1411132812
1777575147.4989152,-0.1945800781
1777575147.5089152,-0.1945800781
1777575147.5189152,-0.1945800781
1777575147.5289152,-0.1945800781
1777575147.5389152,-0.1945800781
1777575147.5489151,-0.1945800781
1777575147.5589151,-0.1945800781
1777575147.5689151,-0.1945800781
1777575147.578915,-0.1945800781
1777575147.588915,-0.1945800781
1777575147.598915,-0.1945800781
1777575147.608915,-0.1945800781
1777575147.6189153,-0.1945800781
1777575147.6289153,-0.1945800781
1777575147.6389153,-0.1945800781
1777575147.6489153,-0.1945800781
1777575147.6589153,-0.1945800781
1777575147.6689153,-0.1945800781
1777575147.6789153,-0.1945800781
1777575147.6889153,-0.1945800781
1777575147.6989152,-0.2075195312
1777575147.7089152,-0.2075195312
1777575147.7189152,-0.2075195312
1777575147.7289152,-0.2075195312
1777575147.7389152,-0.2075195312
1777575147.7489152,-0.2075195312
1777575147.7589152,-0.2075195312
1777575147.7689152,-0.2075195312
1777575147.7789152,-0.2075195312
1777575147.7889152,-0.2075195312
1777575147.7989151,-0.2075195312
1777575147.8089151,-0.2075195312
1777575147.8189154,-0.2075195312
1777575147.8289154,-0.2075195312
1777575147.8389153,-0.2075195312
1777575147.8489153,-0.2075195312
1777575147.8589153,-0.2075195312
1777575147.8689153,-0.2075195312
1777575147.8789153,-0.2075195312
1777575147.8889153,-0.2075195312
1777575147.8989153,0.0771484375
1777575147.9089153,0.0771484375
1777575147.9189153,0.0771484375
1777575147.9289153,0.0771484375
1777575147.9389153,0.0771484375
1777575147.9489152,0.0771484375
1777575147.9589152,0.0771484375
1777575147.9689152,0.0771484375
1777575147.9789152,0.0771484375
1777575147.9889152,0.0771484375
1777575147.9989152,0.0771484375
1777575148.0089152,0.0771484375
1777575148.0189154,0.0771484375
1777575148.0289154,0.0771484375
1777575148.0389154,0.0771484375
1777575148.0489154,0.0771484375
1777575148.0589154,0.0771484375
1777575148.0689154,0.0771484375
1777575148.0789154,0.0771484375
1777575148.0889153,0.0771484375
1777575148.0989153,0.0114746094
1777575148.1089153,0.0114746094
1777575148.1189153,0.0114746094
1777575148.1289153,0.0114746094
1777575148.1389153,0.0114746094
1777575148.1489153,0.0114746094
1777575148.1589153,0.0114746094
1777575148.1689153,0.0114746094
1777575148.1789153,0.0114746094
1777575148.1889153,0.0114746094
1777575148.1989152,0.0114746094
1777575148.2089152,0.0114746094
1777575148.2189155,0.0114746094
1777575148.2289155,0.0114746094
1777575148.2389154,0.0114746094
1777575148.2489154,0.0114746094
1777575148.2589154,0.0114746094
1777575148.2689154,0.0114746094
1777575148.2789154,0.0114746094
1777575148.2889154,0.0114746094
1777575148.2989154,-0.2385253906
1777575148.3089154,-0.2385253906
1777575148.3189154,-0.2385253906
1777575148.3289154,-0.2385253906
1777575148.3389153,-0.2385253906
1777575148.3489153,-0.2385253906
1777575148.3589153,-0.2385253906
1777575148.3689153,-0.2385253906
1777575148.3789153,-0.2385253906
1777575148.3889153,-0.2385253906
1777575148.3989153,-0.2385253906
1777575148.4089153,-0.2385253906
1777575148.4189155,-0.2385253906
1777575148.4289155,-0.2385253906
1777575148.4389155,-0.2385253906
1777575148.4489155,-0.2385253906
1777575148.4589155,-0.2385253906
1777575148.4689155,-0.2385253906
1777575148.4789155,-0.2385253906
1777575148.4889154,-0.2385253906
1777575148.4989154,-0.0825195312
1777575148.5089154,-0.0825195312
1777575148.5189154,-0.0825195312
1777575148.5289154,-0.0825195312
1777575148.5389154,-0.0825195312
1777575148.5489154,-0.0825195312
1777575148.5589154,-0.0825195312
1777575148.5689154,-0.0825195312
1777575148.5789154,-0.0825195312
1777575148.5889153,-0.0825195312
1777575148.5989153,-0.0825195312
1777575148.6089153,-0.0825195312
1777575148.6189156,-0.0825195312
1777575148.6289155,-0.0825195312
1777575148.6389155,-0.0825195312
1777575148.6489155,-0.0825195312
1777575148.6589155,-0.0825195312
1777575148.6689155,-0.0825195312
1777575148.6789155,-0.0825195312
1777575148.6889155,-0.0825195312
1777575148.6989155,-0.0073242188
1777575148.7089155,-0.0073242188
1777575148.7189155,-0.0073242188
1777575148.7289155,-0.0073242188
1777575148.7389154,-0.0073242188
1777575148.7489154,-0.0073242188
1777575148.7589154,-0.0073242188
1777575148.7689154,-0.0073242188
1777575148.7789154,-0.0073242188
1777575148.7889154,-0.0073242188
1777575148.7989154,-0.0073242188
1777575148.8089154,-0.0073242188
1777575148.8189156,-0.0073242188
1777575148.8289156,-0.0073242188
1777575148.8389156,-0.0073242188
1777575148.8489156,-0.0073242188
1777575148.8589156,-0.0073242188
1777575148.8689156,-0.0073242188
1777575148.8789155,-0.0073242188
1777575148.8889155,-0.0073242188
1777575148.8989155,-0.2177734375
1777575148.9089155,-0.2177734375
1777575148.9189155,-0.2177734375
1777575148.9289155,-0.2177734375
1777575148.9389155,-0.2177734375
1777575148.9489155,-0.2177734375
1777575148.9589155,-0.2177734375
1777575148.9689155,-0.2177734375
1777575148.9789155,-0.2177734375
1777575148.9889154,-0.2177734375
1777575148.9989154,-0.2177734375
1777575149.0089154,-0.2177734375
1777575149.0189157,-0.2177734375
1777575149.0289156,-0.2177734375
1777575149.0389156,-0.2177734375
1777575149.0489156,-0.2177734375
1777575149.0589156,-0.2177734375
1777575149.0689156,-0.2177734375
1777575149.0789156,-0.2177734375
1777575149.0889156,-0.2177734375
1777575149.0989156,-0.2817382812
1777575149.1089156,-0.2817382812
1777575149.1189156,-0.2817382812
1777575149.1289155,-0.2817382812
1777575149.1389155,-0.2817382812
1777575149.1489155,-0.2817382812
1777575149.1589155,-0.2817382812
1777575149.1689155,-0.2817382812
1777575149.1789155,-0.2817382812
1777575149.1889155,-0.2817382812
1777575149.1989155,-0.2817382812
1777575149.2089155,-0.2817382812
1777575149.2189157,-0.2817382812
1777575149.2289157,-0.2817382812
1777575149.2389157,-0.2817382812
1777575149.2489157,-0.2817382812
1777575149.2589157,-0.2817382812
1777575149.2689157,-0.2817382812
1777575149.2789156,-0.2817382812
1777575149.2889156,-0.2817382812
1777575149.2989156,0.1157226562
1777575149.3089156,0.1157226562
1777575149.3189156,0.1157226562
1777575149.3289156,0.1157226562
1777575149.3389156,0.1157226562
1777575149.3489156,0.1157226562
1777575149.3589156,0.1157226562
1777575149.3689156,0.1157226562
1777575149.3789155,0.1157226562
1777575149.3889155,0.1157226562
1777575149.3989155,0.1157226562
1777575149.4089155,0.1157226562
1777575149.4189157,0.1157226562
1777575149.4289157,0.1157226562
1777575149.4389157,0.1157226562
1777575149.4489157,0.1157226562
1777575149.4589157,0.1157226562
1777575149.4689157,0.1157226562
1777575149.4789157,0.1157226562
1777575149.4889157,0.1157226562
1777575149.4989157,0.0915527344
1777575149.5089157,0.0915527344
1777575149.5189157,0.0915527344
1777575149.5289156,0.0915527344
1777575149.5389156,0.0915527344
1777575149.5489156,0.0915527344
1777575149.5589156,0.0915527344
1777575149.5689156,0.0915527344
1777575149.5789156,0.0915527344
1777575149.5889156,0.0915527344
1777575149.5989156,0.0915527344
1777575149.6089156,0.0915527344
1777575149.6189158,0.0915527344
1777575149.6289158,0.0915527344
1777575149.6389158,0.0915527344
1777575149.6489158,0.0915527344
1777575149.6589158,0.0915527344
1777575149.6689157,0.0915527344
1777575149.6789157,0.0915527344
1777575149.6889157,0.0915527344
1777575149.6989157,0.1899414062
1777575149.7089157,0.1899414062
1777575149.7189157,0.1899414062
1777575149.7289157,0.1899414062
1777575149.7389157,0.1899414062
1777575149.7489157,0.1899414062
1777575149.7589157,0.1899414062
1777575149.7689157,0.1899414062
1777575149.7789156,0.1899414062
1777575149.7889156,0.1899414062
1777575149.7989156,0.1899414062
1777575149.8089156,0.1899414062
1777575149.8189158,0.1899414062
1777575149.8289158,0.1899414062
1777575149.8389158,0.1899414062
1777575149.8489158,0.1899414062
1777575149.8589158,0.1899414062
1777575149.8689158,0.1899414062
1777575149.8789158,0.1899414062
1777575149.8889158,0.1899414062
1777575149.8989158,-0.173828125
1777575149.9089158,-0.173828125
1777575149.9189157,-0.173828125
1777575149.9289157,-0.173828125
1777575149.9389157,-0.173828125
1777575149.9489157,-0.173828125
1777575149.9589157,-0.173828125
1777575149.9689157,-0.173828125
1777575149.9789157,-0.173828125
1777575149.9889157,-0.173828125
1777575149.9989157,-0.173828125
1777575150.0089157,-0.173828125
1777575150.018916,-0.173828125
1777575150.028916,-0.173828125
1777575150.0389159,-0.173828125
1777575150.0489159,-0.173828125
1777575150.0589159,-0.173828125
1777575150.0689158,-0.173828125
1777575150.0789158,-0.173828125
1777575150.0889158,-0.173828125
1777575150.0989158,-0.0532226562
1777575150.1089158,-0.0532226562
1777575150.1189158,-0.0532226562
1777575150.1289158,-0.0532226562
1777575150.1389158,-0.0532226562
1777575150.1489158,-0.0532226562
1777575150.1589158,-0.0532226562
1777575150.1689157,-0.0532226562
1777575150.1789157,-0.0532226562
1777575150.1889157,-0.0532226562
1777575150.1989157,-0.0532226562
1777575150.2089157,-0.0532226562
1777575150.218916,-0.0532226562
1777575150.228916,-0.0532226562
1777575150.238916,-0.0532226562
1777575150.248916,-0.0532226562
1777575150.258916,-0.0532226562
1777575150.268916,-0.0532226562
1777575150.278916,-0.0532226562
1777575150.2889159,-0.0532226562
1777575150.2989159,-0.1596679688
1777575150.3089159,-0.1596679688
1777575150.3189158,-0.1596679688
1777575150.3289158,-0.1596679688
1777575150.3389158,-0.1596679688
1777575150.3489158,-0.1596679688
1777575150.3589158,-0.1596679688
1777575150.3689158,-0.1596679688
1777575150.3789158,-0.1596679688
1777575150.3889158,-0.1596679688
1777575150.3989158,-0.1596679688
1777575150.4089158,-0.1596679688
1777575150.418916,-0.1596679688
1777575150.428916,-0.1596679688
1777575150.438916,-0.1596679688
1777575150.448916,-0.1596679688
1777575150.458916,-0.1596679688
1777575150.468916,-0.1596679688
1777575150.478916,-0.1596679688
1777575150.488916,-0.1596679688
1777575150.498916,-0.0698242188
1777575150.508916,-0.0698242188
1777575150.518916,-0.0698242188
1777575150.528916,-0.0698242188
1777575150.5389159,-0.0698242188
1777575150.5489159,-0.0698242188
1777575150.5589159,-0.0698242188
1777575150.5689158,-0.0698242188
1777575150.5789158,-0.0698242188
1777575150.5889158,-0.0698242188
1777575150.5989158,-0.0698242188
1777575150.6089158,-0.0698242188
1777575150.618916,-0.0698242188
1777575150.628916,-0.0698242188
1777575150.638916,-0.0698242188
1777575150.648916,-0.0698242188
1777575150.658916,-0.0698242188
1777575150.668916,-0.0698242188
1777575150.678916,-0.0698242188
1777575150.688916,-0.0698242188
1777575150.698916,-0.0283203125
1777575150.708916,-0.0283203125
1777575150.718916,-0.0283203125
1777575150.728916,-0.0283203125
1777575150.738916,-0.0283203125
1777575150.748916,-0.0283203125
1777575150.758916,-0.0283203125
1777575150.768916,-0.0283203125
1777575150.778916,-0.0283203125
1777575150.7889159,-0.0283203125
1777575150.7989159,-0.0283203125
1777575150.8089159,-0.0283203125
1777575150.818916,-0.0283203125
1777575150.828916,-0.0283203125
1777575150.838916,-0.0283203125
1777575150.848916,-0.0283203125
1777575150.858916,-0.0283203125
1777575150.868916,-0.0283203125
1777575150.878916,-0.0283203125
1777575150.888916,-0.0283203125
1777575150.898916,-0.0510253906
1777575150.908916,-0.0510253906
1777575150.918916,-0.0510253906
1777575150.928916,-0.0510253906
1777575150.938916,-0.0510253906
1777575150.948916,-0.0510253906
1777575150.958916,-0.0510253906
1777575150.968916,-0.0510253906
1777575150.978916,-0.0510253906
1777575150.988916,-0.0510253906
1777575150.998916,-0.0510253906
1777575151.008916,-0.0510253906
1777575151.0189161,-0.0510253906
1777575151.0289161,-0.0510253906
1777575151.038916,-0.0510253906
1777575151.048916,-0.0510253906
1777575151.058916,-0.0510253906
1777575151.068916,-0.0510253906
1777575151.078916,-0.0510253906
1777575151.088916,-0.0510253906
1777575151.098916,-0.3369140625
1777575151.108916,-0.3369140625
1777575151.118916,-0.3369140625
1777575151.128916,-0.3369140625
1777575151.138916,-0.3369140625
1777575151.148916,-0.3369140625
1777575151.158916,-0.3369140625
1777575151.168916,-0.3369140625
1777575151.178916,-0.3369140625
1777575151.188916,-0.3369140625
1777575151.198916,-0.3369140625
1777575151.208916,-0.3369140625
1777575151.2189162,-0.3369140625
1777575151.2289162,-0.3369140625
1777575151.2389162,-0.3369140625
1777575151.2489161,-0.3369140625
1777575151.2589161,-0.3369140625
1777575151.2689161,-0.3369140625
1777575151.2789161,-0.3369140625
1777575151.288916,-0.3369140625
1777575151.298916,-0.1853027344
1777575151.308916,-0.1853027344
1777575151.318916,-0.1853027344
1777575151.328916,-0.1853027344
1777575151.338916,-0.1853027344
1777575151.348916,-0.1853027344
1777575151.358916,-0.1853027344
1777575151.368916,-0.1853027344
1777575151.378916,-0.1853027344
1777575151.388916,-0.1853027344
1777575151.398916,-0.1853027344
1777575151.408916,-0.1853027344
1777575151.4189162,-0.1853027344
1777575151.4289162,-0.1853027344
1777575151.4389162,-0.1853027344
1777575151.4489162,-0.1853027344
1777575151.4589162,-0.1853027344
1777575151.4689162,-0.1853027344
1777575151.4789162,-0.1853027344
1777575151.4889162,-0.1853027344
1777575151.4989161,0.2333984375
1777575151.5089161,0.2333984375
1777575151.5189161,0.2333984375
1777575151.5289161,0.2333984375
1777575151.538916,0.2333984375
1777575151.548916,0.2333984375
1777575151.558916,0.2333984375
1777575151.568916,0.2333984375
1777575151.578916,0.2333984375
1777575151.588916,0.2333984375
1777575151.598916,0.2333984375
1777575151.608916,0.2333984375
1777575151.6189163,0.2333984375
1777575151.6289163,0.2333984375
1777575151.6389163,0.2333984375
1777575151.6489162,0.2333984375
1777575151.6589162,0.2333984375
1777575151.6689162,0.2333984375
1777575151.6789162,0.2333984375
1777575151.6889162,0.2333984375
1777575151.6989162,-0.0122070312
1777575151.7089162,-0.0122070312
1777575151.7189162,-0.0122070312
1777575151.7289162,-0.0122070312
1777575151.7389162,-0.0122070312
1777575151.7489161,-0.0122070312
1777575151.7589161,-0.0122070312
1777575151.7689161,-0.0122070312
1777575151.7789161,-0.0122070312
1777575151.788916,-0.0122070312
1777575151.798916,-0.0122070312
1777575151.808916,-0.0122070312
1777575151.8189163,-0.0122070312
1777575151.8289163,-0.0122070312
1777575151.8389163,-0.0122070312
1777575151.8489163,-0.0122070312
1777575151.8589163,-0.0122070312
1777575151.8689163,-0.0122070312
1777575151.8789163,-0.0122070312
1777575151.8889163,-0.0122070312
1777575151.8989162,0.1499023438
1777575151.9089162,0.1499023438
1777575151.9189162,0.1499023438
1777575151.9289162,0.1499023438
1777575151.9389162,0.1499023438
1777575151.9489162,0.1499023438
1777575151.9589162,0.1499023438
1777575151.9689162,0.1499023438
1777575151.9789162,0.1499023438
1777575151.9889162,0.1499023438
1777575151.9989161,0.1499023438
1777575152.0089161,0.1499023438
1777575152.0189164,0.1499023438
1777575152.0289164,0.1499023438
1777575152.0389163,0.1499023438
1777575152.0489163,0.1499023438
1777575152.0589163,0.1499023438
1777575152.0689163,0.1499023438
1777575152.0789163,0.1499023438
1777575152.0889163,0.1499023438
1777575152.0989163,0.001953125
1777575152.1089163,0.001953125
1777575152.1189163,0.001953125
1777575152.1289163,0.001953125
1777575152.1389163,0.001953125
1777575152.1489162,0.001953125
1777575152.1589162,0.001953125
1777575152.1689162,0.001953125
1777575152.1789162,0.001953125
1777575152.1889162,0.001953125
1777575152.1989162,0.001953125
1777575152.2089162,0.001953125
1777575152.2189164,0.001953125
1777575152.2289164,0.001953125
1777575152.2389164,0.001953125
1777575152.2489164,0.001953125
1777575152.2589164,0.001953125
1777575152.2689164,0.001953125
1777575152.2789164,0.001953125
1777575152.2889163,0.001953125
1777575152.2989163,-0.0307617188
1777575152.3089163,-0.0307617188
1777575152.3189163,-0.0307617188
1777575152.3289163,-0.0307617188
1777575152.3389163,-0.0307617188
1777575152.3489163,-0.0307617188
1777575152.3589163,-0.0307617188
1777575152.3689163,-0.0307617188
1777575152.3789163,-0.0307617188
1777575152.3889163,-0.0307617188
1777575152.3989162,-0.0307617188
1777575152.4089162,-0.0307617188
1777575152.4189165,-0.0307617188
1777575152.4289165,-0.0307617188
1777575152.4389164,-0.0307617188
1777575152.4489164,-0.0307617188
1777575152.4589164,-0.0307617188
1777575152.4689164,-0.0307617188
1777575152.4789164,-0.0307617188
1777575152.4889164,-0.0307617188
1777575152.4989164,-0.0627441406
1777575152.5089164,-0.0627441406
1777575152.5189164,-0.0627441406
1777575152.5289164,-0.0627441406
1777575152.5389163,-0.0627441406
1777575152.5489163,-0.0627441406
1777575152.5589163,-0.0627441406
1777575152.5689163,-0.0627441406
1777575152.5789163,-0.0627441406
1777575152.5889163,-0.0627441406
1777575152.5989163,-0.0627441406
1777575152.6089163,-0.0627441406
1777575152.6189165,-0.0627441406
1777575152.6289165,-0.0627441406
1777575152.6389165,-0.0627441406
1777575152.6489165,-0.0627441406
1777575152.6589165,-0.0627441406
1777575152.6689165,-0.0627441406
1777575152.6789165,-0.0627441406
1777575152.6889164,-0.0627441406
1777575152.6989164,-0.1611328125
1777575152.7089164,-0.1611328125
1777575152.7189164,-0.1611328125
1777575152.7289164,-0.1611328125
1777575152.7389164,-0.1611328125
1777575152.7489164,-0.1611328125
1777575152.7589164,-0.1611328125
1777575152.7689164,-0.1611328125
1777575152.7789164,-0.1611328125
1777575152.7889163,-0.1611328125
1777575152.7989163,-0.1611328125
1777575152.8089163,-0.1611328125
1777575152.8189166,-0.1611328125
1777575152.8289165,-0.1611328125
1777575152.8389165,-0.1611328125
1777575152.8489165,-0.1611328125
1777575152.8589165,-0.1611328125
1777575152.8689165,-0.1611328125
1777575152.8789165,-0.1611328125
1777575152.8889165,-0.1611328125
1777575152.8989165,0.1984863281
1777575152.9089165,0.1984863281
1777575152.9189165,0.1984863281
1777575152.9289165,0.1984863281
1777575152.9389164,0.1984863281
1777575152.9489164,0.1984863281
1777575152.9589164,0.1984863281
1777575152.9689164,0.1984863281
1777575152.9789164,0.1984863281
1777575152.9889164,0.1984863281
1777575152.9989164,0.1984863281
1777575153.0089164,0.1984863281
1777575153.0189166,0.1984863281
1777575153.0289166,0.1984863281
1777575153.0389166,0.1984863281
1777575153.0489166,0.1984863281
1777575153.0589166,0.1984863281
1777575153.0689166,0.1984863281
1777575153.0789165,0.1984863281
1777575153.0889165,0.1984863281
1777575153.0989165,-0.0346679688
1777575153.1089165,-0.0346679688
1777575153.1189165,-0.0346679688
1777575153.1289165,-0.0346679688
1777575153.1389165,-0.0346679688
1777575153.1489165,-0.0346679688
1777575153.1589165,-0.0346679688
1777575153.1689165,-0.0346679688
1777575153.1789165,-0.0346679688
1777575153.1889164,-0.0346679688
1777575153.1989164,-0.0346679688
1777575153.2089164,-0.0346679688
1777575153.2189167,-0.0346679688
1777575153.2289166,-0.0346679688
1777575153.2389166,-0.0346679688
1777575153.2489166,-0.0346679688
1777575153.2589166,-0.0346679688
1777575153.2689166,-0.0346679688
1777575153.2789166,-0.0346679688
1777575153.2889166,-0.0346679688
1777575153.2989166,-0.0966796875
1777575153.3089166,-0.0966796875
1777575153.3189166,-0.0966796875
1777575153.3289165,-0.0966796875
1777575153.3389165,-0.0966796875
1777575153.3489165,-0.0966796875
1777575153.3589165,-0.0966796875
1777575153.3689165,-0.0966796875
1777575153.3789165,-0.0966796875
1777575153.3889165,-0.0966796875
1777575153.3989165,-0.0966796875
1777575153.4089165,-0.0966796875
1777575153.4189167,-0.0966796875
1777575153.4289167,-0.0966796875
1777575153.4389167,-0.0966796875
1777575153.4489167,-0.0966796875
1777575153.4589167,-0.0966796875
1777575153.4689167,-0.0966796875
1777575153.4789166,-0.0966796875
1777575153.4889166,-0.0966796875
1777575153.4989166,-0.3530273438
1777575153.5089166,-0.3530273438
1777575153.5189166,-0.3530273438
1777575153.5289166,-0.3530273438
1777575153.5389166,-0.3530273438
1777575153.5489166,-0.3530273438
1777575153.5589166,-0.3530273438
1777575153.5689166,-0.3530273438
1777575153.5789165,-0.3530273438
1777575153.5889165,-0.3530273438
1777575153.5989165,-0.3530273438
1777575153.6089165,-0.3530273438
1777575153.6189167,-0.3530273438
1777575153.6289167,-0.3530273438
1777575153.6389167,-0.3530273438
1777575153.6489167,-0.3530273438
1777575153.6589167,-0.3530273438
1777575153.6689167,-0.3530273438
1777575153.6789167,-0.3530273438
1777575153.6889167,-0.3530273438
1777575153.6989167,-0.0266113281
1777575153.7089167,-0.0266113281
1777575153.7189167,-0.0266113281
1777575153.7289166,-0.0266113281
1777575153.7389166,-0.0266113281
1777575153.7489166,-0.0266113281
1777575153.7589166,-0.0266113281
1777575153.7689166,-0.0266113281
1777575153.7789166,-0.0266113281
1777575153.7889166,-0.0266113281
1777575153.7989166,-0.0266113281
1777575153.8089166,-0.0266113281
1777575153.8189168,-0.0266113281
1777575153.8289168,-0.0266113281
1777575153.8389168,-0.0266113281
1777575153.8489168,-0.0266113281
1777575153.8589168,-0.0266113281
1777575153.8689167,-0.0266113281
1777575153.8789167,-0.0266113281
1777575153.8889167,-0.0266113281
1777575153.8989167,0.0654296875
1777575153.9089167,0.0654296875
1777575153.9189167,0.0654296875
1777575153.9289167,0.0654296875
1777575153.9389167,0.0654296875
1777575153.9489167,0.0654296875
1777575153.9589167,0.0654296875
1777575153.9689167,0.0654296875
1777575153.9789166,0.0654296875
1777575153.9889166,0.0654296875
1777575153.9989166,0.0654296875
1777575154.0089166,0.0654296875
1777575154.0189168,0.0654296875
1777575154.0289168,0.0654296875
1777575154.0389168,0.0654296875
1777575154.0489168,0.0654296875
1777575154.0589168,0.0654296875
1777575154.0689168,0.0654296875
1777575154.0789168,0.0654296875
1777575154.0889168,0.0654296875
1777575154.0989168,-0.1381835938
1777575154.1089168,-0.1381835938
1777575154.1189167,-0.1381835938
1777575154.1289167,-0.1381835938
1777575154.1389167,-0.1381835938
1777575154.1489167,-0.1381835938
1777575154.1589167,-0.1381835938
1777575154.1689167,-0.1381835938
1777575154.1789167,-0.1381835938
1777575154.1889167,-0.1381835938
1777575154.1989167,-0.1381835938
1777575154.2089167,-0.1381835938
1777575154.218917,-0.1381835938
1777575154.228917,-0.1381835938
1777575154.2389169,-0.1381835938
1777575154.2489169,-0.1381835938
1777575154.2589169,-0.1381835938
1777575154.2689168,-0.1381835938
1777575154.2789168,-0.1381835938
1777575154.2889168,-0.1381835938
1777575154.2989168,0.0568847656
1777575154.3089168,0.0568847656
1777575154.3189168,0.0568847656
1777575154.3289168,0.0568847656
1777575154.3389168,0.0568847656
1777575154.3489168,0.0568847656
1777575154.3589168,0.0568847656
1777575154.3689167,0.0568847656
1777575154.3789167,0.0568847656
1777575154.3889167,0.0568847656
1777575154.3989167,0.0568847656
1777575154.4089167,0.0568847656
1777575154.418917,0.0568847656
1777575154.428917,0.0568847656
1777575154.438917,0.0568847656
1777575154.448917,0.0568847656
1777575154.458917,0.0568847656
1777575154.468917,0.0568847656
1777575154.478917,0.0568847656
1777575154.4889169,0.0568847656
1777575154.4989169,-0.099609375
1777575154.5089169,-0.099609375
1777575154.5189168,-0.099609375
1777575154.5289168,-0.099609375
1777575154.5389168,-0.099609375
1777575154.5489168,-0.099609375
1777575154.5589168,-0.099609375
1777575154.5689168,-0.099609375
1777575154.5789168,-0.099609375
1777575154.5889168,-0.099609375
1777575154.5989168,-0.099609375
1777575154.6089168,-0.099609375
1777575154.618917,-0.099609375
1777575154.628917,-0.099609375
1777575154.638917,-0.099609375
1777575154.648917,-0.099609375
1777575154.658917,-0.099609375
1777575154.668917,-0.099609375
1777575154.678917,-0.099609375
1777575154.688917,-0.099609375
1777575154.698917,-0.232421875
1777575154.708917,-0.232421875
1777575154.718917,-0.232421875
1777575154.728917,-0.232421875
1777575154.7389169,-0.232421875
1777575154.7489169,-0.232421875
1777575154.7589169,-0.232421875
1777575154.7689168,-0.232421875
1777575154.7789168,-0.232421875
1777575154.7889168,-0.232421875
1777575154.7989168,-0.232421875
1777575154.8089168,-0.232421875
1777575154.818917,-0.232421875
1777575154.828917,-0.232421875
1777575154.838917,-0.232421875
1777575154.848917,-0.232421875
1777575154.858917,-0.232421875
1777575154.868917,-0.232421875
1777575154.878917,-0.232421875
1777575154.888917,-0.232421875
1777575154.898917,0.1059570312
1777575154.908917,0.1059570312
1777575154.918917,0.1059570312
1777575154.928917,0.1059570312
1777575154.938917,0.1059570312
1777575154.948917,0.1059570312
1777575154.958917,0.1059570312
1777575154.968917,0.1059570312
1777575154.978917,0.1059570312
1777575154.9889169,0.1059570312
1777575154.9989169,0.1059570312
1777575155.0089169,0.1059570312
1777575155.018917,0.1059570312
1777575155.028917,0.1059570312
1777575155.038917,0.1059570312
1777575155.048917,0.1059570312
1777575155.058917,0.1059570312
1777575155.068917,0.1059570312
1777575155.078917,0.1059570312
1777575155.088917,0.1059570312
1777575155.098917,0.0505371094
1777575155.108917,0.0505371094
1777575155.118917,0.0505371094
1777575155.128917,0.0505371094
1777575155.138917,0.0505371094
1777575155.148917,0.0505371094
1777575155.158917,0.0505371094
1777575155.168917,0.0505371094
1777575155.178917,0.0505371094
1777575155.188917,0.0505371094
1777575155.198917,0.0505371094
1777575155.208917,0.0505371094
1777575155.2189171,0.0505371094
1777575155.2289171,0.0505371094
1777575155.238917,0.0505371094
1777575155.248917,0.0505371094
1777575155.258917,0.0505371094
1777575155.268917,0.0505371094
1777575155.278917,0.0505371094
1777575155.288917,0.0505371094
1777575155.298917,0.0031738281
1777575155.308917,0.0031738281
1777575155.318917,0.0031738281
1777575155.328917,0.0031738281
1777575155.338917,0.0031738281
1777575155.348917,0.0031738281
1777575155.358917,0.0031738281
1777575155.368917,0.0031738281
1777575155.378917,0.0031738281
1777575155.388917,0.0031738281
1777575155.398917,0.0031738281
1777575155.408917,0.0031738281
1777575155.4189172,0.0031738281
1777575155.4289172,0.0031738281
1777575155.4389172,0.0031738281
1777575155.4489172,0.0031738281
1777575155.4589171,0.0031738281
1777575155.4689171,0.0031738281
1777575155.4789171,0.0031738281
1777575155.488917,0.0031738281
1777575155.498917,0.1040039062
1777575155.508917,0.1040039062
1777575155.518917,0.1040039062
1777575155.528917,0.1040039062
1777575155.538917,0.1040039062
1777575155.548917,0.1040039062
1777575155.558917,0.1040039062
1777575155.568917,0.1040039062
1777575155.578917,0.1040039062
1777575155.588917,0.1040039062
1777575155.598917,0.1040039062
1777575155.608917,0.1040039062
1777575155.6189172,0.1040039062
1777575155.6289172,0.1040039062
1777575155.6389172,0.1040039062
1777575155.6489172,0.1040039062
1777575155.6589172,0.1040039062
1777575155.6689172,0.1040039062
1777575155.6789172,0.1040039062
1777575155.6889172,0.1040039062
1777575155.6989172,0.0891113281
1777575155.7089171,0.0891113281
1777575155.7189171,0.0891113281
1777575155.7289171,0.0891113281
1777575155.738917,0.0891113281
1777575155.748917,0.0891113281
1777575155.758917,0.0891113281
1777575155.768917,0.0891113281
1777575155.778917,0.0891113281
1777575155.788917,0.0891113281
1777575155.798917,0.0891113281
1777575155.808917,0.0891113281
1777575155.8189173,0.0891113281
1777575155.8289173,0.0891113281
1777575155.8389173,0.0891113281
1777575155.8489172,0.0891113281
1777575155.8589172,0.0891113281
1777575155.8689172,0.0891113281
1777575155.8789172,0.0891113281
1777575155.8889172,0.0891113281
1777575155.8989172,0.0202636719
1777575155.9089172,0.0202636719
1777575155.9189172,0.0202636719
1777575155.9289172,0.0202636719
1777575155.9389172,0.0202636719
1777575155.9489172,0.0202636719
1777575155.9589171,0.0202636719
1777575155.9689171,0.0202636719
1777575155.9789171,0.0202636719
1777575155.988917,0.0202636719
1777575155.998917,0.0202636719
1777575156.008917,0.0202636719
1777575156.0189173,0.0202636719
1777575156.0289173,0.0202636719
1777575156.0389173,0.0202636719
1777575156.0489173,0.0202636719
1777575156.0589173,0.0202636719
1777575156.0689173,0.0202636719
1777575156.0789173,0.0202636719
1777575156.0889173,0.0202636719
1777575156.0989172,-0.0705566406
1777575156.1089172,-0.0705566406
1777575156.1189172,-0.0705566406
1777575156.1289172,-0.0705566406
1777575156.1389172,-0.0705566406
1777575156.1489172,-0.0705566406
1777575156.1589172,-0.0705566406
1777575156.1689172,-0.0705566406
1777575156.1789172,-0.0705566406
1777575156.1889172,-0.0705566406
1777575156.1989172,-0.0705566406
1777575156.2089171,-0.0705566406
1777575156.2189174,-0.0705566406
1777575156.2289174,-0.0705566406
1777575156.2389174,-0.0705566406
1777575156.2489173,-0.0705566406
1777575156.2589173,-0.0705566406
1777575156.2689173,-0.0705566406
1777575156.2789173,-0.0705566406
1777575156.2889173,-0.0705566406
1777575156.2989173,0.1140136719
1777575156.3089173,0.1140136719
1777575156.3189173,0.1140136719
1777575156.3289173,0.1140136719
1777575156.3389173,0.1140136719
1777575156.3489172,0.1140136719
1777575156.3589172,0.1140136719
1777575156.3689172,0.1140136719
1777575156.3789172,0.1140136719
1777575156.3889172,0.1140136719
1777575156.3989172,0.1140136719
1777575156.4089172,0.1140136719
1777575156.4189174,0.1140136719
1777575156.4289174,0.1140136719
1777575156.4389174,0.1140136719
1777575156.4489174,0.1140136719
1777575156.4589174,0.1140136719
1777575156.4689174,0.1140136719
1777575156.4789174,0.1140136719
1777575156.4889174,0.1140136719
1777575156.4989173,0.0556640625
1777575156.5089173,0.0556640625
1777575156.5189173,0.0556640625
1777575156.5289173,0.0556640625
1777575156.5389173,0.0556640625
1777575156.5489173,0.0556640625
1777575156.5589173,0.0556640625
1777575156.5689173,0.0556640625
1777575156.5789173,0.0556640625
1777575156.5889173,0.0556640625
1777575156.5989172,0.0556640625
1777575156.6089172,0.0556640625
1777575156.6189175,0.0556640625
1777575156.6289175,0.0556640625
1777575156.6389174,0.0556640625
1777575156.6489174,0.0556640625
1777575156.6589174,0.0556640625
1777575156.6689174,0.0556640625
1777575156.6789174,0.0556640625
1777575156.6889174,0.0556640625
1777575156.6989174,0.0002441406
1777575156.7089174,0.0002441406
1777575156.7189174,0.0002441406
1777575156.7289174,0.0002441406
1777575156.7389174,0.0002441406
1777575156.7489173,0.0002441406
1777575156.7589173,0.0002441406
1777575156.7689173,0.0002441406
1777575156.7789173,0.0002441406
1777575156.7889173,0.0002441406
1777575156.7989173,0.0002441406
1777575156.8089173,0.0002441406
1777575156.8189175,0.0002441406
1777575156.8289175,0.0002441406
1777575156.8389175,0.0002441406
1777575156.8489175,0.0002441406
1777575156.8589175,0.0002441406
1777575156.8689175,0.0002441406
1777575156.8789175,0.0002441406
1777575156.8889174,0.0002441406
1777575156.8989174,0.0168457031
1777575156.9089174,0.0168457031
1777575156.9189174,0.0168457031
1777575156.9289174,0.0168457031
1777575156.9389174,0.0168457031
1777575156.9489174,0.0168457031
1777575156.9589174,0.0168457031
1777575156.9689174,0.0168457031
1777575156.9789174,0.0168457031
1777575156.9889174,0.0168457031
1777575156.9989173,0.0168457031
1777575157.0089173,0.0168457031
1777575157.0189176,0.0168457031
1777575157.0289176,0.0168457031
1777575157.0389175,0.0168457031
1777575157.0489175,0.0168457031
1777575157.0589175,0.0168457031
1777575157.0689175,0.0168457031
1777575157.0789175,0.0168457031
1777575157.0889175,0.0168457031
1777575157.0989175,-0.2099609375
1777575157.1089175,-0.2099609375
1777575157.1189175,-0.2099609375
1777575157.1289175,-0.2099609375
1777575157.1389174,-0.2099609375
1777575157.1489174,-0.2099609375
1777575157.1589174,-0.2099609375
1777575157.1689174,-0.2099609375
1777575157.1789174,-0.2099609375
1777575157.1889174,-0.2099609375
1777575157.1989174,-0.2099609375
1777575157.2089174,-0.2099609375
1777575157.2189176,-0.2099609375
1777575157.2289176,-0.2099609375
1777575157.2389176,-0.2099609375
1777575157.2489176,-0.2099609375
1777575157.2589176,-0.2099609375
1777575157.2689176,-0.2099609375
1777575157.2789176,-0.2099609375
1777575157.2889175,-0.2099609375
1777575157.2989175,-0.2385253906
1777575157.3089175,-0.2385253906
1777575157.3189175,-0.2385253906
1777575157.3289175,-0.2385253906
1777575157.3389175,-0.2385253906
1777575157.3489175,-0.2385253906
1777575157.3589175,-0.2385253906
1777575157.3689175,-0.2385253906
1777575157.3789175,-0.2385253906
1777575157.3889174,-0.2385253906
1777575157.3989174,-0.2385253906
1777575157.4089174,-0.2385253906
1777575157.4189177,-0.2385253906
1777575157.4289176,-0.2385253906
1777575157.4389176,-0.2385253906
1777575157.4489176,-0.2385253906
1777575157.4589176,-0.2385253906
1777575157.4689176,-0.2385253906
1777575157.4789176,-0.2385253906
1777575157.4889176,-0.2385253906
1777575157.4989176,0.0236816406
1777575157.5089176,0.0236816406
1777575157.5189176,0.0236816406
1777575157.5289176,0.0236816406
1777575157.5389175,0.0236816406
1777575157.5489175,0.0236816406
1777575157.5589175,0.0236816406
1777575157.5689175,0.0236816406
1777575157.5789175,0.0236816406
1777575157.5889175,0.0236816406
1777575157.5989175,0.0236816406
1777575157.6089175,0.0236816406
1777575157.6189177,0.0236816406
1777575157.6289177,0.0236816406
1777575157.6389177,0.0236816406
1777575157.6489177,0.0236816406
1777575157.6589177,0.0236816406
1777575157.6689177,0.0236816406
1777575157.6789176,0.0236816406
1777575157.6889176,0.0236816406
1777575157.6989176,0.1284179688
1777575157.7089176,0.1284179688
1777575157.7189176,0.1284179688
1777575157.7289176,0.1284179688
1777575157.7389176,0.1284179688
1777575157.7489176,0.1284179688
1777575157.7589176,0.1284179688
1777575157.7689176,0.1284179688
1777575157.7789176,0.1284179688
1777575157.7889175,0.1284179688
1777575157.7989175,0.1284179688
1777575157.8089175,0.1284179688
1777575157.8189178,0.1284179688
1777575157.8289177,0.1284179688
1777575157.8389177,0.1284179688
1777575157.8489177,0.1284179688
1777575157.8589177,0.1284179688
1777575157.8689177,0.1284179688
1777575157.8789177,0.1284179688
1777575157.8889177,0.1284179688
1777575157.8989177,0.07421875
1777575157.9089177,0.07421875
1777575157.9189177,0.07421875
1777575157.9289176,0.07421875
1777575157.9389176,0.07421875
1777575157.9489176,0.07421875
1777575157.9589176,0.07421875
1777575157.9689176,0.07421875
1777575157.9789176,0.07421875
1777575157.9889176,0.07421875
1777575157.9989176,0.07421875
1777575158.0089176,0.07421875
1777575158.0189178,0.07421875
1777575158.0289178,0.07421875
1777575158.0389178,0.07421875
1777575158.0489178,0.07421875
1777575158.0589178,0.07421875
1777575158.0689178,0.07421875
1777575158.0789177,0.07421875
1777575158.0889177,0.07421875
1777575158.0989177,0.1906738281
1777575158.1089177,0.1906738281
1777575158.1189177,0.1906738281
1777575158.1289177,0.1906738281
1777575158.1389177,0.1906738281
1777575158.1489177,0.1906738281
1777575158.1589177,0.1906738281
1777575158.1689177,0.1906738281
1777575158.1789176,0.1906738281
1777575158.1889176,0.1906738281
1777575158.1989176,0.1906738281
1777575158.2089176,0.1906738281
1777575158.2189178,0.1906738281
1777575158.2289178,0.1906738281
1777575158.2389178,0.1906738281
1777575158.2489178,0.1906738281
1777575158.2589178,0.1906738281
1777575158.2689178,0.1906738281
1777575158.2789178,0.1906738281
1777575158.2889178,0.1906738281
1777575158.2989178,0.2583007812
1777575158.3089178,0.2583007812
1777575158.3189178,0.2583007812
1777575158.3289177,0.2583007812
1777575158.3389177,0.2583007812
1777575158.3489177,0.2583007812
1777575158.3589177,0.2583007812
1777575158.3689177,0.2583007812
1777575158.3789177,0.2583007812
1777575158.3889177,0.2583007812
1777575158.3989177,0.2583007812
1777575158.4089177,0.2583007812
1777575158.418918,0.2583007812
1777575158.428918,0.2583007812
1777575158.4389179,0.2583007812
1777575158.4489179,0.2583007812
1777575158.4589179,0.2583007812
1777575158.4689178,0.2583007812
1777575158.4789178,0.2583007812
1777575158.4889178,0.2583007812
1777575158.4989178,-0.0026855469
1777575158.5089178,-0.0026855469
1777575158.5189178,-0.0026855469
1777575158.5289178,-0.0026855469
1777575158.5389178,-0.0026855469
1777575158.5489178,-0.0026855469
1777575158.5589178,-0.0026855469
1777575158.5689178,-0.0026855469
1777575158.5789177,-0.0026855469
1777575158.5889177,-0.0026855469
1777575158.5989177,-0.0026855469
1777575158.6089177,-0.0026855469
1777575158.618918,-0.0026855469
1777575158.628918,-0.0026855469
1777575158.638918,-0.0026855469
1777575158.648918,-0.0026855469
1777575158.658918,-0.0026855469
1777575158.668918,-0.0026855469
1777575158.678918,-0.0026855469
1777575158.6889179,-0.0026855469
1777575158.6989179,-0.1391601562
1777575158.7089179,-0.1391601562
1777575158.7189178,-0.1391601562
1777575158.7289178,-0.1391601562
1777575158.7389178,-0.1391601562
1777575158.7489178,-0.1391601562
1777575158.7589178,-0.1391601562
1777575158.7689178,-0.1391601562
1777575158.7789178,-0.1391601562
1777575158.7889178,-0.1391601562
1777575158.7989178,-0.1391601562
1777575158.8089178,-0.1391601562
1777575158.818918,-0.1391601562
1777575158.828918,-0.1391601562
1777575158.838918,-0.1391601562
1777575158.848918,-0.1391601562
1777575158.858918,-0.1391601562
1777575158.868918,-0.1391601562
1777575158.878918,-0.1391601562
1777575158.888918,-0.1391601562
1777575158.898918,-0.0769042969
1777575158.908918,-0.0769042969
1777575158.918918,-0.0769042969
1777575158.928918,-0.0769042969
1777575158.9389179,-0.0769042969
1777575158.9489179,-0.0769042969
1777575158.9589179,-0.0769042969
1777575158.9689178,-0.0769042969
1777575158.9789178,-0.0769042969
1777575158.9889178,-0.0769042969
1777575158.9989178,-0.0769042969
1777575159.0089178,-0.0769042969
1777575159.018918,-0.0769042969
1777575159.028918,-0.0769042969
1777575159.038918,-0.0769042969
1777575159.048918,-0.0769042969
1777575159.058918,-0.0769042969
1777575159.068918,-0.0769042969
1777575159.078918,-0.0769042969
1777575159.088918,-0.0769042969
1777575159.098918,0.1572265625
1777575159.108918,0.1572265625
1777575159.118918,0.1572265625
1777575159.128918,0.1572265625
1777575159.138918,0.1572265625
1777575159.148918,0.1572265625
1777575159.158918,0.1572265625
1777575159.168918,0.1572265625
1777575159.178918,0.1572265625
1777575159.1889179,0.1572265625
1777575159.1989179,0.1572265625
1777575159.2089179,0.1572265625
1777575159.218918,0.1572265625
1777575159.228918,0.1572265625
1777575159.238918,0.1572265625
1777575159.248918,0.1572265625
1777575159.258918,0.1572265625
1777575159.268918,0.1572265625
1777575159.278918,0.1572265625
1777575159.288918,0.1572265625
1777575159.298918,-0.1110839844
1777575159.308918,-0.1110839844
1777575159.318918,-0.1110839844
1777575159.328918,-0.1110839844
1777575159.338918,-0.1110839844
1777575159.348918,-0.1110839844
1777575159.358918,-0.1110839844
1777575159.368918,-0.1110839844
1777575159.378918,-0.1110839844
1777575159.388918,-0.1110839844
1777575159.398918,-0.1110839844
1777575159.408918,-0.1110839844
1777575159.4189181,-0.1110839844
1777575159.4289181,-0.1110839844
1777575159.438918,-0.1110839844
1777575159.448918,-0.1110839844
1777575159.458918,-0.1110839844
1777575159.468918,-0.1110839844
1777575159.478918,-0.1110839844
1777575159.488918,-0.1110839844
1777575159.498918,-0.1708984375
1777575159.508918,-0.1708984375
1777575159.518918,-0.1708984375
1777575159.528918,-0.1708984375
1777575159.538918,-0.1708984375
1777575159.548918,-0.1708984375
1777575159.558918,-0.1708984375
1777575159.568918,-0.1708984375
1777575159.578918,-0.1708984375
1777575159.588918,-0.1708984375
1777575159.598918,-0.1708984375
1777575159.608918,-0.1708984375
1777575159.6189182,-0.1708984375
1777575159.6289182,-0.1708984375
1777575159.6389182,-0.1708984375
1777575159.6489182,-0.1708984375
1777575159.6589181,-0.1708984375
1777575159.6689181,-0.1708984375
1777575159.6789181,-0.1708984375
1777575159.688918,-0.1708984375
1777575159.698918,-0.2041015625
1777575159.708918,-0.2041015625
1777575159.718918,-0.2041015625
1777575159.728918,-0.2041015625
1777575159.738918,-0.2041015625
1777575159.748918,-0.2041015625
1777575159.758918,-0.2041015625
1777575159.768918,-0.2041015625
1777575159.778918,-0.2041015625
1777575159.788918,-0.2041015625
1777575159.798918,-0.2041015625
1777575159.808918,-0.2041015625
1777575159.8189182,-0.2041015625
1777575159.8289182,-0.2041015625
1777575159.8389182,-0.2041015625
1777575159.8489182,-0.2041015625
1777575159.8589182,-0.2041015625
1777575159.8689182,-0.2041015625
1777575159.8789182,-0.2041015625
1777575159.8889182,-0.2041015625
1777575159.8989182,0.0908203125
1777575159.9089181,0.0908203125
1777575159.9189181,0.0908203125
1777575159.9289181,0.0908203125
1777575159.938918,0.0908203125
1777575159.948918,0.0908203125
1777575159.958918,0.0908203125
1777575159.968918,0.0908203125
1777575159.978918,0.0908203125
1777575159.988918,0.0908203125
1777575159.998918,0.0908203125
1777575160.008918,0.0908203125
1777575160.0189183,0.0908203125
1777575160.0289183,0.0908203125
1777575160.0389183,0.0908203125
1777575160.0489182,0.0908203125
1777575160.0589182,0.0908203125
1777575160.0689182,0.0908203125
1777575160.0789182,0.0908203125
1777575160.0889182,0.0908203125
1777575160.0989182,-0.0417480469
1777575160.1089182,-0.0417480469
1777575160.1189182,-0.0417480469
1777575160.1289182,-0.0417480469
1777575160.1389182,-0.0417480469
1777575160.1489182,-0.0417480469
1777575160.1589181,-0.0417480469
1777575160.1689181,-0.0417480469
1777575160.1789181,-0.0417480469
1777575160.188918,-0.0417480469
1777575160.198918,-0.0417480469
1777575160.208918,-0.0417480469
1777575160.2189183,-0.0417480469
1777575160.2289183,-0.0417480469
1777575160.2389183,-0.0417480469
1777575160.2489183,-0.0417480469
1777575160.2589183,-0.0417480469
1777575160.2689183,-0.0417480469
1777575160.2789183,-0.0417480469
1777575160.2889183,-0.0417480469
1777575160.2989182,0.1787109375
1777575160.3089182,0.1787109375
1777575160.3189182,0.1787109375
1777575160.3289182,0.1787109375
1777575160.3389182,0.1787109375
1777575160.3489182,0.1787109375
1777575160.3589182,0.1787109375
1777575160.3689182,0.1787109375
1777575160.3789182,0.1787109375
1777575160.3889182,0.1787109375
1777575160.3989182,0.1787109375
1777575160.4089181,0.1787109375
1777575160.4189184,0.1787109375
1777575160.4289184,0.1787109375
1777575160.4389184,0.1787109375
1777575160.4489183,0.1787109375
1777575160.4589183,0.1787109375
1777575160.4689183,0.1787109375
1777575160.4789183,0.1787109375
1777575160.4889183,0.1787109375
1777575160.4989183,0.1538085938
1777575160.5089183,0.1538085938
1777575160.5189183,0.1538085938
1777575160.5289183,0.1538085938
1777575160.5389183,0.1538085938
1777575160.5489182,0.1538085938
1777575160.5589182,0.1538085938
1777575160.5689182,0.1538085938
1777575160.5789182,0.1538085938
1777575160.5889182,0.1538085938
1777575160.5989182,0.1538085938
1777575160.6089182,0.1538085938
1777575160.6189184,0.1538085938
1777575160.6289184,0.1538085938
1777575160.6389184,0.1538085938
1777575160.6489184,0.1538085938
1777575160.6589184,0.1538085938
1777575160.6689184,0.1538085938
1777575160.6789184,0.1538085938
1777575160.6889184,0.1538085938
1777575160.6989183,-0.001953125
1777575160.7089183,-0.001953125
1777575160.7189183,-0.001953125
1777575160.7289183,-0.001953125
1777575160.7389183,-0.001953125
1777575160.7489183,-0.001953125
1777575160.7589183,-0.001953125
1777575160.7689183,-0.001953125
1777575160.7789183,-0.001953125
1777575160.7889183,-0.001953125
1777575160.7989182,-0.001953125
1777575160.8089182,-0.001953125
1777575160.8189185,-0.001953125
1777575160.8289185,-0.001953125
1777575160.8389184,-0.001953125
1777575160.8489184,-0.001953125
1777575160.8589184,-0.001953125
1777575160.8689184,-0.001953125
1777575160.8789184,-0.001953125
1777575160.8889184,-0.001953125
1777575160.8989184,-0.0693359375
1777575160.9089184,-0.0693359375
1777575160.9189184,-0.0693359375
1777575160.9289184,-0.0693359375
1777575160.9389184,-0.0693359375
1777575160.9489183,-0.0693359375
1777575160.9589183,-0.0693359375
1777575160.9689183,-0.0693359375
1777575160.9789183,-0.0693359375
1777575160.9889183,-0.0693359375
1777575160.9989183,-0.0693359375
1777575161.0089183,-0.0693359375
1777575161.0189185,-0.0693359375
1777575161.0289185,-0.0693359375
1777575161.0389185,-0.0693359375
1777575161.0489185,-0.0693359375
1777575161.0589185,-0.0693359375
1777575161.0689185,-0.0693359375
1777575161.0789185,-0.0693359375
1777575161.0889184,-0.0693359375
1777575161.0989184,0.0749511719
1777575161.1089184,0.0749511719
1777575161.1189184,0.0749511719
1777575161.1289184,0.0749511719
1777575161.1389184,0.0749511719
1777575161.1489184,0.0749511719
1777575161.1589184,0.0749511719
1777575161.1689184,0.0749511719
1777575161.1789184,0.0749511719
1777575161.1889184,0.0749511719
1777575161.1989183,0.0749511719
1777575161.2089183,0.0749511719
1777575161.2189186,0.0749511719
1777575161.2289186,0.0749511719
1777575161.2389185,0.0749511719
1777575161.2489185,0.0749511719
1777575161.2589185,0.0749511719
1777575161.2689185,0.0749511719
1777575161.2789185,0.0749511719
1777575161.2889185,0.0749511719
1777575161.2989185,0.203125
1777575161.3089185,0.203125
1777575161.3189185,0.203125
1777575161.3289185,0.203125
1777575161.3389184,0.203125
1777575161.3489184,0.203125
1777575161.3589184,0.203125
1777575161.3689184,0.203125
1777575161.3789184,0.203125
1777575161.3889184,0.203125
1777575161.3989184,0.203125
1777575161.4089184,0.203125
1777575161.4189186,0.203125
1777575161.4289186,0.203125
1777575161.4389186,0.203125
1777575161.4489186,0.203125
1777575161.4589186,0.203125
1777575161.4689186,0.203125
1777575161.4789186,0.203125
1777575161.4889185,0.203125
1777575161.4989185,0.2907714844
1777575161.5089185,0.2907714844
1777575161.5189185,0.2907714844
1777575161.5289185,0.2907714844
1777575161.5389185,0.2907714844
1777575161.5489185,0.2907714844
1777575161.5589185,0.2907714844
1777575161.5689185,0.2907714844
1777575161.5789185,0.2907714844
1777575161.5889184,0.2907714844
1777575161.5989184,0.2907714844
1777575161.6089184,0.2907714844
1777575161.6189187,0.2907714844
1777575161.6289186,0.2907714844
1777575161.6389186,0.2907714844
1777575161.6489186,0.2907714844
1777575161.6589186,0.2907714844
1777575161.6689186,0.2907714844
1777575161.6789186,0.2907714844
1777575161.6889186,0.2907714844
1777575161.6989186,-0.0363769531
1777575161.7089186,-0.0363769531
1777575161.7189186,-0.0363769531
1777575161.7289186,-0.0363769531
1777575161.7389185,-0.0363769531
1777575161.7489185,-0.0363769531
1777575161.7589185,-0.0363769531
1777575161.7689185,-0.0363769531
1777575161.7789185,-0.0363769531
1777575161.7889185,-0.0363769531
1777575161.7989185,-0.0363769531
1777575161.8089185,-0.0363769531
1777575161.8189187,-0.0363769531
1777575161.8289187,-0.0363769531
1777575161.8389187,-0.0363769531
1777575161.8489187,-0.0363769531
1777575161.8589187,-0.0363769531
1777575161.8689187,-0.0363769531
1777575161.8789186,-0.0363769531
1777575161.8889186,-0.0363769531
1777575161.8989186,-0.3208007812
1777575161.9089186,-0.3208007812
1777575161.9189186,-0.3208007812
1777575161.9289186,-0.3208007812
1777575161.9389186,-0.3208007812
1777575161.9489186,-0.3208007812
1777575161.9589186,-0.3208007812
1777575161.9689186,-0.3208007812
1777575161.9789186,-0.3208007812
1777575161.9889185,-0.3208007812
1777575161.9989185,-0.3208007812
1777575162.0089185,-0.3208007812
1777575162.0189188,-0.3208007812
1777575162.0289187,-0.3208007812
1777575162.0389187,-0.3208007812
1777575162.0489187,-0.3208007812
1777575162.0589187,-0.3208007812
1777575162.0689187,-0.3208007812
1777575162.0789187,-0.3208007812
1777575162.0889187,-0.3208007812
1777575162.0989187,-0.0170898438
1777575162.1089187,-0.0170898438
1777575162.1189187,-0.0170898438
1777575162.1289186,-0.0170898438
1777575162.1389186,-0.0170898438
1777575162.1489186,-0.0170898438
1777575162.1589186,-0.0170898438
1777575162.1689186,-0.0170898438
1777575162.1789186,-0.0170898438
1777575162.1889186,-0.0170898438
1777575162.1989186,-0.0170898438
1777575162.2089186,-0.0170898438
1777575162.2189188,-0.0170898438
1777575162.2289188,-0.0170898438
1777575162.2389188,-0.0170898438
1777575162.2489188,-0.0170898438
1777575162.2589188,-0.0170898438
1777575162.2689188,-0.0170898438
1777575162.2789187,-0.0170898438
1777575162.2889187,-0.0170898438
1777575162.2989187,0.1462402344
1777575162.3089187,0.1462402344
1777575162.3189187,0.1462402344
1777575162.3289187,0.1462402344
1777575162.3389187,0.1462402344
1777575162.3489187,0.1462402344
1777575162.3589187,0.1462402344
1777575162.3689187,0.1462402344
1777575162.3789186,0.1462402344
1777575162.3889186,0.1462402344
1777575162.3989186,0.1462402344
1777575162.4089186,0.1462402344
1777575162.4189188,0.1462402344
1777575162.4289188,0.1462402344
1777575162.4389188,0.1462402344
1777575162.4489188,0.1462402344
1777575162.4589188,0.1462402344
1777575162.4689188,0.1462402344
1777575162.4789188,0.1462402344
1777575162.4889188,0.1462402344
1777575162.4989188,-0.1206054688
1777575162.5089188,-0.1206054688
1777575162.5189188,-0.1206054688
1777575162.5289187,-0.1206054688
1777575162.5389187,-0.1206054688
1777575162.5489187,-0.1206054688
1777575162.5589187,-0.1206054688
1777575162.5689187,-0.1206054688
1777575162.5789187,-0.1206054688
1777575162.5889187,-0.1206054688
1777575162.5989187,-0.1206054688
1777575162.6089187,-0.1206054688
1777575162.618919,-0.1206054688
1777575162.628919,-0.1206054688
1777575162.6389189,-0.1206054688
1777575162.6489189,-0.1206054688
1777575162.6589189,-0.1206054688
1777575162.6689188,-0.1206054688
1777575162.6789188,-0.1206054688
1777575162.6889188,-0.1206054688
1777575162.6989188,-0.0808105469
1777575162.7089188,-0.0808105469
1777575162.7189188,-0.0808105469
1777575162.7289188,-0.0808105469
1777575162.7389188,-0.0808105469
1777575162.7489188,-0.0808105469
1777575162.7589188,-0.0808105469
1777575162.7689188,-0.0808105469
1777575162.7789187,-0.0808105469
1777575162.7889187,-0.0808105469
1777575162.7989187,-0.0808105469
1777575162.8089187,-0.0808105469
1777575162.818919,-0.0808105469
1777575162.828919,-0.0808105469
1777575162.838919,-0.0808105469
1777575162.848919,-0.0808105469
1777575162.858919,-0.0808105469
1777575162.868919,-0.0808105469
1777575162.878919,-0.0808105469
1777575162.8889189,-0.0808105469
1777575162.8989189,0.1162109375
1777575162.9089189,0.1162109375
1777575162.9189188,0.1162109375
1777575162.9289188,0.1162109375
1777575162.9389188,0.1162109375
1777575162.9489188,0.1162109375
1777575162.9589188,0.1162109375
1777575162.9689188,0.1162109375
1777575162.9789188,0.1162109375
1777575162.9889188,0.1162109375
1777575162.9989188,0.1162109375
1777575163.0089188,0.1162109375
1777575163.018919,0.1162109375
1777575163.028919,0.1162109375
1777575163.038919,0.1162109375
1777575163.048919,0.1162109375
1777575163.058919,0.1162109375
1777575163.068919,0.1162109375
1777575163.078919,0.1162109375
1777575163.088919,0.1162109375
1777575163.098919,-0.0737304688
1777575163.108919,-0.0737304688
1777575163.118919,-0.0737304688
1777575163.128919,-0.0737304688
1777575163.1389189,-0.0737304688
1777575163.1489189,-0.0737304688
1777575163.1589189,-0.0737304688
1777575163.1689188,-0.0737304688
1777575163.1789188,-0.0737304688
1777575163.1889188,-0.0737304688
1777575163.1989188,-0.0737304688
1777575163.2089188,-0.0737304688
1777575163.218919,-0.0737304688
1777575163.228919,-0.0737304688
1777575163.238919,-0.0737304688
1777575163.248919,-0.0737304688
1777575163.258919,-0.0737304688
1777575163.268919,-0.0737304688
1777575163.278919,-0.0737304688
1777575163.288919,-0.0737304688
1777575163.298919,0.0085449219
1777575163.308919,0.0085449219
1777575163.318919,0.0085449219
1777575163.328919,0.0085449219
1777575163.338919,0.0085449219
1777575163.348919,0.0085449219
1777575163.358919,0.0085449219
1777575163.368919,0.0085449219
1777575163.378919,0.0085449219
1777575163.3889189,0.0085449219
1777575163.3989189,0.0085449219
1777575163.4089189,0.0085449219
1777575163.418919,0.0085449219
1777575163.428919,0.0085449219
1777575163.438919,0.0085449219
1777575163.448919,0.0085449219
1777575163.458919,0.0085449219
1777575163.468919,0.0085449219
1777575163.478919,0.0085449219
1777575163.488919,0.0085449219
1777575163.498919,-0.0949707031
1777575163.508919,-0.0949707031
1777575163.518919,-0.0949707031
1777575163.528919,-0.0949707031
1777575163.538919,-0.0949707031
1777575163.548919,-0.0949707031
1777575163.558919,-0.0949707031
1777575163.568919,-0.0949707031
1777575163.578919,-0.0949707031
1777575163.588919,-0.0949707031
1777575163.598919,-0.0949707031
1777575163.608919,-0.0949707031
1777575163.6189191,-0.0949707031
1777575163.6289191,-0.0949707031
1777575163.638919,-0.0949707031
1777575163.648919,-0.0949707031
1777575163.658919,-0.0949707031
1777575163.668919,-0.0949707031
1777575163.678919,-0.0949707031
1777575163.688919,-0.0949707031
1777575163.698919,-0.1264648438
1777575163.708919,-0.1264648438
1777575163.718919,-0.1264648438
1777575163.728919,-0.1264648438
1777575163.738919,-0.1264648438
1777575163.748919,-0.1264648438
1777575163.758919,-0.1264648438
1777575163.768919,-0.1264648438
1777575163.778919,-0.1264648438
1777575163.788919,-0.1264648438
1777575163.798919,-0.1264648438
1777575163.808919,-0.1264648438
1777575163.8189192,-0.1264648438
1777575163.8289192,-0.1264648438
1777575163.8389192,-0.1264648438
1777575163.8489192,-0.1264648438
1777575163.8589191,-0.1264648438
1777575163.8689191,-0.1264648438
1777575163.8789191,-0.1264648438
1777575163.888919,-0.1264648438
1777575163.898919,-0.0141601562
1777575163.908919,-0.0141601562
1777575163.918919,-0.0141601562
1777575163.928919,-0.0141601562
1777575163.938919,-0.0141601562
1777575163.948919,-0.0141601562
1777575163.958919,-0.0141601562
1777575163.968919,-0.0141601562
1777575163.978919,-0.0141601562
1777575163.988919,-0.0141601562
1777575163.998919,-0.0141601562
1777575164.008919,-0.0141601562
1777575164.0189192,-0.0141601562
1777575164.0289192,-0.0141601562
1777575164.0389192,-0.0141601562
1777575164.0489192,-0.0141601562
1777575164.0589192,-0.0141601562
1777575164.0689192,-0.0141601562
1777575164.0789192,-0.0141601562
1777575164.0889192,-0.0141601562
1777575164.0989192,-0.0141601562
1777575164.1089191,-0.0141601562
1777575164.1189191,-0.0141601562
1777575164.1289191,-0.0141601562
1777575164.138919,-0.0141601562
1777575164.148919,-0.0141601562
1777575164.158919,-0.0141601562
1777575164.168919,-0.0141601562
1777575164.178919,-0.0141601562
1777575164.188919,-0.0141601562
1777575164.198919,-0.0141601562
1777575164.208919,-0.0141601562
1777575164.2189193,-0.0141601562
1777575164.2289193,-0.0141601562
1777575164.2389193,-0.0141601562
1777575164.2489192,-0.0141601562
1777575164.2589192,-0.0141601562
1777575164.2689192,-0.0141601562
1777575164.2789192,-0.0141601562
1777575164.2889192,-0.0141601562
1777575164.2989192,-0.4248046875
1777575164.3089192,-0.4248046875
1777575164.3189192,-0.4248046875
1777575164.3289192,-0.4248046875
1777575164.3389192,-0.4248046875
1777575164.3489192,-0.4248046875
1777575164.3589191,-0.4248046875
1777575164.3689191,-0.4248046875
1777575164.3789191,-0.4248046875
1777575164.388919,-0.4248046875
1777575164.398919,-0.4248046875
1777575164.408919,-0.4248046875
1777575164.4189193,-0.4248046875
1777575164.4289193,-0.4248046875
1777575164.4389193,-0.4248046875
1777575164.4489193,-0.4248046875
1777575164.4589193,-0.4248046875
1777575164.4689193,-0.4248046875
1777575164.4789193,-0.4248046875
1777575164.4889193,-0.4248046875
1777575164.4989192,-0.009765625
1777575164.5089192,-0.009765625
1777575164.5189192,-0.009765625
1777575164.5289192,-0.009765625
1777575164.5389192,-0.009765625
1777575164.5489192,-0.009765625
1777575164.5589192,-0.009765625
1777575164.5689192,-0.009765625
1777575164.5789192,-0.009765625
1777575164.5889192,-0.009765625
1777575164.5989192,-0.009765625
1777575164.6089191,-0.009765625
1777575164.6189194,-0.009765625
1777575164.6289194,-0.009765625
1777575164.6389194,-0.009765625
1777575164.6489193,-0.009765625
1777575164.6589193,-0.009765625
1777575164.6689193,-0.009765625
1777575164.6789193,-0.009765625
1777575164.6889193,-0.009765625
1777575164.6989193,-0.3256835938
1777575164.7089193,-0.3256835938
1777575164.7189193,-0.3256835938
1777575164.7289193,-0.3256835938
1777575164.7389193,-0.3256835938
1777575164.7489192,-0.3256835938
1777575164.7589192,-0.3256835938
1777575164.7689192,-0.3256835938
1777575164.7789192,-0.3256835938
1777575164.7889192,-0.3256835938
1777575164.7989192,-0.3256835938
1777575164.8089192,-0.3256835938
1777575164.8189194,-0.3256835938
1777575164.8289194,-0.3256835938
1777575164.8389194,-0.3256835938
1777575164.8489194,-0.3256835938
1777575164.8589194,-0.3256835938
1777575164.8689194,-0.3256835938
1777575164.8789194,-0.3256835938
1777575164.8889194,-0.3256835938
1777575164.8989193,-0.1779785156
1777575164.9089193,-0.1779785156
1777575164.9189193,-0.1779785156
1777575164.9289193,-0.1779785156
1777575164.9389193,-0.1779785156
1777575164.9489193,-0.1779785156
1777575164.9589193,-0.1779785156
1777575164.9689193,-0.1779785156
1777575164.9789193,-0.1779785156
1777575164.9889193,-0.1779785156
1777575164.9989192,-0.1779785156
1777575165.0089192,-0.1779785156
1777575165.0189195,-0.1779785156
1777575165.0289195,-0.1779785156
1777575165.0389194,-0.1779785156
1777575165.0489194,-0.1779785156
1777575165.0589194,-0.1779785156
1777575165.0689194,-0.1779785156
1777575165.0789194,-0.1779785156
1777575165.0889194,-0.1779785156
1777575165.0989194,0.1162109375
1777575165.1089194,0.1162109375
1777575165.1189194,0.1162109375
1777575165.1289194,0.1162109375
1777575165.1389194,0.1162109375
1777575165.1489193,0.1162109375
1777575165.1589193,0.1162109375
1777575165.1689193,0.1162109375
1777575165.1789193,0.1162109375
1777575165.1889193,0.1162109375
1777575165.1989193,0.1162109375
1777575165.2089193,0.1162109375
1777575165.2189195,0.1162109375
1777575165.2289195,0.1162109375
1777575165.2389195,0.1162109375
1777575165.2489195,0.1162109375
1777575165.2589195,0.1162109375
1777575165.2689195,0.1162109375
1777575165.2789195,0.1162109375
1777575165.2889194,0.1162109375
1777575165.2989194,-0.046875
1777575165.3089194,-0.046875
1777575165.3189194,-0.046875
1777575165.3289194,-0.046875
1777575165.3389194,-0.046875
1777575165.3489194,-0.046875
1777575165.3589194,-0.046875
1777575165.3689194,-0.046875
1777575165.3789194,-0.046875
1777575165.3889194,-0.046875
1777575165.3989193,-0.046875
1777575165.4089193,-0.046875
1777575165.4189196,-0.046875
1777575165.4289196,-0.046875
1777575165.4389195,-0.046875
1777575165.4489195,-0.046875
1777575165.4589195,-0.046875
1777575165.4689195,-0.046875
1777575165.4789195,-0.046875
1777575165.4889195,-0.046875
1777575165.4989195,0.7385253906
1777575165.5089195,0.7385253906
1777575165.5189195,0.7385253906
1777575165.5289195,0.7385253906
1777575165.5389194,0.7385253906
1777575165.5489194,0.7385253906
1777575165.5589194,0.7385253906
1777575165.5689194,0.7385253906
1777575165.5789194,0.7385253906
1777575165.5889194,0.7385253906
1777575165.5989194,0.7385253906
1777575165.6089194,0.7385253906
1777575165.6189196,0.7385253906
1777575165.6289196,0.7385253906
1777575165.6389196,0.7385253906
1777575165.6489196,0.7385253906
1777575165.6589196,0.7385253906
1777575165.6689196,0.7385253906
1777575165.6789196,0.7385253906
1777575165.6889195,0.7385253906
1777575165.6989195,0.2641601562
1777575165.7089195,0.2641601562
1777575165.7189195,0.2641601562
1777575165.7289195,0.2641601562
1777575165.7389195,0.2641601562
1777575165.7489195,0.2641601562
1777575165.7589195,0.2641601562
1777575165.7689195,0.2641601562
1777575165.7789195,0.2641601562
1777575165.7889194,0.2641601562
1777575165.7989194,0.2641601562
1777575165.8089194,0.2641601562
1777575165.8189197,0.2641601562
1777575165.8289196,0.2641601562
1777575165.8389196,0.2641601562
1777575165.8489196,0.2641601562
1777575165.8589196,0.2641601562
1777575165.8689196,0.2641601562
1777575165.8789196,0.2641601562
1777575165.8889196,0.2641601562
1777575165.8989196,-0.0278320312
1777575165.9089196,-0.0278320312
1777575165.9189196,-0.0278320312
1777575165.9289196,-0.0278320312
1777575165.9389195,-0.0278320312
1777575165.9489195,-0.0278320312
1777575165.9589195,-0.0278320312
1777575165.9689195,-0.0278320312
1777575165.9789195,-0.0278320312
1777575165.9889195,-0.0278320312
1777575165.9989195,-0.0278320312
1777575166.0089195,-0.0278320312
1777575166.0189197,-0.0278320312
1777575166.0289197,-0.0278320312
1777575166.0389197,-0.0278320312
1777575166.0489197,-0.0278320312
1777575166.0589197,-0.0278320312
1777575166.0689197,-0.0278320312
1777575166.0789196,-0.0278320312
1777575166.0889196,-0.0278320312
1777575166.0989196,-0.0302734375
1777575166.1089196,-0.0302734375
1777575166.1189196,-0.0302734375
1777575166.1289196,-0.0302734375
1777575166.1389196,-0.0302734375
1777575166.1489196,-0.0302734375
1777575166.1589196,-0.0302734375
1777575166.1689196,-0.0302734375
1777575166.1789196,-0.0302734375
1777575166.1889195,-0.0302734375
1777575166.1989195,-0.0302734375
1777575166.2089195,-0.0302734375
1777575166.2189198,-0.0302734375
1777575166.2289197,-0.0302734375
1777575166.2389197,-0.0302734375
1777575166.2489197,-0.0302734375
1777575166.2589197,-0.0302734375
1777575166.2689197,-0.0302734375
1777575166.2789197,-0.0302734375
1777575166.2889197,-0.0302734375
1777575166.2989197,-0.1533203125
1777575166.3089197,-0.1533203125
1777575166.3189197,-0.1533203125
1777575166.3289196,-0.1533203125
1777575166.3389196,-0.1533203125
1777575166.3489196,-0.1533203125
1777575166.3589196,-0.1533203125
1777575166.3689196,-0.1533203125
1777575166.3789196,-0.1533203125
1777575166.3889196,-0.1533203125
1777575166.3989196,-0.1533203125
1777575166.4089196,-0.1533203125
1777575166.4189198,-0.1533203125
1777575166.4289198,-0.1533203125
1777575166.4389198,-0.1533203125
1777575166.4489198,-0.1533203125
1777575166.4589198,-0.1533203125
1777575166.4689198,-0.1533203125
1777575166.4789197,-0.1533203125
1777575166.4889197,-0.1533203125
1777575166.4989197,0.0153808594
1777575166.5089197,0.0153808594
1777575166.5189197,0.0153808594
1777575166.5289197,0.0153808594
1777575166.5389197,0.0153808594
1777575166.5489197,0.0153808594
1777575166.5589197,0.0153808594
1777575166.5689197,0.0153808594
1777575166.5789196,0.0153808594
1777575166.5889196,0.0153808594
1777575166.5989196,0.0153808594
1777575166.6089196,0.0153808594
1777575166.6189198,0.0153808594
1777575166.6289198,0.0153808594
1777575166.6389198,0.0153808594
1777575166.6489198,0.0153808594
1777575166.6589198,0.0153808594
1777575166.6689198,0.0153808594
1777575166.6789198,0.0153808594
1777575166.6889198,0.0153808594
1777575166.6989198,0.1120605469
1777575166.7089198,0.1120605469
1777575166.7189198,0.1120605469
1777575166.7289197,0.1120605469
1777575166.7389197,0.1120605469
1777575166.7489197,0.1120605469
1777575166.7589197,0.1120605469
1777575166.7689197,0.1120605469
1777575166.7789197,0.1120605469
1777575166.7889197,0.1120605469
1777575166.7989197,0.1120605469
1777575166.8089197,0.1120605469
1777575166.81892,0.1120605469
1777575166.82892,0.1120605469
1777575166.8389199,0.1120605469
1777575166.8489199,0.1120605469
1777575166.8589199,0.1120605469
1777575166.8689198,0.1120605469
1777575166.8789198,0.1120605469
1777575166.8889198,0.1120605469
1777575166.8989198,-0.2934570312
1777575166.9089198,-0.2934570312
1777575166.9189198,-0.2934570312
1777575166.9289198,-0.2934570312
1777575166.9389198,-0.2934570312
1777575166.9489198,-0.2934570312
1777575166.9589198,-0.2934570312
1777575166.9689198,-0.2934570312
1777575166.9789197,-0.2934570312
1777575166.9889197,-0.2934570312
1777575166.9989197,-0.2934570312
1777575167.0089197,-0.2934570312
1777575167.01892,-0.2934570312
1777575167.02892,-0.2934570312
1777575167.03892,-0.2934570312
1777575167.04892,-0.2934570312
1777575167.05892,-0.2934570312
1777575167.06892,-0.2934570312
1777575167.07892,-0.2934570312
1777575167.0889199,-0.2934570312
1777575167.0989199,0.068359375
1777575167.1089199,0.068359375
1777575167.1189198,0.068359375
1777575167.1289198,0.068359375
1777575167.1389198,0.068359375
1777575167.1489198,0.068359375
1777575167.1589198,0.068359375
1777575167.1689198,0.068359375
1777575167.1789198,0.068359375
1777575167.1889198,0.068359375
1777575167.1989198,0.068359375
1777575167.2089198,0.068359375
1777575167.21892,0.068359375
1777575167.22892,0.068359375
1777575167.23892,0.068359375
1777575167.24892,0.068359375
1777575167.25892,0.068359375
1777575167.26892,0.068359375
1777575167.27892,0.068359375
1777575167.28892,0.068359375
1777575167.29892,-0.109375
1777575167.30892,-0.109375
1777575167.31892,-0.109375
1777575167.32892,-0.109375
1777575167.3389199,-0.109375
1777575167.3489199,-0.109375
1777575167.3589199,-0.109375
1777575167.3689198,-0.109375
1777575167.3789198,-0.109375
1777575167.3889198,-0.109375
1777575167.3989198,-0.109375
1777575167.4089198,-0.109375
1777575167.41892,-0.109375
1777575167.42892,-0.109375
1777575167.43892,-0.109375
1777575167.44892,-0.109375
1777575167.45892,-0.109375
1777575167.46892,-0.109375
1777575167.47892,-0.109375
1777575167.48892,-0.109375
1777575167.49892,-0.0971679688
1777575167.50892,-0.0971679688
1777575167.51892,-0.0971679688
1777575167.52892,-0.0971679688
1777575167.53892,-0.0971679688
1777575167.54892,-0.0971679688
1777575167.55892,-0.0971679688
1777575167.56892,-0.0971679688
1777575167.57892,-0.0971679688
1777575167.5889199,-0.0971679688
1777575167.5989199,-0.0971679688
1777575167.6089199,-0.0971679688
1777575167.61892,-0.0971679688
1777575167.62892,-0.0971679688
1777575167.63892,-0.0971679688
1777575167.64892,-0.0971679688
1777575167.65892,-0.0971679688
1777575167.66892,-0.0971679688
1777575167.67892,-0.0971679688
1777575167.68892,-0.0971679688
1777575167.69892,-0.0732421875
1777575167.70892,-0.0732421875
1777575167.71892,-0.0732421875
1777575167.72892,-0.0732421875
1777575167.73892,-0.0732421875
1777575167.74892,-0.0732421875
1777575167.75892,-0.0732421875
1777575167.76892,-0.0732421875
1777575167.77892,-0.0732421875
1777575167.78892,-0.0732421875
1777575167.79892,-0.0732421875
1777575167.80892,-0.0732421875
1777575167.8189201,-0.0732421875
1777575167.8289201,-0.0732421875
1777575167.83892,-0.0732421875
1777575167.84892,-0.0732421875
1777575167.85892,-0.0732421875
1777575167.86892,-0.0732421875
1777575167.87892,-0.0732421875
1777575167.88892,-0.0732421875
1777575167.89892,-0.0988769531
1777575167.90892,-0.0988769531
1777575167.91892,-0.0988769531
1777575167.92892,-0.0988769531
1777575167.93892,-0.0988769531
1777575167.94892,-0.0988769531
1777575167.95892,-0.0988769531
1777575167.96892,-0.0988769531
1777575167.97892,-0.0988769531
1777575167.98892,-0.0988769531
1777575167.99892,-0.0988769531
1777575168.00892,-0.0988769531
1777575168.0189202,-0.0988769531
1777575168.0289202,-0.0988769531
1777575168.0389202,-0.0988769531
1777575168.0489202,-0.0988769531
1777575168.0589201,-0.0988769531
1777575168.0689201,-0.0988769531
1777575168.0789201,-0.0988769531
1777575168.08892,-0.0988769531
1777575168.09892,0.103515625
1777575168.10892,0.103515625
1777575168.11892,0.103515625
1777575168.12892,0.103515625
1777575168.13892,0.103515625
1777575168.14892,0.103515625
1777575168.15892,0.103515625
1777575168.16892,0.103515625
1777575168.17892,0.103515625
1777575168.18892,0.103515625
1777575168.19892,0.103515625
1777575168.20892,0.103515625
1777575168.2189202,0.103515625
1777575168.2289202,0.103515625
1777575168.2389202,0.103515625
1777575168.2489202,0.103515625
1777575168.2589202,0.103515625
1777575168.2689202,0.103515625
1777575168.2789202,0.103515625
1777575168.2889202,0.103515625
1777575168.2989202,0.1977539062
1777575168.3089201,0.1977539062
1777575168.3189201,0.1977539062
1777575168.3289201,0.1977539062
1777575168.33892,0.1977539062
1777575168.34892,0.1977539062
1777575168.35892,0.1977539062
1777575168.36892,0.1977539062
1777575168.37892,0.1977539062
1777575168.38892,0.1977539062
1777575168.39892,0.1977539062
1777575168.40892,0.1977539062
1777575168.4189203,0.1977539062
1777575168.4289203,0.1977539062
1777575168.4389203,0.1977539062
1777575168.4489202,0.1977539062
1777575168.4589202,0.1977539062
1777575168.4689202,0.1977539062
1777575168.4789202,0.1977539062
1777575168.4889202,0.1977539062
1777575168.4989202,-0.0764160156
1777575168.5089202,-0.0764160156
1777575168.5189202,-0.0764160156
1777575168.5289202,-0.0764160156
1777575168.5389202,-0.0764160156
1777575168.5489202,-0.0764160156
1777575168.5589201,-0.0764160156
1777575168.5689201,-0.0764160156
1777575168.5789201,-0.0764160156
1777575168.58892,-0.0764160156
1777575168.59892,-0.0764160156
1777575168.60892,-0.0764160156
1777575168.6189203,-0.0764160156
1777575168.6289203,-0.0764160156
1777575168.6389203,-0.0764160156
1777575168.6489203,-0.0764160156
1777575168.6589203,-0.0764160156
1777575168.6689203,-0.0764160156
1777575168.6789203,-0.0764160156
1777575168.6889203,-0.0764160156
1777575168.6989202,-0.0241699219
1777575168.7089202,-0.0241699219
1777575168.7189202,-0.0241699219
1777575168.7289202,-0.0241699219
1777575168.7389202,-0.0241699219
1777575168.7489202,-0.0241699219
1777575168.7589202,-0.0241699219
1777575168.7689202,-0.0241699219
1777575168.7789202,-0.0241699219
1777575168.7889202,-0.0241699219
1777575168.7989202,-0.0241699219
1777575168.8089201,-0.0241699219
1777575168.8189204,-0.0241699219
1777575168.8289204,-0.0241699219
1777575168.8389204,-0.0241699219
1777575168.8489203,-0.0241699219
1777575168.8589203,-0.0241699219
1777575168.8689203,-0.0241699219
1777575168.8789203,-0.0241699219
1777575168.8889203,-0.0241699219
1777575168.8989203,-0.0244140625
1777575168.9089203,-0.0244140625
1777575168.9189203,-0.0244140625
1777575168.9289203,-0.0244140625
1777575168.9389203,-0.0244140625
1777575168.9489202,-0.0244140625
1777575168.9589202,-0.0244140625
1777575168.9689202,-0.0244140625
1777575168.9789202,-0.0244140625
1777575168.9889202,-0.0244140625
1777575168.9989202,-0.0244140625
1777575169.0089202,-0.0244140625
1777575169.0189204,-0.0244140625
1777575169.0289204,-0.0244140625
1777575169.0389204,-0.0244140625
1777575169.0489204,-0.0244140625
1777575169.0589204,-0.0244140625
1777575169.0689204,-0.0244140625
1777575169.0789204,-0.0244140625
1777575169.0889204,-0.0244140625
1777575169.0989203,-0.0078125
1777575169.1089203,-0.0078125
1777575169.1189203,-0.0078125
1777575169.1289203,-0.0078125
1777575169.1389203,-0.0078125
1777575169.1489203,-0.0078125
1777575169.1589203,-0.0078125
1777575169.1689203,-0.0078125
1777575169.1789203,-0.0078125
1777575169.1889203,-0.0078125
1777575169.1989202,-0.0078125
1777575169.2089202,-0.0078125
1777575169.2189205,-0.0078125
1777575169.2289205,-0.0078125
1777575169.2389205,-0.0078125
1777575169.2489204,-0.0078125
1777575169.2589204,-0.0078125
1777575169.2689204,-0.0078125
1777575169.2789204,-0.0078125
1777575169.2889204,-0.0078125
1777575169.2989204,0.1323242188
1777575169.3089204,0.1323242188
1777575169.3189204,0.1323242188
1777575169.3289204,0.1323242188
1777575169.3389204,0.1323242188
1777575169.3489203,0.1323242188
1777575169.3589203,0.1323242188
1777575169.3689203,0.1323242188
1777575169.3789203,0.1323242188
1777575169.3889203,0.1323242188
1777575169.3989203,0.1323242188
1777575169.4089203,0.1323242188
1777575169.4189205,0.1323242188
1777575169.4289205,0.1323242188
1777575169.4389205,0.1323242188
1777575169.4489205,0.1323242188
1777575169.4589205,0.1323242188
1777575169.4689205,0.1323242188
1777575169.4789205,0.1323242188
1777575169.4889205,0.1323242188
1777575169.4989204,-0.0134277344
1777575169.5089204,-0.0134277344
1777575169.5189204,-0.0134277344
1777575169.5289204,-0.0134277344
1777575169.5389204,-0.0134277344
1777575169.5489204,-0.0134277344
1777575169.5589204,-0.0134277344
1777575169.5689204,-0.0134277344
1777575169.5789204,-0.0134277344
1777575169.5889204,-0.0134277344
1777575169.5989203,-0.0134277344
1777575169.6089203,-0.0134277344
1777575169.6189206,-0.0134277344
1777575169.6289206,-0.0134277344
1777575169.6389205,-0.0134277344
1777575169.6489205,-0.0134277344
1777575169.6589205,-0.0134277344
1777575169.6689205,-0.0134277344
1777575169.6789205,-0.0134277344
1777575169.6889205,-0.0134277344
1777575169.6989205,-0.0334472656
1777575169.7089205,-0.0334472656
1777575169.7189205,-0.0334472656
1777575169.7289205,-0.0334472656
1777575169.7389205,-0.0334472656
1777575169.7489204,-0.0334472656
1777575169.7589204,-0.0334472656
1777575169.7689204,-0.0334472656
1777575169.7789204,-0.0334472656
1777575169.7889204,-0.0334472656
1777575169.7989204,-0.0334472656
1777575169.8089204,-0.0334472656
1777575169.8189206,-0.0334472656
1777575169.8289206,-0.0334472656
1777575169.8389206,-0.0334472656
1777575169.8489206,-0.0334472656
1777575169.8589206,-0.0334472656
1777575169.8689206,-0.0334472656
1777575169.8789206,-0.0334472656
1777575169.8889205,-0.0334472656
1777575169.8989205,0.1447753906
1777575169.9089205,0.1447753906
1777575169.9189205,0.1447753906
1777575169.9289205,0.1447753906
1777575169.9389205,0.1447753906
1777575169.9489205,0.1447753906
1777575169.9589205,0.1447753906
1777575169.9689205,0.1447753906
1777575169.9789205,0.1447753906
1777575169.9889205,0.1447753906
1777575169.9989204,0.1447753906
1777575170.0089204,0.1447753906
1777575170.0189207,0.1447753906
1777575170.0289207,0.1447753906
1777575170.0389206,0.1447753906
1777575170.0489206,0.1447753906
1777575170.0589206,0.1447753906
1777575170.0689206,0.1447753906
1777575170.0789206,0.1447753906
1777575170.0889206,0.1447753906
1777575170.0989206,-0.0102539062
1777575170.1089206,-0.0102539062
1777575170.1189206,-0.0102539062
1777575170.1289206,-0.0102539062
1777575170.1389205,-0.0102539062
1777575170.1489205,-0.0102539062
1777575170.1589205,-0.0102539062
1777575170.1689205,-0.0102539062
1777575170.1789205,-0.0102539062
1777575170.1889205,-0.0102539062
1777575170.1989205,-0.0102539062
1777575170.2089205,-0.0102539062
1777575170.2189207,-0.0102539062
1777575170.2289207,-0.0102539062
1777575170.2389207,-0.0102539062
1777575170.2489207,-0.0102539062
1777575170.2589207,-0.0102539062
1777575170.2689207,-0.0102539062
1777575170.2789207,-0.0102539062
1777575170.2889206,-0.0102539062
1777575170.2989206,-0.2875976562
1777575170.3089206,-0.2875976562
1777575170.3189206,-0.2875976562
1777575170.3289206,-0.2875976562
1777575170.3389206,-0.2875976562
1777575170.3489206,-0.2875976562
1777575170.3589206,-0.2875976562
1777575170.3689206,-0.2875976562
1777575170.3789206,-0.2875976562
1777575170.3889205,-0.2875976562
1777575170.3989205,-0.2875976562
1777575170.4089205,-0.2875976562
1777575170.4189208,-0.2875976562
1777575170.4289207,-0.2875976562
1777575170.4389207,-0.2875976562
1777575170.4489207,-0.2875976562
1777575170.4589207,-0.2875976562
1777575170.4689207,-0.2875976562
1777575170.4789207,-0.2875976562
1777575170.4889207,-0.2875976562
1777575170.4989207,0.0207519531
1777575170.5089207,0.0207519531
1777575170.5189207,0.0207519531
1777575170.5289207,0.0207519531
1777575170.5389206,0.0207519531
1777575170.5489206,0.0207519531
1777575170.5589206,0.0207519531
1777575170.5689206,0.0207519531
1777575170.5789206,0.0207519531
1777575170.5889206,0.0207519531
1777575170.5989206,0.0207519531
1777575170.6089206,0.0207519531
1777575170.6189208,0.0207519531
1777575170.6289208,0.0207519531
1777575170.6389208,0.0207519531
1777575170.6489208,0.0207519531
1777575170.6589208,0.0207519531
1777575170.6689208,0.0207519531
1777575170.6789207,0.0207519531
1777575170.6889207,0.0207519531
1777575170.6989207,-0.0180664062
1777575170.7089207,-0.0180664062
1777575170.7189207,-0.0180664062
1777575170.7289207,-0.0180664062
1777575170.7389207,-0.0180664062
1777575170.7489207,-0.0180664062
1777575170.7589207,-0.0180664062
1777575170.7689207,-0.0180664062
1777575170.7789207,-0.0180664062
1777575170.7889206,-0.0180664062
1777575170.7989206,-0.0180664062
1777575170.8089206,-0.0180664062
1777575170.8189209,-0.0180664062
1777575170.8289208,-0.0180664062
1777575170.8389208,-0.0180664062
1777575170.8489208,-0.0180664062
1777575170.8589208,-0.0180664062
1777575170.8689208,-0.0180664062
1777575170.8789208,-0.0180664062
1777575170.8889208,-0.0180664062
1777575170.8989208,0.0915527344
1777575170.9089208,0.0915527344
1777575170.9189208,0.0915527344
1777575170.9289207,0.0915527344
1777575170.9389207,0.0915527344
1777575170.9489207,0.0915527344
1777575170.9589207,0.0915527344
1777575170.9689207,0.0915527344
1777575170.9789207,0.0915527344
1777575170.9889207,0.0915527344
1777575170.9989207,0.0915527344
1777575171.0089207,0.0915527344
1777575171.018921,0.0915527344
1777575171.028921,0.0915527344
1777575171.0389209,0.0915527344
1777575171.0489209,0.0915527344
1777575171.0589209,0.0915527344
1777575171.0689209,0.0915527344
1777575171.0789208,0.0915527344
1777575171.0889208,0.0915527344
1777575171.0989208,-0.3156738281
1777575171.1089208,-0.3156738281
1777575171.1189208,-0.3156738281
1777575171.1289208,-0.3156738281
1777575171.1389208,-0.3156738281
1777575171.1489208,-0.3156738281
1777575171.1589208,-0.3156738281
1777575171.1689208,-0.3156738281
1777575171.1789207,-0.3156738281
1777575171.1889207,-0.3156738281
1777575171.1989207,-0.3156738281
1777575171.2089207,-0.3156738281
1777575171.218921,-0.3156738281
1777575171.228921,-0.3156738281
1777575171.238921,-0.3156738281
1777575171.248921,-0.3156738281
1777575171.258921,-0.3156738281
1777575171.268921,-0.3156738281
1777575171.278921,-0.3156738281
1777575171.2889209,-0.3156738281
1777575171.2989209,-0.2465820312
1777575171.3089209,-0.2465820312
1777575171.3189209,-0.2465820312
1777575171.3289208,-0.2465820312
1777575171.3389208,-0.2465820312
1777575171.3489208,-0.2465820312
1777575171.3589208,-0.2465820312
1777575171.3689208,-0.2465820312
1777575171.3789208,-0.2465820312
1777575171.3889208,-0.2465820312
1777575171.3989208,-0.2465820312
1777575171.4089208,-0.2465820312
1777575171.418921,-0.2465820312
1777575171.428921,-0.2465820312
1777575171.438921,-0.2465820312
1777575171.448921,-0.2465820312
1777575171.458921,-0.2465820312
1777575171.468921,-0.2465820312
1777575171.478921,-0.2465820312
1777575171.488921,-0.2465820312
1777575171.498921,0.1870117188
1777575171.508921,0.1870117188
1777575171.518921,0.1870117188
1777575171.528921,0.1870117188
1777575171.5389209,0.1870117188
1777575171.5489209,0.1870117188
1777575171.5589209,0.1870117188
1777575171.5689209,0.1870117188
1777575171.5789208,0.1870117188
1777575171.5889208,0.1870117188
1777575171.5989208,0.1870117188
1777575171.6089208,0.1870117188
1777575171.618921,0.1870117188
1777575171.628921,0.1870117188
1777575171.638921,0.1870117188
1777575171.648921,0.1870117188
1777575171.658921,0.1870117188
1777575171.668921,0.1870117188
1777575171.678921,0.1870117188
1777575171.688921,0.1870117188
1777575171.698921,0.232421875
1777575171.708921,0.232421875
1777575171.718921,0.232421875
1777575171.728921,0.232421875
1777575171.738921,0.232421875
1777575171.748921,0.232421875
1777575171.758921,0.232421875
1777575171.768921,0.232421875
1777575171.778921,0.232421875
1777575171.7889209,0.232421875
1777575171.7989209,0.232421875
1777575171.8089209,0.232421875
1777575171.818921,0.232421875
1777575171.828921,0.232421875
1777575171.838921,0.232421875
1777575171.848921,0.232421875
1777575171.858921,0.232421875
1777575171.868921,0.232421875
1777575171.878921,0.232421875
1777575171.888921,0.232421875
1777575171.898921,-0.095703125
1777575171.908921,-0.095703125
1777575171.918921,-0.095703125
1777575171.928921,-0.095703125
1777575171.938921,-0.095703125
1777575171.948921,-0.095703125
1777575171.958921,-0.095703125
1777575171.968921,-0.095703125
1777575171.978921,-0.095703125
1777575171.988921,-0.095703125
1777575171.998921,-0.095703125
1777575172.008921,-0.095703125
1777575172.0189211,-0.095703125
1777575172.0289211,-0.095703125
1777575172.038921,-0.095703125
1777575172.048921,-0.095703125
1777575172.058921,-0.095703125
1777575172.068921,-0.095703125
1777575172.078921,-0.095703125
1777575172.088921,-0.095703125
1777575172.098921,-0.0427246094
1777575172.108921,-0.0427246094
1777575172.118921,-0.0427246094
1777575172.128921,-0.0427246094
1777575172.138921,-0.0427246094
1777575172.148921,-0.0427246094
1777575172.158921,-0.0427246094
1777575172.168921,-0.0427246094
1777575172.178921,-0.0427246094
1777575172.188921,-0.0427246094
1777575172.198921,-0.0427246094
1777575172.208921,-0.0427246094
1777575172.2189212,-0.0427246094
1777575172.2289212,-0.0427246094
1777575172.2389212,-0.0427246094
1777575172.2489212,-0.0427246094
1777575172.2589211,-0.0427246094
1777575172.2689211,-0.0427246094
1777575172.2789211,-0.0427246094
1777575172.288921,-0.0427246094
1777575172.298921,-0.0415039062
1777575172.308921,-0.0415039062
1777575172.318921,-0.0415039062
1777575172.328921,-0.0415039062
1777575172.338921,-0.0415039062
1777575172.348921,-0.0415039062
1777575172.358921,-0.0415039062
1777575172.368921,-0.0415039062
1777575172.378921,-0.0415039062
1777575172.388921,-0.0415039062
1777575172.398921,-0.0415039062
1777575172.408921,-0.0415039062
1777575172.4189212,-0.0415039062
1777575172.4289212,-0.0415039062
1777575172.4389212,-0.0415039062
1777575172.4489212,-0.0415039062
1777575172.4589212,-0.0415039062
1777575172.4689212,-0.0415039062
1777575172.4789212,-0.0415039062
1777575172.4889212,-0.0415039062
1777575172.4989212,-0.1936035156
1777575172.5089211,-0.1936035156
1777575172.5189211,-0.1936035156
1777575172.5289211,-0.1936035156
1777575172.538921,-0.1936035156
1777575172.548921,-0.1936035156
1777575172.558921,-0.1936035156
1777575172.568921,-0.1936035156
1777575172.578921,-0.1936035156
1777575172.588921,-0.1936035156
1777575172.598921,-0.1936035156
1777575172.608921,-0.1936035156
1777575172.6189213,-0.1936035156
1777575172.6289213,-0.1936035156
1777575172.6389213,-0.1936035156
1777575172.6489213,-0.1936035156
1777575172.6589212,-0.1936035156
1777575172.6689212,-0.1936035156
1777575172.6789212,-0.1936035156
1777575172.6889212,-0.1936035156
1777575172.6989212,0.2016601562
1777575172.7089212,0.2016601562
1777575172.7189212,0.2016601562
1777575172.7289212,0.2016601562
1777575172.7389212,0.2016601562
1777575172.7489212,0.2016601562
1777575172.7589211,0.2016601562
1777575172.7689211,0.2016601562
1777575172.7789211,0.2016601562
1777575172.788921,0.2016601562
1777575172.798921,0.2016601562
1777575172.808921,0.2016601562
1777575172.8189213,0.2016601562
1777575172.8289213,0.2016601562
1777575172.8389213,0.2016601562
1777575172.8489213,0.2016601562
1777575172.8589213,0.2016601562
1777575172.8689213,0.2016601562
1777575172.8789213,0.2016601562
1777575172.8889213,0.2016601562
1777575172.8989213,0.1240234375
1777575172.9089212,0.1240234375
1777575172.9189212,0.1240234375
1777575172.9289212,0.1240234375
1777575172.9389212,0.1240234375
1777575172.9489212,0.1240234375
1777575172.9589212,0.1240234375
1777575172.9689212,0.1240234375
1777575172.9789212,0.1240234375
1777575172.9889212,0.1240234375
1777575172.9989212,0.1240234375
1777575173.0089211,0.1240234375
1777575173.0189214,0.1240234375
1777575173.0289214,0.1240234375
1777575173.0389214,0.1240234375
1777575173.0489213,0.1240234375
1777575173.0589213,0.1240234375
1777575173.0689213,0.1240234375
1777575173.0789213,0.1240234375
1777575173.0889213,0.1240234375
1777575173.0989213,-0.0017089844
1777575173.1089213,-0.0017089844
1777575173.1189213,-0.0017089844
1777575173.1289213,-0.0017089844
1777575173.1389213,-0.0017089844
1777575173.1489213,-0.0017089844
1777575173.1589212,-0.0017089844
1777575173.1689212,-0.0017089844
1777575173.1789212,-0.0017089844
1777575173.1889212,-0.0017089844
1777575173.1989212,-0.0017089844
1777575173.2089212,-0.0017089844
1777575173.2189214,-0.0017089844
1777575173.2289214,-0.0017089844
1777575173.2389214,-0.0017089844
1777575173.2489214,-0.0017089844
1777575173.2589214,-0.0017089844
1777575173.2689214,-0.0017089844
1777575173.2789214,-0.0017089844
1777575173.2889214,-0.0017089844
1777575173.2989213,0.0759277344
1777575173.3089213,0.0759277344
1777575173.3189213,0.0759277344
1777575173.3289213,0.0759277344
1777575173.3389213,0.0759277344
1777575173.3489213,0.0759277344
1777575173.3589213,0.0759277344
1777575173.3689213,0.0759277344
1777575173.3789213,0.0759277344
1777575173.3889213,0.0759277344
1777575173.3989213,0.0759277344
1777575173.4089212,0.0759277344
1777575173.4189215,0.0759277344
1777575173.4289215,0.0759277344
1777575173.4389215,0.0759277344
1777575173.4489214,0.0759277344
1777575173.4589214,0.0759277344
1777575173.4689214,0.0759277344
1777575173.4789214,0.0759277344
1777575173.4889214,0.0759277344
1777575173.4989214,-0.1667480469
1777575173.5089214,-0.1667480469
1777575173.5189214,-0.1667480469
1777575173.5289214,-0.1667480469
1777575173.5389214,-0.1667480469
1777575173.5489213,-0.1667480469
1777575173.5589213,-0.1667480469
1777575173.5689213,-0.1667480469
1777575173.5789213,-0.1667480469
1777575173.5889213,-0.1667480469
1777575173.5989213,-0.1667480469
1777575173.6089213,-0.1667480469
1777575173.6189215,-0.1667480469
1777575173.6289215,-0.1667480469
1777575173.6389215,-0.1667480469
1777575173.6489215,-0.1667480469
1777575173.6589215,-0.1667480469
1777575173.6689215,-0.1667480469
1777575173.6789215,-0.1667480469
1777575173.6889215,-0.1667480469
1777575173.6989214,-0.0063476562
1777575173.7089214,-0.0063476562
1777575173.7189214,-0.0063476562
1777575173.7289214,-0.0063476562
1777575173.7389214,-0.0063476562
1777575173.7489214,-0.0063476562
1777575173.7589214,-0.0063476562
1777575173.7689214,-0.0063476562
1777575173.7789214,-0.0063476562
1777575173.7889214,-0.0063476562
1777575173.7989213,-0.0063476562
1777575173.8089213,-0.0063476562
1777575173.8189216,-0.0063476562
1777575173.8289216,-0.0063476562
1777575173.8389215,-0.0063476562
1777575173.8489215,-0.0063476562
1777575173.8589215,-0.0063476562
1777575173.8689215,-0.0063476562
1777575173.8789215,-0.0063476562
1777575173.8889215,-0.0063476562
1777575173.8989215,-0.0129394531
1777575173.9089215,-0.0129394531
1777575173.9189215,-0.0129394531
1777575173.9289215,-0.0129394531
1777575173.9389215,-0.0129394531
1777575173.9489214,-0.0129394531
1777575173.9589214,-0.0129394531
1777575173.9689214,-0.0129394531
1777575173.9789214,-0.0129394531
1777575173.9889214,-0.0129394531
1777575173.9989214,-0.0129394531
1777575174.0089214,-0.0129394531
1777575174.0189216,-0.0129394531
1777575174.0289216,-0.0129394531
1777575174.0389216,-0.0129394531
1777575174.0489216,-0.0129394531
1777575174.0589216,-0.0129394531
1777575174.0689216,-0.0129394531
1777575174.0789216,-0.0129394531
1777575174.0889215,-0.0129394531
1777575174.0989215,0.3139648438
1777575174.1089215,0.3139648438
1777575174.1189215,0.3139648438
1777575174.1289215,0.3139648438
1777575174.1389215,0.3139648438
1777575174.1489215,0.3139648438
1777575174.1589215,0.3139648438
1777575174.1689215,0.3139648438
1777575174.1789215,0.3139648438
1777575174.1889215,0.3139648438
1777575174.1989214,0.3139648438
1777575174.2089214,0.3139648438
1777575174.2189217,0.3139648438
1777575174.2289217,0.3139648438
1777575174.2389216,0.3139648438
1777575174.2489216,0.3139648438
1777575174.2589216,0.3139648438
1777575174.2689216,0.3139648438
1777575174.2789216,0.3139648438
1777575174.2889216,0.3139648438
1777575174.2989216,0.0847167969
1777575174.3089216,0.0847167969
1777575174.3189216,0.0847167969
1777575174.3289216,0.0847167969
1777575174.3389215,0.0847167969
1777575174.3489215,0.0847167969
1777575174.3589215,0.0847167969
1777575174.3689215,0.0847167969
1777575174.3789215,0.0847167969
1777575174.3889215,0.0847167969
1777575174.3989215,0.0847167969
1777575174.4089215,0.0847167969
1777575174.4189217,0.0847167969
1777575174.4289217,0.0847167969
1777575174.4389217,0.0847167969
1777575174.4489217,0.0847167969
1777575174.4589217,0.0847167969
1777575174.4689217,0.0847167969
1777575174.4789217,0.0847167969
1777575174.4889216,0.0847167969
1777575174.4989216,-0.00390625
1777575174.5089216,-0.00390625
1777575174.5189216,-0.00390625
1777575174.5289216,-0.00390625
1777575174.5389216,-0.00390625
1777575174.5489216,-0.00390625
1777575174.5589216,-0.00390625
1777575174.5689216,-0.00390625
1777575174.5789216,-0.00390625
1777575174.5889215,-0.00390625
1777575174.5989215,-0.00390625
1777575174.6089215,-0.00390625
1777575174.6189218,-0.00390625
1777575174.6289217,-0.00390625
1777575174.6389217,-0.00390625
1777575174.6489217,-0.00390625
1777575174.6589217,-0.00390625
1777575174.6689217,-0.00390625
1777575174.6789217,-0.00390625
1777575174.6889217,-0.00390625
1777575174.6989217,-0.0356445312
1777575174.7089217,-0.0356445312
1777575174.7189217,-0.0356445312
1777575174.7289217,-0.0356445312
1777575174.7389216,-0.0356445312
1777575174.7489216,-0.0356445312
1777575174.7589216,-0.0356445312
1777575174.7689216,-0.0356445312
1777575174.7789216,-0.0356445312
1777575174.7889216,-0.0356445312
1777575174.7989216,-0.0356445312
1777575174.8089216,-0.0356445312
1777575174.8189218,-0.0356445312
1777575174.8289218,-0.0356445312
1777575174.8389218,-0.0356445312
1777575174.8489218,-0.0356445312
1777575174.8589218,-0.0356445312
1777575174.8689218,-0.0356445312
1777575174.8789217,-0.0356445312
1777575174.8889217,-0.0356445312
1777575174.8989217,-0.1430664062
1777575174.9089217,-0.1430664062
1777575174.9189217,-0.1430664062
1777575174.9289217,-0.1430664062
1777575174.9389217,-0.1430664062
1777575174.9489217,-0.1430664062
1777575174.9589217,-0.1430664062
1777575174.9689217,-0.1430664062
1777575174.9789217,-0.1430664062
1777575174.9889216,-0.1430664062
1777575174.9989216,-0.1430664062
1777575175.0089216,-0.1430664062
1777575175.0189219,-0.1430664062
1777575175.0289218,-0.1430664062
1777575175.0389218,-0.1430664062
1777575175.0489218,-0.1430664062
1777575175.0589218,-0.1430664062
1777575175.0689218,-0.1430664062
1777575175.0789218,-0.1430664062
1777575175.0889218,-0.1430664062
1777575175.0989218,0.2458496094
1777575175.1089218,0.2458496094
1777575175.1189218,0.2458496094
1777575175.1289217,0.2458496094
1777575175.1389217,0.2458496094
1777575175.1489217,0.2458496094
1777575175.1589217,0.2458496094
1777575175.1689217,0.2458496094
1777575175.1789217,0.2458496094
1777575175.1889217,0.2458496094
1777575175.1989217,0.2458496094
1777575175.2089217,0.2458496094
1777575175.218922,0.2458496094
1777575175.228922,0.2458496094
1777575175.2389219,0.2458496094
1777575175.2489219,0.2458496094
1777575175.2589219,0.2458496094
1777575175.2689219,0.2458496094
1777575175.2789218,0.2458496094
1777575175.2889218,0.2458496094
1777575175.2989218,-0.0021972656
1777575175.3089218,-0.0021972656
1777575175.3189218,-0.0021972656
1777575175.3289218,-0.0021972656
1777575175.3389218,-0.0021972656
1777575175.3489218,-0.0021972656
1777575175.3589218,-0.0021972656
1777575175.3689218,-0.0021972656
1777575175.3789217,-0.0021972656
1777575175.3889217,-0.0021972656
1777575175.3989217,-0.0021972656
1777575175.4089217,-0.0021972656
1777575175.418922,-0.0021972656
1777575175.428922,-0.0021972656
1777575175.438922,-0.0021972656
1777575175.448922,-0.0021972656
1777575175.458922,-0.0021972656
1777575175.468922,-0.0021972656
1777575175.478922,-0.0021972656
1777575175.4889219,-0.0021972656
1777575175.4989219,-0.3271484375
1777575175.5089219,-0.3271484375
1777575175.5189219,-0.3271484375
1777575175.5289218,-0.3271484375
1777575175.5389218,-0.3271484375
1777575175.5489218,-0.3271484375
1777575175.5589218,-0.3271484375
1777575175.5689218,-0.3271484375
1777575175.5789218,-0.3271484375
1777575175.5889218,-0.3271484375
1777575175.5989218,-0.3271484375
1777575175.6089218,-0.3271484375
1777575175.618922,-0.3271484375
1777575175.628922,-0.3271484375
1777575175.638922,-0.3271484375
1777575175.648922,-0.3271484375
1777575175.658922,-0.3271484375
1777575175.668922,-0.3271484375
1777575175.678922,-0.3271484375
1777575175.688922,-0.3271484375
1777575175.698922,-0.1730957031
1777575175.708922,-0.1730957031
1777575175.718922,-0.1730957031
1777575175.728922,-0.1730957031
1777575175.7389219,-0.1730957031
1777575175.7489219,-0.1730957031
1777575175.7589219,-0.1730957031
1777575175.7689219,-0.1730957031
1777575175.7789218,-0.1730957031
1777575175.7889218,-0.1730957031
1777575175.7989218,-0.1730957031
1777575175.8089218,-0.1730957031
1777575175.818922,-0.1730957031
1777575175.828922,-0.1730957031
1777575175.838922,-0.1730957031
1777575175.848922,-0.1730957031
1777575175.858922,-0.1730957031
1777575175.868922,-0.1730957031
1777575175.878922,-0.1730957031
1777575175.888922,-0.1730957031
1777575175.898922,-0.119140625
1777575175.908922,-0.119140625
1777575175.918922,-0.119140625
1777575175.928922,-0.119140625
1777575175.938922,-0.119140625
1777575175.948922,-0.119140625
1777575175.958922,-0.119140625
1777575175.968922,-0.119140625
1777575175.978922,-0.119140625
1777575175.9889219,-0.119140625
1777575175.9989219,-0.119140625
1777575176.0089219,-0.119140625
1777575176.018922,-0.119140625
1777575176.028922,-0.119140625
1777575176.038922,-0.119140625
1777575176.048922,-0.119140625
1777575176.058922,-0.119140625
1777575176.068922,-0.119140625
1777575176.078922,-0.119140625
1777575176.088922,-0.119140625
1777575176.098922,0.0549316406
1777575176.108922,0.0549316406
1777575176.118922,0.0549316406
1777575176.128922,0.0549316406
1777575176.138922,0.0549316406
1777575176.148922,0.0549316406
1777575176.158922,0.0549316406
1777575176.168922,0.0549316406
1777575176.178922,0.0549316406
1777575176.188922,0.0549316406
1777575176.198922,0.0549316406
1777575176.208922,0.0549316406
1777575176.2189221,0.0549316406
1777575176.2289221,0.0549316406
1777575176.238922,0.0549316406
1777575176.248922,0.0549316406
1777575176.258922,0.0549316406
1777575176.268922,0.0549316406
1777575176.278922,0.0549316406
1777575176.288922,0.0549316406
1777575176.298922,-0.0935058594
1777575176.308922,-0.0935058594
1777575176.318922,-0.0935058594
1777575176.328922,-0.0935058594
1777575176.338922,-0.0935058594
1777575176.348922,-0.0935058594
1777575176.358922,-0.0935058594
1777575176.368922,-0.0935058594
1777575176.378922,-0.0935058594
1777575176.388922,-0.0935058594
1777575176.398922,-0.0935058594
1777575176.408922,-0.0935058594
1777575176.4189222,-0.0935058594
1777575176.4289222,-0.0935058594
1777575176.4389222,-0.0935058594
1777575176.4489222,-0.0935058594
1777575176.4589221,-0.0935058594
1777575176.4689221,-0.0935058594
1777575176.4789221,-0.0935058594
1777575176.488922,-0.0935058594
1777575176.498922,-0.251953125
1777575176.508922,-0.251953125
1777575176.518922,-0.251953125
1777575176.528922,-0.251953125
1777575176.538922,-0.251953125
1777575176.548922,-0.251953125
1777575176.558922,-0.251953125
1777575176.568922,-0.251953125
1777575176.578922,-0.251953125
1777575176.588922,-0.251953125
1777575176.598922,-0.251953125
1777575176.608922,-0.251953125
1777575176.6189222,-0.251953125
1777575176.6289222,-0.251953125
1777575176.6389222,-0.251953125
1777575176.6489222,-0.251953125
1777575176.6589222,-0.251953125
1777575176.6689222,-0.251953125
1777575176.6789222,-0.251953125
1777575176.6889222,-0.251953125
1777575176.6989222,-0.08203125
1777575176.7089221,-0.08203125
1777575176.7189221,-0.08203125
1777575176.7289221,-0.08203125
1777575176.738922,-0.08203125
1777575176.748922,-0.08203125
1777575176.758922,-0.08203125
1777575176.768922,-0.08203125
1777575176.778922,-0.08203125
1777575176.788922,-0.08203125
1777575176.798922,-0.08203125
1777575176.808922,-0.08203125
1777575176.8189223,-0.08203125
1777575176.8289223,-0.08203125
1777575176.8389223,-0.08203125
1777575176.8489223,-0.08203125
1777575176.8589222,-0.08203125
1777575176.8689222,-0.08203125
1777575176.8789222,-0.08203125
1777575176.8889222,-0.08203125
1777575176.8989222,0.0441894531
1777575176.9089222,0.0441894531
1777575176.9189222,0.0441894531
1777575176.9289222,0.0441894531
1777575176.9389222,0.0441894531
1777575176.9489222,0.0441894531
1777575176.9589221,0.0441894531
1777575176.9689221,0.0441894531
1777575176.9789221,0.0441894531
1777575176.988922,0.0441894531
1777575176.998922,0.0441894531
1777575177.008922,0.0441894531
1777575177.0189223,0.0441894531
1777575177.0289223,0.0441894531
1777575177.0389223,0.0441894531
1777575177.0489223,0.0441894531
1777575177.0589223,0.0441894531
1777575177.0689223,0.0441894531
1777575177.0789223,0.0441894531
1777575177.0889223,0.0441894531
1777575177.0989223,-0.26171875
1777575177.1089222,-0.26171875
1777575177.1189222,-0.26171875
1777575177.1289222,-0.26171875
1777575177.1389222,-0.26171875
1777575177.1489222,-0.26171875
1777575177.1589222,-0.26171875
1777575177.1689222,-0.26171875
1777575177.1789222,-0.26171875
1777575177.1889222,-0.26171875
1777575177.1989222,-0.26171875
1777575177.2089221,-0.26171875
1777575177.2189224,-0.26171875
1777575177.2289224,-0.26171875
1777575177.2389224,-0.26171875
1777575177.2489223,-0.26171875
1777575177.2589223,-0.26171875
1777575177.2689223,-0.26171875
1777575177.2789223,-0.26171875
1777575177.2889223,-0.26171875
1777575177.2989223,-0.2614746094
1777575177.3089223,-0.2614746094
1777575177.3189223,-0.2614746094
1777575177.3289223,-0.2614746094
1777575177.3389223,-0.2614746094
1777575177.3489223,-0.2614746094
1777575177.3589222,-0.2614746094
1777575177.3689222,-0.2614746094
1777575177.3789222,-0.2614746094
1777575177.3889222,-0.2614746094
1777575177.3989222,-0.2614746094
1777575177.4089222,-0.2614746094
1777575177.4189224,-0.2614746094
1777575177.4289224,-0.2614746094
1777575177.4389224,-0.2614746094
1777575177.4489224,-0.2614746094
1777575177.4589224,-0.2614746094
1777575177.4689224,-0.2614746094
1777575177.4789224,-0.2614746094
1777575177.4889224,-0.2614746094
1777575177.4989223,0.048828125
1777575177.5089223,0.048828125
1777575177.5189223,0.048828125
1777575177.5289223,0.048828125
1777575177.5389223,0.048828125
1777575177.5489223,0.048828125
1777575177.5589223,0.048828125
1777575177.5689223,0.048828125
1777575177.5789223,0.048828125
1777575177.5889223,0.048828125
1777575177.5989223,0.048828125
1777575177.6089222,0.048828125
1777575177.6189225,0.048828125
1777575177.6289225,0.048828125
1777575177.6389225,0.048828125
1777575177.6489224,0.048828125
1777575177.6589224,0.048828125
1777575177.6689224,0.048828125
1777575177.6789224,0.048828125
1777575177.6889224,0.048828125
1777575177.6989224,0.0476074219
1777575177.7089224,0.0476074219
1777575177.7189224,0.0476074219
1777575177.7289224,0.0476074219
1777575177.7389224,0.0476074219
1777575177.7489223,0.0476074219
1777575177.7589223,0.0476074219
1777575177.7689223,0.0476074219
1777575177.7789223,0.0476074219
1777575177.7889223,0.0476074219
1777575177.7989223,0.0476074219
1777575177.8089223,0.0476074219
1777575177.8189225,0.0476074219
1777575177.8289225,0.0476074219
1777575177.8389225,0.0476074219
1777575177.8489225,0.0476074219
1777575177.8589225,0.0476074219
1777575177.8689225,0.0476074219
1777575177.8789225,0.0476074219
1777575177.8889225,0.0476074219
1777575177.8989224,-0.1499023438
1777575177.9089224,-0.1499023438
1777575177.9189224,-0.1499023438
1777575177.9289224,-0.1499023438
1777575177.9389224,-0.1499023438
1777575177.9489224,-0.1499023438
1777575177.9589224,-0.1499023438
1777575177.9689224,-0.1499023438
1777575177.9789224,-0.1499023438
1777575177.9889224,-0.1499023438
1777575177.9989223,-0.1499023438
1777575178.0089223,-0.1499023438
1777575178.0189226,-0.1499023438
1777575178.0289226,-0.1499023438
1777575178.0389225,-0.1499023438
1777575178.0489225,-0.1499023438
1777575178.0589225,-0.1499023438
1777575178.0689225,-0.1499023438
1777575178.0789225,-0.1499023438
1777575178.0889225,-0.1499023438
1777575178.0989225,-0.0427246094
1777575178.1089225,-0.0427246094
1777575178.1189225,-0.0427246094
1777575178.1289225,-0.0427246094
1777575178.1389225,-0.0427246094
1777575178.1489224,-0.0427246094
1777575178.1589224,-0.0427246094
1777575178.1689224,-0.0427246094
1777575178.1789224,-0.0427246094
1777575178.1889224,-0.0427246094
1777575178.1989224,-0.0427246094
1777575178.2089224,-0.0427246094
1777575178.2189226,-0.0427246094
1777575178.2289226,-0.0427246094
1777575178.2389226,-0.0427246094
1777575178.2489226,-0.0427246094
1777575178.2589226,-0.0427246094
1777575178.2689226,-0.0427246094
1777575178.2789226,-0.0427246094
1777575178.2889225,-0.0427246094
1777575178.2989225,0.0693359375
1777575178.3089225,0.0693359375
1777575178.3189225,0.0693359375
1777575178.3289225,0.0693359375
1777575178.3389225,0.0693359375
1777575178.3489225,0.0693359375
1777575178.3589225,0.0693359375
1777575178.3689225,0.0693359375
1777575178.3789225,0.0693359375
1777575178.3889225,0.0693359375
1777575178.3989224,0.0693359375
1777575178.4089224,0.0693359375
1777575178.4189227,0.0693359375
1777575178.4289227,0.0693359375
1777575178.4389226,0.0693359375
1777575178.4489226,0.0693359375
1777575178.4589226,0.0693359375
1777575178.4689226,0.0693359375
1777575178.4789226,0.0693359375
1777575178.4889226,0.0693359375
1777575178.4989226,-0.1423339844
1777575178.5089226,-0.1423339844
1777575178.5189226,-0.1423339844
1777575178.5289226,-0.1423339844
1777575178.5389225,-0.1423339844
1777575178.5489225,-0.1423339844
1777575178.5589225,-0.1423339844
1777575178.5689225,-0.1423339844
1777575178.5789225,-0.1423339844
1777575178.5889225,-0.1423339844
1777575178.5989225,-0.1423339844
1777575178.6089225,-0.1423339844
1777575178.6189227,-0.1423339844
1777575178.6289227,-0.1423339844
1777575178.6389227,-0.1423339844
1777575178.6489227,-0.1423339844
1777575178.6589227,-0.1423339844
1777575178.6689227,-0.1423339844
1777575178.6789227,-0.1423339844
1777575178.6889226,-0.1423339844
1777575178.6989226,-0.0915527344
1777575178.7089226,-0.0915527344
1777575178.7189226,-0.0915527344
1777575178.7289226,-0.0915527344
1777575178.7389226,-0.0915527344
1777575178.7489226,-0.0915527344
1777575178.7589226,-0.0915527344
1777575178.7689226,-0.0915527344
1777575178.7789226,-0.0915527344
1777575178.7889225,-0.0915527344
1777575178.7989225,-0.0915527344
1777575178.8089225,-0.0915527344
1777575178.8189228,-0.0915527344
1777575178.8289227,-0.0915527344
1777575178.8389227,-0.0915527344
1777575178.8489227,-0.0915527344
1777575178.8589227,-0.0915527344
1777575178.8689227,-0.0915527344
1777575178.8789227,-0.0915527344
1777575178.8889227,-0.0915527344
1777575178.8989227,-0.1955566406
1777575178.9089227,-0.1955566406
1777575178.9189227,-0.1955566406
1777575178.9289227,-0.1955566406
1777575178.9389226,-0.1955566406
1777575178.9489226,-0.1955566406
1777575178.9589226,-0.1955566406
1777575178.9689226,-0.1955566406
1777575178.9789226,-0.1955566406
1777575178.9889226,-0.1955566406
1777575178.9989226,-0.1955566406
1777575179.0089226,-0.1955566406
1777575179.0189228,-0.1955566406
1777575179.0289228,-0.1955566406
1777575179.0389228,-0.1955566406
1777575179.0489228,-0.1955566406
1777575179.0589228,-0.1955566406
1777575179.0689228,-0.1955566406
1777575179.0789227,-0.1955566406
1777575179.0889227,-0.1955566406
1777575179.0989227,-0.138671875
1777575179.1089227,-0.138671875
1777575179.1189227,-0.138671875
1777575179.1289227,-0.138671875
1777575179.1389227,-0.138671875
1777575179.1489227,-0.138671875
1777575179.1589227,-0.138671875
1777575179.1689227,-0.138671875
1777575179.1789227,-0.138671875
1777575179.1889226,-0.138671875
1777575179.1989226,-0.138671875
1777575179.2089226,-0.138671875
1777575179.2189229,-0.138671875
1777575179.2289228,-0.138671875
1777575179.2389228,-0.138671875
1777575179.2489228,-0.138671875
1777575179.2589228,-0.138671875
1777575179.2689228,-0.138671875
1777575179.2789228,-0.138671875
1777575179.2889228,-0.138671875
1777575179.2989228,0.2194824219
1777575179.3089228,0.2194824219
1777575179.3189228,0.2194824219
1777575179.3289227,0.2194824219
1777575179.3389227,0.2194824219
1777575179.3489227,0.2194824219
1777575179.3589227,0.2194824219
1777575179.3689227,0.2194824219
1777575179.3789227,0.2194824219
1777575179.3889227,0.2194824219
1777575179.3989227,0.2194824219
1777575179.4089227,0.2194824219
1777575179.418923,0.2194824219
1777575179.428923,0.2194824219
1777575179.438923,0.2194824219
1777575179.4489229,0.2194824219
1777575179.4589229,0.2194824219
1777575179.4689229,0.2194824219
1777575179.4789228,0.2194824219
1777575179.4889228,0.2194824219
1777575179.4989228,0.2006835938
1777575179.5089228,0.2006835938
1777575179.5189228,0.2006835938
1777575179.5289228,0.2006835938
1777575179.5389228,0.2006835938
1777575179.5489228,0.2006835938
1777575179.5589228,0.2006835938
1777575179.5689228,0.2006835938
1777575179.5789227,0.2006835938
1777575179.5889227,0.2006835938
1777575179.5989227,0.2006835938
1777575179.6089227,0.2006835938
1777575179.618923,0.2006835938
1777575179.628923,0.2006835938
1777575179.638923,0.2006835938
1777575179.648923,0.2006835938
1777575179.658923,0.2006835938
1777575179.668923,0.2006835938
1777575179.678923,0.2006835938
1777575179.688923,0.2006835938
1777575179.6989229,-0.0356445312
1777575179.7089229,-0.0356445312
1777575179.7189229,-0.0356445312
1777575179.7289228,-0.0356445312
1777575179.7389228,-0.0356445312
1777575179.7489228,-0.0356445312
1777575179.7589228,-0.0356445312
1777575179.7689228,-0.0356445312
1777575179.7789228,-0.0356445312
1777575179.7889228,-0.0356445312
1777575179.7989228,-0.0356445312
1777575179.8089228,-0.0356445312
1777575179.818923,-0.0356445312
1777575179.828923,-0.0356445312
1777575179.838923,-0.0356445312
1777575179.848923,-0.0356445312
1777575179.858923,-0.0356445312
1777575179.868923,-0.0356445312
1777575179.878923,-0.0356445312
1777575179.888923,-0.0356445312
1777575179.898923,0.0444335938
1777575179.908923,0.0444335938
1777575179.918923,0.0444335938
1777575179.928923,0.0444335938
1777575179.938923,0.0444335938
1777575179.9489229,0.0444335938
1777575179.9589229,0.0444335938
1777575179.9689229,0.0444335938
1777575179.9789228,0.0444335938
1777575179.9889228,0.0444335938
1777575179.9989228,0.0444335938
1777575180.0089228,0.0444335938
1777575180.018923,0.0444335938
1777575180.028923,0.0444335938
1777575180.038923,0.0444335938
1777575180.048923,0.0444335938
1777575180.058923,0.0444335938
1777575180.068923,0.0444335938
1777575180.078923,0.0444335938
1777575180.088923,0.0444335938
1777575180.098923,-0.0073242188
1777575180.108923,-0.0073242188
1777575180.118923,-0.0073242188
1777575180.128923,-0.0073242188
1777575180.138923,-0.0073242188
1777575180.148923,-0.0073242188
1777575180.158923,-0.0073242188
1777575180.168923,-0.0073242188
1777575180.178923,-0.0073242188
1777575180.188923,-0.0073242188
1777575180.1989229,-0.0073242188
1777575180.2089229,-0.0073242188
1777575180.218923,-0.0073242188
1777575180.228923,-0.0073242188
1777575180.238923,-0.0073242188
1777575180.248923,-0.0073242188
1777575180.258923,-0.0073242188
1777575180.268923,-0.0073242188
1777575180.278923,-0.0073242188
1777575180.288923,-0.0073242188
1777575180.298923,-0.1967773438
1777575180.308923,-0.1967773438
1777575180.318923,-0.1967773438
1777575180.328923,-0.1967773438
1777575180.338923,-0.1967773438
1777575180.348923,-0.1967773438
1777575180.358923,-0.1967773438
1777575180.368923,-0.1967773438
1777575180.378923,-0.1967773438
1777575180.388923,-0.1967773438
1777575180.398923,-0.1967773438
1777575180.408923,-0.1967773438
1777575180.4189231,-0.1967773438
1777575180.4289231,-0.1967773438
1777575180.4389231,-0.1967773438
1777575180.448923,-0.1967773438
1777575180.458923,-0.1967773438
1777575180.468923,-0.1967773438
1777575180.478923,-0.1967773438
1777575180.488923,-0.1967773438
