x0000,y0000
1777576134.2991505,-0.1345214844
1777576134.3091505,-0.1345214844
1777576134.3191504,-0.1345214844
1777576134.3291504,-0.1345214844
1777576134.3391504,-0.1345214844
1777576134.3491504,-0.1345214844
1777576134.3591504,-0.1345214844
1777576134.3691504,-0.1345214844
1777576134.3791504,-0.1345214844
1777576134.3891504,-0.1345214844
1777576134.3991504,-0.1345214844
1777576134.4091504,-0.1345214844
1777576134.4191506,-0.1345214844
1777576134.4291506,-0.1345214844
1777576134.4391506,-0.1345214844
1777576134.4491506,-0.1345214844
1777576134.4591506,-0.1345214844
1777576134.4691505,-0.1345214844
1777576134.4791505,-0.1345214844
1777576134.4891505,-0.1345214844
1777576134.4991505,-0.0283203125
1777576134.5091505,-0.0283203125
1777576134.5191505,-0.0283203125
1777576134.5291505,-0.0283203125
1777576134.5391505,-0.0283203125
1777576134.5491505,-0.0283203125
1777576134.5591505,-0.0283203125
1777576134.5691504,-0.0283203125
1777576134.5791504,-0.0283203125
1777576134.5891504,-0.0283203125
1777576134.5991504,-0.0283203125
1777576134.6091504,-0.0283203125
1777576134.6191506,-0.0283203125
1777576134.6291506,-0.0283203125
1777576134.6391506,-0.0283203125
1777576134.6491506,-0.0283203125
1777576134.6591506,-0.0283203125
1777576134.6691506,-0.0283203125
1777576134.6791506,-0.0283203125
1777576134.6891506,-0.0283203125
1777576134.6991506,0.09375
1777576134.7091506,0.09375
1777576134.7191505,0.09375
1777576134.7291505,0.09375
1777576134.7391505,0.09375
1777576134.7491505,0.09375
1777576134.7591505,0.09375
1777576134.7691505,0.09375
1777576134.7791505,0.09375
1777576134.7891505,0.09375
1777576134.7991505,0.09375
1777576134.8091505,0.09375
1777576134.8191507,0.09375
1777576134.8291507,0.09375
1777576134.8391507,0.09375
1777576134.8491507,0.09375
1777576134.8591506,0.09375
1777576134.8691506,0.09375
1777576134.8791506,0.09375
1777576134.8891506,0.09375
1777576134.8991506,-0.2888183594
1777576134.9091506,-0.2888183594
1777576134.9191506,-0.2888183594
1777576134.9291506,-0.2888183594
1777576134.9391506,-0.2888183594
1777576134.9491506,-0.2888183594
1777576134.9591506,-0.2888183594
1777576134.9691505,-0.2888183594
1777576134.9791505,-0.2888183594
1777576134.9891505,-0.2888183594
1777576134.9991505,-0.2888183594
1777576135.0091505,-0.2888183594
1777576135.0191507,-0.2888183594
1777576135.0291507,-0.2888183594
1777576135.0391507,-0.2888183594
1777576135.0491507,-0.2888183594
1777576135.0591507,-0.2888183594
1777576135.0691507,-0.2888183594
1777576135.0791507,-0.2888183594
1777576135.0891507,-0.2888183594
1777576135.0991507,-0.0131835938
1777576135.1091506,-0.0131835938
1777576135.1191506,-0.0131835938
1777576135.1291506,-0.0131835938
1777576135.1391506,-0.0131835938
1777576135.1491506,-0.0131835938
1777576135.1591506,-0.0131835938
1777576135.1691506,-0.0131835938
1777576135.1791506,-0.0131835938
1777576135.1891506,-0.0131835938
1777576135.1991506,-0.0131835938
1777576135.2091506,-0.0131835938
1777576135.2191508,-0.0131835938
1777576135.2291508,-0.0131835938
1777576135.2391508,-0.0131835938
1777576135.2491508,-0.0131835938
1777576135.2591507,-0.0131835938
1777576135.2691507,-0.0131835938
1777576135.2791507,-0.0131835938
1777576135.2891507,-0.0131835938
1777576135.2991507,-0.0026855469
1777576135.3091507,-0.0026855469
1777576135.3191507,-0.0026855469
1777576135.3291507,-0.0026855469
1777576135.3391507,-0.0026855469
1777576135.3491507,-0.0026855469
1777576135.3591506,-0.0026855469
1777576135.3691506,-0.0026855469
1777576135.3791506,-0.0026855469
1777576135.3891506,-0.0026855469
1777576135.3991506,-0.0026855469
1777576135.4091506,-0.0026855469
1777576135.4191508,-0.0026855469
1777576135.4291508,-0.0026855469
1777576135.4391508,-0.0026855469
1777576135.4491508,-0.0026855469
1777576135.4591508,-0.0026855469
1777576135.4691508,-0.0026855469
1777576135.4791508,-0.0026855469
1777576135.4891508,-0.0026855469
1777576135.4991508,-0.2517089844
1777576135.5091507,-0.2517089844
1777576135.5191507,-0.2517089844
1777576135.5291507,-0.2517089844
1777576135.5391507,-0.2517089844
1777576135.5491507,-0.2517089844
1777576135.5591507,-0.2517089844
1777576135.5691507,-0.2517089844
1777576135.5791507,-0.2517089844
1777576135.5891507,-0.2517089844
1777576135.5991507,-0.2517089844
1777576135.6091506,-0.2517089844
1777576135.6191509,-0.2517089844
1777576135.6291509,-0.2517089844
1777576135.6391509,-0.2517089844
1777576135.6491508,-0.2517089844
1777576135.6591508,-0.2517089844
1777576135.6691508,-0.2517089844
1777576135.6791508,-0.2517089844
1777576135.6891508,-0.2517089844
1777576135.6991508,-0.0551757812
1777576135.7091508,-0.0551757812
1777576135.7191508,-0.0551757812
1777576135.7291508,-0.0551757812
1777576135.7391508,-0.0551757812
1777576135.7491508,-0.0551757812
1777576135.7591507,-0.0551757812
1777576135.7691507,-0.0551757812
1777576135.7791507,-0.0551757812
1777576135.7891507,-0.0551757812
1777576135.7991507,-0.0551757812
1777576135.8091507,-0.0551757812
1777576135.819151,-0.0551757812
1777576135.829151,-0.0551757812
1777576135.839151,-0.0551757812
1777576135.849151,-0.0551757812
1777576135.859151,-0.0551757812
1777576135.8691509,-0.0551757812
1777576135.8791509,-0.0551757812
1777576135.8891509,-0.0551757812
1777576135.8991508,-0.01953125
1777576135.9091508,-0.01953125
1777576135.9191508,-0.01953125
1777576135.9291508,-0.01953125
1777576135.9391508,-0.01953125
1777576135.9491508,-0.01953125
1777576135.9591508,-0.01953125
1777576135.9691508,-0.01953125
1777576135.9791508,-0.01953125
1777576135.9891508,-0.01953125
1777576135.9991508,-0.01953125
1777576136.0091507,-0.01953125
1777576136.019151,-0.01953125
1777576136.029151,-0.01953125
1777576136.039151,-0.01953125
1777576136.049151,-0.01953125
1777576136.059151,-0.01953125
1777576136.069151,-0.01953125
1777576136.079151,-0.01953125
1777576136.089151,-0.01953125
1777576136.099151,-0.0869140625
1777576136.109151,-0.0869140625
1777576136.1191509,-0.0869140625
1777576136.1291509,-0.0869140625
1777576136.1391509,-0.0869140625
1777576136.1491508,-0.0869140625
1777576136.1591508,-0.0869140625
1777576136.1691508,-0.0869140625
1777576136.1791508,-0.0869140625
1777576136.1891508,-0.0869140625
1777576136.1991508,-0.0869140625
1777576136.2091508,-0.0869140625
1777576136.219151,-0.0869140625
1777576136.229151,-0.0869140625
1777576136.239151,-0.0869140625
1777576136.249151,-0.0869140625
1777576136.259151,-0.0869140625
1777576136.269151,-0.0869140625
1777576136.279151,-0.0869140625
1777576136.289151,-0.0869140625
1777576136.299151,-0.2202148438
1777576136.309151,-0.2202148438
1777576136.319151,-0.2202148438
1777576136.329151,-0.2202148438
1777576136.339151,-0.2202148438
1777576136.349151,-0.2202148438
1777576136.359151,-0.2202148438
1777576136.3691509,-0.2202148438
1777576136.3791509,-0.2202148438
1777576136.3891509,-0.2202148438
1777576136.3991508,-0.2202148438
1777576136.4091508,-0.2202148438
1777576136.419151,-0.2202148438
1777576136.429151,-0.2202148438
1777576136.439151,-0.2202148438
1777576136.449151,-0.2202148438
1777576136.459151,-0.2202148438
1777576136.469151,-0.2202148438
1777576136.479151,-0.2202148438
1777576136.489151,-0.2202148438
1777576136.499151,-0.1115722656
1777576136.509151,-0.1115722656
1777576136.519151,-0.1115722656
1777576136.529151,-0.1115722656
1777576136.539151,-0.1115722656
1777576136.549151,-0.1115722656
1777576136.559151,-0.1115722656
1777576136.569151,-0.1115722656
1777576136.579151,-0.1115722656
1777576136.589151,-0.1115722656
1777576136.599151,-0.1115722656
1777576136.609151,-0.1115722656
1777576136.619151,-0.1115722656
1777576136.629151,-0.1115722656
1777576136.639151,-0.1115722656
1777576136.649151,-0.1115722656
1777576136.659151,-0.1115722656
1777576136.669151,-0.1115722656
1777576136.679151,-0.1115722656
1777576136.689151,-0.1115722656
1777576136.699151,0.1333007812
1777576136.709151,0.1333007812
1777576136.719151,0.1333007812
1777576136.729151,0.1333007812
1777576136.739151,0.1333007812
1777576136.749151,0.1333007812
1777576136.759151,0.1333007812
1777576136.769151,0.1333007812
1777576136.779151,0.1333007812
1777576136.789151,0.1333007812
1777576136.799151,0.1333007812
1777576136.809151,0.1333007812
1777576136.8191512,0.1333007812
1777576136.8291512,0.1333007812
1777576136.8391511,0.1333007812
1777576136.8491511,0.1333007812
1777576136.8591511,0.1333007812
1777576136.869151,0.1333007812
1777576136.879151,0.1333007812
1777576136.889151,0.1333007812
1777576136.899151,0.0197753906
1777576136.909151,0.0197753906
1777576136.919151,0.0197753906
1777576136.929151,0.0197753906
1777576136.939151,0.0197753906
1777576136.949151,0.0197753906
1777576136.959151,0.0197753906
1777576136.969151,0.0197753906
1777576136.979151,0.0197753906
1777576136.989151,0.0197753906
1777576136.999151,0.0197753906
1777576137.009151,0.0197753906
1777576137.0191512,0.0197753906
1777576137.0291512,0.0197753906
1777576137.0391512,0.0197753906
1777576137.0491512,0.0197753906
1777576137.0591512,0.0197753906
1777576137.0691512,0.0197753906
1777576137.0791512,0.0197753906
1777576137.0891511,0.0197753906
1777576137.0991511,-0.2651367188
1777576137.1091511,-0.2651367188
1777576137.119151,-0.2651367188
1777576137.129151,-0.2651367188
1777576137.139151,-0.2651367188
1777576137.149151,-0.2651367188
1777576137.159151,-0.2651367188
1777576137.169151,-0.2651367188
1777576137.179151,-0.2651367188
1777576137.189151,-0.2651367188
1777576137.199151,-0.2651367188
1777576137.209151,-0.2651367188
1777576137.2191513,-0.2651367188
1777576137.2291512,-0.2651367188
1777576137.2391512,-0.2651367188
1777576137.2491512,-0.2651367188
1777576137.2591512,-0.2651367188
1777576137.2691512,-0.2651367188
1777576137.2791512,-0.2651367188
1777576137.2891512,-0.2651367188
1777576137.2991512,-0.1645507812
1777576137.3091512,-0.1645507812
1777576137.3191512,-0.1645507812
1777576137.3291512,-0.1645507812
1777576137.3391511,-0.1645507812
1777576137.3491511,-0.1645507812
1777576137.3591511,-0.1645507812
1777576137.369151,-0.1645507812
1777576137.379151,-0.1645507812
1777576137.389151,-0.1645507812
1777576137.399151,-0.1645507812
1777576137.409151,-0.1645507812
1777576137.4191513,-0.1645507812
1777576137.4291513,-0.1645507812
1777576137.4391513,-0.1645507812
1777576137.4491513,-0.1645507812
1777576137.4591513,-0.1645507812
1777576137.4691513,-0.1645507812
1777576137.4791512,-0.1645507812
1777576137.4891512,-0.1645507812
1777576137.4991512,0.1247558594
1777576137.5091512,0.1247558594
1777576137.5191512,0.1247558594
1777576137.5291512,0.1247558594
1777576137.5391512,0.1247558594
1777576137.5491512,0.1247558594
1777576137.5591512,0.1247558594
1777576137.5691512,0.1247558594
1777576137.5791512,0.1247558594
1777576137.5891511,0.1247558594
1777576137.5991511,0.1247558594
1777576137.6091511,0.1247558594
1777576137.6191514,0.1247558594
1777576137.6291513,0.1247558594
1777576137.6391513,0.1247558594
1777576137.6491513,0.1247558594
1777576137.6591513,0.1247558594
1777576137.6691513,0.1247558594
1777576137.6791513,0.1247558594
1777576137.6891513,0.1247558594
1777576137.6991513,-0.2861328125
1777576137.7091513,-0.2861328125
1777576137.7191513,-0.2861328125
1777576137.7291512,-0.2861328125
1777576137.7391512,-0.2861328125
1777576137.7491512,-0.2861328125
1777576137.7591512,-0.2861328125
1777576137.7691512,-0.2861328125
1777576137.7791512,-0.2861328125
1777576137.7891512,-0.2861328125
1777576137.7991512,-0.2861328125
1777576137.8091512,-0.2861328125
1777576137.8191514,-0.2861328125
1777576137.8291514,-0.2861328125
1777576137.8391514,-0.2861328125
1777576137.8491514,-0.2861328125
1777576137.8591514,-0.2861328125
1777576137.8691514,-0.2861328125
1777576137.8791513,-0.2861328125
1777576137.8891513,-0.2861328125
1777576137.8991513,0.0014648438
1777576137.9091513,0.0014648438
1777576137.9191513,0.0014648438
1777576137.9291513,0.0014648438
1777576137.9391513,0.0014648438
1777576137.9491513,0.0014648438
1777576137.9591513,0.0014648438
1777576137.9691513,0.0014648438
1777576137.9791512,0.0014648438
1777576137.9891512,0.0014648438
1777576137.9991512,0.0014648438
1777576138.0091512,0.0014648438
1777576138.0191514,0.0014648438
1777576138.0291514,0.0014648438
1777576138.0391514,0.0014648438
1777576138.0491514,0.0014648438
1777576138.0591514,0.0014648438
1777576138.0691514,0.0014648438
1777576138.0791514,0.0014648438
1777576138.0891514,0.0014648438
1777576138.0991514,-0.0458984375
1777576138.1091514,-0.0458984375
1777576138.1191514,-0.0458984375
1777576138.1291513,-0.0458984375
1777576138.1391513,-0.0458984375
1777576138.1491513,-0.0458984375
1777576138.1591513,-0.0458984375
1777576138.1691513,-0.0458984375
1777576138.1791513,-0.0458984375
1777576138.1891513,-0.0458984375
1777576138.1991513,-0.0458984375
1777576138.2091513,-0.0458984375
1777576138.2191515,-0.0458984375
1777576138.2291515,-0.0458984375
1777576138.2391515,-0.0458984375
1777576138.2491515,-0.0458984375
1777576138.2591515,-0.0458984375
1777576138.2691514,-0.0458984375
1777576138.2791514,-0.0458984375
1777576138.2891514,-0.0458984375
1777576138.2991514,-0.0837402344
1777576138.3091514,-0.0837402344
1777576138.3191514,-0.0837402344
1777576138.3291514,-0.0837402344
1777576138.3391514,-0.0837402344
1777576138.3491514,-0.0837402344
1777576138.3591514,-0.0837402344
1777576138.3691514,-0.0837402344
1777576138.3791513,-0.0837402344
1777576138.3891513,-0.0837402344
1777576138.3991513,-0.0837402344
1777576138.4091513,-0.0837402344
1777576138.4191515,-0.0837402344
1777576138.4291515,-0.0837402344
1777576138.4391515,-0.0837402344
1777576138.4491515,-0.0837402344
1777576138.4591515,-0.0837402344
1777576138.4691515,-0.0837402344
1777576138.4791515,-0.0837402344
1777576138.4891515,-0.0837402344
1777576138.4991515,-0.1337890625
1777576138.5091515,-0.1337890625
1777576138.5191514,-0.1337890625
1777576138.5291514,-0.1337890625
1777576138.5391514,-0.1337890625
1777576138.5491514,-0.1337890625
1777576138.5591514,-0.1337890625
1777576138.5691514,-0.1337890625
1777576138.5791514,-0.1337890625
1777576138.5891514,-0.1337890625
1777576138.5991514,-0.1337890625
1777576138.6091514,-0.1337890625
1777576138.6191516,-0.1337890625
1777576138.6291516,-0.1337890625
1777576138.6391516,-0.1337890625
1777576138.6491516,-0.1337890625
1777576138.6591516,-0.1337890625
1777576138.6691515,-0.1337890625
1777576138.6791515,-0.1337890625
1777576138.6891515,-0.1337890625
1777576138.6991515,0.0437011719
1777576138.7091515,0.0437011719
1777576138.7191515,0.0437011719
1777576138.7291515,0.0437011719
1777576138.7391515,0.0437011719
1777576138.7491515,0.0437011719
1777576138.7591515,0.0437011719
1777576138.7691514,0.0437011719
1777576138.7791514,0.0437011719
1777576138.7891514,0.0437011719
1777576138.7991514,0.0437011719
1777576138.8091514,0.0437011719
1777576138.8191516,0.0437011719
1777576138.8291516,0.0437011719
1777576138.8391516,0.0437011719
1777576138.8491516,0.0437011719
1777576138.8591516,0.0437011719
1777576138.8691516,0.0437011719
1777576138.8791516,0.0437011719
1777576138.8891516,0.0437011719
1777576138.8991516,-0.0202636719
1777576138.9091516,-0.0202636719
1777576138.9191515,-0.0202636719
1777576138.9291515,-0.0202636719
1777576138.9391515,-0.0202636719
1777576138.9491515,-0.0202636719
1777576138.9591515,-0.0202636719
1777576138.9691515,-0.0202636719
1777576138.9791515,-0.0202636719
1777576138.9891515,-0.0202636719
1777576138.9991515,-0.0202636719
1777576139.0091515,-0.0202636719
1777576139.0191517,-0.0202636719
1777576139.0291517,-0.0202636719
1777576139.0391517,-0.0202636719
1777576139.0491517,-0.0202636719
1777576139.0591516,-0.0202636719
1777576139.0691516,-0.0202636719
1777576139.0791516,-0.0202636719
1777576139.0891516,-0.0202636719
1777576139.0991516,-0.1838378906
1777576139.1091516,-0.1838378906
1777576139.1191516,-0.1838378906
1777576139.1291516,-0.1838378906
1777576139.1391516,-0.1838378906
1777576139.1491516,-0.1838378906
1777576139.1591516,-0.1838378906
1777576139.1691515,-0.1838378906
1777576139.1791515,-0.1838378906
1777576139.1891515,-0.1838378906
1777576139.1991515,-0.1838378906
1777576139.2091515,-0.1838378906
1777576139.2191517,-0.1838378906
1777576139.2291517,-0.1838378906
1777576139.2391517,-0.1838378906
1777576139.2491517,-0.1838378906
1777576139.2591517,-0.1838378906
1777576139.2691517,-0.1838378906
1777576139.2791517,-0.1838378906
1777576139.2891517,-0.1838378906
1777576139.2991517,0.1337890625
1777576139.3091516,0.1337890625
1777576139.3191516,0.1337890625
1777576139.3291516,0.1337890625
1777576139.3391516,0.1337890625
1777576139.3491516,0.1337890625
1777576139.3591516,0.1337890625
1777576139.3691516,0.1337890625
1777576139.3791516,0.1337890625
1777576139.3891516,0.1337890625
1777576139.3991516,0.1337890625
1777576139.4091516,0.1337890625
1777576139.4191518,0.1337890625
1777576139.4291518,0.1337890625
1777576139.4391518,0.1337890625
1777576139.4491518,0.1337890625
1777576139.4591517,0.1337890625
1777576139.4691517,0.1337890625
1777576139.4791517,0.1337890625
1777576139.4891517,0.1337890625
1777576139.4991517,-0.1955566406
1777576139.5091517,-0.1955566406
1777576139.5191517,-0.1955566406
1777576139.5291517,-0.1955566406
1777576139.5391517,-0.1955566406
1777576139.5491517,-0.1955566406
1777576139.5591516,-0.1955566406
1777576139.5691516,-0.1955566406
1777576139.5791516,-0.1955566406
1777576139.5891516,-0.1955566406
1777576139.5991516,-0.1955566406
1777576139.6091516,-0.1955566406
1777576139.6191518,-0.1955566406
1777576139.6291518,-0.1955566406
1777576139.6391518,-0.1955566406
1777576139.6491518,-0.1955566406
1777576139.6591518,-0.1955566406
1777576139.6691518,-0.1955566406
1777576139.6791518,-0.1955566406
1777576139.6891518,-0.1955566406
1777576139.6991518,-0.0493164062
1777576139.7091517,-0.0493164062
1777576139.7191517,-0.0493164062
1777576139.7291517,-0.0493164062
1777576139.7391517,-0.0493164062
1777576139.7491517,-0.0493164062
1777576139.7591517,-0.0493164062
1777576139.7691517,-0.0493164062
1777576139.7791517,-0.0493164062
1777576139.7891517,-0.0493164062
1777576139.7991517,-0.0493164062
1777576139.8091516,-0.0493164062
1777576139.8191519,-0.0493164062
1777576139.8291519,-0.0493164062
1777576139.8391519,-0.0493164062
1777576139.8491518,-0.0493164062
1777576139.8591518,-0.0493164062
1777576139.8691518,-0.0493164062
1777576139.8791518,-0.0493164062
1777576139.8891518,-0.0493164062
1777576139.8991518,-0.109375
1777576139.9091518,-0.109375
1777576139.9191518,-0.109375
1777576139.9291518,-0.109375
1777576139.9391518,-0.109375
1777576139.9491518,-0.109375
1777576139.9591517,-0.109375
1777576139.9691517,-0.109375
1777576139.9791517,-0.109375
1777576139.9891517,-0.109375
1777576139.9991517,-0.109375
1777576140.0091517,-0.109375
1777576140.019152,-0.109375
1777576140.029152,-0.109375
1777576140.039152,-0.109375
1777576140.049152,-0.109375
1777576140.059152,-0.109375
1777576140.0691519,-0.109375
1777576140.0791519,-0.109375
1777576140.0891519,-0.109375
1777576140.0991518,-0.0532226562
1777576140.1091518,-0.0532226562
1777576140.1191518,-0.0532226562
1777576140.1291518,-0.0532226562
1777576140.1391518,-0.0532226562
1777576140.1491518,-0.0532226562
1777576140.1591518,-0.0532226562
1777576140.1691518,-0.0532226562
1777576140.1791518,-0.0532226562
1777576140.1891518,-0.0532226562
1777576140.1991518,-0.0532226562
1777576140.2091517,-0.0532226562
1777576140.219152,-0.0532226562
1777576140.229152,-0.0532226562
1777576140.239152,-0.0532226562
1777576140.249152,-0.0532226562
1777576140.259152,-0.0532226562
1777576140.269152,-0.0532226562
1777576140.279152,-0.0532226562
1777576140.289152,-0.0532226562
1777576140.299152,0.2077636719
1777576140.309152,0.2077636719
1777576140.3191519,0.2077636719
1777576140.3291519,0.2077636719
1777576140.3391519,0.2077636719
1777576140.3491518,0.2077636719
1777576140.3591518,0.2077636719
1777576140.3691518,0.2077636719
1777576140.3791518,0.2077636719
1777576140.3891518,0.2077636719
1777576140.3991518,0.2077636719
1777576140.4091518,0.2077636719
1777576140.419152,0.2077636719
1777576140.429152,0.2077636719
1777576140.439152,0.2077636719
1777576140.449152,0.2077636719
1777576140.459152,0.2077636719
1777576140.469152,0.2077636719
1777576140.479152,0.2077636719
1777576140.489152,0.2077636719
1777576140.499152,-0.0183105469
1777576140.509152,-0.0183105469
1777576140.519152,-0.0183105469
1777576140.529152,-0.0183105469
1777576140.539152,-0.0183105469
1777576140.549152,-0.0183105469
1777576140.559152,-0.0183105469
1777576140.5691519,-0.0183105469
1777576140.5791519,-0.0183105469
1777576140.5891519,-0.0183105469
1777576140.5991518,-0.0183105469
1777576140.6091518,-0.0183105469
1777576140.619152,-0.0183105469
1777576140.629152,-0.0183105469
1777576140.639152,-0.0183105469
1777576140.649152,-0.0183105469
1777576140.659152,-0.0183105469
1777576140.669152,-0.0183105469
1777576140.679152,-0.0183105469
1777576140.689152,-0.0183105469
1777576140.699152,-0.2917480469
1777576140.709152,-0.2917480469
1777576140.719152,-0.2917480469
1777576140.729152,-0.2917480469
1777576140.739152,-0.2917480469
1777576140.749152,-0.2917480469
1777576140.759152,-0.2917480469
1777576140.769152,-0.2917480469
1777576140.779152,-0.2917480469
1777576140.789152,-0.2917480469
1777576140.799152,-0.2917480469
1777576140.809152,-0.2917480469
1777576140.819152,-0.2917480469
1777576140.829152,-0.2917480469
1777576140.839152,-0.2917480469
1777576140.849152,-0.2917480469
1777576140.859152,-0.2917480469
1777576140.869152,-0.2917480469
1777576140.879152,-0.2917480469
1777576140.889152,-0.2917480469
1777576140.899152,-0.0854492188
1777576140.909152,-0.0854492188
1777576140.919152,-0.0854492188
1777576140.929152,-0.0854492188
1777576140.939152,-0.0854492188
1777576140.949152,-0.0854492188
1777576140.959152,-0.0854492188
1777576140.969152,-0.0854492188
1777576140.979152,-0.0854492188
1777576140.989152,-0.0854492188
1777576140.999152,-0.0854492188
1777576141.009152,-0.0854492188
1777576141.0191522,-0.0854492188
1777576141.0291522,-0.0854492188
1777576141.0391521,-0.0854492188
1777576141.0491521,-0.0854492188
1777576141.0591521,-0.0854492188
1777576141.069152,-0.0854492188
1777576141.079152,-0.0854492188
1777576141.089152,-0.0854492188
1777576141.099152,-0.0913085938
1777576141.109152,-0.0913085938
1777576141.119152,-0.0913085938
1777576141.129152,-0.0913085938
1777576141.139152,-0.0913085938
1777576141.149152,-0.0913085938
1777576141.159152,-0.0913085938
1777576141.169152,-0.0913085938
1777576141.179152,-0.0913085938
1777576141.189152,-0.0913085938
1777576141.199152,-0.0913085938
1777576141.209152,-0.0913085938
1777576141.2191522,-0.0913085938
1777576141.2291522,-0.0913085938
1777576141.2391522,-0.0913085938
1777576141.2491522,-0.0913085938
1777576141.2591522,-0.0913085938
1777576141.2691522,-0.0913085938
1777576141.2791522,-0.0913085938
1777576141.2891521,-0.0913085938
1777576141.2991521,-0.1826171875
1777576141.3091521,-0.1826171875
1777576141.319152,-0.1826171875
1777576141.329152,-0.1826171875
1777576141.339152,-0.1826171875
1777576141.349152,-0.1826171875
1777576141.359152,-0.1826171875
1777576141.369152,-0.1826171875
1777576141.379152,-0.1826171875
1777576141.389152,-0.1826171875
1777576141.399152,-0.1826171875
1777576141.409152,-0.1826171875
1777576141.4191523,-0.1826171875
1777576141.4291523,-0.1826171875
1777576141.4391522,-0.1826171875
1777576141.4491522,-0.1826171875
1777576141.4591522,-0.1826171875
1777576141.4691522,-0.1826171875
1777576141.4791522,-0.1826171875
1777576141.4891522,-0.1826171875
1777576141.4991522,-0.0974121094
1777576141.5091522,-0.0974121094
1777576141.5191522,-0.0974121094
1777576141.5291522,-0.0974121094
1777576141.5391521,-0.0974121094
1777576141.5491521,-0.0974121094
1777576141.5591521,-0.0974121094
1777576141.569152,-0.0974121094
1777576141.579152,-0.0974121094
1777576141.589152,-0.0974121094
1777576141.599152,-0.0974121094
1777576141.609152,-0.0974121094
1777576141.6191523,-0.0974121094
1777576141.6291523,-0.0974121094
1777576141.6391523,-0.0974121094
1777576141.6491523,-0.0974121094
1777576141.6591523,-0.0974121094
1777576141.6691523,-0.0974121094
1777576141.6791523,-0.0974121094
1777576141.6891522,-0.0974121094
1777576141.6991522,-0.1252441406
1777576141.7091522,-0.1252441406
1777576141.7191522,-0.1252441406
1777576141.7291522,-0.1252441406
1777576141.7391522,-0.1252441406
1777576141.7491522,-0.1252441406
1777576141.7591522,-0.1252441406
1777576141.7691522,-0.1252441406
1777576141.7791522,-0.1252441406
1777576141.7891521,-0.1252441406
1777576141.7991521,-0.1252441406
1777576141.8091521,-0.1252441406
1777576141.8191524,-0.1252441406
1777576141.8291523,-0.1252441406
1777576141.8391523,-0.1252441406
1777576141.8491523,-0.1252441406
1777576141.8591523,-0.1252441406
1777576141.8691523,-0.1252441406
1777576141.8791523,-0.1252441406
1777576141.8891523,-0.1252441406
1777576141.8991523,-0.2678222656
1777576141.9091523,-0.2678222656
1777576141.9191523,-0.2678222656
1777576141.9291523,-0.2678222656
1777576141.9391522,-0.2678222656
1777576141.9491522,-0.2678222656
1777576141.9591522,-0.2678222656
1777576141.9691522,-0.2678222656
1777576141.9791522,-0.2678222656
1777576141.9891522,-0.2678222656
1777576141.9991522,-0.2678222656
1777576142.0091522,-0.2678222656
1777576142.0191524,-0.2678222656
1777576142.0291524,-0.2678222656
1777576142.0391524,-0.2678222656
1777576142.0491524,-0.2678222656
1777576142.0591524,-0.2678222656
1777576142.0691524,-0.2678222656
1777576142.0791523,-0.2678222656
1777576142.0891523,-0.2678222656
1777576142.0991523,-0.2846679688
1777576142.1091523,-0.2846679688
1777576142.1191523,-0.2846679688
1777576142.1291523,-0.2846679688
1777576142.1391523,-0.2846679688
1777576142.1491523,-0.2846679688
1777576142.1591523,-0.2846679688
1777576142.1691523,-0.2846679688
1777576142.1791523,-0.2846679688
1777576142.1891522,-0.2846679688
1777576142.1991522,-0.2846679688
1777576142.2091522,-0.2846679688
1777576142.2191525,-0.2846679688
1777576142.2291524,-0.2846679688
1777576142.2391524,-0.2846679688
1777576142.2491524,-0.2846679688
1777576142.2591524,-0.2846679688
1777576142.2691524,-0.2846679688
1777576142.2791524,-0.2846679688
1777576142.2891524,-0.2846679688
1777576142.2991524,0.2697753906
1777576142.3091524,0.2697753906
1777576142.3191524,0.2697753906
1777576142.3291523,0.2697753906
1777576142.3391523,0.2697753906
1777576142.3491523,0.2697753906
1777576142.3591523,0.2697753906
1777576142.3691523,0.2697753906
1777576142.3791523,0.2697753906
1777576142.3891523,0.2697753906
1777576142.3991523,0.2697753906
1777576142.4091523,0.2697753906
1777576142.4191525,0.2697753906
1777576142.4291525,0.2697753906
1777576142.4391525,0.2697753906
1777576142.4491525,0.2697753906
1777576142.4591525,0.2697753906
1777576142.4691525,0.2697753906
1777576142.4791524,0.2697753906
1777576142.4891524,0.2697753906
1777576142.4991524,-0.0227050781
1777576142.5091524,-0.0227050781
1777576142.5191524,-0.0227050781
1777576142.5291524,-0.0227050781
1777576142.5391524,-0.0227050781
1777576142.5491524,-0.0227050781
1777576142.5591524,-0.0227050781
1777576142.5691524,-0.0227050781
1777576142.5791523,-0.0227050781
1777576142.5891523,-0.0227050781
1777576142.5991523,-0.0227050781
1777576142.6091523,-0.0227050781
1777576142.6191525,-0.0227050781
1777576142.6291525,-0.0227050781
1777576142.6391525,-0.0227050781
1777576142.6491525,-0.0227050781
1777576142.6591525,-0.0227050781
1777576142.6691525,-0.0227050781
1777576142.6791525,-0.0227050781
1777576142.6891525,-0.0227050781
1777576142.6991525,-0.1301269531
1777576142.7091525,-0.1301269531
1777576142.7191525,-0.1301269531
1777576142.7291524,-0.1301269531
1777576142.7391524,-0.1301269531
1777576142.7491524,-0.1301269531
1777576142.7591524,-0.1301269531
1777576142.7691524,-0.1301269531
1777576142.7791524,-0.1301269531
1777576142.7891524,-0.1301269531
1777576142.7991524,-0.1301269531
1777576142.8091524,-0.1301269531
1777576142.8191526,-0.1301269531
1777576142.8291526,-0.1301269531
1777576142.8391526,-0.1301269531
1777576142.8491526,-0.1301269531
1777576142.8591526,-0.1301269531
1777576142.8691525,-0.1301269531
1777576142.8791525,-0.1301269531
1777576142.8891525,-0.1301269531
1777576142.8991525,-0.234375
1777576142.9091525,-0.234375
1777576142.9191525,-0.234375
1777576142.9291525,-0.234375
1777576142.9391525,-0.234375
1777576142.9491525,-0.234375
1777576142.9591525,-0.234375
1777576142.9691525,-0.234375
1777576142.9791524,-0.234375
1777576142.9891524,-0.234375
1777576142.9991524,-0.234375
1777576143.0091524,-0.234375
1777576143.0191526,-0.234375
1777576143.0291526,-0.234375
1777576143.0391526,-0.234375
1777576143.0491526,-0.234375
1777576143.0591526,-0.234375
1777576143.0691526,-0.234375
1777576143.0791526,-0.234375
1777576143.0891526,-0.234375
1777576143.0991526,-0.0969238281
1777576143.1091526,-0.0969238281
1777576143.1191525,-0.0969238281
1777576143.1291525,-0.0969238281
1777576143.1391525,-0.0969238281
1777576143.1491525,-0.0969238281
1777576143.1591525,-0.0969238281
1777576143.1691525,-0.0969238281
1777576143.1791525,-0.0969238281
1777576143.1891525,-0.0969238281
1777576143.1991525,-0.0969238281
1777576143.2091525,-0.0969238281
1777576143.2191527,-0.0969238281
1777576143.2291527,-0.0969238281
1777576143.2391527,-0.0969238281
1777576143.2491527,-0.0969238281
1777576143.2591527,-0.0969238281
1777576143.2691526,-0.0969238281
1777576143.2791526,-0.0969238281
1777576143.2891526,-0.0969238281
1777576143.2991526,-0.1345214844
1777576143.3091526,-0.1345214844
1777576143.3191526,-0.1345214844
1777576143.3291526,-0.1345214844
1777576143.3391526,-0.1345214844
1777576143.3491526,-0.1345214844
1777576143.3591526,-0.1345214844
1777576143.3691525,-0.1345214844
1777576143.3791525,-0.1345214844
1777576143.3891525,-0.1345214844
1777576143.3991525,-0.1345214844
1777576143.4091525,-0.1345214844
1777576143.4191527,-0.1345214844
1777576143.4291527,-0.1345214844
1777576143.4391527,-0.1345214844
1777576143.4491527,-0.1345214844
1777576143.4591527,-0.1345214844
1777576143.4691527,-0.1345214844
1777576143.4791527,-0.1345214844
1777576143.4891527,-0.1345214844
1777576143.4991527,-0.1657714844
1777576143.5091527,-0.1657714844
1777576143.5191526,-0.1657714844
1777576143.5291526,-0.1657714844
1777576143.5391526,-0.1657714844
1777576143.5491526,-0.1657714844
1777576143.5591526,-0.1657714844
1777576143.5691526,-0.1657714844
1777576143.5791526,-0.1657714844
1777576143.5891526,-0.1657714844
1777576143.5991526,-0.1657714844
1777576143.6091526,-0.1657714844
1777576143.6191528,-0.1657714844
1777576143.6291528,-0.1657714844
1777576143.6391528,-0.1657714844
1777576143.6491528,-0.1657714844
1777576143.6591527,-0.1657714844
1777576143.6691527,-0.1657714844
1777576143.6791527,-0.1657714844
1777576143.6891527,-0.1657714844
1777576143.6991527,0.0244140625
1777576143.7091527,0.0244140625
1777576143.7191527,0.0244140625
1777576143.7291527,0.0244140625
1777576143.7391527,0.0244140625
1777576143.7491527,0.0244140625
1777576143.7591527,0.0244140625
1777576143.7691526,0.0244140625
1777576143.7791526,0.0244140625
1777576143.7891526,0.0244140625
1777576143.7991526,0.0244140625
1777576143.8091526,0.0244140625
1777576143.8191528,0.0244140625
1777576143.8291528,0.0244140625
1777576143.8391528,0.0244140625
1777576143.8491528,0.0244140625
1777576143.8591528,0.0244140625
1777576143.8691528,0.0244140625
1777576143.8791528,0.0244140625
1777576143.8891528,0.0244140625
1777576143.8991528,0.0034179688
1777576143.9091527,0.0034179688
1777576143.9191527,0.0034179688
1777576143.9291527,0.0034179688
1777576143.9391527,0.0034179688
1777576143.9491527,0.0034179688
1777576143.9591527,0.0034179688
1777576143.9691527,0.0034179688
1777576143.9791527,0.0034179688
1777576143.9891527,0.0034179688
1777576143.9991527,0.0034179688
1777576144.0091527,0.0034179688
1777576144.0191529,0.0034179688
1777576144.0291529,0.0034179688
1777576144.0391529,0.0034179688
1777576144.0491529,0.0034179688
1777576144.0591528,0.0034179688
1777576144.0691528,0.0034179688
1777576144.0791528,0.0034179688
1777576144.0891528,0.0034179688
1777576144.0991528,-0.1267089844
1777576144.1091528,-0.1267089844
1777576144.1191528,-0.1267089844
1777576144.1291528,-0.1267089844
1777576144.1391528,-0.1267089844
1777576144.1491528,-0.1267089844
1777576144.1591527,-0.1267089844
1777576144.1691527,-0.1267089844
1777576144.1791527,-0.1267089844
1777576144.1891527,-0.1267089844
1777576144.1991527,-0.1267089844
1777576144.2091527,-0.1267089844
1777576144.219153,-0.1267089844
1777576144.229153,-0.1267089844
1777576144.239153,-0.1267089844
1777576144.249153,-0.1267089844
1777576144.259153,-0.1267089844
1777576144.2691529,-0.1267089844
1777576144.2791529,-0.1267089844
1777576144.2891529,-0.1267089844
1777576144.2991529,-0.0949707031
1777576144.3091528,-0.0949707031
1777576144.3191528,-0.0949707031
1777576144.3291528,-0.0949707031
1777576144.3391528,-0.0949707031
1777576144.3491528,-0.0949707031
1777576144.3591528,-0.0949707031
1777576144.3691528,-0.0949707031
1777576144.3791528,-0.0949707031
1777576144.3891528,-0.0949707031
1777576144.3991528,-0.0949707031
1777576144.4091527,-0.0949707031
1777576144.419153,-0.0949707031
1777576144.429153,-0.0949707031
1777576144.439153,-0.0949707031
1777576144.449153,-0.0949707031
1777576144.459153,-0.0949707031
1777576144.469153,-0.0949707031
1777576144.479153,-0.0949707031
1777576144.489153,-0.0949707031
1777576144.499153,0.0415039062
1777576144.509153,0.0415039062
1777576144.5191529,0.0415039062
1777576144.5291529,0.0415039062
1777576144.5391529,0.0415039062
1777576144.5491529,0.0415039062
1777576144.5591528,0.0415039062
1777576144.5691528,0.0415039062
1777576144.5791528,0.0415039062
1777576144.5891528,0.0415039062
1777576144.5991528,0.0415039062
1777576144.6091528,0.0415039062
1777576144.619153,0.0415039062
1777576144.629153,0.0415039062
1777576144.639153,0.0415039062
1777576144.649153,0.0415039062
1777576144.659153,0.0415039062
1777576144.669153,0.0415039062
1777576144.679153,0.0415039062
1777576144.689153,0.0415039062
1777576144.699153,0.1000976562
1777576144.709153,0.1000976562
1777576144.719153,0.1000976562
1777576144.729153,0.1000976562
1777576144.739153,0.1000976562
1777576144.749153,0.1000976562
1777576144.759153,0.1000976562
1777576144.7691529,0.1000976562
1777576144.7791529,0.1000976562
1777576144.7891529,0.1000976562
1777576144.7991529,0.1000976562
1777576144.8091528,0.1000976562
1777576144.819153,0.1000976562
1777576144.829153,0.1000976562
1777576144.839153,0.1000976562
1777576144.849153,0.1000976562
1777576144.859153,0.1000976562
1777576144.869153,0.1000976562
1777576144.879153,0.1000976562
1777576144.889153,0.1000976562
1777576144.899153,-0.0266113281
1777576144.909153,-0.0266113281
1777576144.919153,-0.0266113281
1777576144.929153,-0.0266113281
1777576144.939153,-0.0266113281
1777576144.949153,-0.0266113281
1777576144.959153,-0.0266113281
1777576144.969153,-0.0266113281
1777576144.979153,-0.0266113281
1777576144.989153,-0.0266113281
1777576144.999153,-0.0266113281
1777576145.009153,-0.0266113281
1777576145.019153,-0.0266113281
1777576145.029153,-0.0266113281
1777576145.039153,-0.0266113281
1777576145.049153,-0.0266113281
1777576145.059153,-0.0266113281
1777576145.069153,-0.0266113281
1777576145.079153,-0.0266113281
1777576145.089153,-0.0266113281
1777576145.099153,0.1291503906
1777576145.109153,0.1291503906
1777576145.119153,0.1291503906
1777576145.129153,0.1291503906
1777576145.139153,0.1291503906
1777576145.149153,0.1291503906
1777576145.159153,0.1291503906
1777576145.169153,0.1291503906
1777576145.179153,0.1291503906
1777576145.189153,0.1291503906
1777576145.199153,0.1291503906
1777576145.209153,0.1291503906
1777576145.2191532,0.1291503906
1777576145.2291532,0.1291503906
1777576145.2391531,0.1291503906
1777576145.2491531,0.1291503906
1777576145.2591531,0.1291503906
1777576145.269153,0.1291503906
1777576145.279153,0.1291503906
1777576145.289153,0.1291503906
1777576145.299153,-0.0549316406
1777576145.309153,-0.0549316406
1777576145.319153,-0.0549316406
1777576145.329153,-0.0549316406
1777576145.339153,-0.0549316406
1777576145.349153,-0.0549316406
1777576145.359153,-0.0549316406
1777576145.369153,-0.0549316406
1777576145.379153,-0.0549316406
1777576145.389153,-0.0549316406
1777576145.399153,-0.0549316406
1777576145.409153,-0.0549316406
1777576145.4191532,-0.0549316406
1777576145.4291532,-0.0549316406
1777576145.4391532,-0.0549316406
1777576145.4491532,-0.0549316406
1777576145.4591532,-0.0549316406
1777576145.4691532,-0.0549316406
1777576145.4791532,-0.0549316406
1777576145.4891531,-0.0549316406
1777576145.4991531,0.2651367188
1777576145.5091531,0.2651367188
1777576145.519153,0.2651367188
1777576145.529153,0.2651367188
1777576145.539153,0.2651367188
1777576145.549153,0.2651367188
1777576145.559153,0.2651367188
1777576145.569153,0.2651367188
1777576145.579153,0.2651367188
1777576145.589153,0.2651367188
1777576145.599153,0.2651367188
1777576145.609153,0.2651367188
1777576145.6191533,0.2651367188
1777576145.6291533,0.2651367188
1777576145.6391532,0.2651367188
1777576145.6491532,0.2651367188
1777576145.6591532,0.2651367188
1777576145.6691532,0.2651367188
1777576145.6791532,0.2651367188
1777576145.6891532,0.2651367188
1777576145.6991532,-0.1015625
1777576145.7091532,-0.1015625
1777576145.7191532,-0.1015625
1777576145.7291532,-0.1015625
1777576145.7391531,-0.1015625
1777576145.7491531,-0.1015625
1777576145.7591531,-0.1015625
1777576145.769153,-0.1015625
1777576145.779153,-0.1015625
1777576145.789153,-0.1015625
1777576145.799153,-0.1015625
1777576145.809153,-0.1015625
1777576145.8191533,-0.1015625
1777576145.8291533,-0.1015625
1777576145.8391533,-0.1015625
1777576145.8491533,-0.1015625
1777576145.8591533,-0.1015625
1777576145.8691533,-0.1015625
1777576145.8791533,-0.1015625
1777576145.8891532,-0.1015625
1777576145.8991532,-0.20703125
1777576145.9091532,-0.20703125
1777576145.9191532,-0.20703125
1777576145.9291532,-0.20703125
1777576145.9391532,-0.20703125
1777576145.9491532,-0.20703125
1777576145.9591532,-0.20703125
1777576145.9691532,-0.20703125
1777576145.9791532,-0.20703125
1777576145.9891531,-0.20703125
1777576145.9991531,-0.20703125
1777576146.0091531,-0.20703125
1777576146.0191534,-0.20703125
1777576146.0291533,-0.20703125
1777576146.0391533,-0.20703125
1777576146.0491533,-0.20703125
1777576146.0591533,-0.20703125
1777576146.0691533,-0.20703125
1777576146.0791533,-0.20703125
1777576146.0891533,-0.20703125
1777576146.0991533,-0.1179199219
1777576146.1091533,-0.1179199219
1777576146.1191533,-0.1179199219
1777576146.1291533,-0.1179199219
1777576146.1391532,-0.1179199219
1777576146.1491532,-0.1179199219
1777576146.1591532,-0.1179199219
1777576146.1691532,-0.1179199219
1777576146.1791532,-0.1179199219
1777576146.1891532,-0.1179199219
1777576146.1991532,-0.1179199219
1777576146.2091532,-0.1179199219
1777576146.2191534,-0.1179199219
1777576146.2291534,-0.1179199219
1777576146.2391534,-0.1179199219
1777576146.2491534,-0.1179199219
1777576146.2591534,-0.1179199219
1777576146.2691534,-0.1179199219
1777576146.2791533,-0.1179199219
1777576146.2891533,-0.1179199219
1777576146.2991533,-0.2514648438
1777576146.3091533,-0.2514648438
1777576146.3191533,-0.2514648438
1777576146.3291533,-0.2514648438
1777576146.3391533,-0.2514648438
1777576146.3491533,-0.2514648438
1777576146.3591533,-0.2514648438
1777576146.3691533,-0.2514648438
1777576146.3791533,-0.2514648438
1777576146.3891532,-0.2514648438
1777576146.3991532,-0.2514648438
1777576146.4091532,-0.2514648438
1777576146.4191535,-0.2514648438
1777576146.4291534,-0.2514648438
1777576146.4391534,-0.2514648438
1777576146.4491534,-0.2514648438
1777576146.4591534,-0.2514648438
1777576146.4691534,-0.2514648438
1777576146.4791534,-0.2514648438
1777576146.4891534,-0.2514648438
1777576146.4991534,-0.0822753906
1777576146.5091534,-0.0822753906
1777576146.5191534,-0.0822753906
1777576146.5291533,-0.0822753906
1777576146.5391533,-0.0822753906
1777576146.5491533,-0.0822753906
1777576146.5591533,-0.0822753906
1777576146.5691533,-0.0822753906
1777576146.5791533,-0.0822753906
1777576146.5891533,-0.0822753906
1777576146.5991533,-0.0822753906
1777576146.6091533,-0.0822753906
1777576146.6191535,-0.0822753906
1777576146.6291535,-0.0822753906
1777576146.6391535,-0.0822753906
1777576146.6491535,-0.0822753906
1777576146.6591535,-0.0822753906
1777576146.6691535,-0.0822753906
1777576146.6791534,-0.0822753906
1777576146.6891534,-0.0822753906
1777576146.6991534,0.0302734375
1777576146.7091534,0.0302734375
1777576146.7191534,0.0302734375
1777576146.7291534,0.0302734375
1777576146.7391534,0.0302734375
1777576146.7491534,0.0302734375
1777576146.7591534,0.0302734375
1777576146.7691534,0.0302734375
1777576146.7791533,0.0302734375
1777576146.7891533,0.0302734375
1777576146.7991533,0.0302734375
1777576146.8091533,0.0302734375
1777576146.8191535,0.0302734375
1777576146.8291535,0.0302734375
1777576146.8391535,0.0302734375
1777576146.8491535,0.0302734375
1777576146.8591535,0.0302734375
1777576146.8691535,0.0302734375
1777576146.8791535,0.0302734375
1777576146.8891535,0.0302734375
1777576146.8991535,0.1977539062
1777576146.9091535,0.1977539062
1777576146.9191535,0.1977539062
1777576146.9291534,0.1977539062
1777576146.9391534,0.1977539062
1777576146.9491534,0.1977539062
1777576146.9591534,0.1977539062
1777576146.9691534,0.1977539062
1777576146.9791534,0.1977539062
1777576146.9891534,0.1977539062
1777576146.9991534,0.1977539062
1777576147.0091534,0.1977539062
1777576147.0191536,0.1977539062
1777576147.0291536,0.1977539062
1777576147.0391536,0.1977539062
1777576147.0491536,0.1977539062
1777576147.0591536,0.1977539062
1777576147.0691535,0.1977539062
1777576147.0791535,0.1977539062
1777576147.0891535,0.1977539062
1777576147.0991535,0.3627929688
1777576147.1091535,0.3627929688
1777576147.1191535,0.3627929688
1777576147.1291535,0.3627929688
1777576147.1391535,0.3627929688
1777576147.1491535,0.3627929688
1777576147.1591535,0.3627929688
1777576147.1691535,0.3627929688
1777576147.1791534,0.3627929688
1777576147.1891534,0.3627929688
1777576147.1991534,0.3627929688
1777576147.2091534,0.3627929688
1777576147.2191536,0.3627929688
1777576147.2291536,0.3627929688
1777576147.2391536,0.3627929688
1777576147.2491536,0.3627929688
1777576147.2591536,0.3627929688
1777576147.2691536,0.3627929688
1777576147.2791536,0.3627929688
1777576147.2891536,0.3627929688
1777576147.2991536,0.0227050781
1777576147.3091536,0.0227050781
1777576147.3191535,0.0227050781
1777576147.3291535,0.0227050781
1777576147.3391535,0.0227050781
1777576147.3491535,0.0227050781
1777576147.3591535,0.0227050781
1777576147.3691535,0.0227050781
1777576147.3791535,0.0227050781
1777576147.3891535,0.0227050781
1777576147.3991535,0.0227050781
1777576147.4091535,0.0227050781
1777576147.4191537,0.0227050781
1777576147.4291537,0.0227050781
1777576147.4391537,0.0227050781
1777576147.4491537,0.0227050781
1777576147.4591537,0.0227050781
1777576147.4691536,0.0227050781
1777576147.4791536,0.0227050781
1777576147.4891536,0.0227050781
1777576147.4991536,-0.2817382812
1777576147.5091536,-0.2817382812
1777576147.5191536,-0.2817382812
1777576147.5291536,-0.2817382812
1777576147.5391536,-0.2817382812
1777576147.5491536,-0.2817382812
1777576147.5591536,-0.2817382812
1777576147.5691535,-0.2817382812
1777576147.5791535,-0.2817382812
1777576147.5891535,-0.2817382812
1777576147.5991535,-0.2817382812
1777576147.6091535,-0.2817382812
1777576147.6191537,-0.2817382812
1777576147.6291537,-0.2817382812
1777576147.6391537,-0.2817382812
1777576147.6491537,-0.2817382812
1777576147.6591537,-0.2817382812
1777576147.6691537,-0.2817382812
1777576147.6791537,-0.2817382812
1777576147.6891537,-0.2817382812
1777576147.6991537,0.140625
1777576147.7091537,0.140625
1777576147.7191536,0.140625
1777576147.7291536,0.140625
1777576147.7391536,0.140625
1777576147.7491536,0.140625
1777576147.7591536,0.140625
1777576147.7691536,0.140625
1777576147.7791536,0.140625
1777576147.7891536,0.140625
1777576147.7991536,0.140625
1777576147.8091536,0.140625
1777576147.8191538,0.140625
1777576147.8291538,0.140625
1777576147.8391538,0.140625
1777576147.8491538,0.140625
1777576147.8591537,0.140625
1777576147.8691537,0.140625
1777576147.8791537,0.140625
1777576147.8891537,0.140625
1777576147.8991537,0.1162109375
1777576147.9091537,0.1162109375
1777576147.9191537,0.1162109375
1777576147.9291537,0.1162109375
1777576147.9391537,0.1162109375
1777576147.9491537,0.1162109375
1777576147.9591537,0.1162109375
1777576147.9691536,0.1162109375
1777576147.9791536,0.1162109375
1777576147.9891536,0.1162109375
1777576147.9991536,0.1162109375
1777576148.0091536,0.1162109375
1777576148.0191538,0.1162109375
1777576148.0291538,0.1162109375
1777576148.0391538,0.1162109375
1777576148.0491538,0.1162109375
1777576148.0591538,0.1162109375
1777576148.0691538,0.1162109375
1777576148.0791538,0.1162109375
1777576148.0891538,0.1162109375
1777576148.0991538,0.0380859375
1777576148.1091537,0.0380859375
1777576148.1191537,0.0380859375
1777576148.1291537,0.0380859375
1777576148.1391537,0.0380859375
1777576148.1491537,0.0380859375
1777576148.1591537,0.0380859375
1777576148.1691537,0.0380859375
1777576148.1791537,0.0380859375
1777576148.1891537,0.0380859375
1777576148.1991537,0.0380859375
1777576148.2091537,0.0380859375
1777576148.219154,0.0380859375
1777576148.2291539,0.0380859375
1777576148.2391539,0.0380859375
1777576148.2491539,0.0380859375
1777576148.2591538,0.0380859375
1777576148.2691538,0.0380859375
1777576148.2791538,0.0380859375
1777576148.2891538,0.0380859375
1777576148.2991538,-0.0122070312
1777576148.3091538,-0.0122070312
1777576148.3191538,-0.0122070312
1777576148.3291538,-0.0122070312
1777576148.3391538,-0.0122070312
1777576148.3491538,-0.0122070312
1777576148.3591537,-0.0122070312
1777576148.3691537,-0.0122070312
1777576148.3791537,-0.0122070312
1777576148.3891537,-0.0122070312
1777576148.3991537,-0.0122070312
1777576148.4091537,-0.0122070312
1777576148.419154,-0.0122070312
1777576148.429154,-0.0122070312
1777576148.439154,-0.0122070312
1777576148.449154,-0.0122070312
1777576148.459154,-0.0122070312
1777576148.469154,-0.0122070312
1777576148.4791539,-0.0122070312
1777576148.4891539,-0.0122070312
1777576148.4991539,0.0412597656
1777576148.5091538,0.0412597656
1777576148.5191538,0.0412597656
1777576148.5291538,0.0412597656
1777576148.5391538,0.0412597656
1777576148.5491538,0.0412597656
1777576148.5591538,0.0412597656
1777576148.5691538,0.0412597656
1777576148.5791538,0.0412597656
1777576148.5891538,0.0412597656
1777576148.5991538,0.0412597656
1777576148.6091537,0.0412597656
1777576148.619154,0.0412597656
1777576148.629154,0.0412597656
1777576148.639154,0.0412597656
1777576148.649154,0.0412597656
1777576148.659154,0.0412597656
1777576148.669154,0.0412597656
1777576148.679154,0.0412597656
1777576148.689154,0.0412597656
1777576148.699154,-0.0693359375
1777576148.709154,-0.0693359375
1777576148.719154,-0.0693359375
1777576148.7291539,-0.0693359375
1777576148.7391539,-0.0693359375
1777576148.7491539,-0.0693359375
1777576148.7591538,-0.0693359375
1777576148.7691538,-0.0693359375
1777576148.7791538,-0.0693359375
1777576148.7891538,-0.0693359375
1777576148.7991538,-0.0693359375
1777576148.8091538,-0.0693359375
1777576148.819154,-0.0693359375
1777576148.829154,-0.0693359375
1777576148.839154,-0.0693359375
1777576148.849154,-0.0693359375
1777576148.859154,-0.0693359375
1777576148.869154,-0.0693359375
1777576148.879154,-0.0693359375
1777576148.889154,-0.0693359375
1777576148.899154,-0.0441894531
1777576148.909154,-0.0441894531
1777576148.919154,-0.0441894531
1777576148.929154,-0.0441894531
1777576148.939154,-0.0441894531
1777576148.949154,-0.0441894531
1777576148.959154,-0.0441894531
1777576148.969154,-0.0441894531
1777576148.9791539,-0.0441894531
1777576148.9891539,-0.0441894531
1777576148.9991539,-0.0441894531
1777576149.0091538,-0.0441894531
1777576149.019154,-0.0441894531
1777576149.029154,-0.0441894531
1777576149.039154,-0.0441894531
1777576149.049154,-0.0441894531
1777576149.059154,-0.0441894531
1777576149.069154,-0.0441894531
1777576149.079154,-0.0441894531
1777576149.089154,-0.0441894531
1777576149.099154,0.1994628906
1777576149.109154,0.1994628906
1777576149.119154,0.1994628906
1777576149.129154,0.1994628906
1777576149.139154,0.1994628906
1777576149.149154,0.1994628906
1777576149.159154,0.1994628906
1777576149.169154,0.1994628906
1777576149.179154,0.1994628906
1777576149.189154,0.1994628906
1777576149.199154,0.1994628906
1777576149.209154,0.1994628906
1777576149.2191541,0.1994628906
1777576149.229154,0.1994628906
1777576149.239154,0.1994628906
1777576149.249154,0.1994628906
1777576149.259154,0.1994628906
1777576149.269154,0.1994628906
1777576149.279154,0.1994628906
1777576149.289154,0.1994628906
1777576149.299154,0.1916503906
1777576149.309154,0.1916503906
1777576149.319154,0.1916503906
1777576149.329154,0.1916503906
1777576149.339154,0.1916503906
1777576149.349154,0.1916503906
1777576149.359154,0.1916503906
1777576149.369154,0.1916503906
1777576149.379154,0.1916503906
1777576149.389154,0.1916503906
1777576149.399154,0.1916503906
1777576149.409154,0.1916503906
1777576149.4191542,0.1916503906
1777576149.4291542,0.1916503906
1777576149.4391541,0.1916503906
1777576149.4491541,0.1916503906
1777576149.4591541,0.1916503906
1777576149.4691541,0.1916503906
1777576149.479154,0.1916503906
1777576149.489154,0.1916503906
1777576149.499154,0.1535644531
1777576149.509154,0.1535644531
1777576149.519154,0.1535644531
1777576149.529154,0.1535644531
1777576149.539154,0.1535644531
1777576149.549154,0.1535644531
1777576149.559154,0.1535644531
1777576149.569154,0.1535644531
1777576149.579154,0.1535644531
1777576149.589154,0.1535644531
1777576149.599154,0.1535644531
1777576149.609154,0.1535644531
1777576149.6191542,0.1535644531
1777576149.6291542,0.1535644531
1777576149.6391542,0.1535644531
1777576149.6491542,0.1535644531
1777576149.6591542,0.1535644531
1777576149.6691542,0.1535644531
1777576149.6791542,0.1535644531
1777576149.6891541,0.1535644531
1777576149.6991541,0.0712890625
1777576149.7091541,0.0712890625
1777576149.7191541,0.0712890625
1777576149.729154,0.0712890625
1777576149.739154,0.0712890625
1777576149.749154,0.0712890625
1777576149.759154,0.0712890625
1777576149.769154,0.0712890625
1777576149.779154,0.0712890625
1777576149.789154,0.0712890625
1777576149.799154,0.0712890625
1777576149.809154,0.0712890625
1777576149.8191543,0.0712890625
1777576149.8291543,0.0712890625
1777576149.8391542,0.0712890625
1777576149.8491542,0.0712890625
1777576149.8591542,0.0712890625
1777576149.8691542,0.0712890625
1777576149.8791542,0.0712890625
1777576149.8891542,0.0712890625
1777576149.8991542,-0.0610351562
1777576149.9091542,-0.0610351562
1777576149.9191542,-0.0610351562
1777576149.9291542,-0.0610351562
1777576149.9391541,-0.0610351562
1777576149.9491541,-0.0610351562
1777576149.9591541,-0.0610351562
1777576149.9691541,-0.0610351562
1777576149.979154,-0.0610351562
1777576149.989154,-0.0610351562
1777576149.999154,-0.0610351562
1777576150.009154,-0.0610351562
1777576150.0191543,-0.0610351562
1777576150.0291543,-0.0610351562
1777576150.0391543,-0.0610351562
1777576150.0491543,-0.0610351562
1777576150.0591543,-0.0610351562
1777576150.0691543,-0.0610351562
1777576150.0791543,-0.0610351562
1777576150.0891542,-0.0610351562
1777576150.0991542,-0.0874023438
1777576150.1091542,-0.0874023438
1777576150.1191542,-0.0874023438
1777576150.1291542,-0.0874023438
1777576150.1391542,-0.0874023438
1777576150.1491542,-0.0874023438
1777576150.1591542,-0.0874023438
1777576150.1691542,-0.0874023438
1777576150.1791542,-0.0874023438
1777576150.1891541,-0.0874023438
1777576150.1991541,-0.0874023438
1777576150.2091541,-0.0874023438
1777576150.2191544,-0.0874023438
1777576150.2291543,-0.0874023438
1777576150.2391543,-0.0874023438
1777576150.2491543,-0.0874023438
1777576150.2591543,-0.0874023438
1777576150.2691543,-0.0874023438
1777576150.2791543,-0.0874023438
1777576150.2891543,-0.0874023438
1777576150.2991543,0.0307617188
1777576150.3091543,0.0307617188
1777576150.3191543,0.0307617188
1777576150.3291543,0.0307617188
1777576150.3391542,0.0307617188
1777576150.3491542,0.0307617188
1777576150.3591542,0.0307617188
1777576150.3691542,0.0307617188
1777576150.3791542,0.0307617188
1777576150.3891542,0.0307617188
1777576150.3991542,0.0307617188
1777576150.4091542,0.0307617188
1777576150.4191544,0.0307617188
1777576150.4291544,0.0307617188
1777576150.4391544,0.0307617188
1777576150.4491544,0.0307617188
1777576150.4591544,0.0307617188
1777576150.4691544,0.0307617188
1777576150.4791543,0.0307617188
1777576150.4891543,0.0307617188
1777576150.4991543,-0.1357421875
1777576150.5091543,-0.1357421875
1777576150.5191543,-0.1357421875
1777576150.5291543,-0.1357421875
1777576150.5391543,-0.1357421875
1777576150.5491543,-0.1357421875
1777576150.5591543,-0.1357421875
1777576150.5691543,-0.1357421875
1777576150.5791543,-0.1357421875
1777576150.5891542,-0.1357421875
1777576150.5991542,-0.1357421875
1777576150.6091542,-0.1357421875
1777576150.6191545,-0.1357421875
1777576150.6291544,-0.1357421875
1777576150.6391544,-0.1357421875
1777576150.6491544,-0.1357421875
1777576150.6591544,-0.1357421875
1777576150.6691544,-0.1357421875
1777576150.6791544,-0.1357421875
1777576150.6891544,-0.1357421875
1777576150.6991544,-0.2355957031
1777576150.7091544,-0.2355957031
1777576150.7191544,-0.2355957031
1777576150.7291543,-0.2355957031
1777576150.7391543,-0.2355957031
1777576150.7491543,-0.2355957031
1777576150.7591543,-0.2355957031
1777576150.7691543,-0.2355957031
1777576150.7791543,-0.2355957031
1777576150.7891543,-0.2355957031
1777576150.7991543,-0.2355957031
1777576150.8091543,-0.2355957031
1777576150.8191545,-0.2355957031
1777576150.8291545,-0.2355957031
1777576150.8391545,-0.2355957031
1777576150.8491545,-0.2355957031
1777576150.8591545,-0.2355957031
1777576150.8691545,-0.2355957031
1777576150.8791544,-0.2355957031
1777576150.8891544,-0.2355957031
1777576150.8991544,-0.1657714844
1777576150.9091544,-0.1657714844
1777576150.9191544,-0.1657714844
1777576150.9291544,-0.1657714844
1777576150.9391544,-0.1657714844
1777576150.9491544,-0.1657714844
1777576150.9591544,-0.1657714844
1777576150.9691544,-0.1657714844
1777576150.9791543,-0.1657714844
1777576150.9891543,-0.1657714844
1777576150.9991543,-0.1657714844
1777576151.0091543,-0.1657714844
1777576151.0191545,-0.1657714844
1777576151.0291545,-0.1657714844
1777576151.0391545,-0.1657714844
1777576151.0491545,-0.1657714844
1777576151.0591545,-0.1657714844
1777576151.0691545,-0.1657714844
1777576151.0791545,-0.1657714844
1777576151.0891545,-0.1657714844
1777576151.0991545,0.0637207031
1777576151.1091545,0.0637207031
1777576151.1191545,0.0637207031
1777576151.1291544,0.0637207031
1777576151.1391544,0.0637207031
1777576151.1491544,0.0637207031
1777576151.1591544,0.0637207031
1777576151.1691544,0.0637207031
1777576151.1791544,0.0637207031
1777576151.1891544,0.0637207031
1777576151.1991544,0.0637207031
1777576151.2091544,0.0637207031
1777576151.2191546,0.0637207031
1777576151.2291546,0.0637207031
1777576151.2391546,0.0637207031
1777576151.2491546,0.0637207031
1777576151.2591546,0.0637207031
1777576151.2691545,0.0637207031
1777576151.2791545,0.0637207031
1777576151.2891545,0.0637207031
1777576151.2991545,0.1721191406
1777576151.3091545,0.1721191406
1777576151.3191545,0.1721191406
1777576151.3291545,0.1721191406
1777576151.3391545,0.1721191406
1777576151.3491545,0.1721191406
1777576151.3591545,0.1721191406
1777576151.3691545,0.1721191406
1777576151.3791544,0.1721191406
1777576151.3891544,0.1721191406
1777576151.3991544,0.1721191406
1777576151.4091544,0.1721191406
1777576151.4191546,0.1721191406
1777576151.4291546,0.1721191406
1777576151.4391546,0.1721191406
1777576151.4491546,0.1721191406
1777576151.4591546,0.1721191406
1777576151.4691546,0.1721191406
1777576151.4791546,0.1721191406
1777576151.4891546,0.1721191406
1777576151.4991546,0.0446777344
1777576151.5091546,0.0446777344
1777576151.5191545,0.0446777344
1777576151.5291545,0.0446777344
1777576151.5391545,0.0446777344
1777576151.5491545,0.0446777344
1777576151.5591545,0.0446777344
1777576151.5691545,0.0446777344
1777576151.5791545,0.0446777344
1777576151.5891545,0.0446777344
1777576151.5991545,0.0446777344
1777576151.6091545,0.0446777344
1777576151.6191547,0.0446777344
1777576151.6291547,0.0446777344
1777576151.6391547,0.0446777344
1777576151.6491547,0.0446777344
1777576151.6591547,0.0446777344
1777576151.6691546,0.0446777344
1777576151.6791546,0.0446777344
1777576151.6891546,0.0446777344
1777576151.6991546,0.0849609375
1777576151.7091546,0.0849609375
1777576151.7191546,0.0849609375
1777576151.7291546,0.0849609375
1777576151.7391546,0.0849609375
1777576151.7491546,0.0849609375
1777576151.7591546,0.0849609375
1777576151.7691545,0.0849609375
1777576151.7791545,0.0849609375
1777576151.7891545,0.0849609375
1777576151.7991545,0.0849609375
1777576151.8091545,0.0849609375
1777576151.8191547,0.0849609375
1777576151.8291547,0.0849609375
1777576151.8391547,0.0849609375
1777576151.8491547,0.0849609375
1777576151.8591547,0.0849609375
1777576151.8691547,0.0849609375
1777576151.8791547,0.0849609375
1777576151.8891547,0.0849609375
1777576151.8991547,-0.0629882812
1777576151.9091547,-0.0629882812
1777576151.9191546,-0.0629882812
1777576151.9291546,-0.0629882812
1777576151.9391546,-0.0629882812
1777576151.9491546,-0.0629882812
1777576151.9591546,-0.0629882812
1777576151.9691546,-0.0629882812
1777576151.9791546,-0.0629882812
1777576151.9891546,-0.0629882812
1777576151.9991546,-0.0629882812
1777576152.0091546,-0.0629882812
1777576152.0191548,-0.0629882812
1777576152.0291548,-0.0629882812
1777576152.0391548,-0.0629882812
1777576152.0491548,-0.0629882812
1777576152.0591547,-0.0629882812
1777576152.0691547,-0.0629882812
1777576152.0791547,-0.0629882812
1777576152.0891547,-0.0629882812
1777576152.0991547,0.0754394531
1777576152.1091547,0.0754394531
1777576152.1191547,0.0754394531
1777576152.1291547,0.0754394531
1777576152.1391547,0.0754394531
1777576152.1491547,0.0754394531
1777576152.1591547,0.0754394531
1777576152.1691546,0.0754394531
1777576152.1791546,0.0754394531
1777576152.1891546,0.0754394531
1777576152.1991546,0.0754394531
1777576152.2091546,0.0754394531
1777576152.2191548,0.0754394531
1777576152.2291548,0.0754394531
1777576152.2391548,0.0754394531
1777576152.2491548,0.0754394531
1777576152.2591548,0.0754394531
1777576152.2691548,0.0754394531
1777576152.2791548,0.0754394531
1777576152.2891548,0.0754394531
1777576152.2991548,0.0991210938
1777576152.3091547,0.0991210938
1777576152.3191547,0.0991210938
1777576152.3291547,0.0991210938
1777576152.3391547,0.0991210938
1777576152.3491547,0.0991210938
1777576152.3591547,0.0991210938
1777576152.3691547,0.0991210938
1777576152.3791547,0.0991210938
1777576152.3891547,0.0991210938
1777576152.3991547,0.0991210938
1777576152.4091547,0.0991210938
1777576152.419155,0.0991210938
1777576152.4291549,0.0991210938
1777576152.4391549,0.0991210938
1777576152.4491549,0.0991210938
1777576152.4591548,0.0991210938
1777576152.4691548,0.0991210938
1777576152.4791548,0.0991210938
1777576152.4891548,0.0991210938
1777576152.4991548,0.2106933594
1777576152.5091548,0.2106933594
1777576152.5191548,0.2106933594
1777576152.5291548,0.2106933594
1777576152.5391548,0.2106933594
1777576152.5491548,0.2106933594
1777576152.5591547,0.2106933594
1777576152.5691547,0.2106933594
1777576152.5791547,0.2106933594
1777576152.5891547,0.2106933594
1777576152.5991547,0.2106933594
1777576152.6091547,0.2106933594
1777576152.619155,0.2106933594
1777576152.629155,0.2106933594
1777576152.639155,0.2106933594
1777576152.649155,0.2106933594
1777576152.659155,0.2106933594
1777576152.669155,0.2106933594
1777576152.6791549,0.2106933594
1777576152.6891549,0.2106933594
1777576152.6991549,-0.4204101562
1777576152.7091548,-0.4204101562
1777576152.7191548,-0.4204101562
1777576152.7291548,-0.4204101562
1777576152.7391548,-0.4204101562
1777576152.7491548,-0.4204101562
1777576152.7591548,-0.4204101562
1777576152.7691548,-0.4204101562
1777576152.7791548,-0.4204101562
1777576152.7891548,-0.4204101562
1777576152.7991548,-0.4204101562
1777576152.8091547,-0.4204101562
1777576152.819155,-0.4204101562
1777576152.829155,-0.4204101562
1777576152.839155,-0.4204101562
1777576152.849155,-0.4204101562
1777576152.859155,-0.4204101562
1777576152.869155,-0.4204101562
1777576152.879155,-0.4204101562
1777576152.889155,-0.4204101562
1777576152.899155,0.1027832031
1777576152.909155,0.1027832031
1777576152.919155,0.1027832031
1777576152.9291549,0.1027832031
1777576152.9391549,0.1027832031
1777576152.9491549,0.1027832031
1777576152.9591548,0.1027832031
1777576152.9691548,0.1027832031
1777576152.9791548,0.1027832031
1777576152.9891548,0.1027832031
1777576152.9991548,0.1027832031
1777576153.0091548,0.1027832031
1777576153.019155,0.1027832031
1777576153.029155,0.1027832031
1777576153.039155,0.1027832031
1777576153.049155,0.1027832031
1777576153.059155,0.1027832031
1777576153.069155,0.1027832031
1777576153.079155,0.1027832031
1777576153.089155,0.1027832031
1777576153.099155,-0.0146484375
1777576153.109155,-0.0146484375
1777576153.119155,-0.0146484375
1777576153.129155,-0.0146484375
1777576153.139155,-0.0146484375
1777576153.149155,-0.0146484375
1777576153.159155,-0.0146484375
1777576153.169155,-0.0146484375
1777576153.1791549,-0.0146484375
1777576153.1891549,-0.0146484375
1777576153.1991549,-0.0146484375
1777576153.2091548,-0.0146484375
1777576153.219155,-0.0146484375
1777576153.229155,-0.0146484375
1777576153.239155,-0.0146484375
1777576153.249155,-0.0146484375
1777576153.259155,-0.0146484375
1777576153.269155,-0.0146484375
1777576153.279155,-0.0146484375
1777576153.289155,-0.0146484375
1777576153.299155,0.0920410156
1777576153.309155,0.0920410156
1777576153.319155,0.0920410156
1777576153.329155,0.0920410156
1777576153.339155,0.0920410156
1777576153.349155,0.0920410156
1777576153.359155,0.0920410156
1777576153.369155,0.0920410156
1777576153.379155,0.0920410156
1777576153.389155,0.0920410156
1777576153.399155,0.0920410156
1777576153.409155,0.0920410156
1777576153.4191551,0.0920410156
1777576153.429155,0.0920410156
1777576153.439155,0.0920410156
1777576153.449155,0.0920410156
1777576153.459155,0.0920410156
1777576153.469155,0.0920410156
1777576153.479155,0.0920410156
1777576153.489155,0.0920410156
1777576153.499155,-0.0656738281
1777576153.509155,-0.0656738281
1777576153.519155,-0.0656738281
1777576153.529155,-0.0656738281
1777576153.539155,-0.0656738281
1777576153.549155,-0.0656738281
1777576153.559155,-0.0656738281
1777576153.569155,-0.0656738281
1777576153.579155,-0.0656738281
1777576153.589155,-0.0656738281
1777576153.599155,-0.0656738281
1777576153.609155,-0.0656738281
1777576153.6191552,-0.0656738281
1777576153.6291552,-0.0656738281
1777576153.6391551,-0.0656738281
1777576153.6491551,-0.0656738281
1777576153.6591551,-0.0656738281
1777576153.6691551,-0.0656738281
1777576153.679155,-0.0656738281
1777576153.689155,-0.0656738281
1777576153.699155,-0.3325195312
1777576153.709155,-0.3325195312
1777576153.719155,-0.3325195312
1777576153.729155,-0.3325195312
1777576153.739155,-0.3325195312
1777576153.749155,-0.3325195312
1777576153.759155,-0.3325195312
1777576153.769155,-0.3325195312
1777576153.779155,-0.3325195312
1777576153.789155,-0.3325195312
1777576153.799155,-0.3325195312
1777576153.809155,-0.3325195312
1777576153.8191552,-0.3325195312
1777576153.8291552,-0.3325195312
1777576153.8391552,-0.3325195312
1777576153.8491552,-0.3325195312
1777576153.8591552,-0.3325195312
1777576153.8691552,-0.3325195312
1777576153.8791552,-0.3325195312
1777576153.8891551,-0.3325195312
1777576153.8991551,-0.0776367188
1777576153.9091551,-0.0776367188
1777576153.9191551,-0.0776367188
1777576153.929155,-0.0776367188
1777576153.939155,-0.0776367188
1777576153.949155,-0.0776367188
1777576153.959155,-0.0776367188
1777576153.969155,-0.0776367188
1777576153.979155,-0.0776367188
1777576153.989155,-0.0776367188
1777576153.999155,-0.0776367188
1777576154.009155,-0.0776367188
1777576154.0191553,-0.0776367188
1777576154.0291553,-0.0776367188
1777576154.0391552,-0.0776367188
1777576154.0491552,-0.0776367188
1777576154.0591552,-0.0776367188
1777576154.0691552,-0.0776367188
1777576154.0791552,-0.0776367188
1777576154.0891552,-0.0776367188
1777576154.0991552,-0.0083007812
1777576154.1091552,-0.0083007812
1777576154.1191552,-0.0083007812
1777576154.1291552,-0.0083007812
1777576154.1391551,-0.0083007812
1777576154.1491551,-0.0083007812
1777576154.1591551,-0.0083007812
1777576154.1691551,-0.0083007812
1777576154.179155,-0.0083007812
1777576154.189155,-0.0083007812
1777576154.199155,-0.0083007812
1777576154.209155,-0.0083007812
1777576154.2191553,-0.0083007812
1777576154.2291553,-0.0083007812
1777576154.2391553,-0.0083007812
1777576154.2491553,-0.0083007812
1777576154.2591553,-0.0083007812
1777576154.2691553,-0.0083007812
1777576154.2791553,-0.0083007812
1777576154.2891552,-0.0083007812
1777576154.2991552,-0.0583496094
1777576154.3091552,-0.0583496094
1777576154.3191552,-0.0583496094
1777576154.3291552,-0.0583496094
1777576154.3391552,-0.0583496094
1777576154.3491552,-0.0583496094
1777576154.3591552,-0.0583496094
1777576154.3691552,-0.0583496094
1777576154.3791552,-0.0583496094
1777576154.3891551,-0.0583496094
1777576154.3991551,-0.0583496094
1777576154.4091551,-0.0583496094
1777576154.4191554,-0.0583496094
1777576154.4291553,-0.0583496094
1777576154.4391553,-0.0583496094
1777576154.4491553,-0.0583496094
1777576154.4591553,-0.0583496094
1777576154.4691553,-0.0583496094
1777576154.4791553,-0.0583496094
1777576154.4891553,-0.0583496094
1777576154.4991553,-0.0417480469
1777576154.5091553,-0.0417480469
1777576154.5191553,-0.0417480469
1777576154.5291553,-0.0417480469
1777576154.5391552,-0.0417480469
1777576154.5491552,-0.0417480469
1777576154.5591552,-0.0417480469
1777576154.5691552,-0.0417480469
1777576154.5791552,-0.0417480469
1777576154.5891552,-0.0417480469
1777576154.5991552,-0.0417480469
1777576154.6091552,-0.0417480469
1777576154.6191554,-0.0417480469
1777576154.6291554,-0.0417480469
1777576154.6391554,-0.0417480469
1777576154.6491554,-0.0417480469
1777576154.6591554,-0.0417480469
1777576154.6691554,-0.0417480469
1777576154.6791553,-0.0417480469
1777576154.6891553,-0.0417480469
1777576154.6991553,-0.3208007812
1777576154.7091553,-0.3208007812
1777576154.7191553,-0.3208007812
1777576154.7291553,-0.3208007812
1777576154.7391553,-0.3208007812
1777576154.7491553,-0.3208007812
1777576154.7591553,-0.3208007812
1777576154.7691553,-0.3208007812
1777576154.7791553,-0.3208007812
1777576154.7891552,-0.3208007812
1777576154.7991552,-0.3208007812
1777576154.8091552,-0.3208007812
1777576154.8191555,-0.3208007812
1777576154.8291554,-0.3208007812
1777576154.8391554,-0.3208007812
1777576154.8491554,-0.3208007812
1777576154.8591554,-0.3208007812
1777576154.8691554,-0.3208007812
1777576154.8791554,-0.3208007812
1777576154.8891554,-0.3208007812
1777576154.8991554,0.1196289062
1777576154.9091554,0.1196289062
1777576154.9191554,0.1196289062
1777576154.9291553,0.1196289062
1777576154.9391553,0.1196289062
1777576154.9491553,0.1196289062
1777576154.9591553,0.1196289062
1777576154.9691553,0.1196289062
1777576154.9791553,0.1196289062
1777576154.9891553,0.1196289062
1777576154.9991553,0.1196289062
1777576155.0091553,0.1196289062
1777576155.0191555,0.1196289062
1777576155.0291555,0.1196289062
1777576155.0391555,0.1196289062
1777576155.0491555,0.1196289062
1777576155.0591555,0.1196289062
1777576155.0691555,0.1196289062
1777576155.0791554,0.1196289062
1777576155.0891554,0.1196289062
1777576155.0991554,-0.3864746094
1777576155.1091554,-0.3864746094
1777576155.1191554,-0.3864746094
1777576155.1291554,-0.3864746094
1777576155.1391554,-0.3864746094
1777576155.1491554,-0.3864746094
1777576155.1591554,-0.3864746094
1777576155.1691554,-0.3864746094
1777576155.1791553,-0.3864746094
1777576155.1891553,-0.3864746094
1777576155.1991553,-0.3864746094
1777576155.2091553,-0.3864746094
1777576155.2191556,-0.3864746094
1777576155.2291555,-0.3864746094
1777576155.2391555,-0.3864746094
1777576155.2491555,-0.3864746094
1777576155.2591555,-0.3864746094
1777576155.2691555,-0.3864746094
1777576155.2791555,-0.3864746094
1777576155.2891555,-0.3864746094
1777576155.2991555,-0.0339355469
1777576155.3091555,-0.0339355469
1777576155.3191555,-0.0339355469
1777576155.3291554,-0.0339355469
1777576155.3391554,-0.0339355469
1777576155.3491554,-0.0339355469
1777576155.3591554,-0.0339355469
1777576155.3691554,-0.0339355469
1777576155.3791554,-0.0339355469
1777576155.3891554,-0.0339355469
1777576155.3991554,-0.0339355469
1777576155.4091554,-0.0339355469
1777576155.4191556,-0.0339355469
1777576155.4291556,-0.0339355469
1777576155.4391556,-0.0339355469
1777576155.4491556,-0.0339355469
1777576155.4591556,-0.0339355469
1777576155.4691556,-0.0339355469
1777576155.4791555,-0.0339355469
1777576155.4891555,-0.0339355469
1777576155.4991555,-0.0913085938
1777576155.5091555,-0.0913085938
1777576155.5191555,-0.0913085938
1777576155.5291555,-0.0913085938
1777576155.5391555,-0.0913085938
1777576155.5491555,-0.0913085938
1777576155.5591555,-0.0913085938
1777576155.5691555,-0.0913085938
1777576155.5791554,-0.0913085938
1777576155.5891554,-0.0913085938
1777576155.5991554,-0.0913085938
1777576155.6091554,-0.0913085938
1777576155.6191556,-0.0913085938
1777576155.6291556,-0.0913085938
1777576155.6391556,-0.0913085938
1777576155.6491556,-0.0913085938
1777576155.6591556,-0.0913085938
1777576155.6691556,-0.0913085938
1777576155.6791556,-0.0913085938
1777576155.6891556,-0.0913085938
1777576155.6991556,-0.1232910156
1777576155.7091556,-0.1232910156
1777576155.7191556,-0.1232910156
1777576155.7291555,-0.1232910156
1777576155.7391555,-0.1232910156
1777576155.7491555,-0.1232910156
1777576155.7591555,-0.1232910156
1777576155.7691555,-0.1232910156
1777576155.7791555,-0.1232910156
1777576155.7891555,-0.1232910156
1777576155.7991555,-0.1232910156
1777576155.8091555,-0.1232910156
1777576155.8191557,-0.1232910156
1777576155.8291557,-0.1232910156
1777576155.8391557,-0.1232910156
1777576155.8491557,-0.1232910156
1777576155.8591557,-0.1232910156
1777576155.8691556,-0.1232910156
1777576155.8791556,-0.1232910156
1777576155.8891556,-0.1232910156
1777576155.8991556,0.1535644531
1777576155.9091556,0.1535644531
1777576155.9191556,0.1535644531
1777576155.9291556,0.1535644531
1777576155.9391556,0.1535644531
1777576155.9491556,0.1535644531
1777576155.9591556,0.1535644531
1777576155.9691556,0.1535644531
1777576155.9791555,0.1535644531
1777576155.9891555,0.1535644531
1777576155.9991555,0.1535644531
1777576156.0091555,0.1535644531
1777576156.0191557,0.1535644531
1777576156.0291557,0.1535644531
1777576156.0391557,0.1535644531
1777576156.0491557,0.1535644531
1777576156.0591557,0.1535644531
1777576156.0691557,0.1535644531
1777576156.0791557,0.1535644531
1777576156.0891557,0.1535644531
1777576156.0991557,0.0383300781
1777576156.1091557,0.0383300781
1777576156.1191556,0.0383300781
1777576156.1291556,0.0383300781
1777576156.1391556,0.0383300781
1777576156.1491556,0.0383300781
1777576156.1591556,0.0383300781
1777576156.1691556,0.0383300781
1777576156.1791556,0.0383300781
1777576156.1891556,0.0383300781
1777576156.1991556,0.0383300781
1777576156.2091556,0.0383300781
1777576156.2191558,0.0383300781
1777576156.2291558,0.0383300781
1777576156.2391558,0.0383300781
1777576156.2491558,0.0383300781
1777576156.2591558,0.0383300781
1777576156.2691557,0.0383300781
1777576156.2791557,0.0383300781
1777576156.2891557,0.0383300781
1777576156.2991557,-0.1555175781
1777576156.3091557,-0.1555175781
1777576156.3191557,-0.1555175781
1777576156.3291557,-0.1555175781
1777576156.3391557,-0.1555175781
1777576156.3491557,-0.1555175781
1777576156.3591557,-0.1555175781
1777576156.3691556,-0.1555175781
1777576156.3791556,-0.1555175781
1777576156.3891556,-0.1555175781
1777576156.3991556,-0.1555175781
1777576156.4091556,-0.1555175781
1777576156.4191558,-0.1555175781
1777576156.4291558,-0.1555175781
1777576156.4391558,-0.1555175781
1777576156.4491558,-0.1555175781
1777576156.4591558,-0.1555175781
1777576156.4691558,-0.1555175781
1777576156.4791558,-0.1555175781
1777576156.4891558,-0.1555175781
1777576156.4991558,0.1936035156
1777576156.5091558,0.1936035156
1777576156.5191557,0.1936035156
1777576156.5291557,0.1936035156
1777576156.5391557,0.1936035156
1777576156.5491557,0.1936035156
1777576156.5591557,0.1936035156
1777576156.5691557,0.1936035156
1777576156.5791557,0.1936035156
1777576156.5891557,0.1936035156
1777576156.5991557,0.1936035156
1777576156.6091557,0.1936035156
1777576156.619156,0.1936035156
1777576156.6291559,0.1936035156
1777576156.6391559,0.1936035156
1777576156.6491559,0.1936035156
1777576156.6591558,0.1936035156
1777576156.6691558,0.1936035156
1777576156.6791558,0.1936035156
1777576156.6891558,0.1936035156
1777576156.6991558,-0.1511230469
1777576156.7091558,-0.1511230469
1777576156.7191558,-0.1511230469
1777576156.7291558,-0.1511230469
1777576156.7391558,-0.1511230469
1777576156.7491558,-0.1511230469
1777576156.7591558,-0.1511230469
1777576156.7691557,-0.1511230469
1777576156.7791557,-0.1511230469
1777576156.7891557,-0.1511230469
1777576156.7991557,-0.1511230469
1777576156.8091557,-0.1511230469
1777576156.819156,-0.1511230469
1777576156.829156,-0.1511230469
1777576156.839156,-0.1511230469
1777576156.849156,-0.1511230469
1777576156.859156,-0.1511230469
1777576156.869156,-0.1511230469
1777576156.8791559,-0.1511230469
1777576156.8891559,-0.1511230469
1777576156.8991559,0.029296875
1777576156.9091558,0.029296875
1777576156.9191558,0.029296875
1777576156.9291558,0.029296875
1777576156.9391558,0.029296875
1777576156.9491558,0.029296875
1777576156.9591558,0.029296875
1777576156.9691558,0.029296875
1777576156.9791558,0.029296875
1777576156.9891558,0.029296875
1777576156.9991558,0.029296875
1777576157.0091558,0.029296875
1777576157.019156,0.029296875
1777576157.029156,0.029296875
1777576157.039156,0.029296875
1777576157.049156,0.029296875
1777576157.059156,0.029296875
1777576157.069156,0.029296875
1777576157.079156,0.029296875
1777576157.089156,0.029296875
1777576157.099156,0.0515136719
1777576157.109156,0.0515136719
1777576157.119156,0.0515136719
1777576157.1291559,0.0515136719
1777576157.1391559,0.0515136719
1777576157.1491559,0.0515136719
1777576157.1591558,0.0515136719
1777576157.1691558,0.0515136719
1777576157.1791558,0.0515136719
1777576157.1891558,0.0515136719
1777576157.1991558,0.0515136719
1777576157.2091558,0.0515136719
1777576157.219156,0.0515136719
1777576157.229156,0.0515136719
1777576157.239156,0.0515136719
1777576157.249156,0.0515136719
1777576157.259156,0.0515136719
1777576157.269156,0.0515136719
1777576157.279156,0.0515136719
1777576157.289156,0.0515136719
1777576157.299156,0.0041503906
1777576157.309156,0.0041503906
1777576157.319156,0.0041503906
1777576157.329156,0.0041503906
1777576157.339156,0.0041503906
1777576157.349156,0.0041503906
1777576157.359156,0.0041503906
1777576157.369156,0.0041503906
1777576157.3791559,0.0041503906
1777576157.3891559,0.0041503906
1777576157.3991559,0.0041503906
1777576157.4091558,0.0041503906
1777576157.419156,0.0041503906
1777576157.429156,0.0041503906
1777576157.439156,0.0041503906
1777576157.449156,0.0041503906
1777576157.459156,0.0041503906
1777576157.469156,0.0041503906
1777576157.479156,0.0041503906
1777576157.489156,0.0041503906
1777576157.499156,-0.2719726562
1777576157.509156,-0.2719726562
1777576157.519156,-0.2719726562
1777576157.529156,-0.2719726562
1777576157.539156,-0.2719726562
1777576157.549156,-0.2719726562
1777576157.559156,-0.2719726562
1777576157.569156,-0.2719726562
1777576157.579156,-0.2719726562
1777576157.589156,-0.2719726562
1777576157.599156,-0.2719726562
1777576157.609156,-0.2719726562
1777576157.6191561,-0.2719726562
1777576157.629156,-0.2719726562
1777576157.639156,-0.2719726562
1777576157.649156,-0.2719726562
1777576157.659156,-0.2719726562
1777576157.669156,-0.2719726562
1777576157.679156,-0.2719726562
1777576157.689156,-0.2719726562
1777576157.699156,-0.1511230469
1777576157.709156,-0.1511230469
1777576157.719156,-0.1511230469
1777576157.729156,-0.1511230469
1777576157.739156,-0.1511230469
1777576157.749156,-0.1511230469
1777576157.759156,-0.1511230469
1777576157.769156,-0.1511230469
1777576157.779156,-0.1511230469
1777576157.789156,-0.1511230469
1777576157.799156,-0.1511230469
1777576157.809156,-0.1511230469
1777576157.8191562,-0.1511230469
1777576157.8291562,-0.1511230469
1777576157.8391562,-0.1511230469
1777576157.8491561,-0.1511230469
1777576157.8591561,-0.1511230469
1777576157.8691561,-0.1511230469
1777576157.879156,-0.1511230469
1777576157.889156,-0.1511230469
1777576157.899156,-0.2475585938
1777576157.909156,-0.2475585938
1777576157.919156,-0.2475585938
1777576157.929156,-0.2475585938
1777576157.939156,-0.2475585938
1777576157.949156,-0.2475585938
1777576157.959156,-0.2475585938
1777576157.969156,-0.2475585938
1777576157.979156,-0.2475585938
1777576157.989156,-0.2475585938
1777576157.999156,-0.2475585938
1777576158.009156,-0.2475585938
1777576158.0191562,-0.2475585938
1777576158.0291562,-0.2475585938
1777576158.0391562,-0.2475585938
1777576158.0491562,-0.2475585938
1777576158.0591562,-0.2475585938
1777576158.0691562,-0.2475585938
1777576158.0791562,-0.2475585938
1777576158.0891562,-0.2475585938
1777576158.0991561,0.0986328125
1777576158.1091561,0.0986328125
1777576158.1191561,0.0986328125
1777576158.129156,0.0986328125
1777576158.139156,0.0986328125
1777576158.149156,0.0986328125
1777576158.159156,0.0986328125
1777576158.169156,0.0986328125
1777576158.179156,0.0986328125
1777576158.189156,0.0986328125
1777576158.199156,0.0986328125
1777576158.209156,0.0986328125
1777576158.2191563,0.0986328125
1777576158.2291563,0.0986328125
1777576158.2391562,0.0986328125
1777576158.2491562,0.0986328125
1777576158.2591562,0.0986328125
1777576158.2691562,0.0986328125
1777576158.2791562,0.0986328125
1777576158.2891562,0.0986328125
1777576158.2991562,-0.1840820312
1777576158.3091562,-0.1840820312
1777576158.3191562,-0.1840820312
1777576158.3291562,-0.1840820312
1777576158.3391562,-0.1840820312
1777576158.3491561,-0.1840820312
1777576158.3591561,-0.1840820312
1777576158.3691561,-0.1840820312
1777576158.379156,-0.1840820312
1777576158.389156,-0.1840820312
1777576158.399156,-0.1840820312
1777576158.409156,-0.1840820312
1777576158.4191563,-0.1840820312
1777576158.4291563,-0.1840820312
1777576158.4391563,-0.1840820312
1777576158.4491563,-0.1840820312
1777576158.4591563,-0.1840820312
1777576158.4691563,-0.1840820312
1777576158.4791563,-0.1840820312
1777576158.4891562,-0.1840820312
1777576158.4991562,-0.2768554688
1777576158.5091562,-0.2768554688
1777576158.5191562,-0.2768554688
1777576158.5291562,-0.2768554688
1777576158.5391562,-0.2768554688
1777576158.5491562,-0.2768554688
1777576158.5591562,-0.2768554688
1777576158.5691562,-0.2768554688
1777576158.5791562,-0.2768554688
1777576158.5891562,-0.2768554688
1777576158.5991561,-0.2768554688
1777576158.6091561,-0.2768554688
1777576158.6191564,-0.2768554688
1777576158.6291564,-0.2768554688
1777576158.6391563,-0.2768554688
1777576158.6491563,-0.2768554688
1777576158.6591563,-0.2768554688
1777576158.6691563,-0.2768554688
1777576158.6791563,-0.2768554688
1777576158.6891563,-0.2768554688
1777576158.6991563,0.2492675781
1777576158.7091563,0.2492675781
1777576158.7191563,0.2492675781
1777576158.7291563,0.2492675781
1777576158.7391562,0.2492675781
1777576158.7491562,0.2492675781
1777576158.7591562,0.2492675781
1777576158.7691562,0.2492675781
1777576158.7791562,0.2492675781
1777576158.7891562,0.2492675781
1777576158.7991562,0.2492675781
1777576158.8091562,0.2492675781
1777576158.8191564,0.2492675781
1777576158.8291564,0.2492675781
1777576158.8391564,0.2492675781
1777576158.8491564,0.2492675781
1777576158.8591564,0.2492675781
1777576158.8691564,0.2492675781
1777576158.8791564,0.2492675781
1777576158.8891563,0.2492675781
1777576158.8991563,-0.0205078125
1777576158.9091563,-0.0205078125
1777576158.9191563,-0.0205078125
1777576158.9291563,-0.0205078125
1777576158.9391563,-0.0205078125
1777576158.9491563,-0.0205078125
1777576158.9591563,-0.0205078125
1777576158.9691563,-0.0205078125
1777576158.9791563,-0.0205078125
1777576158.9891562,-0.0205078125
1777576158.9991562,-0.0205078125
1777576159.0091562,-0.0205078125
1777576159.0191565,-0.0205078125
1777576159.0291564,-0.0205078125
1777576159.0391564,-0.0205078125
1777576159.0491564,-0.0205078125
1777576159.0591564,-0.0205078125
1777576159.0691564,-0.0205078125
1777576159.0791564,-0.0205078125
1777576159.0891564,-0.0205078125
1777576159.0991564,-0.1643066406
1777576159.1091564,-0.1643066406
1777576159.1191564,-0.1643066406
1777576159.1291564,-0.1643066406
1777576159.1391563,-0.1643066406
1777576159.1491563,-0.1643066406
1777576159.1591563,-0.1643066406
1777576159.1691563,-0.1643066406
1777576159.1791563,-0.1643066406
1777576159.1891563,-0.1643066406
1777576159.1991563,-0.1643066406
1777576159.2091563,-0.1643066406
1777576159.2191565,-0.1643066406
1777576159.2291565,-0.1643066406
1777576159.2391565,-0.1643066406
1777576159.2491565,-0.1643066406
1777576159.2591565,-0.1643066406
1777576159.2691565,-0.1643066406
1777576159.2791564,-0.1643066406
1777576159.2891564,-0.1643066406
1777576159.2991564,-0.0180664062
1777576159.3091564,-0.0180664062
1777576159.3191564,-0.0180664062
1777576159.3291564,-0.0180664062
1777576159.3391564,-0.0180664062
1777576159.3491564,-0.0180664062
1777576159.3591564,-0.0180664062
1777576159.3691564,-0.0180664062
1777576159.3791564,-0.0180664062
1777576159.3891563,-0.0180664062
1777576159.3991563,-0.0180664062
1777576159.4091563,-0.0180664062
1777576159.4191566,-0.0180664062
1777576159.4291565,-0.0180664062
1777576159.4391565,-0.0180664062
1777576159.4491565,-0.0180664062
1777576159.4591565,-0.0180664062
1777576159.4691565,-0.0180664062
1777576159.4791565,-0.0180664062
1777576159.4891565,-0.0180664062
1777576159.4991565,0.0146484375
1777576159.5091565,0.0146484375
1777576159.5191565,0.0146484375
1777576159.5291564,0.0146484375
1777576159.5391564,0.0146484375
1777576159.5491564,0.0146484375
1777576159.5591564,0.0146484375
1777576159.5691564,0.0146484375
1777576159.5791564,0.0146484375
1777576159.5891564,0.0146484375
1777576159.5991564,0.0146484375
1777576159.6091564,0.0146484375
1777576159.6191566,0.0146484375
1777576159.6291566,0.0146484375
1777576159.6391566,0.0146484375
1777576159.6491566,0.0146484375
1777576159.6591566,0.0146484375
1777576159.6691566,0.0146484375
1777576159.6791565,0.0146484375
1777576159.6891565,0.0146484375
1777576159.6991565,-0.1496582031
1777576159.7091565,-0.1496582031
1777576159.7191565,-0.1496582031
1777576159.7291565,-0.1496582031
1777576159.7391565,-0.1496582031
1777576159.7491565,-0.1496582031
1777576159.7591565,-0.1496582031
1777576159.7691565,-0.1496582031
1777576159.7791564,-0.1496582031
1777576159.7891564,-0.1496582031
1777576159.7991564,-0.1496582031
1777576159.8091564,-0.1496582031
1777576159.8191566,-0.1496582031
1777576159.8291566,-0.1496582031
1777576159.8391566,-0.1496582031
1777576159.8491566,-0.1496582031
1777576159.8591566,-0.1496582031
1777576159.8691566,-0.1496582031
1777576159.8791566,-0.1496582031
1777576159.8891566,-0.1496582031
1777576159.8991566,-0.2819824219
1777576159.9091566,-0.2819824219
1777576159.9191566,-0.2819824219
1777576159.9291565,-0.2819824219
1777576159.9391565,-0.2819824219
1777576159.9491565,-0.2819824219
1777576159.9591565,-0.2819824219
1777576159.9691565,-0.2819824219
1777576159.9791565,-0.2819824219
1777576159.9891565,-0.2819824219
1777576159.9991565,-0.2819824219
1777576160.0091565,-0.2819824219
1777576160.0191567,-0.2819824219
1777576160.0291567,-0.2819824219
1777576160.0391567,-0.2819824219
1777576160.0491567,-0.2819824219
1777576160.0591567,-0.2819824219
1777576160.0691566,-0.2819824219
1777576160.0791566,-0.2819824219
1777576160.0891566,-0.2819824219
1777576160.0991566,-0.1384277344
1777576160.1091566,-0.1384277344
1777576160.1191566,-0.1384277344
1777576160.1291566,-0.1384277344
1777576160.1391566,-0.1384277344
1777576160.1491566,-0.1384277344
1777576160.1591566,-0.1384277344
1777576160.1691566,-0.1384277344
1777576160.1791565,-0.1384277344
1777576160.1891565,-0.1384277344
1777576160.1991565,-0.1384277344
1777576160.2091565,-0.1384277344
1777576160.2191567,-0.1384277344
1777576160.2291567,-0.1384277344
1777576160.2391567,-0.1384277344
1777576160.2491567,-0.1384277344
1777576160.2591567,-0.1384277344
1777576160.2691567,-0.1384277344
1777576160.2791567,-0.1384277344
1777576160.2891567,-0.1384277344
1777576160.2991567,0.2358398438
1777576160.3091567,0.2358398438
1777576160.3191566,0.2358398438
1777576160.3291566,0.2358398438
1777576160.3391566,0.2358398438
1777576160.3491566,0.2358398438
1777576160.3591566,0.2358398438
1777576160.3691566,0.2358398438
1777576160.3791566,0.2358398438
1777576160.3891566,0.2358398438
1777576160.3991566,0.2358398438
1777576160.4091566,0.2358398438
1777576160.4191568,0.2358398438
1777576160.4291568,0.2358398438
1777576160.4391568,0.2358398438
1777576160.4491568,0.2358398438
1777576160.4591568,0.2358398438
1777576160.4691567,0.2358398438
1777576160.4791567,0.2358398438
1777576160.4891567,0.2358398438
1777576160.4991567,0.0095214844
1777576160.5091567,0.0095214844
1777576160.5191567,0.0095214844
1777576160.5291567,0.0095214844
1777576160.5391567,0.0095214844
1777576160.5491567,0.0095214844
1777576160.5591567,0.0095214844
1777576160.5691566,0.0095214844
1777576160.5791566,0.0095214844
1777576160.5891566,0.0095214844
1777576160.5991566,0.0095214844
1777576160.6091566,0.0095214844
1777576160.6191568,0.0095214844
1777576160.6291568,0.0095214844
1777576160.6391568,0.0095214844
1777576160.6491568,0.0095214844
1777576160.6591568,0.0095214844
1777576160.6691568,0.0095214844
1777576160.6791568,0.0095214844
1777576160.6891568,0.0095214844
1777576160.6991568,0.1240234375
1777576160.7091568,0.1240234375
1777576160.7191567,0.1240234375
1777576160.7291567,0.1240234375
1777576160.7391567,0.1240234375
1777576160.7491567,0.1240234375
1777576160.7591567,0.1240234375
1777576160.7691567,0.1240234375
1777576160.7791567,0.1240234375
1777576160.7891567,0.1240234375
1777576160.7991567,0.1240234375
1777576160.8091567,0.1240234375
1777576160.819157,0.1240234375
1777576160.8291569,0.1240234375
1777576160.8391569,0.1240234375
1777576160.8491569,0.1240234375
1777576160.8591568,0.1240234375
1777576160.8691568,0.1240234375
1777576160.8791568,0.1240234375
1777576160.8891568,0.1240234375
1777576160.8991568,-0.3415527344
1777576160.9091568,-0.3415527344
1777576160.9191568,-0.3415527344
1777576160.9291568,-0.3415527344
1777576160.9391568,-0.3415527344
1777576160.9491568,-0.3415527344
1777576160.9591568,-0.3415527344
1777576160.9691567,-0.3415527344
1777576160.9791567,-0.3415527344
1777576160.9891567,-0.3415527344
1777576160.9991567,-0.3415527344
1777576161.0091567,-0.3415527344
1777576161.019157,-0.3415527344
1777576161.029157,-0.3415527344
1777576161.039157,-0.3415527344
1777576161.049157,-0.3415527344
1777576161.059157,-0.3415527344
1777576161.069157,-0.3415527344
1777576161.0791569,-0.3415527344
1777576161.0891569,-0.3415527344
1777576161.0991569,0.044921875
1777576161.1091568,0.044921875
1777576161.1191568,0.044921875
1777576161.1291568,0.044921875
1777576161.1391568,0.044921875
1777576161.1491568,0.044921875
1777576161.1591568,0.044921875
1777576161.1691568,0.044921875
1777576161.1791568,0.044921875
1777576161.1891568,0.044921875
1777576161.1991568,0.044921875
1777576161.2091568,0.044921875
1777576161.219157,0.044921875
1777576161.229157,0.044921875
1777576161.239157,0.044921875
1777576161.249157,0.044921875
1777576161.259157,0.044921875
1777576161.269157,0.044921875
1777576161.279157,0.044921875
1777576161.289157,0.044921875
1777576161.299157,-0.1708984375
1777576161.309157,-0.1708984375
1777576161.319157,-0.1708984375
1777576161.3291569,-0.1708984375
1777576161.3391569,-0.1708984375
1777576161.3491569,-0.1708984375
1777576161.3591568,-0.1708984375
1777576161.3691568,-0.1708984375
1777576161.3791568,-0.1708984375
1777576161.3891568,-0.1708984375
1777576161.3991568,-0.1708984375
1777576161.4091568,-0.1708984375
1777576161.419157,-0.1708984375
1777576161.429157,-0.1708984375
1777576161.439157,-0.1708984375
1777576161.449157,-0.1708984375
1777576161.459157,-0.1708984375
1777576161.469157,-0.1708984375
1777576161.479157,-0.1708984375
1777576161.489157,-0.1708984375
1777576161.499157,-0.2155761719
1777576161.509157,-0.2155761719
1777576161.519157,-0.2155761719
1777576161.529157,-0.2155761719
1777576161.539157,-0.2155761719
1777576161.549157,-0.2155761719
1777576161.559157,-0.2155761719
1777576161.569157,-0.2155761719
1777576161.5791569,-0.2155761719
1777576161.5891569,-0.2155761719
1777576161.5991569,-0.2155761719
1777576161.6091568,-0.2155761719
1777576161.619157,-0.2155761719
1777576161.629157,-0.2155761719
1777576161.639157,-0.2155761719
1777576161.649157,-0.2155761719
1777576161.659157,-0.2155761719
1777576161.669157,-0.2155761719
1777576161.679157,-0.2155761719
1777576161.689157,-0.2155761719
1777576161.699157,0.0148925781
1777576161.709157,0.0148925781
1777576161.719157,0.0148925781
1777576161.729157,0.0148925781
1777576161.739157,0.0148925781
1777576161.749157,0.0148925781
1777576161.759157,0.0148925781
1777576161.769157,0.0148925781
1777576161.779157,0.0148925781
1777576161.789157,0.0148925781
1777576161.799157,0.0148925781
1777576161.809157,0.0148925781
1777576161.8191571,0.0148925781
1777576161.829157,0.0148925781
1777576161.839157,0.0148925781
1777576161.849157,0.0148925781
1777576161.859157,0.0148925781
1777576161.869157,0.0148925781
1777576161.879157,0.0148925781
1777576161.889157,0.0148925781
1777576161.899157,-0.109375
1777576161.909157,-0.109375
1777576161.919157,-0.109375
1777576161.929157,-0.109375
1777576161.939157,-0.109375
1777576161.949157,-0.109375
1777576161.959157,-0.109375
1777576161.969157,-0.109375
1777576161.979157,-0.109375
1777576161.989157,-0.109375
1777576161.999157,-0.109375
1777576162.009157,-0.109375
1777576162.0191572,-0.109375
1777576162.0291572,-0.109375
1777576162.0391572,-0.109375
1777576162.0491571,-0.109375
1777576162.0591571,-0.109375
1777576162.0691571,-0.109375
1777576162.079157,-0.109375
1777576162.089157,-0.109375
1777576162.099157,-0.1530761719
1777576162.109157,-0.1530761719
1777576162.119157,-0.1530761719
1777576162.129157,-0.1530761719
1777576162.139157,-0.1530761719
1777576162.149157,-0.1530761719
1777576162.159157,-0.1530761719
1777576162.169157,-0.1530761719
1777576162.179157,-0.1530761719
1777576162.189157,-0.1530761719
1777576162.199157,-0.1530761719
1777576162.209157,-0.1530761719
1777576162.2191572,-0.1530761719
1777576162.2291572,-0.1530761719
1777576162.2391572,-0.1530761719
1777576162.2491572,-0.1530761719
1777576162.2591572,-0.1530761719
1777576162.2691572,-0.1530761719
1777576162.2791572,-0.1530761719
1777576162.2891572,-0.1530761719
1777576162.2991571,0.0512695312
1777576162.3091571,0.0512695312
1777576162.3191571,0.0512695312
1777576162.329157,0.0512695312
1777576162.339157,0.0512695312
1777576162.349157,0.0512695312
1777576162.359157,0.0512695312
1777576162.369157,0.0512695312
1777576162.379157,0.0512695312
1777576162.389157,0.0512695312
1777576162.399157,0.0512695312
1777576162.409157,0.0512695312
1777576162.4191573,0.0512695312
1777576162.4291573,0.0512695312
1777576162.4391572,0.0512695312
1777576162.4491572,0.0512695312
1777576162.4591572,0.0512695312
1777576162.4691572,0.0512695312
1777576162.4791572,0.0512695312
1777576162.4891572,0.0512695312
1777576162.4991572,-0.0947265625
1777576162.5091572,-0.0947265625
1777576162.5191572,-0.0947265625
1777576162.5291572,-0.0947265625
1777576162.5391572,-0.0947265625
1777576162.5491571,-0.0947265625
1777576162.5591571,-0.0947265625
1777576162.5691571,-0.0947265625
1777576162.579157,-0.0947265625
1777576162.589157,-0.0947265625
1777576162.599157,-0.0947265625
1777576162.609157,-0.0947265625
1777576162.6191573,-0.0947265625
1777576162.6291573,-0.0947265625
1777576162.6391573,-0.0947265625
1777576162.6491573,-0.0947265625
1777576162.6591573,-0.0947265625
1777576162.6691573,-0.0947265625
1777576162.6791573,-0.0947265625
1777576162.6891572,-0.0947265625
1777576162.6991572,0.1506347656
1777576162.7091572,0.1506347656
1777576162.7191572,0.1506347656
1777576162.7291572,0.1506347656
1777576162.7391572,0.1506347656
1777576162.7491572,0.1506347656
1777576162.7591572,0.1506347656
1777576162.7691572,0.1506347656
1777576162.7791572,0.1506347656
1777576162.7891572,0.1506347656
1777576162.7991571,0.1506347656
1777576162.8091571,0.1506347656
1777576162.8191574,0.1506347656
1777576162.8291574,0.1506347656
1777576162.8391573,0.1506347656
1777576162.8491573,0.1506347656
1777576162.8591573,0.1506347656
1777576162.8691573,0.1506347656
1777576162.8791573,0.1506347656
1777576162.8891573,0.1506347656
1777576162.8991573,0.0187988281
1777576162.9091573,0.0187988281
1777576162.9191573,0.0187988281
1777576162.9291573,0.0187988281
1777576162.9391572,0.0187988281
1777576162.9491572,0.0187988281
1777576162.9591572,0.0187988281
1777576162.9691572,0.0187988281
1777576162.9791572,0.0187988281
1777576162.9891572,0.0187988281
1777576162.9991572,0.0187988281
1777576163.0091572,0.0187988281
1777576163.0191574,0.0187988281
1777576163.0291574,0.0187988281
1777576163.0391574,0.0187988281
1777576163.0491574,0.0187988281
1777576163.0591574,0.0187988281
1777576163.0691574,0.0187988281
1777576163.0791574,0.0187988281
1777576163.0891573,0.0187988281
1777576163.0991573,-0.2131347656
1777576163.1091573,-0.2131347656
1777576163.1191573,-0.2131347656
1777576163.1291573,-0.2131347656
1777576163.1391573,-0.2131347656
1777576163.1491573,-0.2131347656
1777576163.1591573,-0.2131347656
1777576163.1691573,-0.2131347656
1777576163.1791573,-0.2131347656
1777576163.1891572,-0.2131347656
1777576163.1991572,-0.2131347656
1777576163.2091572,-0.2131347656
1777576163.2191575,-0.2131347656
1777576163.2291574,-0.2131347656
1777576163.2391574,-0.2131347656
1777576163.2491574,-0.2131347656
1777576163.2591574,-0.2131347656
1777576163.2691574,-0.2131347656
1777576163.2791574,-0.2131347656
1777576163.2891574,-0.2131347656
1777576163.2991574,-0.0852050781
1777576163.3091574,-0.0852050781
1777576163.3191574,-0.0852050781
1777576163.3291574,-0.0852050781
1777576163.3391573,-0.0852050781
1777576163.3491573,-0.0852050781
1777576163.3591573,-0.0852050781
1777576163.3691573,-0.0852050781
1777576163.3791573,-0.0852050781
1777576163.3891573,-0.0852050781
1777576163.3991573,-0.0852050781
1777576163.4091573,-0.0852050781
1777576163.4191575,-0.0852050781
1777576163.4291575,-0.0852050781
1777576163.4391575,-0.0852050781
1777576163.4491575,-0.0852050781
1777576163.4591575,-0.0852050781
1777576163.4691575,-0.0852050781
1777576163.4791574,-0.0852050781
1777576163.4891574,-0.0852050781
1777576163.4991574,-0.0205078125
1777576163.5091574,-0.0205078125
1777576163.5191574,-0.0205078125
1777576163.5291574,-0.0205078125
1777576163.5391574,-0.0205078125
1777576163.5491574,-0.0205078125
1777576163.5591574,-0.0205078125
1777576163.5691574,-0.0205078125
1777576163.5791574,-0.0205078125
1777576163.5891573,-0.0205078125
1777576163.5991573,-0.0205078125
1777576163.6091573,-0.0205078125
1777576163.6191576,-0.0205078125
1777576163.6291575,-0.0205078125
1777576163.6391575,-0.0205078125
1777576163.6491575,-0.0205078125
1777576163.6591575,-0.0205078125
1777576163.6691575,-0.0205078125
1777576163.6791575,-0.0205078125
1777576163.6891575,-0.0205078125
1777576163.6991575,0.0144042969
1777576163.7091575,0.0144042969
1777576163.7191575,0.0144042969
1777576163.7291574,0.0144042969
1777576163.7391574,0.0144042969
1777576163.7491574,0.0144042969
1777576163.7591574,0.0144042969
1777576163.7691574,0.0144042969
1777576163.7791574,0.0144042969
1777576163.7891574,0.0144042969
1777576163.7991574,0.0144042969
1777576163.8091574,0.0144042969
1777576163.8191576,0.0144042969
1777576163.8291576,0.0144042969
1777576163.8391576,0.0144042969
1777576163.8491576,0.0144042969
1777576163.8591576,0.0144042969
1777576163.8691576,0.0144042969
1777576163.8791575,0.0144042969
1777576163.8891575,0.0144042969
1777576163.8991575,-0.0598144531
1777576163.9091575,-0.0598144531
1777576163.9191575,-0.0598144531
1777576163.9291575,-0.0598144531
1777576163.9391575,-0.0598144531
1777576163.9491575,-0.0598144531
1777576163.9591575,-0.0598144531
1777576163.9691575,-0.0598144531
1777576163.9791574,-0.0598144531
1777576163.9891574,-0.0598144531
1777576163.9991574,-0.0598144531
1777576164.0091574,-0.0598144531
1777576164.0191576,-0.0598144531
1777576164.0291576,-0.0598144531
1777576164.0391576,-0.0598144531
1777576164.0491576,-0.0598144531
1777576164.0591576,-0.0598144531
1777576164.0691576,-0.0598144531
1777576164.0791576,-0.0598144531
1777576164.0891576,-0.0598144531
1777576164.0991576,-0.060546875
1777576164.1091576,-0.060546875
1777576164.1191576,-0.060546875
1777576164.1291575,-0.060546875
1777576164.1391575,-0.060546875
1777576164.1491575,-0.060546875
1777576164.1591575,-0.060546875
1777576164.1691575,-0.060546875
1777576164.1791575,-0.060546875
1777576164.1891575,-0.060546875
1777576164.1991575,-0.060546875
1777576164.2091575,-0.060546875
1777576164.2191577,-0.060546875
1777576164.2291577,-0.060546875
1777576164.2391577,-0.060546875
1777576164.2491577,-0.060546875
1777576164.2591577,-0.060546875
1777576164.2691576,-0.060546875
1777576164.2791576,-0.060546875
1777576164.2891576,-0.060546875
1777576164.2991576,-0.1501464844
1777576164.3091576,-0.1501464844
1777576164.3191576,-0.1501464844
1777576164.3291576,-0.1501464844
1777576164.3391576,-0.1501464844
1777576164.3491576,-0.1501464844
1777576164.3591576,-0.1501464844
1777576164.3691576,-0.1501464844
1777576164.3791575,-0.1501464844
1777576164.3891575,-0.1501464844
1777576164.3991575,-0.1501464844
1777576164.4091575,-0.1501464844
1777576164.4191577,-0.1501464844
1777576164.4291577,-0.1501464844
1777576164.4391577,-0.1501464844
1777576164.4491577,-0.1501464844
1777576164.4591577,-0.1501464844
1777576164.4691577,-0.1501464844
1777576164.4791577,-0.1501464844
1777576164.4891577,-0.1501464844
1777576164.4991577,-0.3562011719
1777576164.5091577,-0.3562011719
1777576164.5191576,-0.3562011719
1777576164.5291576,-0.3562011719
1777576164.5391576,-0.3562011719
1777576164.5491576,-0.3562011719
1777576164.5591576,-0.3562011719
1777576164.5691576,-0.3562011719
1777576164.5791576,-0.3562011719
1777576164.5891576,-0.3562011719
1777576164.5991576,-0.3562011719
1777576164.6091576,-0.3562011719
1777576164.6191578,-0.3562011719
1777576164.6291578,-0.3562011719
1777576164.6391578,-0.3562011719
1777576164.6491578,-0.3562011719
1777576164.6591578,-0.3562011719
1777576164.6691577,-0.3562011719
1777576164.6791577,-0.3562011719
1777576164.6891577,-0.3562011719
1777576164.6991577,-0.1040039062
1777576164.7091577,-0.1040039062
1777576164.7191577,-0.1040039062
1777576164.7291577,-0.1040039062
1777576164.7391577,-0.1040039062
1777576164.7491577,-0.1040039062
1777576164.7591577,-0.1040039062
1777576164.7691576,-0.1040039062
1777576164.7791576,-0.1040039062
1777576164.7891576,-0.1040039062
1777576164.7991576,-0.1040039062
1777576164.8091576,-0.1040039062
1777576164.8191578,-0.1040039062
1777576164.8291578,-0.1040039062
1777576164.8391578,-0.1040039062
1777576164.8491578,-0.1040039062
1777576164.8591578,-0.1040039062
1777576164.8691578,-0.1040039062
1777576164.8791578,-0.1040039062
1777576164.8891578,-0.1040039062
1777576164.8991578,0.0026855469
1777576164.9091578,0.0026855469
1777576164.9191577,0.0026855469
1777576164.9291577,0.0026855469
1777576164.9391577,0.0026855469
1777576164.9491577,0.0026855469
1777576164.9591577,0.0026855469
1777576164.9691577,0.0026855469
1777576164.9791577,0.0026855469
1777576164.9891577,0.0026855469
1777576164.9991577,0.0026855469
1777576165.0091577,0.0026855469
1777576165.019158,0.0026855469
1777576165.0291579,0.0026855469
1777576165.0391579,0.0026855469
1777576165.0491579,0.0026855469
1777576165.0591578,0.0026855469
1777576165.0691578,0.0026855469
1777576165.0791578,0.0026855469
1777576165.0891578,0.0026855469
1777576165.0991578,-0.1884765625
1777576165.1091578,-0.1884765625
1777576165.1191578,-0.1884765625
1777576165.1291578,-0.1884765625
1777576165.1391578,-0.1884765625
1777576165.1491578,-0.1884765625
1777576165.1591578,-0.1884765625
1777576165.1691577,-0.1884765625
1777576165.1791577,-0.1884765625
1777576165.1891577,-0.1884765625
1777576165.1991577,-0.1884765625
1777576165.2091577,-0.1884765625
1777576165.219158,-0.1884765625
1777576165.229158,-0.1884765625
1777576165.239158,-0.1884765625
1777576165.249158,-0.1884765625
1777576165.259158,-0.1884765625
1777576165.269158,-0.1884765625
1777576165.2791579,-0.1884765625
1777576165.2891579,-0.1884765625
1777576165.2991579,-0.1401367188
1777576165.3091578,-0.1401367188
1777576165.3191578,-0.1401367188
1777576165.3291578,-0.1401367188
1777576165.3391578,-0.1401367188
1777576165.3491578,-0.1401367188
1777576165.3591578,-0.1401367188
1777576165.3691578,-0.1401367188
1777576165.3791578,-0.1401367188
1777576165.3891578,-0.1401367188
1777576165.3991578,-0.1401367188
1777576165.4091578,-0.1401367188
1777576165.419158,-0.1401367188
1777576165.429158,-0.1401367188
1777576165.439158,-0.1401367188
1777576165.449158,-0.1401367188
1777576165.459158,-0.1401367188
1777576165.469158,-0.1401367188
1777576165.479158,-0.1401367188
1777576165.489158,-0.1401367188
1777576165.499158,0.2155761719
1777576165.509158,0.2155761719
1777576165.519158,0.2155761719
1777576165.5291579,0.2155761719
1777576165.5391579,0.2155761719
1777576165.5491579,0.2155761719
1777576165.5591578,0.2155761719
1777576165.5691578,0.2155761719
1777576165.5791578,0.2155761719
1777576165.5891578,0.2155761719
1777576165.5991578,0.2155761719
1777576165.6091578,0.2155761719
1777576165.619158,0.2155761719
1777576165.629158,0.2155761719
1777576165.639158,0.2155761719
1777576165.649158,0.2155761719
1777576165.659158,0.2155761719
1777576165.669158,0.2155761719
1777576165.679158,0.2155761719
1777576165.689158,0.2155761719
1777576165.699158,-0.1513671875
1777576165.709158,-0.1513671875
1777576165.719158,-0.1513671875
1777576165.729158,-0.1513671875
1777576165.739158,-0.1513671875
1777576165.749158,-0.1513671875
1777576165.759158,-0.1513671875
1777576165.769158,-0.1513671875
1777576165.7791579,-0.1513671875
1777576165.7891579,-0.1513671875
1777576165.7991579,-0.1513671875
1777576165.8091578,-0.1513671875
1777576165.819158,-0.1513671875
1777576165.829158,-0.1513671875
1777576165.839158,-0.1513671875
1777576165.849158,-0.1513671875
1777576165.859158,-0.1513671875
1777576165.869158,-0.1513671875
1777576165.879158,-0.1513671875
1777576165.889158,-0.1513671875
1777576165.899158,-0.2082519531
1777576165.909158,-0.2082519531
1777576165.919158,-0.2082519531
1777576165.929158,-0.2082519531
1777576165.939158,-0.2082519531
1777576165.949158,-0.2082519531
1777576165.959158,-0.2082519531
1777576165.969158,-0.2082519531
1777576165.979158,-0.2082519531
1777576165.989158,-0.2082519531
1777576165.999158,-0.2082519531
1777576166.009158,-0.2082519531
1777576166.0191581,-0.2082519531
1777576166.029158,-0.2082519531
1777576166.039158,-0.2082519531
1777576166.049158,-0.2082519531
1777576166.059158,-0.2082519531
1777576166.069158,-0.2082519531
1777576166.079158,-0.2082519531
1777576166.089158,-0.2082519531
1777576166.099158,-0.134765625
1777576166.109158,-0.134765625
1777576166.119158,-0.134765625
1777576166.129158,-0.134765625
1777576166.139158,-0.134765625
1777576166.149158,-0.134765625
1777576166.159158,-0.134765625
1777576166.169158,-0.134765625
1777576166.179158,-0.134765625
1777576166.189158,-0.134765625
1777576166.199158,-0.134765625
1777576166.209158,-0.134765625
1777576166.2191582,-0.134765625
1777576166.2291582,-0.134765625
1777576166.2391582,-0.134765625
1777576166.2491581,-0.134765625
1777576166.2591581,-0.134765625
1777576166.2691581,-0.134765625
1777576166.279158,-0.134765625
1777576166.289158,-0.134765625
1777576166.299158,0.1774902344
1777576166.309158,0.1774902344
1777576166.319158,0.1774902344
1777576166.329158,0.1774902344
1777576166.339158,0.1774902344
1777576166.349158,0.1774902344
1777576166.359158,0.1774902344
1777576166.369158,0.1774902344
1777576166.379158,0.1774902344
1777576166.389158,0.1774902344
1777576166.399158,0.1774902344
1777576166.409158,0.1774902344
1777576166.4191582,0.1774902344
1777576166.4291582,0.1774902344
1777576166.4391582,0.1774902344
1777576166.4491582,0.1774902344
1777576166.4591582,0.1774902344
1777576166.4691582,0.1774902344
1777576166.4791582,0.1774902344
1777576166.4891582,0.1774902344
1777576166.4991581,-0.0939941406
1777576166.5091581,-0.0939941406
1777576166.5191581,-0.0939941406
1777576166.529158,-0.0939941406
1777576166.539158,-0.0939941406
1777576166.549158,-0.0939941406
1777576166.559158,-0.0939941406
1777576166.569158,-0.0939941406
1777576166.579158,-0.0939941406
1777576166.589158,-0.0939941406
1777576166.599158,-0.0939941406
1777576166.609158,-0.0939941406
1777576166.6191583,-0.0939941406
1777576166.6291583,-0.0939941406
1777576166.6391582,-0.0939941406
1777576166.6491582,-0.0939941406
1777576166.6591582,-0.0939941406
1777576166.6691582,-0.0939941406
1777576166.6791582,-0.0939941406
1777576166.6891582,-0.0939941406
1777576166.6991582,-0.208984375
1777576166.7091582,-0.208984375
1777576166.7191582,-0.208984375
1777576166.7291582,-0.208984375
1777576166.7391582,-0.208984375
1777576166.7491581,-0.208984375
1777576166.7591581,-0.208984375
1777576166.7691581,-0.208984375
1777576166.779158,-0.208984375
1777576166.789158,-0.208984375
1777576166.799158,-0.208984375
1777576166.809158,-0.208984375
1777576166.8191583,-0.208984375
1777576166.8291583,-0.208984375
1777576166.8391583,-0.208984375
1777576166.8491583,-0.208984375
1777576166.8591583,-0.208984375
1777576166.8691583,-0.208984375
1777576166.8791583,-0.208984375
1777576166.8891582,-0.208984375
1777576166.8991582,-0.1779785156
1777576166.9091582,-0.1779785156
1777576166.9191582,-0.1779785156
1777576166.9291582,-0.1779785156
1777576166.9391582,-0.1779785156
1777576166.9491582,-0.1779785156
1777576166.9591582,-0.1779785156
1777576166.9691582,-0.1779785156
1777576166.9791582,-0.1779785156
1777576166.9891582,-0.1779785156
1777576166.9991581,-0.1779785156
1777576167.0091581,-0.1779785156
1777576167.0191584,-0.1779785156
1777576167.0291584,-0.1779785156
1777576167.0391583,-0.1779785156
1777576167.0491583,-0.1779785156
1777576167.0591583,-0.1779785156
1777576167.0691583,-0.1779785156
1777576167.0791583,-0.1779785156
1777576167.0891583,-0.1779785156
1777576167.0991583,0.1530761719
1777576167.1091583,0.1530761719
1777576167.1191583,0.1530761719
1777576167.1291583,0.1530761719
1777576167.1391582,0.1530761719
1777576167.1491582,0.1530761719
1777576167.1591582,0.1530761719
1777576167.1691582,0.1530761719
1777576167.1791582,0.1530761719
1777576167.1891582,0.1530761719
1777576167.1991582,0.1530761719
1777576167.2091582,0.1530761719
1777576167.2191584,0.1530761719
1777576167.2291584,0.1530761719
1777576167.2391584,0.1530761719
1777576167.2491584,0.1530761719
1777576167.2591584,0.1530761719
1777576167.2691584,0.1530761719
1777576167.2791584,0.1530761719
1777576167.2891583,0.1530761719
1777576167.2991583,-0.2395019531
1777576167.3091583,-0.2395019531
1777576167.3191583,-0.2395019531
1777576167.3291583,-0.2395019531
1777576167.3391583,-0.2395019531
1777576167.3491583,-0.2395019531
1777576167.3591583,-0.2395019531
1777576167.3691583,-0.2395019531
1777576167.3791583,-0.2395019531
1777576167.3891582,-0.2395019531
1777576167.3991582,-0.2395019531
1777576167.4091582,-0.2395019531
1777576167.4191585,-0.2395019531
1777576167.4291584,-0.2395019531
1777576167.4391584,-0.2395019531
1777576167.4491584,-0.2395019531
1777576167.4591584,-0.2395019531
1777576167.4691584,-0.2395019531
1777576167.4791584,-0.2395019531
1777576167.4891584,-0.2395019531
1777576167.4991584,-0.0048828125
1777576167.5091584,-0.0048828125
1777576167.5191584,-0.0048828125
1777576167.5291584,-0.0048828125
1777576167.5391583,-0.0048828125
1777576167.5491583,-0.0048828125
1777576167.5591583,-0.0048828125
1777576167.5691583,-0.0048828125
1777576167.5791583,-0.0048828125
1777576167.5891583,-0.0048828125
1777576167.5991583,-0.0048828125
1777576167.6091583,-0.0048828125
1777576167.6191585,-0.0048828125
1777576167.6291585,-0.0048828125
1777576167.6391585,-0.0048828125
1777576167.6491585,-0.0048828125
1777576167.6591585,-0.0048828125
1777576167.6691585,-0.0048828125
1777576167.6791584,-0.0048828125
1777576167.6891584,-0.0048828125
1777576167.6991584,-0.0241699219
1777576167.7091584,-0.0241699219
1777576167.7191584,-0.0241699219
1777576167.7291584,-0.0241699219
1777576167.7391584,-0.0241699219
1777576167.7491584,-0.0241699219
1777576167.7591584,-0.0241699219
1777576167.7691584,-0.0241699219
1777576167.7791584,-0.0241699219
1777576167.7891583,-0.0241699219
1777576167.7991583,-0.0241699219
1777576167.8091583,-0.0241699219
1777576167.8191586,-0.0241699219
1777576167.8291585,-0.0241699219
1777576167.8391585,-0.0241699219
1777576167.8491585,-0.0241699219
1777576167.8591585,-0.0241699219
1777576167.8691585,-0.0241699219
1777576167.8791585,-0.0241699219
1777576167.8891585,-0.0241699219
1777576167.8991585,-0.0004882812
1777576167.9091585,-0.0004882812
1777576167.9191585,-0.0004882812
1777576167.9291584,-0.0004882812
1777576167.9391584,-0.0004882812
1777576167.9491584,-0.0004882812
1777576167.9591584,-0.0004882812
1777576167.9691584,-0.0004882812
1777576167.9791584,-0.0004882812
1777576167.9891584,-0.0004882812
1777576167.9991584,-0.0004882812
1777576168.0091584,-0.0004882812
1777576168.0191586,-0.0004882812
1777576168.0291586,-0.0004882812
1777576168.0391586,-0.0004882812
1777576168.0491586,-0.0004882812
1777576168.0591586,-0.0004882812
1777576168.0691586,-0.0004882812
1777576168.0791585,-0.0004882812
1777576168.0891585,-0.0004882812
1777576168.0991585,0.1638183594
1777576168.1091585,0.1638183594
1777576168.1191585,0.1638183594
1777576168.1291585,0.1638183594
1777576168.1391585,0.1638183594
1777576168.1491585,0.1638183594
1777576168.1591585,0.1638183594
1777576168.1691585,0.1638183594
1777576168.1791584,0.1638183594
1777576168.1891584,0.1638183594
1777576168.1991584,0.1638183594
1777576168.2091584,0.1638183594
1777576168.2191586,0.1638183594
1777576168.2291586,0.1638183594
1777576168.2391586,0.1638183594
1777576168.2491586,0.1638183594
1777576168.2591586,0.1638183594
1777576168.2691586,0.1638183594
1777576168.2791586,0.1638183594
1777576168.2891586,0.1638183594
1777576168.2991586,-0.0981445312
1777576168.3091586,-0.0981445312
1777576168.3191586,-0.0981445312
1777576168.3291585,-0.0981445312
1777576168.3391585,-0.0981445312
1777576168.3491585,-0.0981445312
1777576168.3591585,-0.0981445312
1777576168.3691585,-0.0981445312
1777576168.3791585,-0.0981445312
1777576168.3891585,-0.0981445312
1777576168.3991585,-0.0981445312
1777576168.4091585,-0.0981445312
1777576168.4191587,-0.0981445312
1777576168.4291587,-0.0981445312
1777576168.4391587,-0.0981445312
1777576168.4491587,-0.0981445312
1777576168.4591587,-0.0981445312
1777576168.4691586,-0.0981445312
1777576168.4791586,-0.0981445312
1777576168.4891586,-0.0981445312
1777576168.4991586,-0.1223144531
1777576168.5091586,-0.1223144531
1777576168.5191586,-0.1223144531
1777576168.5291586,-0.1223144531
1777576168.5391586,-0.1223144531
1777576168.5491586,-0.1223144531
1777576168.5591586,-0.1223144531
1777576168.5691586,-0.1223144531
1777576168.5791585,-0.1223144531
1777576168.5891585,-0.1223144531
1777576168.5991585,-0.1223144531
1777576168.6091585,-0.1223144531
1777576168.6191587,-0.1223144531
1777576168.6291587,-0.1223144531
1777576168.6391587,-0.1223144531
1777576168.6491587,-0.1223144531
1777576168.6591587,-0.1223144531
1777576168.6691587,-0.1223144531
1777576168.6791587,-0.1223144531
1777576168.6891587,-0.1223144531
1777576168.6991587,-0.1171875
1777576168.7091587,-0.1171875
1777576168.7191586,-0.1171875
1777576168.7291586,-0.1171875
1777576168.7391586,-0.1171875
1777576168.7491586,-0.1171875
1777576168.7591586,-0.1171875
1777576168.7691586,-0.1171875
1777576168.7791586,-0.1171875
1777576168.7891586,-0.1171875
1777576168.7991586,-0.1171875
1777576168.8091586,-0.1171875
1777576168.8191588,-0.1171875
1777576168.8291588,-0.1171875
1777576168.8391588,-0.1171875
1777576168.8491588,-0.1171875
1777576168.8591588,-0.1171875
1777576168.8691587,-0.1171875
1777576168.8791587,-0.1171875
1777576168.8891587,-0.1171875
1777576168.8991587,0.0559082031
1777576168.9091587,0.0559082031
1777576168.9191587,0.0559082031
1777576168.9291587,0.0559082031
1777576168.9391587,0.0559082031
1777576168.9491587,0.0559082031
1777576168.9591587,0.0559082031
1777576168.9691586,0.0559082031
1777576168.9791586,0.0559082031
1777576168.9891586,0.0559082031
1777576168.9991586,0.0559082031
1777576169.0091586,0.0559082031
1777576169.0191588,0.0559082031
1777576169.0291588,0.0559082031
1777576169.0391588,0.0559082031
1777576169.0491588,0.0559082031
1777576169.0591588,0.0559082031
1777576169.0691588,0.0559082031
1777576169.0791588,0.0559082031
1777576169.0891588,0.0559082031
1777576169.0991588,-0.3000488281
1777576169.1091588,-0.3000488281
1777576169.1191587,-0.3000488281
1777576169.1291587,-0.3000488281
1777576169.1391587,-0.3000488281
1777576169.1491587,-0.3000488281
1777576169.1591587,-0.3000488281
1777576169.1691587,-0.3000488281
1777576169.1791587,-0.3000488281
1777576169.1891587,-0.3000488281
1777576169.1991587,-0.3000488281
1777576169.2091587,-0.3000488281
1777576169.219159,-0.3000488281
1777576169.2291589,-0.3000488281
1777576169.2391589,-0.3000488281
1777576169.2491589,-0.3000488281
1777576169.2591588,-0.3000488281
1777576169.2691588,-0.3000488281
1777576169.2791588,-0.3000488281
1777576169.2891588,-0.3000488281
1777576169.2991588,0.1909179688
1777576169.3091588,0.1909179688
1777576169.3191588,0.1909179688
1777576169.3291588,0.1909179688
1777576169.3391588,0.1909179688
1777576169.3491588,0.1909179688
1777576169.3591588,0.1909179688
1777576169.3691587,0.1909179688
1777576169.3791587,0.1909179688
1777576169.3891587,0.1909179688
1777576169.3991587,0.1909179688
1777576169.4091587,0.1909179688
1777576169.419159,0.1909179688
1777576169.429159,0.1909179688
1777576169.439159,0.1909179688
1777576169.449159,0.1909179688
1777576169.459159,0.1909179688
1777576169.469159,0.1909179688
1777576169.4791589,0.1909179688
1777576169.4891589,0.1909179688
1777576169.4991589,-0.0886230469
1777576169.5091588,-0.0886230469
1777576169.5191588,-0.0886230469
1777576169.5291588,-0.0886230469
1777576169.5391588,-0.0886230469
1777576169.5491588,-0.0886230469
1777576169.5591588,-0.0886230469
1777576169.5691588,-0.0886230469
1777576169.5791588,-0.0886230469
1777576169.5891588,-0.0886230469
1777576169.5991588,-0.0886230469
1777576169.6091588,-0.0886230469
1777576169.619159,-0.0886230469
1777576169.629159,-0.0886230469
1777576169.639159,-0.0886230469
1777576169.649159,-0.0886230469
1777576169.659159,-0.0886230469
1777576169.669159,-0.0886230469
1777576169.679159,-0.0886230469
1777576169.689159,-0.0886230469
1777576169.699159,-0.0463867188
1777576169.709159,-0.0463867188
1777576169.719159,-0.0463867188
1777576169.7291589,-0.0463867188
1777576169.7391589,-0.0463867188
1777576169.7491589,-0.0463867188
1777576169.7591588,-0.0463867188
1777576169.7691588,-0.0463867188
1777576169.7791588,-0.0463867188
1777576169.7891588,-0.0463867188
1777576169.7991588,-0.0463867188
1777576169.8091588,-0.0463867188
1777576169.819159,-0.0463867188
1777576169.829159,-0.0463867188
1777576169.839159,-0.0463867188
1777576169.849159,-0.0463867188
1777576169.859159,-0.0463867188
1777576169.869159,-0.0463867188
1777576169.879159,-0.0463867188
1777576169.889159,-0.0463867188
1777576169.899159,-0.125
1777576169.909159,-0.125
1777576169.919159,-0.125
1777576169.929159,-0.125
1777576169.939159,-0.125
1777576169.949159,-0.125
1777576169.959159,-0.125
1777576169.969159,-0.125
1777576169.9791589,-0.125
1777576169.9891589,-0.125
1777576169.9991589,-0.125
1777576170.0091588,-0.125
1777576170.019159,-0.125
1777576170.029159,-0.125
1777576170.039159,-0.125
1777576170.049159,-0.125
1777576170.059159,-0.125
1777576170.069159,-0.125
1777576170.079159,-0.125
1777576170.089159,-0.125
1777576170.099159,0.0087890625
1777576170.109159,0.0087890625
1777576170.119159,0.0087890625
1777576170.129159,0.0087890625
1777576170.139159,0.0087890625
1777576170.149159,0.0087890625
1777576170.159159,0.0087890625
1777576170.169159,0.0087890625
1777576170.179159,0.0087890625
1777576170.189159,0.0087890625
1777576170.199159,0.0087890625
1777576170.209159,0.0087890625
1777576170.2191591,0.0087890625
1777576170.229159,0.0087890625
1777576170.239159,0.0087890625
1777576170.249159,0.0087890625
1777576170.259159,0.0087890625
1777576170.269159,0.0087890625
1777576170.279159,0.0087890625
1777576170.289159,0.0087890625
1777576170.299159,0.06640625
1777576170.309159,0.06640625
1777576170.319159,0.06640625
1777576170.329159,0.06640625
1777576170.339159,0.06640625
1777576170.349159,0.06640625
1777576170.359159,0.06640625
1777576170.369159,0.06640625
1777576170.379159,0.06640625
1777576170.389159,0.06640625
1777576170.399159,0.06640625
1777576170.409159,0.06640625
1777576170.4191592,0.06640625
1777576170.4291592,0.06640625
1777576170.4391592,0.06640625
1777576170.4491591,0.06640625
1777576170.4591591,0.06640625
1777576170.4691591,0.06640625
1777576170.479159,0.06640625
1777576170.489159,0.06640625
1777576170.499159,-0.1276855469
1777576170.509159,-0.1276855469
1777576170.519159,-0.1276855469
1777576170.529159,-0.1276855469
1777576170.539159,-0.1276855469
1777576170.549159,-0.1276855469
1777576170.559159,-0.1276855469
1777576170.569159,-0.1276855469
1777576170.579159,-0.1276855469
1777576170.589159,-0.1276855469
1777576170.599159,-0.1276855469
1777576170.609159,-0.1276855469
1777576170.6191592,-0.1276855469
1777576170.6291592,-0.1276855469
1777576170.6391592,-0.1276855469
1777576170.6491592,-0.1276855469
1777576170.6591592,-0.1276855469
1777576170.6691592,-0.1276855469
1777576170.6791592,-0.1276855469
1777576170.6891592,-0.1276855469
1777576170.6991591,-0.1318359375
1777576170.7091591,-0.1318359375
1777576170.7191591,-0.1318359375
1777576170.729159,-0.1318359375
1777576170.739159,-0.1318359375
1777576170.749159,-0.1318359375
1777576170.759159,-0.1318359375
1777576170.769159,-0.1318359375
1777576170.779159,-0.1318359375
1777576170.789159,-0.1318359375
1777576170.799159,-0.1318359375
1777576170.809159,-0.1318359375
1777576170.8191593,-0.1318359375
1777576170.8291593,-0.1318359375
1777576170.8391593,-0.1318359375
1777576170.8491592,-0.1318359375
1777576170.8591592,-0.1318359375
1777576170.8691592,-0.1318359375
1777576170.8791592,-0.1318359375
1777576170.8891592,-0.1318359375
1777576170.8991592,-0.0629882812
1777576170.9091592,-0.0629882812
1777576170.9191592,-0.0629882812
1777576170.9291592,-0.0629882812
1777576170.9391592,-0.0629882812
1777576170.9491591,-0.0629882812
1777576170.9591591,-0.0629882812
1777576170.9691591,-0.0629882812
1777576170.979159,-0.0629882812
1777576170.989159,-0.0629882812
1777576170.999159,-0.0629882812
1777576171.009159,-0.0629882812
1777576171.0191593,-0.0629882812
1777576171.0291593,-0.0629882812
1777576171.0391593,-0.0629882812
1777576171.0491593,-0.0629882812
1777576171.0591593,-0.0629882812
1777576171.0691593,-0.0629882812
1777576171.0791593,-0.0629882812
1777576171.0891593,-0.0629882812
1777576171.0991592,-0.212890625
1777576171.1091592,-0.212890625
1777576171.1191592,-0.212890625
1777576171.1291592,-0.212890625
1777576171.1391592,-0.212890625
1777576171.1491592,-0.212890625
1777576171.1591592,-0.212890625
1777576171.1691592,-0.212890625
1777576171.1791592,-0.212890625
1777576171.1891592,-0.212890625
1777576171.1991591,-0.212890625
1777576171.2091591,-0.212890625
1777576171.2191594,-0.212890625
1777576171.2291594,-0.212890625
1777576171.2391593,-0.212890625
1777576171.2491593,-0.212890625
1777576171.2591593,-0.212890625
1777576171.2691593,-0.212890625
1777576171.2791593,-0.212890625
1777576171.2891593,-0.212890625
1777576171.2991593,-0.1860351562
1777576171.3091593,-0.1860351562
1777576171.3191593,-0.1860351562
1777576171.3291593,-0.1860351562
1777576171.3391593,-0.1860351562
1777576171.3491592,-0.1860351562
1777576171.3591592,-0.1860351562
1777576171.3691592,-0.1860351562
1777576171.3791592,-0.1860351562
1777576171.3891592,-0.1860351562
1777576171.3991592,-0.1860351562
1777576171.4091592,-0.1860351562
1777576171.4191594,-0.1860351562
1777576171.4291594,-0.1860351562
1777576171.4391594,-0.1860351562
1777576171.4491594,-0.1860351562
1777576171.4591594,-0.1860351562
1777576171.4691594,-0.1860351562
1777576171.4791594,-0.1860351562
1777576171.4891593,-0.1860351562
1777576171.4991593,-0.1477050781
1777576171.5091593,-0.1477050781
1777576171.5191593,-0.1477050781
1777576171.5291593,-0.1477050781
1777576171.5391593,-0.1477050781
1777576171.5491593,-0.1477050781
1777576171.5591593,-0.1477050781
1777576171.5691593,-0.1477050781
1777576171.5791593,-0.1477050781
1777576171.5891593,-0.1477050781
1777576171.5991592,-0.1477050781
1777576171.6091592,-0.1477050781
1777576171.6191595,-0.1477050781
1777576171.6291595,-0.1477050781
1777576171.6391594,-0.1477050781
1777576171.6491594,-0.1477050781
1777576171.6591594,-0.1477050781
1777576171.6691594,-0.1477050781
1777576171.6791594,-0.1477050781
1777576171.6891594,-0.1477050781
1777576171.6991594,-0.0441894531
1777576171.7091594,-0.0441894531
1777576171.7191594,-0.0441894531
1777576171.7291594,-0.0441894531
1777576171.7391593,-0.0441894531
1777576171.7491593,-0.0441894531
1777576171.7591593,-0.0441894531
1777576171.7691593,-0.0441894531
1777576171.7791593,-0.0441894531
1777576171.7891593,-0.0441894531
1777576171.7991593,-0.0441894531
1777576171.8091593,-0.0441894531
1777576171.8191595,-0.0441894531
1777576171.8291595,-0.0441894531
1777576171.8391595,-0.0441894531
1777576171.8491595,-0.0441894531
1777576171.8591595,-0.0441894531
1777576171.8691595,-0.0441894531
1777576171.8791595,-0.0441894531
1777576171.8891594,-0.0441894531
1777576171.8991594,0.1801757812
1777576171.9091594,0.1801757812
1777576171.9191594,0.1801757812
1777576171.9291594,0.1801757812
1777576171.9391594,0.1801757812
1777576171.9491594,0.1801757812
1777576171.9591594,0.1801757812
1777576171.9691594,0.1801757812
1777576171.9791594,0.1801757812
1777576171.9891593,0.1801757812
1777576171.9991593,0.1801757812
1777576172.0091593,0.1801757812
1777576172.0191596,0.1801757812
1777576172.0291595,0.1801757812
1777576172.0391595,0.1801757812
1777576172.0491595,0.1801757812
1777576172.0591595,0.1801757812
1777576172.0691595,0.1801757812
1777576172.0791595,0.1801757812
1777576172.0891595,0.1801757812
1777576172.0991595,-0.1137695312
1777576172.1091595,-0.1137695312
1777576172.1191595,-0.1137695312
1777576172.1291595,-0.1137695312
1777576172.1391594,-0.1137695312
1777576172.1491594,-0.1137695312
1777576172.1591594,-0.1137695312
1777576172.1691594,-0.1137695312
1777576172.1791594,-0.1137695312
1777576172.1891594,-0.1137695312
1777576172.1991594,-0.1137695312
1777576172.2091594,-0.1137695312
1777576172.2191596,-0.1137695312
1777576172.2291596,-0.1137695312
1777576172.2391596,-0.1137695312
1777576172.2491596,-0.1137695312
1777576172.2591596,-0.1137695312
1777576172.2691596,-0.1137695312
1777576172.2791595,-0.1137695312
1777576172.2891595,-0.1137695312
1777576172.2991595,-0.1108398438
1777576172.3091595,-0.1108398438
1777576172.3191595,-0.1108398438
1777576172.3291595,-0.1108398438
1777576172.3391595,-0.1108398438
1777576172.3491595,-0.1108398438
1777576172.3591595,-0.1108398438
1777576172.3691595,-0.1108398438
1777576172.3791595,-0.1108398438
1777576172.3891594,-0.1108398438
1777576172.3991594,-0.1108398438
1777576172.4091594,-0.1108398438
1777576172.4191597,-0.1108398438
1777576172.4291596,-0.1108398438
1777576172.4391596,-0.1108398438
1777576172.4491596,-0.1108398438
1777576172.4591596,-0.1108398438
1777576172.4691596,-0.1108398438
1777576172.4791596,-0.1108398438
1777576172.4891596,-0.1108398438
1777576172.4991596,0.0571289062
1777576172.5091596,0.0571289062
1777576172.5191596,0.0571289062
1777576172.5291595,0.0571289062
1777576172.5391595,0.0571289062
1777576172.5491595,0.0571289062
1777576172.5591595,0.0571289062
1777576172.5691595,0.0571289062
1777576172.5791595,0.0571289062
1777576172.5891595,0.0571289062
1777576172.5991595,0.0571289062
1777576172.6091595,0.0571289062
1777576172.6191597,0.0571289062
1777576172.6291597,0.0571289062
1777576172.6391597,0.0571289062
1777576172.6491597,0.0571289062
1777576172.6591597,0.0571289062
1777576172.6691597,0.0571289062
1777576172.6791596,0.0571289062
1777576172.6891596,0.0571289062
1777576172.6991596,-0.0251464844
1777576172.7091596,-0.0251464844
1777576172.7191596,-0.0251464844
1777576172.7291596,-0.0251464844
1777576172.7391596,-0.0251464844
1777576172.7491596,-0.0251464844
1777576172.7591596,-0.0251464844
1777576172.7691596,-0.0251464844
1777576172.7791595,-0.0251464844
1777576172.7891595,-0.0251464844
1777576172.7991595,-0.0251464844
1777576172.8091595,-0.0251464844
1777576172.8191597,-0.0251464844
1777576172.8291597,-0.0251464844
1777576172.8391597,-0.0251464844
1777576172.8491597,-0.0251464844
1777576172.8591597,-0.0251464844
1777576172.8691597,-0.0251464844
1777576172.8791597,-0.0251464844
1777576172.8891597,-0.0251464844
1777576172.8991597,0.3559570312
1777576172.9091597,0.3559570312
1777576172.9191597,0.3559570312
1777576172.9291596,0.3559570312
1777576172.9391596,0.3559570312
1777576172.9491596,0.3559570312
1777576172.9591596,0.3559570312
1777576172.9691596,0.3559570312
1777576172.9791596,0.3559570312
1777576172.9891596,0.3559570312
1777576172.9991596,0.3559570312
1777576173.0091596,0.3559570312
1777576173.0191598,0.3559570312
1777576173.0291598,0.3559570312
1777576173.0391598,0.3559570312
1777576173.0491598,0.3559570312
1777576173.0591598,0.3559570312
1777576173.0691597,0.3559570312
1777576173.0791597,0.3559570312
1777576173.0891597,0.3559570312
1777576173.0991597,0.0212402344
1777576173.1091597,0.0212402344
1777576173.1191597,0.0212402344
1777576173.1291597,0.0212402344
1777576173.1391597,0.0212402344
1777576173.1491597,0.0212402344
1777576173.1591597,0.0212402344
1777576173.1691597,0.0212402344
1777576173.1791596,0.0212402344
1777576173.1891596,0.0212402344
1777576173.1991596,0.0212402344
1777576173.2091596,0.0212402344
1777576173.2191598,0.0212402344
1777576173.2291598,0.0212402344
1777576173.2391598,0.0212402344
1777576173.2491598,0.0212402344
1777576173.2591598,0.0212402344
1777576173.2691598,0.0212402344
1777576173.2791598,0.0212402344
1777576173.2891598,0.0212402344
1777576173.2991598,0.0161132812
1777576173.3091598,0.0161132812
1777576173.3191597,0.0161132812
1777576173.3291597,0.0161132812
1777576173.3391597,0.0161132812
1777576173.3491597,0.0161132812
1777576173.3591597,0.0161132812
1777576173.3691597,0.0161132812
1777576173.3791597,0.0161132812
1777576173.3891597,0.0161132812
1777576173.3991597,0.0161132812
1777576173.4091597,0.0161132812
1777576173.41916,0.0161132812
1777576173.4291599,0.0161132812
1777576173.4391599,0.0161132812
1777576173.4491599,0.0161132812
1777576173.4591599,0.0161132812
1777576173.4691598,0.0161132812
1777576173.4791598,0.0161132812
1777576173.4891598,0.0161132812
1777576173.4991598,0.0422363281
1777576173.5091598,0.0422363281
1777576173.5191598,0.0422363281
1777576173.5291598,0.0422363281
1777576173.5391598,0.0422363281
1777576173.5491598,0.0422363281
1777576173.5591598,0.0422363281
1777576173.5691597,0.0422363281
1777576173.5791597,0.0422363281
1777576173.5891597,0.0422363281
1777576173.5991597,0.0422363281
1777576173.6091597,0.0422363281
1777576173.61916,0.0422363281
1777576173.62916,0.0422363281
1777576173.63916,0.0422363281
1777576173.64916,0.0422363281
1777576173.65916,0.0422363281
1777576173.66916,0.0422363281
1777576173.6791599,0.0422363281
1777576173.6891599,0.0422363281
1777576173.6991599,0.1984863281
1777576173.7091599,0.1984863281
1777576173.7191598,0.1984863281
1777576173.7291598,0.1984863281
1777576173.7391598,0.1984863281
1777576173.7491598,0.1984863281
1777576173.7591598,0.1984863281
1777576173.7691598,0.1984863281
1777576173.7791598,0.1984863281
1777576173.7891598,0.1984863281
1777576173.7991598,0.1984863281
1777576173.8091598,0.1984863281
1777576173.81916,0.1984863281
1777576173.82916,0.1984863281
1777576173.83916,0.1984863281
1777576173.84916,0.1984863281
1777576173.85916,0.1984863281
1777576173.86916,0.1984863281
1777576173.87916,0.1984863281
1777576173.88916,0.1984863281
1777576173.89916,0.0134277344
1777576173.90916,0.0134277344
1777576173.91916,0.0134277344
1777576173.9291599,0.0134277344
1777576173.9391599,0.0134277344
1777576173.9491599,0.0134277344
1777576173.9591599,0.0134277344
1777576173.9691598,0.0134277344
1777576173.9791598,0.0134277344
1777576173.9891598,0.0134277344
1777576173.9991598,0.0134277344
1777576174.0091598,0.0134277344
1777576174.01916,0.0134277344
1777576174.02916,0.0134277344
1777576174.03916,0.0134277344
1777576174.04916,0.0134277344
1777576174.05916,0.0134277344
1777576174.06916,0.0134277344
1777576174.07916,0.0134277344
1777576174.08916,0.0134277344
1777576174.09916,0.1611328125
1777576174.10916,0.1611328125
1777576174.11916,0.1611328125
1777576174.12916,0.1611328125
1777576174.13916,0.1611328125
1777576174.14916,0.1611328125
1777576174.15916,0.1611328125
1777576174.16916,0.1611328125
1777576174.1791599,0.1611328125
1777576174.1891599,0.1611328125
1777576174.1991599,0.1611328125
1777576174.2091599,0.1611328125
1777576174.21916,0.1611328125
1777576174.22916,0.1611328125
1777576174.23916,0.1611328125
1777576174.24916,0.1611328125
1777576174.25916,0.1611328125
1777576174.26916,0.1611328125
1777576174.27916,0.1611328125
1777576174.28916,0.1611328125
1777576174.29916,-0.0104980469
1777576174.30916,-0.0104980469
1777576174.31916,-0.0104980469
1777576174.32916,-0.0104980469
1777576174.33916,-0.0104980469
1777576174.34916,-0.0104980469
1777576174.35916,-0.0104980469
1777576174.36916,-0.0104980469
1777576174.37916,-0.0104980469
1777576174.38916,-0.0104980469
1777576174.39916,-0.0104980469
1777576174.40916,-0.0104980469
1777576174.4191601,-0.0104980469
1777576174.42916,-0.0104980469
1777576174.43916,-0.0104980469
1777576174.44916,-0.0104980469
1777576174.45916,-0.0104980469
1777576174.46916,-0.0104980469
1777576174.47916,-0.0104980469
1777576174.48916,-0.0104980469
1777576174.49916,-0.2121582031
1777576174.50916,-0.2121582031
1777576174.51916,-0.2121582031
1777576174.52916,-0.2121582031
1777576174.53916,-0.2121582031
1777576174.54916,-0.2121582031
1777576174.55916,-0.2121582031
1777576174.56916,-0.2121582031
1777576174.57916,-0.2121582031
1777576174.58916,-0.2121582031
1777576174.59916,-0.2121582031
1777576174.60916,-0.2121582031
1777576174.6191602,-0.2121582031
1777576174.6291602,-0.2121582031
1777576174.6391602,-0.2121582031
1777576174.6491601,-0.2121582031
1777576174.6591601,-0.2121582031
1777576174.6691601,-0.2121582031
1777576174.67916,-0.2121582031
1777576174.68916,-0.2121582031
1777576174.69916,0.228515625
1777576174.70916,0.228515625
1777576174.71916,0.228515625
1777576174.72916,0.228515625
1777576174.73916,0.228515625
1777576174.74916,0.228515625
1777576174.75916,0.228515625
1777576174.76916,0.228515625
1777576174.77916,0.228515625
1777576174.78916,0.228515625
1777576174.79916,0.228515625
1777576174.80916,0.228515625
1777576174.8191602,0.228515625
1777576174.8291602,0.228515625
1777576174.8391602,0.228515625
1777576174.8491602,0.228515625
1777576174.8591602,0.228515625
1777576174.8691602,0.228515625
1777576174.8791602,0.228515625
1777576174.8891602,0.228515625
1777576174.8991601,-0.0485839844
1777576174.9091601,-0.0485839844
1777576174.9191601,-0.0485839844
1777576174.92916,-0.0485839844
1777576174.93916,-0.0485839844
1777576174.94916,-0.0485839844
1777576174.95916,-0.0485839844
1777576174.96916,-0.0485839844
1777576174.97916,-0.0485839844
1777576174.98916,-0.0485839844
1777576174.99916,-0.0485839844
1777576175.00916,-0.0485839844
1777576175.0191603,-0.0485839844
1777576175.0291603,-0.0485839844
1777576175.0391603,-0.0485839844
1777576175.0491602,-0.0485839844
1777576175.0591602,-0.0485839844
1777576175.0691602,-0.0485839844
1777576175.0791602,-0.0485839844
1777576175.0891602,-0.0485839844
1777576175.0991602,-0.1831054688
1777576175.1091602,-0.1831054688
1777576175.1191602,-0.1831054688
1777576175.1291602,-0.1831054688
1777576175.1391602,-0.1831054688
1777576175.1491601,-0.1831054688
1777576175.1591601,-0.1831054688
1777576175.1691601,-0.1831054688
1777576175.17916,-0.1831054688
1777576175.18916,-0.1831054688
1777576175.19916,-0.1831054688
1777576175.20916,-0.1831054688
1777576175.2191603,-0.1831054688
1777576175.2291603,-0.1831054688
1777576175.2391603,-0.1831054688
1777576175.2491603,-0.1831054688
1777576175.2591603,-0.1831054688
1777576175.2691603,-0.1831054688
1777576175.2791603,-0.1831054688
1777576175.2891603,-0.1831054688
1777576175.2991602,-0.0986328125
1777576175.3091602,-0.0986328125
1777576175.3191602,-0.0986328125
1777576175.3291602,-0.0986328125
1777576175.3391602,-0.0986328125
1777576175.3491602,-0.0986328125
1777576175.3591602,-0.0986328125
1777576175.3691602,-0.0986328125
1777576175.3791602,-0.0986328125
1777576175.3891602,-0.0986328125
1777576175.3991601,-0.0986328125
1777576175.4091601,-0.0986328125
1777576175.4191604,-0.0986328125
1777576175.4291604,-0.0986328125
1777576175.4391603,-0.0986328125
1777576175.4491603,-0.0986328125
1777576175.4591603,-0.0986328125
1777576175.4691603,-0.0986328125
1777576175.4791603,-0.0986328125
1777576175.4891603,-0.0986328125
1777576175.4991603,0.0837402344
1777576175.5091603,0.0837402344
1777576175.5191603,0.0837402344
1777576175.5291603,0.0837402344
1777576175.5391603,0.0837402344
1777576175.5491602,0.0837402344
1777576175.5591602,0.0837402344
1777576175.5691602,0.0837402344
1777576175.5791602,0.0837402344
1777576175.5891602,0.0837402344
1777576175.5991602,0.0837402344
1777576175.6091602,0.0837402344
1777576175.6191604,0.0837402344
1777576175.6291604,0.0837402344
1777576175.6391604,0.0837402344
1777576175.6491604,0.0837402344
1777576175.6591604,0.0837402344
1777576175.6691604,0.0837402344
1777576175.6791604,0.0837402344
1777576175.6891603,0.0837402344
1777576175.6991603,0.1970214844
1777576175.7091603,0.1970214844
1777576175.7191603,0.1970214844
1777576175.7291603,0.1970214844
1777576175.7391603,0.1970214844
1777576175.7491603,0.1970214844
1777576175.7591603,0.1970214844
1777576175.7691603,0.1970214844
1777576175.7791603,0.1970214844
1777576175.7891603,0.1970214844
1777576175.7991602,0.1970214844
1777576175.8091602,0.1970214844
1777576175.8191605,0.1970214844
1777576175.8291605,0.1970214844
1777576175.8391604,0.1970214844
1777576175.8491604,0.1970214844
1777576175.8591604,0.1970214844
1777576175.8691604,0.1970214844
1777576175.8791604,0.1970214844
1777576175.8891604,0.1970214844
1777576175.8991604,-0.0739746094
1777576175.9091604,-0.0739746094
1777576175.9191604,-0.0739746094
1777576175.9291604,-0.0739746094
1777576175.9391603,-0.0739746094
1777576175.9491603,-0.0739746094
1777576175.9591603,-0.0739746094
1777576175.9691603,-0.0739746094
1777576175.9791603,-0.0739746094
1777576175.9891603,-0.0739746094
1777576175.9991603,-0.0739746094
1777576176.0091603,-0.0739746094
1777576176.0191605,-0.0739746094
1777576176.0291605,-0.0739746094
1777576176.0391605,-0.0739746094
1777576176.0491605,-0.0739746094
1777576176.0591605,-0.0739746094
1777576176.0691605,-0.0739746094
1777576176.0791605,-0.0739746094
1777576176.0891604,-0.0739746094
1777576176.0991604,0.0412597656
1777576176.1091604,0.0412597656
1777576176.1191604,0.0412597656
1777576176.1291604,0.0412597656
1777576176.1391604,0.0412597656
1777576176.1491604,0.0412597656
1777576176.1591604,0.0412597656
1777576176.1691604,0.0412597656
1777576176.1791604,0.0412597656
1777576176.1891603,0.0412597656
1777576176.1991603,0.0412597656
1777576176.2091603,0.0412597656
1777576176.2191606,0.0412597656
1777576176.2291605,0.0412597656
1777576176.2391605,0.0412597656
1777576176.2491605,0.0412597656
1777576176.2591605,0.0412597656
1777576176.2691605,0.0412597656
1777576176.2791605,0.0412597656
1777576176.2891605,0.0412597656
1777576176.2991605,-0.3486328125
1777576176.3091605,-0.3486328125
1777576176.3191605,-0.3486328125
1777576176.3291605,-0.3486328125
1777576176.3391604,-0.3486328125
1777576176.3491604,-0.3486328125
1777576176.3591604,-0.3486328125
1777576176.3691604,-0.3486328125
1777576176.3791604,-0.3486328125
1777576176.3891604,-0.3486328125
1777576176.3991604,-0.3486328125
1777576176.4091604,-0.3486328125
1777576176.4191606,-0.3486328125
1777576176.4291606,-0.3486328125
1777576176.4391606,-0.3486328125
1777576176.4491606,-0.3486328125
1777576176.4591606,-0.3486328125
1777576176.4691606,-0.3486328125
1777576176.4791605,-0.3486328125
1777576176.4891605,-0.3486328125
1777576176.4991605,-0.3054199219
1777576176.5091605,-0.3054199219
1777576176.5191605,-0.3054199219
1777576176.5291605,-0.3054199219
1777576176.5391605,-0.3054199219
1777576176.5491605,-0.3054199219
1777576176.5591605,-0.3054199219
1777576176.5691605,-0.3054199219
1777576176.5791605,-0.3054199219
1777576176.5891604,-0.3054199219
1777576176.5991604,-0.3054199219
1777576176.6091604,-0.3054199219
1777576176.6191607,-0.3054199219
1777576176.6291606,-0.3054199219
1777576176.6391606,-0.3054199219
1777576176.6491606,-0.3054199219
1777576176.6591606,-0.3054199219
1777576176.6691606,-0.3054199219
1777576176.6791606,-0.3054199219
1777576176.6891606,-0.3054199219
1777576176.6991606,-0.4077148438
1777576176.7091606,-0.4077148438
1777576176.7191606,-0.4077148438
1777576176.7291605,-0.4077148438
1777576176.7391605,-0.4077148438
1777576176.7491605,-0.4077148438
1777576176.7591605,-0.4077148438
1777576176.7691605,-0.4077148438
1777576176.7791605,-0.4077148438
1777576176.7891605,-0.4077148438
1777576176.7991605,-0.4077148438
1777576176.8091605,-0.4077148438
1777576176.8191607,-0.4077148438
1777576176.8291607,-0.4077148438
1777576176.8391607,-0.4077148438
1777576176.8491607,-0.4077148438
1777576176.8591607,-0.4077148438
1777576176.8691607,-0.4077148438
1777576176.8791606,-0.4077148438
1777576176.8891606,-0.4077148438
1777576176.8991606,-0.3645019531
1777576176.9091606,-0.3645019531
1777576176.9191606,-0.3645019531
1777576176.9291606,-0.3645019531
1777576176.9391606,-0.3645019531
1777576176.9491606,-0.3645019531
1777576176.9591606,-0.3645019531
1777576176.9691606,-0.3645019531
1777576176.9791605,-0.3645019531
1777576176.9891605,-0.3645019531
1777576176.9991605,-0.3645019531
1777576177.0091605,-0.3645019531
1777576177.0191607,-0.3645019531
1777576177.0291607,-0.3645019531
1777576177.0391607,-0.3645019531
1777576177.0491607,-0.3645019531
1777576177.0591607,-0.3645019531
1777576177.0691607,-0.3645019531
1777576177.0791607,-0.3645019531
1777576177.0891607,-0.3645019531
1777576177.0991607,-0.0510253906
1777576177.1091607,-0.0510253906
1777576177.1191607,-0.0510253906
1777576177.1291606,-0.0510253906
1777576177.1391606,-0.0510253906
1777576177.1491606,-0.0510253906
1777576177.1591606,-0.0510253906
1777576177.1691606,-0.0510253906
1777576177.1791606,-0.0510253906
1777576177.1891606,-0.0510253906
1777576177.1991606,-0.0510253906
1777576177.2091606,-0.0510253906
1777576177.2191608,-0.0510253906
1777576177.2291608,-0.0510253906
1777576177.2391608,-0.0510253906
1777576177.2491608,-0.0510253906
1777576177.2591608,-0.0510253906
1777576177.2691607,-0.0510253906
1777576177.2791607,-0.0510253906
1777576177.2891607,-0.0510253906
1777576177.2991607,-0.0776367188
1777576177.3091607,-0.0776367188
1777576177.3191607,-0.0776367188
1777576177.3291607,-0.0776367188
1777576177.3391607,-0.0776367188
1777576177.3491607,-0.0776367188
1777576177.3591607,-0.0776367188
1777576177.3691607,-0.0776367188
1777576177.3791606,-0.0776367188
1777576177.3891606,-0.0776367188
1777576177.3991606,-0.0776367188
1777576177.4091606,-0.0776367188
1777576177.4191608,-0.0776367188
1777576177.4291608,-0.0776367188
1777576177.4391608,-0.0776367188
1777576177.4491608,-0.0776367188
1777576177.4591608,-0.0776367188
1777576177.4691608,-0.0776367188
1777576177.4791608,-0.0776367188
1777576177.4891608,-0.0776367188
1777576177.4991608,-0.0888671875
1777576177.5091608,-0.0888671875
1777576177.5191607,-0.0888671875
1777576177.5291607,-0.0888671875
1777576177.5391607,-0.0888671875
1777576177.5491607,-0.0888671875
1777576177.5591607,-0.0888671875
1777576177.5691607,-0.0888671875
1777576177.5791607,-0.0888671875
1777576177.5891607,-0.0888671875
1777576177.5991607,-0.0888671875
1777576177.6091607,-0.0888671875
1777576177.619161,-0.0888671875
1777576177.629161,-0.0888671875
1777576177.6391609,-0.0888671875
1777576177.6491609,-0.0888671875
1777576177.6591609,-0.0888671875
1777576177.6691608,-0.0888671875
1777576177.6791608,-0.0888671875
1777576177.6891608,-0.0888671875
1777576177.6991608,0.0153808594
1777576177.7091608,0.0153808594
1777576177.7191608,0.0153808594
1777576177.7291608,0.0153808594
1777576177.7391608,0.0153808594
1777576177.7491608,0.0153808594
1777576177.7591608,0.0153808594
1777576177.7691607,0.0153808594
1777576177.7791607,0.0153808594
1777576177.7891607,0.0153808594
1777576177.7991607,0.0153808594
1777576177.8091607,0.0153808594
1777576177.819161,0.0153808594
1777576177.829161,0.0153808594
1777576177.839161,0.0153808594
1777576177.849161,0.0153808594
1777576177.859161,0.0153808594
1777576177.869161,0.0153808594
1777576177.879161,0.0153808594
1777576177.8891609,0.0153808594
1777576177.8991609,-0.1760253906
1777576177.9091609,-0.1760253906
1777576177.9191608,-0.1760253906
1777576177.9291608,-0.1760253906
1777576177.9391608,-0.1760253906
1777576177.9491608,-0.1760253906
1777576177.9591608,-0.1760253906
1777576177.9691608,-0.1760253906
1777576177.9791608,-0.1760253906
1777576177.9891608,-0.1760253906
1777576177.9991608,-0.1760253906
1777576178.0091608,-0.1760253906
1777576178.019161,-0.1760253906
1777576178.029161,-0.1760253906
1777576178.039161,-0.1760253906
1777576178.049161,-0.1760253906
1777576178.059161,-0.1760253906
1777576178.069161,-0.1760253906
1777576178.079161,-0.1760253906
1777576178.089161,-0.1760253906
1777576178.099161,-0.0659179688
1777576178.109161,-0.0659179688
1777576178.119161,-0.0659179688
1777576178.129161,-0.0659179688
1777576178.1391609,-0.0659179688
1777576178.1491609,-0.0659179688
1777576178.1591609,-0.0659179688
1777576178.1691608,-0.0659179688
1777576178.1791608,-0.0659179688
1777576178.1891608,-0.0659179688
1777576178.1991608,-0.0659179688
1777576178.2091608,-0.0659179688
1777576178.219161,-0.0659179688
1777576178.229161,-0.0659179688
1777576178.239161,-0.0659179688
1777576178.249161,-0.0659179688
1777576178.259161,-0.0659179688
1777576178.269161,-0.0659179688
1777576178.279161,-0.0659179688
1777576178.289161,-0.0659179688
1777576178.299161,0.044921875
1777576178.309161,0.044921875
1777576178.319161,0.044921875
1777576178.329161,0.044921875
1777576178.339161,0.044921875
1777576178.349161,0.044921875
1777576178.359161,0.044921875
1777576178.369161,0.044921875
1777576178.379161,0.044921875
1777576178.3891609,0.044921875
1777576178.3991609,0.044921875
1777576178.4091609,0.044921875
1777576178.419161,0.044921875
1777576178.429161,0.044921875
1777576178.439161,0.044921875
1777576178.449161,0.044921875
1777576178.459161,0.044921875
1777576178.469161,0.044921875
1777576178.479161,0.044921875
1777576178.489161,0.044921875
1777576178.499161,0.2766113281
1777576178.509161,0.2766113281
1777576178.519161,0.2766113281
1777576178.529161,0.2766113281
1777576178.539161,0.2766113281
1777576178.549161,0.2766113281
1777576178.559161,0.2766113281
1777576178.569161,0.2766113281
1777576178.579161,0.2766113281
1777576178.589161,0.2766113281
1777576178.599161,0.2766113281
1777576178.609161,0.2766113281
1777576178.6191611,0.2766113281
1777576178.6291611,0.2766113281
1777576178.639161,0.2766113281
1777576178.649161,0.2766113281
1777576178.659161,0.2766113281
1777576178.669161,0.2766113281
1777576178.679161,0.2766113281
1777576178.689161,0.2766113281
1777576178.699161,-0.3059082031
1777576178.709161,-0.3059082031
1777576178.719161,-0.3059082031
1777576178.729161,-0.3059082031
1777576178.739161,-0.3059082031
1777576178.749161,-0.3059082031
1777576178.759161,-0.3059082031
1777576178.769161,-0.3059082031
1777576178.779161,-0.3059082031
1777576178.789161,-0.3059082031
1777576178.799161,-0.3059082031
1777576178.809161,-0.3059082031
1777576178.8191612,-0.3059082031
1777576178.8291612,-0.3059082031
1777576178.8391612,-0.3059082031
1777576178.8491611,-0.3059082031
1777576178.8591611,-0.3059082031
1777576178.8691611,-0.3059082031
1777576178.8791611,-0.3059082031
1777576178.889161,-0.3059082031
1777576178.899161,-0.1892089844
1777576178.909161,-0.1892089844
1777576178.919161,-0.1892089844
1777576178.929161,-0.1892089844
1777576178.939161,-0.1892089844
1777576178.949161,-0.1892089844
1777576178.959161,-0.1892089844
1777576178.969161,-0.1892089844
1777576178.979161,-0.1892089844
1777576178.989161,-0.1892089844
1777576178.999161,-0.1892089844
1777576179.009161,-0.1892089844
1777576179.0191612,-0.1892089844
1777576179.0291612,-0.1892089844
1777576179.0391612,-0.1892089844
1777576179.0491612,-0.1892089844
1777576179.0591612,-0.1892089844
1777576179.0691612,-0.1892089844
1777576179.0791612,-0.1892089844
1777576179.0891612,-0.1892089844
1777576179.0991611,-0.0512695312
1777576179.1091611,-0.0512695312
1777576179.1191611,-0.0512695312
1777576179.1291611,-0.0512695312
1777576179.139161,-0.0512695312
1777576179.149161,-0.0512695312
1777576179.159161,-0.0512695312
1777576179.169161,-0.0512695312
1777576179.179161,-0.0512695312
1777576179.189161,-0.0512695312
1777576179.199161,-0.0512695312
1777576179.209161,-0.0512695312
1777576179.2191613,-0.0512695312
1777576179.2291613,-0.0512695312
1777576179.2391613,-0.0512695312
1777576179.2491612,-0.0512695312
1777576179.2591612,-0.0512695312
1777576179.2691612,-0.0512695312
1777576179.2791612,-0.0512695312
1777576179.2891612,-0.0512695312
1777576179.2991612,-0.0927734375
1777576179.3091612,-0.0927734375
1777576179.3191612,-0.0927734375
1777576179.3291612,-0.0927734375
1777576179.3391612,-0.0927734375
1777576179.3491611,-0.0927734375
1777576179.3591611,-0.0927734375
1777576179.3691611,-0.0927734375
1777576179.3791611,-0.0927734375
1777576179.389161,-0.0927734375
1777576179.399161,-0.0927734375
1777576179.409161,-0.0927734375
1777576179.4191613,-0.0927734375
1777576179.4291613,-0.0927734375
1777576179.4391613,-0.0927734375
1777576179.4491613,-0.0927734375
1777576179.4591613,-0.0927734375
1777576179.4691613,-0.0927734375
1777576179.4791613,-0.0927734375
1777576179.4891613,-0.0927734375
1777576179.4991612,0.0869140625
1777576179.5091612,0.0869140625
1777576179.5191612,0.0869140625
1777576179.5291612,0.0869140625
1777576179.5391612,0.0869140625
1777576179.5491612,0.0869140625
1777576179.5591612,0.0869140625
1777576179.5691612,0.0869140625
1777576179.5791612,0.0869140625
1777576179.5891612,0.0869140625
1777576179.5991611,0.0869140625
1777576179.6091611,0.0869140625
1777576179.6191614,0.0869140625
1777576179.6291614,0.0869140625
1777576179.6391613,0.0869140625
1777576179.6491613,0.0869140625
1777576179.6591613,0.0869140625
1777576179.6691613,0.0869140625
1777576179.6791613,0.0869140625
1777576179.6891613,0.0869140625
1777576179.6991613,-0.2841796875
1777576179.7091613,-0.2841796875
1777576179.7191613,-0.2841796875
1777576179.7291613,-0.2841796875
1777576179.7391613,-0.2841796875
1777576179.7491612,-0.2841796875
1777576179.7591612,-0.2841796875
1777576179.7691612,-0.2841796875
1777576179.7791612,-0.2841796875
1777576179.7891612,-0.2841796875
1777576179.7991612,-0.2841796875
1777576179.8091612,-0.2841796875
1777576179.8191614,-0.2841796875
1777576179.8291614,-0.2841796875
1777576179.8391614,-0.2841796875
1777576179.8491614,-0.2841796875
1777576179.8591614,-0.2841796875
1777576179.8691614,-0.2841796875
1777576179.8791614,-0.2841796875
1777576179.8891613,-0.2841796875
1777576179.8991613,0.4738769531
1777576179.9091613,0.4738769531
1777576179.9191613,0.4738769531
1777576179.9291613,0.4738769531
1777576179.9391613,0.4738769531
1777576179.9491613,0.4738769531
1777576179.9591613,0.4738769531
1777576179.9691613,0.4738769531
1777576179.9791613,0.4738769531
1777576179.9891613,0.4738769531
1777576179.9991612,0.4738769531
1777576180.0091612,0.4738769531
1777576180.0191615,0.4738769531
1777576180.0291615,0.4738769531
1777576180.0391614,0.4738769531
1777576180.0491614,0.4738769531
1777576180.0591614,0.4738769531
1777576180.0691614,0.4738769531
1777576180.0791614,0.4738769531
1777576180.0891614,0.4738769531
1777576180.0991614,-0.0192871094
1777576180.1091614,-0.0192871094
1777576180.1191614,-0.0192871094
1777576180.1291614,-0.0192871094
1777576180.1391613,-0.0192871094
1777576180.1491613,-0.0192871094
1777576180.1591613,-0.0192871094
1777576180.1691613,-0.0192871094
1777576180.1791613,-0.0192871094
1777576180.1891613,-0.0192871094
1777576180.1991613,-0.0192871094
1777576180.2091613,-0.0192871094
1777576180.2191615,-0.0192871094
1777576180.2291615,-0.0192871094
1777576180.2391615,-0.0192871094
1777576180.2491615,-0.0192871094
1777576180.2591615,-0.0192871094
1777576180.2691615,-0.0192871094
1777576180.2791615,-0.0192871094
1777576180.2891614,-0.0192871094
1777576180.2991614,-0.2165527344
1777576180.3091614,-0.2165527344
1777576180.3191614,-0.2165527344
1777576180.3291614,-0.2165527344
1777576180.3391614,-0.2165527344
1777576180.3491614,-0.2165527344
1777576180.3591614,-0.2165527344
1777576180.3691614,-0.2165527344
1777576180.3791614,-0.2165527344
1777576180.3891613,-0.2165527344
1777576180.3991613,-0.2165527344
1777576180.4091613,-0.2165527344
1777576180.4191616,-0.2165527344
1777576180.4291615,-0.2165527344
1777576180.4391615,-0.2165527344
1777576180.4491615,-0.2165527344
1777576180.4591615,-0.2165527344
1777576180.4691615,-0.2165527344
1777576180.4791615,-0.2165527344
1777576180.4891615,-0.2165527344
1777576180.4991615,0.0075683594
1777576180.5091615,0.0075683594
1777576180.5191615,0.0075683594
1777576180.5291615,0.0075683594
1777576180.5391614,0.0075683594
1777576180.5491614,0.0075683594
1777576180.5591614,0.0075683594
1777576180.5691614,0.0075683594
1777576180.5791614,0.0075683594
1777576180.5891614,0.0075683594
1777576180.5991614,0.0075683594
1777576180.6091614,0.0075683594
1777576180.6191616,0.0075683594
1777576180.6291616,0.0075683594
1777576180.6391616,0.0075683594
1777576180.6491616,0.0075683594
1777576180.6591616,0.0075683594
1777576180.6691616,0.0075683594
1777576180.6791615,0.0075683594
1777576180.6891615,0.0075683594
1777576180.6991615,-0.21875
1777576180.7091615,-0.21875
1777576180.7191615,-0.21875
1777576180.7291615,-0.21875
1777576180.7391615,-0.21875
1777576180.7491615,-0.21875
1777576180.7591615,-0.21875
1777576180.7691615,-0.21875
1777576180.7791615,-0.21875
1777576180.7891614,-0.21875
1777576180.7991614,-0.21875
1777576180.8091614,-0.21875
1777576180.8191617,-0.21875
1777576180.8291616,-0.21875
1777576180.8391616,-0.21875
1777576180.8491616,-0.21875
1777576180.8591616,-0.21875
1777576180.8691616,-0.21875
1777576180.8791616,-0.21875
1777576180.8891616,-0.21875
1777576180.8991616,-0.0366210938
1777576180.9091616,-0.0366210938
1777576180.9191616,-0.0366210938
1777576180.9291615,-0.0366210938
1777576180.9391615,-0.0366210938
1777576180.9491615,-0.0366210938
1777576180.9591615,-0.0366210938
1777576180.9691615,-0.0366210938
1777576180.9791615,-0.0366210938
1777576180.9891615,-0.0366210938
1777576180.9991615,-0.0366210938
1777576181.0091615,-0.0366210938
1777576181.0191617,-0.0366210938
1777576181.0291617,-0.0366210938
1777576181.0391617,-0.0366210938
1777576181.0491617,-0.0366210938
1777576181.0591617,-0.0366210938
1777576181.0691617,-0.0366210938
1777576181.0791616,-0.0366210938
1777576181.0891616,-0.0366210938
1777576181.0991616,0.1384277344
1777576181.1091616,0.1384277344
1777576181.1191616,0.1384277344
1777576181.1291616,0.1384277344
1777576181.1391616,0.1384277344
1777576181.1491616,0.1384277344
1777576181.1591616,0.1384277344
1777576181.1691616,0.1384277344
1777576181.1791615,0.1384277344
1777576181.1891615,0.1384277344
1777576181.1991615,0.1384277344
1777576181.2091615,0.1384277344
1777576181.2191617,0.1384277344
1777576181.2291617,0.1384277344
1777576181.2391617,0.1384277344
1777576181.2491617,0.1384277344
1777576181.2591617,0.1384277344
1777576181.2691617,0.1384277344
1777576181.2791617,0.1384277344
1777576181.2891617,0.1384277344
1777576181.2991617,0.2514648438
1777576181.3091617,0.2514648438
1777576181.3191617,0.2514648438
1777576181.3291616,0.2514648438
1777576181.3391616,0.2514648438
1777576181.3491616,0.2514648438
1777576181.3591616,0.2514648438
1777576181.3691616,0.2514648438
1777576181.3791616,0.2514648438
1777576181.3891616,0.2514648438
1777576181.3991616,0.2514648438
1777576181.4091616,0.2514648438
1777576181.4191618,0.2514648438
1777576181.4291618,0.2514648438
1777576181.4391618,0.2514648438
1777576181.4491618,0.2514648438
1777576181.4591618,0.2514648438
1777576181.4691617,0.2514648438
1777576181.4791617,0.2514648438
1777576181.4891617,0.2514648438
1777576181.4991617,0.2077636719
1777576181.5091617,0.2077636719
1777576181.5191617,0.2077636719
1777576181.5291617,0.2077636719
1777576181.5391617,0.2077636719
1777576181.5491617,0.2077636719
1777576181.5591617,0.2077636719
1777576181.5691617,0.2077636719
1777576181.5791616,0.2077636719
1777576181.5891616,0.2077636719
1777576181.5991616,0.2077636719
1777576181.6091616,0.2077636719
1777576181.6191618,0.2077636719
1777576181.6291618,0.2077636719
1777576181.6391618,0.2077636719
1777576181.6491618,0.2077636719
1777576181.6591618,0.2077636719
1777576181.6691618,0.2077636719
1777576181.6791618,0.2077636719
1777576181.6891618,0.2077636719
1777576181.6991618,-0.166015625
1777576181.7091618,-0.166015625
1777576181.7191617,-0.166015625
1777576181.7291617,-0.166015625
1777576181.7391617,-0.166015625
1777576181.7491617,-0.166015625
1777576181.7591617,-0.166015625
1777576181.7691617,-0.166015625
1777576181.7791617,-0.166015625
1777576181.7891617,-0.166015625
1777576181.7991617,-0.166015625
1777576181.8091617,-0.166015625
1777576181.819162,-0.166015625
1777576181.829162,-0.166015625
1777576181.8391619,-0.166015625
1777576181.8491619,-0.166015625
1777576181.8591619,-0.166015625
1777576181.8691618,-0.166015625
1777576181.8791618,-0.166015625
1777576181.8891618,-0.166015625
1777576181.8991618,0.0388183594
1777576181.9091618,0.0388183594
1777576181.9191618,0.0388183594
1777576181.9291618,0.0388183594
1777576181.9391618,0.0388183594
1777576181.9491618,0.0388183594
1777576181.9591618,0.0388183594
1777576181.9691617,0.0388183594
1777576181.9791617,0.0388183594
1777576181.9891617,0.0388183594
1777576181.9991617,0.0388183594
1777576182.0091617,0.0388183594
1777576182.019162,0.0388183594
1777576182.029162,0.0388183594
1777576182.039162,0.0388183594
1777576182.049162,0.0388183594
1777576182.059162,0.0388183594
1777576182.069162,0.0388183594
1777576182.079162,0.0388183594
1777576182.0891619,0.0388183594
1777576182.0991619,-0.1281738281
1777576182.1091619,-0.1281738281
1777576182.1191618,-0.1281738281
1777576182.1291618,-0.1281738281
1777576182.1391618,-0.1281738281
1777576182.1491618,-0.1281738281
1777576182.1591618,-0.1281738281
1777576182.1691618,-0.1281738281
1777576182.1791618,-0.1281738281
1777576182.1891618,-0.1281738281
1777576182.1991618,-0.1281738281
1777576182.2091618,-0.1281738281
1777576182.219162,-0.1281738281
1777576182.229162,-0.1281738281
1777576182.239162,-0.1281738281
1777576182.249162,-0.1281738281
1777576182.259162,-0.1281738281
1777576182.269162,-0.1281738281
1777576182.279162,-0.1281738281
1777576182.289162,-0.1281738281
1777576182.299162,-0.2666015625
1777576182.309162,-0.2666015625
1777576182.319162,-0.2666015625
1777576182.329162,-0.2666015625
1777576182.3391619,-0.2666015625
1777576182.3491619,-0.2666015625
1777576182.3591619,-0.2666015625
1777576182.3691618,-0.2666015625
1777576182.3791618,-0.2666015625
1777576182.3891618,-0.2666015625
1777576182.3991618,-0.2666015625
1777576182.4091618,-0.2666015625
1777576182.419162,-0.2666015625
1777576182.429162,-0.2666015625
1777576182.439162,-0.2666015625
1777576182.449162,-0.2666015625
1777576182.459162,-0.2666015625
1777576182.469162,-0.2666015625
1777576182.479162,-0.2666015625
1777576182.489162,-0.2666015625
1777576182.499162,0.126953125
1777576182.509162,0.126953125
1777576182.519162,0.126953125
1777576182.529162,0.126953125
1777576182.539162,0.126953125
1777576182.549162,0.126953125
1777576182.559162,0.126953125
1777576182.569162,0.126953125
1777576182.579162,0.126953125
1777576182.5891619,0.126953125
1777576182.5991619,0.126953125
1777576182.6091619,0.126953125
1777576182.619162,0.126953125
1777576182.629162,0.126953125
1777576182.639162,0.126953125
1777576182.649162,0.126953125
1777576182.659162,0.126953125
1777576182.669162,0.126953125
1777576182.679162,0.126953125
1777576182.689162,0.126953125
1777576182.699162,-0.1110839844
1777576182.709162,-0.1110839844
1777576182.719162,-0.1110839844
1777576182.729162,-0.1110839844
1777576182.739162,-0.1110839844
1777576182.749162,-0.1110839844
1777576182.759162,-0.1110839844
1777576182.769162,-0.1110839844
1777576182.779162,-0.1110839844
1777576182.789162,-0.1110839844
1777576182.799162,-0.1110839844
1777576182.809162,-0.1110839844
1777576182.8191621,-0.1110839844
1777576182.8291621,-0.1110839844
1777576182.839162,-0.1110839844
1777576182.849162,-0.1110839844
1777576182.859162,-0.1110839844
1777576182.869162,-0.1110839844
1777576182.879162,-0.1110839844
1777576182.889162,-0.1110839844
1777576182.899162,0.0327148438
1777576182.909162,0.0327148438
1777576182.919162,0.0327148438
1777576182.929162,0.0327148438
1777576182.939162,0.0327148438
1777576182.949162,0.0327148438
1777576182.959162,0.0327148438
1777576182.969162,0.0327148438
1777576182.979162,0.0327148438
1777576182.989162,0.0327148438
1777576182.999162,0.0327148438
1777576183.009162,0.0327148438
1777576183.0191622,0.0327148438
1777576183.0291622,0.0327148438
1777576183.0391622,0.0327148438
1777576183.0491621,0.0327148438
1777576183.0591621,0.0327148438
1777576183.0691621,0.0327148438
1777576183.0791621,0.0327148438
1777576183.089162,0.0327148438
1777576183.099162,0.1149902344
1777576183.109162,0.1149902344
1777576183.119162,0.1149902344
1777576183.129162,0.1149902344
1777576183.139162,0.1149902344
1777576183.149162,0.1149902344
1777576183.159162,0.1149902344
1777576183.169162,0.1149902344
1777576183.179162,0.1149902344
1777576183.189162,0.1149902344
1777576183.199162,0.1149902344
1777576183.209162,0.1149902344
1777576183.2191622,0.1149902344
1777576183.2291622,0.1149902344
1777576183.2391622,0.1149902344
1777576183.2491622,0.1149902344
1777576183.2591622,0.1149902344
1777576183.2691622,0.1149902344
1777576183.2791622,0.1149902344
1777576183.2891622,0.1149902344
1777576183.2991621,-0.017578125
1777576183.3091621,-0.017578125
1777576183.3191621,-0.017578125
1777576183.3291621,-0.017578125
1777576183.339162,-0.017578125
1777576183.349162,-0.017578125
1777576183.359162,-0.017578125
1777576183.369162,-0.017578125
1777576183.379162,-0.017578125
1777576183.389162,-0.017578125
1777576183.399162,-0.017578125
1777576183.409162,-0.017578125
1777576183.4191623,-0.017578125
1777576183.4291623,-0.017578125
1777576183.4391623,-0.017578125
1777576183.4491622,-0.017578125
1777576183.4591622,-0.017578125
1777576183.4691622,-0.017578125
1777576183.4791622,-0.017578125
1777576183.4891622,-0.017578125
1777576183.4991622,-0.16796875
1777576183.5091622,-0.16796875
1777576183.5191622,-0.16796875
1777576183.5291622,-0.16796875
1777576183.5391622,-0.16796875
1777576183.5491621,-0.16796875
1777576183.5591621,-0.16796875
1777576183.5691621,-0.16796875
1777576183.5791621,-0.16796875
1777576183.589162,-0.16796875
1777576183.599162,-0.16796875
1777576183.609162,-0.16796875
1777576183.6191623,-0.16796875
1777576183.6291623,-0.16796875
1777576183.6391623,-0.16796875
1777576183.6491623,-0.16796875
1777576183.6591623,-0.16796875
1777576183.6691623,-0.16796875
1777576183.6791623,-0.16796875
1777576183.6891623,-0.16796875
1777576183.6991622,-0.0129394531
1777576183.7091622,-0.0129394531
1777576183.7191622,-0.0129394531
1777576183.7291622,-0.0129394531
1777576183.7391622,-0.0129394531
1777576183.7491622,-0.0129394531
1777576183.7591622,-0.0129394531
1777576183.7691622,-0.0129394531
1777576183.7791622,-0.0129394531
1777576183.7891622,-0.0129394531
1777576183.7991621,-0.0129394531
1777576183.8091621,-0.0129394531
1777576183.8191624,-0.0129394531
1777576183.8291624,-0.0129394531
1777576183.8391623,-0.0129394531
1777576183.8491623,-0.0129394531
1777576183.8591623,-0.0129394531
1777576183.8691623,-0.0129394531
1777576183.8791623,-0.0129394531
1777576183.8891623,-0.0129394531
1777576183.8991623,0.0954589844
1777576183.9091623,0.0954589844
1777576183.9191623,0.0954589844
1777576183.9291623,0.0954589844
1777576183.9391623,0.0954589844
1777576183.9491622,0.0954589844
1777576183.9591622,0.0954589844
1777576183.9691622,0.0954589844
1777576183.9791622,0.0954589844
1777576183.9891622,0.0954589844
1777576183.9991622,0.0954589844
1777576184.0091622,0.0954589844
1777576184.0191624,0.0954589844
1777576184.0291624,0.0954589844
1777576184.0391624,0.0954589844
1777576184.0491624,0.0954589844
1777576184.0591624,0.0954589844
1777576184.0691624,0.0954589844
1777576184.0791624,0.0954589844
1777576184.0891623,0.0954589844
1777576184.0991623,0.1015625
1777576184.1091623,0.1015625
1777576184.1191623,0.1015625
1777576184.1291623,0.1015625
1777576184.1391623,0.1015625
1777576184.1491623,0.1015625
1777576184.1591623,0.1015625
1777576184.1691623,0.1015625
1777576184.1791623,0.1015625
1777576184.1891623,0.1015625
1777576184.1991622,0.1015625
1777576184.2091622,0.1015625
1777576184.2191625,0.1015625
1777576184.2291625,0.1015625
1777576184.2391624,0.1015625
1777576184.2491624,0.1015625
1777576184.2591624,0.1015625
1777576184.2691624,0.1015625
1777576184.2791624,0.1015625
1777576184.2891624,0.1015625
