Command_x,Command_y,Target_x,Target_y
1779990782.961026,255.1703376203,1779990782.961026,0.
1779990783.061026,255.1703376203,1779990783.061026,0.
1779990783.161026,255.1703376203,1779990783.161026,0.
1779990783.2610261,255.1703376203,1779990783.2610261,0.
1779990783.361026,255.1703376203,1779990783.361026,0.
1779990783.461026,255.1703376203,1779990783.461026,0.
1779990783.561026,255.1703376203,1779990783.561026,0.
1779990783.661026,255.1703376203,1779990783.661026,0.
1779990783.7610261,255.1703376203,1779990783.7610261,0.
1779990783.861026,255.1703376203,1779990783.861026,0.
1779990783.961026,255.1703376203,1779990783.961026,0.
1779990784.061026,255.1703376203,1779990784.061026,0.
1779990784.161026,255.1703376203,1779990784.161026,0.
1779990784.2610261,255.1703376203,1779990784.2610261,0.
1779990784.361026,255.1703376203,1779990784.361026,0.
1779990784.461026,255.1703376203,1779990784.461026,0.
1779990784.561026,255.1703376203,1779990784.561026,0.
1779990784.661026,255.1703376203,1779990784.661026,0.
1779990784.7610261,255.1703376203,1779990784.7610261,0.
1779990784.861026,255.1703376203,1779990784.861026,0.
1779990784.961026,255.1703376203,1779990784.961026,0.
1779990785.061026,255.1703376203,1779990785.061026,0.
1779990785.161026,255.1703376203,1779990785.161026,0.
1779990785.2610261,255.1703376203,1779990785.2610261,0.
1779990785.361026,255.1703376203,1779990785.361026,0.
1779990785.461026,255.1703376203,1779990785.461026,0.
1779990785.561026,255.1703376203,1779990785.561026,0.
1779990785.661026,255.1703376203,1779990785.661026,0.
1779990785.7610261,255.1703376203,1779990785.7610261,0.
1779990785.861026,255.1703376203,1779990785.861026,0.
1779990785.961026,255.1703376203,1779990785.961026,0.
1779990786.061026,255.1703376203,1779990786.061026,0.
1779990786.161026,255.1703376203,1779990786.161026,0.
1779990786.2610261,255.1703376203,1779990786.2610261,0.
1779990786.361026,255.1703376203,1779990786.361026,0.
1779990786.461026,255.1703376203,1779990786.461026,0.
1779990786.561026,255.1703376203,1779990786.561026,0.
1779990786.661026,255.1703376203,1779990786.661026,0.
1779990786.7610261,255.1703376203,1779990786.7610261,0.
1779990786.861026,255.1703376203,1779990786.861026,0.
1779990786.961026,255.1703376203,1779990786.961026,0.
1779990787.061026,255.1703376203,1779990787.061026,0.
1779990787.161026,255.1703376203,1779990787.161026,0.
1779990787.2610261,255.1703376203,1779990787.2610261,0.
1779990787.361026,255.1703376203,1779990787.361026,0.
1779990787.461026,255.1703376203,1779990787.461026,0.
1779990787.561026,255.1703376203,1779990787.561026,0.
1779990787.661026,255.1703376203,1779990787.661026,0.
1779990787.7610261,255.1703376203,1779990787.7610261,0.
1779990787.861026,255.1703376203,1779990787.861026,0.
1779990787.961026,255.1703376203,1779990787.961026,0.
1779990788.061026,255.1703376203,1779990788.061026,0.
1779990788.161026,255.1703376203,1779990788.161026,0.
1779990788.2610261,255.1703376203,1779990788.2610261,0.
1779990788.361026,255.1703376203,1779990788.361026,0.
1779990788.461026,255.1703376203,1779990788.461026,0.
1779990788.561026,255.1703376203,1779990788.561026,0.
1779990788.661026,255.1703376203,1779990788.661026,0.
1779990788.7610261,255.1703376203,1779990788.7610261,0.
1779990788.861026,255.1703376203,1779990788.861026,0.
1779990788.961026,255.1703376203,1779990788.961026,0.
1779990789.061026,255.1703376203,1779990789.061026,0.
1779990789.161026,255.1703376203,1779990789.161026,0.
1779990789.2610261,255.1703376203,1779990789.2610261,0.
1779990789.361026,255.1703376203,1779990789.361026,0.
1779990789.461026,255.1703376203,1779990789.461026,0.
1779990789.561026,255.1703376203,1779990789.561026,0.
1779990789.661026,255.1703376203,1779990789.661026,0.
1779990789.7610261,255.1703376203,1779990789.7610261,0.
1779990789.861026,255.1703376203,1779990789.861026,0.
1779990789.961026,255.1703376203,1779990789.961026,0.
1779990790.061026,255.1703376203,1779990790.061026,0.
1779990790.161026,255.1703376203,1779990790.161026,0.
1779990790.2610261,255.1703376203,1779990790.2610261,0.
1779990790.361026,255.1703376203,1779990790.361026,0.
1779990790.461026,255.1703376203,1779990790.461026,0.
1779990790.561026,255.1703376203,1779990790.561026,0.
1779990790.661026,255.1703376203,1779990790.661026,0.
1779990790.7610261,255.1703376203,1779990790.7610261,0.
1779990790.861026,255.1703376203,1779990790.861026,0.
1779990790.961026,255.1703376203,1779990790.961026,0.
1779990791.061026,255.1703376203,1779990791.061026,0.
1779990791.161026,255.1703376203,1779990791.161026,0.
1779990791.2610261,255.1703376203,1779990791.2610261,0.
1779990791.361026,255.1703376203,1779990791.361026,0.
1779990791.461026,0.,1779990791.461026,200.
1779990791.561026,0.,1779990791.561026,200.
1779990791.661026,0.,1779990791.661026,200.
1779990791.7610261,0.,1779990791.7610261,200.
1779990791.861026,0.,1779990791.861026,200.
1779990791.961026,0.,1779990791.961026,200.
1779990792.061026,0.,1779990792.061026,200.
1779990792.161026,0.,1779990792.161026,200.
1779990792.2610261,0.,1779990792.2610261,200.
1779990792.361026,0.,1779990792.361026,200.
1779990792.461026,0.,1779990792.461026,200.
1779990792.561026,0.,1779990792.561026,200.
1779990792.661026,0.,1779990792.661026,200.
1779990792.7610261,0.,1779990792.7610261,200.
1779990792.861026,0.,1779990792.861026,200.
1779990792.961026,0.,1779990792.961026,200.
1779990793.061026,0.,1779990793.061026,200.
1779990793.161026,0.,1779990793.161026,200.
1779990793.2610261,0.,1779990793.2610261,200.
1779990793.361026,0.,1779990793.361026,200.
1779990793.461026,0.,1779990793.461026,200.
1779990793.561026,0.,1779990793.561026,200.
1779990793.661026,0.,1779990793.661026,200.
1779990793.7610261,0.,1779990793.7610261,200.
1779990793.861026,0.,1779990793.861026,200.
1779990793.961026,0.,1779990793.961026,200.
1779990794.061026,0.,1779990794.061026,200.
1779990794.161026,0.,1779990794.161026,200.
1779990794.2610261,0.,1779990794.2610261,200.
1779990794.361026,0.,1779990794.361026,200.
1779990794.461026,0.,1779990794.461026,200.
1779990794.561026,0.,1779990794.561026,200.
1779990794.661026,0.,1779990794.661026,200.
1779990794.7610261,0.,1779990794.7610261,200.
1779990794.861026,0.,1779990794.861026,200.
1779990794.961026,0.,1779990794.961026,200.
1779990795.061026,0.,1779990795.061026,200.
1779990795.161026,0.,1779990795.161026,200.
1779990795.2610261,0.,1779990795.2610261,200.
1779990795.361026,0.,1779990795.361026,200.
1779990795.461026,0.,1779990795.461026,200.
1779990795.561026,0.,1779990795.561026,200.
1779990795.661026,0.,1779990795.661026,200.
1779990795.7610261,0.,1779990795.7610261,200.
1779990795.861026,0.,1779990795.861026,200.
1779990795.961026,0.,1779990795.961026,200.
1779990796.061026,0.,1779990796.061026,200.
1779990796.161026,0.,1779990796.161026,200.
1779990796.2610261,0.,1779990796.2610261,200.
1779990796.361026,0.,1779990796.361026,200.
1779990796.461026,0.,1779990796.461026,200.
1779990796.561026,0.,1779990796.561026,200.
1779990796.661026,0.,1779990796.661026,200.
1779990796.7610261,0.,1779990796.7610261,200.
1779990796.861026,0.,1779990796.861026,200.
1779990796.961026,0.,1779990796.961026,200.
1779990797.061026,0.,1779990797.061026,200.
1779990797.161026,0.,1779990797.161026,200.
1779990797.2610261,0.,1779990797.2610261,200.
1779990797.361026,0.,1779990797.361026,200.
1779990797.461026,0.,1779990797.461026,200.
1779990797.561026,0.,1779990797.561026,200.
1779990797.661026,0.,1779990797.661026,200.
1779990797.7610261,0.,1779990797.7610261,200.
1779990797.861026,0.,1779990797.861026,200.
1779990797.961026,0.,1779990797.961026,200.
1779990798.061026,0.,1779990798.061026,200.
1779990798.161026,0.,1779990798.161026,200.
1779990798.2610261,0.,1779990798.2610261,200.
1779990798.361026,0.,1779990798.361026,200.
1779990798.461026,0.,1779990798.461026,200.
1779990798.561026,0.,1779990798.561026,200.
1779990798.661026,0.,1779990798.661026,200.
1779990798.7610261,0.,1779990798.7610261,200.
1779990798.861026,0.,1779990798.861026,200.
1779990798.961026,0.,1779990798.961026,200.
1779990799.061026,0.,1779990799.061026,200.
1779990799.161026,0.,1779990799.161026,200.
1779990799.2610261,0.,1779990799.2610261,200.
1779990799.361026,0.,1779990799.361026,200.
1779990799.461026,0.,1779990799.461026,200.
1779990799.561026,0.,1779990799.561026,200.
1779990799.661026,0.,1779990799.661026,200.
1779990799.7610261,0.,1779990799.7610261,200.
1779990799.861026,0.,1779990799.861026,200.
1779990799.961026,0.,1779990799.961026,200.
1779990800.061026,0.,1779990800.061026,200.
1779990800.161026,0.,1779990800.161026,200.
1779990800.2610261,0.,1779990800.2610261,200.
1779990800.361026,0.,1779990800.361026,200.
1779990800.461026,0.,1779990800.461026,200.
1779990800.561026,0.,1779990800.561026,200.
1779990800.661026,0.,1779990800.661026,200.
1779990800.7610261,0.,1779990800.7610261,200.
1779990800.861026,0.,1779990800.861026,200.
1779990800.961026,0.,1779990800.961026,200.
1779990801.061026,0.,1779990801.061026,200.
1779990801.161026,0.,1779990801.161026,200.
1779990801.2610261,0.,1779990801.2610261,200.
1779990801.361026,0.,1779990801.361026,200.
1779990801.461026,0.,1779990801.461026,200.
1779990801.561026,0.,1779990801.561026,200.
1779990801.661026,0.,1779990801.661026,200.
1779990801.7610261,0.,1779990801.7610261,200.
1779990801.861026,0.,1779990801.861026,200.
1779990801.961026,0.,1779990801.961026,200.
1779990802.061026,0.,1779990802.061026,200.
1779990802.161026,0.,1779990802.161026,200.
1779990802.2610261,0.,1779990802.2610261,200.
1779990802.361026,0.,1779990802.361026,200.
1779990802.461026,0.,1779990802.461026,200.
1779990802.561026,0.,1779990802.561026,200.
1779990802.661026,0.,1779990802.661026,200.
1779990802.7610261,0.,1779990802.7610261,200.
1779990802.861026,0.,1779990802.861026,200.
1779990802.961026,0.,1779990802.961026,200.
1779990803.061026,0.,1779990803.061026,200.
1779990803.161026,0.,1779990803.161026,200.
1779990803.2610261,0.,1779990803.2610261,200.
1779990803.361026,0.,1779990803.361026,200.
1779990803.461026,0.,1779990803.461026,200.
1779990803.561026,0.,1779990803.561026,200.
1779990803.661026,0.,1779990803.661026,200.
1779990803.7610261,0.,1779990803.7610261,200.
1779990803.861026,0.,1779990803.861026,200.
1779990803.961026,0.,1779990803.961026,200.
1779990804.061026,0.,1779990804.061026,200.
1779990804.161026,0.,1779990804.161026,200.
1779990804.2610261,0.,1779990804.2610261,200.
1779990804.361026,0.,1779990804.361026,200.
1779990804.461026,0.,1779990804.461026,200.
1779990804.561026,0.,1779990804.561026,200.
1779990804.661026,0.,1779990804.661026,200.
1779990804.7610261,0.,1779990804.7610261,200.
1779990804.861026,0.,1779990804.861026,200.
1779990804.961026,0.,1779990804.961026,200.
1779990805.061026,0.,1779990805.061026,200.
1779990805.161026,0.,1779990805.161026,200.
1779990805.2610261,0.,1779990805.2610261,200.
1779990805.361026,0.,1779990805.361026,200.
1779990805.461026,0.,1779990805.461026,200.
1779990805.561026,0.,1779990805.561026,200.
1779990805.661026,0.,1779990805.661026,200.
1779990805.7610261,0.,1779990805.7610261,200.
1779990805.861026,0.,1779990805.861026,200.
1779990805.961026,0.,1779990805.961026,200.
1779990806.061026,0.,1779990806.061026,200.
1779990806.161026,0.,1779990806.161026,200.
1779990806.2610261,0.,1779990806.2610261,200.
1779990806.361026,0.,1779990806.361026,200.
1779990806.461026,0.,1779990806.461026,200.
1779990806.561026,0.,1779990806.561026,200.
1779990806.661026,0.,1779990806.661026,200.
1779990806.7610261,0.,1779990806.7610261,200.
1779990806.861026,0.,1779990806.861026,200.
1779990806.961026,0.,1779990806.961026,200.
1779990807.061026,0.,1779990807.061026,200.
1779990807.161026,0.,1779990807.161026,200.
1779990807.2610261,0.,1779990807.2610261,200.
1779990807.361026,0.,1779990807.361026,200.
1779990807.461026,0.,1779990807.461026,200.
1779990807.561026,0.,1779990807.561026,200.
1779990807.661026,0.,1779990807.661026,200.
1779990807.7610261,0.,1779990807.7610261,200.
1779990807.861026,0.,1779990807.861026,200.
1779990807.961026,0.,1779990807.961026,200.
1779990808.061026,0.,1779990808.061026,200.
1779990808.161026,0.,1779990808.161026,200.
1779990808.2610261,0.,1779990808.2610261,200.
1779990808.361026,0.,1779990808.361026,200.
1779990808.461026,0.,1779990808.461026,200.
1779990808.561026,0.,1779990808.561026,200.
1779990808.661026,0.,1779990808.661026,200.
1779990808.7610261,0.,1779990808.7610261,200.
1779990808.861026,0.,1779990808.861026,200.
1779990808.961026,0.,1779990808.961026,200.
1779990809.061026,0.,1779990809.061026,200.
1779990809.161026,0.,1779990809.161026,200.
1779990809.2610261,0.,1779990809.2610261,200.
1779990809.361026,0.,1779990809.361026,200.
1779990809.461026,0.,1779990809.461026,200.
1779990809.561026,0.,1779990809.561026,200.
1779990809.661026,0.,1779990809.661026,200.
1779990809.7610261,0.,1779990809.7610261,200.
1779990809.861026,0.,1779990809.861026,200.
1779990809.961026,0.,1779990809.961026,200.
1779990810.061026,0.,1779990810.061026,200.
1779990810.161026,0.,1779990810.161026,200.
1779990810.2610261,0.,1779990810.2610261,200.
1779990810.361026,0.,1779990810.361026,200.
1779990810.461026,0.,1779990810.461026,200.
1779990810.561026,0.,1779990810.561026,200.
1779990810.661026,0.,1779990810.661026,200.
1779990810.7610261,0.,1779990810.7610261,200.
1779990810.861026,0.,1779990810.861026,200.
1779990810.961026,0.,1779990810.961026,200.
1779990811.061026,0.,1779990811.061026,200.
1779990811.161026,0.,1779990811.161026,200.
1779990811.2610261,0.,1779990811.2610261,200.
1779990811.361026,0.,1779990811.361026,200.
1779990811.461026,0.,1779990811.461026,200.
1779990811.561026,0.,1779990811.561026,200.
1779990811.661026,0.,1779990811.661026,200.
1779990811.7610261,0.,1779990811.7610261,200.
1779990811.861026,0.,1779990811.861026,200.
1779990811.961026,0.,1779990811.961026,200.
1779990812.061026,0.,1779990812.061026,200.
1779990812.161026,0.,1779990812.161026,200.
1779990812.2610261,0.,1779990812.2610261,200.
1779990812.361026,0.,1779990812.361026,200.
1779990812.461026,0.,1779990812.461026,200.
1779990812.561026,0.,1779990812.561026,200.
1779990812.661026,0.,1779990812.661026,200.
1779990812.7610261,0.,1779990812.7610261,200.
1779990812.861026,0.,1779990812.861026,200.
1779990812.961026,64.7730004112,1779990812.961026,200.
1779990813.061026,90.4739957847,1779990813.061026,200.
1779990813.161026,161.3348576479,1779990813.161026,200.
1779990813.2610261,171.3514922947,1779990813.2610261,200.
1779990813.361026,182.0221842578,1779990813.361026,200.
1779990813.461026,181.6808514100,1779990813.461026,200.
1779990813.561026,268.772062502,1779990813.561026,200.
1779990813.661026,329.2470943338,1779990813.661026,200.
1779990813.7610261,249.747711541,1779990813.7610261,200.
1779990813.861026,221.2532612937,1779990813.861026,200.
1779990813.961026,207.1245008204,1779990813.961026,200.
1779990814.061026,187.7146596636,1779990814.061026,200.
1779990814.161026,203.1358843679,1779990814.161026,200.
1779990814.2610261,232.0192601134,1779990814.2610261,200.
1779990814.361026,206.6307118924,1779990814.361026,200.
1779990814.461026,181.9367764755,1779990814.461026,200.
1779990814.561026,209.3101454957,1779990814.561026,200.
1779990814.661026,223.6246545511,1779990814.661026,200.
1779990814.7610261,271.7729344113,1779990814.7610261,211.7347589795
1779990814.861026,285.1783699475,1779990814.861026,210.4994512549
1779990814.961026,210.0483176155,1779990814.961026,211.6407362235
1779990815.061026,198.7465785867,1779990815.061026,212.2796802478
1779990815.161026,198.7465785867,1779990815.161026,213.1953032895
1779990815.2610261,255.7910830718,1779990815.2610261,209.2731125822
1779990815.361026,280.1426655273,1779990815.361026,206.0509721455
1779990815.461026,272.0008562515,1779990815.461026,200.5390311079
1779990815.561026,308.3563906989,1779990815.561026,191.0098387240
1779990815.661026,202.8457238438,1779990815.661026,191.7086912836
1779990815.7610261,250.8589214519,1779990815.7610261,192.4377403712
1779990815.861026,210.7323302101,1779990815.861026,193.1439254421
1779990815.961026,238.172551724,1779990815.961026,193.8045124519
1779990816.061026,279.7939704064,1779990816.061026,194.4115509837
1779990816.161026,246.7352,1779990816.161026,204.0657353042
1779990816.2610261,214.4937929435,1779990816.2610261,205.0317555783
1779990816.361026,342.8137932356,1779990816.361026,206.4939696944
1779990816.461026,220.6703182127,1779990816.461026,210.1961543909
1779990816.561026,182.3154990339,1779990816.561026,216.3781812723
1779990816.661026,297.1636450290,1779990816.661026,222.8123796628
1779990816.7610261,179.1204995188,1779990816.7610261,223.5032794116
1779990816.861026,294.2170680992,1779990816.861026,221.3115563184
1779990816.961026,290.8772197081,1779990816.961026,220.4083726903
1779990817.061026,201.6032473256,1779990817.061026,219.0258079879
1779990817.161026,205.3773809376,1779990817.161026,222.2783127086
1779990817.2610261,205.3773809376,1779990817.2610261,221.6440283389
1779990817.361026,209.6720585663,1779990817.361026,218.5721342256
1779990817.461026,206.0245089755,1779990817.461026,214.4224987676
1779990817.561026,279.6607689043,1779990817.561026,208.2897797015
1779990817.661026,243.5962931129,1779990817.661026,207.0871582532
1779990817.7610261,226.9008165509,1779990817.7610261,210.7444138096
1779990817.861026,226.9008165509,1779990817.861026,220.0684954632
1779990817.961026,319.6545352951,1779990817.961026,218.4608493342
1779990818.061026,285.7542215855,1779990818.061026,217.9311704043
1779990818.161026,235.0537075743,1779990818.161026,217.1470756438
1779990818.2610261,235.0537075743,1779990818.2610261,215.4468191852
1779990818.361026,235.0537075743,1779990818.361026,213.9814144327
1779990818.461026,212.2204714318,1779990818.461026,212.2312693141
1779990818.561026,194.5413676628,1779990818.561026,211.7266302121
1779990818.661026,219.4774598526,1779990818.661026,210.0356897631
1779990818.7610261,297.4278921574,1779990818.7610261,204.1565075539
1779990818.861026,297.4278921574,1779990818.861026,204.3995731914
1779990818.961026,285.2342536300,1779990818.961026,208.8108232106
1779990819.061026,304.6136419253,1779990819.061026,209.1646482214
1779990819.161026,305.3660753249,1779990819.161026,213.5036140073
1779990819.2610261,305.3660753249,1779990819.2610261,219.8728552365
1779990819.361026,305.3660753249,1779990819.361026,222.3872016847
1779990819.461026,226.9941035509,1779990819.461026,228.4852182170
1779990819.561026,196.9640011740,1779990819.561026,233.591660463
1779990819.661026,196.9640011740,1779990819.661026,234.5226852738
1779990819.7610261,313.8589747238,1779990819.7610261,230.0785824616
1779990819.861026,286.9712550403,1779990819.861026,220.9734318689
1779990819.961026,292.4807498882,1779990819.961026,218.0736344417
1779990820.061026,292.4807498882,1779990820.061026,216.4726061125
1779990820.161026,292.4807498882,1779990820.161026,216.8423759224
1779990820.2610261,378.2675712740,1779990820.2610261,216.6001139019
1779990820.361026,378.2675712740,1779990820.361026,220.1467836512
1779990820.461026,383.1257887437,1779990820.461026,225.4252052502
1779990820.561026,383.1257887437,1779990820.561026,231.1516404268
1779990820.661026,241.9750878057,1779990820.661026,238.1484724173
1779990820.7610261,355.8902664160,1779990820.7610261,242.143819904
1779990820.861026,246.7606528095,1779990820.861026,243.3756441925
1779990820.961026,241.9474639225,1779990820.961026,238.8244094233
1779990821.061026,241.9474639225,1779990821.061026,232.6380132627
1779990821.161026,241.9474639225,1779990821.161026,221.6585276266
1779990821.2610261,241.9474639225,1779990821.2610261,213.1684800458
1779990821.361026,242.8911793115,1779990821.361026,208.5993731843
1779990821.461026,213.7541570672,1779990821.461026,206.0095098909
1779990821.561026,226.2577249933,1779990821.561026,204.5843763291
1779990821.661026,328.8273931192,1779990821.661026,203.5980412919
1779990821.7610261,239.3903461612,1779990821.7610261,203.0325123525
1779990821.861026,239.3903461612,1779990821.861026,207.3284908595
1779990821.961026,241.0245014702,1779990821.961026,208.7568121778
1779990822.061026,323.7244752037,1779990822.061026,209.7558587055
1779990822.161026,252.6833716573,1779990822.161026,211.8148447649
1779990822.2610261,194.7869485575,1779990822.2610261,216.6894652922
1779990822.361026,284.6150200503,1779990822.361026,214.3937726108
1779990822.461026,213.1032269512,1779990822.461026,213.7586382395
1779990822.561026,194.690694177,1779990822.561026,213.5000159638
1779990822.661026,274.9686740669,1779990822.661026,211.5732371370
1779990822.7610261,221.6475420222,1779990822.7610261,209.4189101525
1779990822.861026,221.6475420222,1779990822.861026,204.7135179688
1779990822.961026,230.1609705346,1779990822.961026,198.2077670594
1779990823.061026,230.1609705346,1779990823.061026,197.6561935971
1779990823.161026,230.1609705346,1779990823.161026,196.6181722265
1779990823.2610261,230.1609705346,1779990823.2610261,194.6530723818
1779990823.361026,226.4180507284,1779990823.361026,189.2341268663
1779990823.461026,226.4180507284,1779990823.461026,190.2374773864
1779990823.561026,195.2162216836,1779990823.561026,198.2638870277
1779990823.661026,177.9607420838,1779990823.661026,206.2513605653
1779990823.7610261,203.8205032683,1779990823.7610261,209.2672442330
1779990823.861026,201.5498529686,1779990823.861026,213.164916831
1779990823.961026,203.2724673746,1779990823.961026,218.5185177529
1779990824.061026,204.2022397213,1779990824.061026,223.6888973717
1779990824.161026,213.5130319563,1779990824.161026,231.1369007989
1779990824.2610261,352.928413478,1779990824.2610261,233.4960046772
1779990824.361026,244.8373154949,1779990824.361026,236.5409856140
1779990824.461026,215.9845060059,1779990824.461026,239.4798345561
1779990824.561026,286.8793944871,1779990824.561026,237.9552082413
1779990824.661026,239.8932238247,1779990824.661026,240.4125396711
1779990824.7610261,239.8932238247,1779990824.7610261,243.7420202895
1779990824.861026,239.8932238247,1779990824.861026,248.2345660804
1779990824.961026,229.3795889510,1779990824.961026,245.2052942222
1779990825.061026,212.4819501093,1779990825.061026,242.7922950070
1779990825.161026,225.4480735964,1779990825.161026,237.4289335131
1779990825.2610261,232.6320113888,1779990825.2610261,229.3786639178
1779990825.361026,235.7382950298,1779990825.361026,226.1793727446
1779990825.461026,211.9684489200,1779990825.461026,223.135691235
1779990825.561026,239.9509010397,1779990825.561026,219.827886187
1779990825.661026,198.8157305914,1779990825.661026,215.6436085049
1779990825.7610261,220.5148671075,1779990825.7610261,212.0625347995
1779990825.861026,359.9160052238,1779990825.861026,208.0946632284
1779990825.961026,221.5322747585,1779990825.961026,211.3096818697
1779990826.061026,221.8079975967,1779990826.061026,215.5162399964
1779990826.161026,275.4337520559,1779990826.161026,215.6883365443
1779990826.2610261,275.4337520559,1779990826.2610261,215.0423243821
1779990826.361026,267.3259878550,1779990826.361026,209.9830085859
1779990826.461026,214.5045115618,1779990826.461026,206.5710372168
1779990826.561026,214.5045115618,1779990826.561026,207.9081772874
1779990826.661026,214.5045115618,1779990826.661026,209.3750544574
1779990826.7610261,279.2035969271,1779990826.7610261,205.0192763060
1779990826.861026,279.2035969271,1779990826.861026,204.0026117636
1779990826.961026,278.2039294916,1779990826.961026,203.7291083467
1779990827.061026,260.8634421714,1779990827.061026,205.2090162562
1779990827.161026,260.8634421714,1779990827.161026,207.2100956881
1779990827.2610261,340.4758334251,1779990827.2610261,213.1412557869
1779990827.361026,340.4758334251,1779990827.361026,216.1120314718
1779990827.461026,206.5196100575,1779990827.461026,218.7373989836
1779990827.561026,184.5634022973,1779990827.561026,221.8574045719
1779990827.661026,171.8230219975,1779990827.661026,218.3090263272
1779990827.7610261,171.8230219975,1779990827.7610261,212.2902614777
1779990827.861026,211.5134213952,1779990827.861026,205.5227563717
1779990827.961026,211.5134213952,1779990827.961026,201.7063343865
1779990828.061026,251.2418929519,1779990828.061026,193.6270172945
1779990828.161026,251.2418929519,1779990828.161026,187.3196618288
1779990828.2610261,339.6940242182,1779990828.2610261,188.514644636
1779990828.361026,221.9696657185,1779990828.361026,189.6266546674
1779990828.461026,184.3821807411,1779990828.461026,198.6527586973
1779990828.561026,296.0700279408,1779990828.561026,209.8589951152
1779990828.661026,296.0700279408,1779990828.661026,213.4706585233
1779990828.7610261,329.2522083217,1779990828.7610261,212.682566114
1779990828.861026,329.2522083217,1779990828.861026,212.6449898624
1779990828.961026,263.0685042183,1779990828.961026,213.26865381
1779990829.061026,290.2816059147,1779990829.061026,212.6925454207
1779990829.161026,238.9405511306,1779990829.161026,210.0086113592
1779990829.2610261,238.3432071482,1779990829.2610261,205.7384176443
1779990829.361026,238.3432071482,1779990829.361026,202.7820315905
1779990829.461026,238.3432071482,1779990829.461026,196.7616255959
1779990829.561026,238.3432071482,1779990829.561026,191.7127002031
1779990829.661026,232.0945089593,1779990829.661026,200.5179980989
1779990829.7610261,217.7429061389,1779990829.7610261,206.5646791532
1779990829.861026,311.281680889,1779990829.861026,213.6955938536
1779990829.961026,311.281680889,1779990829.961026,216.3614533013
1779990830.061026,311.281680889,1779990830.061026,217.8017845377
1779990830.161026,311.281680889,1779990830.161026,226.7496226107
1779990830.2610261,215.2390562059,1779990830.2610261,237.6490510337
1779990830.361026,215.2390562059,1779990830.361026,248.4758791473
1779990830.461026,215.2390562059,1779990830.461026,253.7786752463
1779990830.561026,215.2390562059,1779990830.561026,252.6637365842
1779990830.661026,192.4991806014,1779990830.661026,247.2303455788
1779990830.7610261,257.3530340152,1779990830.7610261,246.3823843858
1779990830.861026,257.3530340152,1779990830.861026,248.7983494493
1779990830.961026,313.0067428642,1779990830.961026,247.4438155793
1779990831.061026,313.0067428642,1779990831.061026,243.4234291977
1779990831.161026,301.6090221738,1779990831.161026,240.0198804081
1779990831.2610261,301.6090221738,1779990831.2610261,242.7334658403
1779990831.361026,379.0414166903,1779990831.361026,248.6885222723
1779990831.461026,270.3594266439,1779990831.461026,250.9252332017
1779990831.561026,222.0041834226,1779990831.561026,252.2348668165
1779990831.661026,222.0041834226,1779990831.661026,248.1722248939
1779990831.7610261,250.7228074116,1779990831.7610261,237.9992354447
1779990831.861026,190.7574830521,1779990831.861026,229.1973680033
1779990831.961026,190.7574830521,1779990831.961026,222.3463624989
1779990832.061026,250.5046079813,1779990832.061026,214.8068562402
1779990832.161026,331.3896839573,1779990832.161026,210.8251431607
1779990832.2610261,245.2057048725,1779990832.2610261,207.9964555964
1779990832.361026,250.0453096437,1779990832.361026,201.1906140646
1779990832.461026,241.9619279027,1779990832.461026,196.9274420128
1779990832.561026,237.2932905567,1779990832.561026,190.8173808161
1779990832.661026,310.6373458529,1779990832.661026,193.5892115994
1779990832.7610261,221.7403729161,1779990832.7610261,197.0334600046
1779990832.861026,277.3239814579,1779990832.861026,197.6048663933
1779990832.961026,252.2990817733,1779990832.961026,197.2804808115
1779990833.061026,252.2990817733,1779990833.061026,197.9936788217
1779990833.161026,328.9733878771,1779990833.161026,195.7368535955
1779990833.2610261,380.6571267346,1779990833.2610261,201.0100698635
1779990833.361026,240.3460355440,1779990833.361026,209.8713394032
1779990833.461026,278.6725476002,1779990833.461026,214.6088098974
1779990833.561026,326.4490337436,1779990833.561026,216.2739878123
1779990833.661026,204.5659459032,1779990833.661026,216.356769907
1779990833.7610261,209.1807986211,1779990833.7610261,212.7168539923
1779990833.861026,343.6463738585,1779990833.861026,209.3928221084
1779990833.961026,343.6463738585,1779990833.961026,209.0095709085
1779990834.061026,343.6463738585,1779990834.061026,212.2226332241
1779990834.161026,282.2649534600,1779990834.161026,214.7833230617
1779990834.2610261,282.2649534600,1779990834.2610261,214.8370456209
1779990834.361026,250.6506970040,1779990834.361026,213.3004891933
1779990834.461026,364.4328150944,1779990834.461026,211.6086496383
1779990834.561026,271.5694372163,1779990834.561026,214.4847064063
1779990834.661026,271.5694372163,1779990834.661026,215.8169389919
1779990834.7610261,271.5694372163,1779990834.7610261,213.9490082673
1779990834.861026,271.5694372163,1779990834.861026,209.0447744315
1779990834.961026,224.8515527067,1779990834.961026,206.4057411959
1779990835.061026,224.8515527067,1779990835.061026,202.4300273367
1779990835.161026,360.6580132844,1779990835.161026,201.2261792639
1779990835.2610261,360.6580132844,1779990835.2610261,199.1317004744
1779990835.361026,360.6580132844,1779990835.361026,201.7526226763
1779990835.461026,246.9645261228,1779990835.461026,203.1166900349
1779990835.561026,209.7508409368,1779990835.561026,207.0820760299
1779990835.661026,209.7508409368,1779990835.661026,211.7809828097
1779990835.7610261,151.5118788895,1779990835.7610261,211.7483675897
1779990835.861026,151.5118788895,1779990835.861026,210.0158423108
1779990835.961026,244.1326337352,1779990835.961026,211.5562796957
1779990836.061026,236.341718408,1779990836.061026,206.4623889061
1779990836.161026,236.341718408,1779990836.161026,201.7611295084
1779990836.2610261,236.341718408,1779990836.2610261,197.6909372208
1779990836.361026,251.4795705861,1779990836.361026,191.0783871639
1779990836.461026,251.4795705861,1779990836.461026,191.8858763045
1779990836.561026,240.1639073068,1779990836.561026,186.1969368415
1779990836.661026,232.5850066269,1779990836.661026,184.5153249163
1779990836.7610261,232.5850066269,1779990836.7610261,182.981354093
1779990836.861026,261.3402468476,1779990836.861026,180.7688097706
1779990836.961026,261.3402468476,1779990836.961026,183.8807105676
1779990837.061026,353.8710725797,1779990837.061026,189.5435380690
1779990837.161026,353.8710725797,1779990837.161026,198.4081198535
1779990837.2610261,350.6472649482,1779990837.2610261,198.5483412152
1779990837.361026,210.8343277391,1779990837.361026,198.6840237672
1779990837.461026,301.5813574924,1779990837.461026,198.8108797272
1779990837.561026,301.5813574924,1779990837.561026,198.9274209228
1779990837.661026,301.5813574924,1779990837.661026,210.5448332747
1779990837.7610261,250.5012374722,1779990837.7610261,215.8668181703
1779990837.861026,211.1413922993,1779990837.861026,219.1044927229
1779990837.961026,211.1413922993,1779990837.961026,215.8476466505
1779990838.061026,327.457643128,1779990838.061026,209.4940844969
1779990838.161026,204.4256313991,1779990838.161026,212.4337459766
1779990838.2610261,161.107359482,1779990838.2610261,213.4523813022
1779990838.361026,193.1362740794,1779990838.361026,212.902097407
1779990838.461026,358.0926892094,1779990838.461026,206.8309128965
1779990838.561026,358.0926892094,1779990838.561026,201.8565916567
1779990838.661026,219.9289607849,1779990838.661026,203.7154535197
1779990838.7610261,338.9132608905,1779990838.7610261,208.6937572048
1779990838.861026,235.1860148749,1779990838.861026,213.7533419081
1779990838.961026,235.1860148749,1779990838.961026,218.7863064212
1779990839.061026,227.5273787587,1779990839.061026,220.4655792577
1779990839.161026,227.5273787587,1779990839.161026,217.8409776161
1779990839.2610261,227.5273787587,1779990839.2610261,0.
1779990839.361026,227.5273787587,1779990839.361026,0.
1779990839.461026,227.5273787587,1779990839.461026,0.
1779990839.561026,227.5273787587,1779990839.561026,0.
1779990839.661026,227.5273787587,1779990839.661026,0.
1779990839.7610261,227.5273787587,1779990839.7610261,0.
1779990839.861026,227.5273787587,1779990839.861026,0.
1779990839.961026,227.5273787587,1779990839.961026,0.
1779990840.061026,227.5273787587,1779990840.061026,0.
1779990840.161026,227.5273787587,1779990840.161026,0.
1779990840.2610261,227.5273787587,1779990840.2610261,0.
1779990840.361026,227.5273787587,1779990840.361026,0.
1779990840.461026,227.5273787587,1779990840.461026,0.
1779990840.561026,227.5273787587,1779990840.561026,0.
1779990840.661026,227.5273787587,1779990840.661026,0.
1779990840.7610261,227.5273787587,1779990840.7610261,0.
1779990840.861026,227.5273787587,1779990840.861026,0.
1779990840.961026,227.5273787587,1779990840.961026,0.
1779990841.061026,227.5273787587,1779990841.061026,0.
1779990841.161026,227.5273787587,1779990841.161026,0.
1779990841.2610261,227.5273787587,1779990841.2610261,0.
1779990841.361026,227.5273787587,1779990841.361026,0.
1779990841.461026,227.5273787587,1779990841.461026,0.
1779990841.561026,227.5273787587,1779990841.561026,0.
1779990841.661026,227.5273787587,1779990841.661026,0.
1779990841.7610261,227.5273787587,1779990841.7610261,0.
1779990841.861026,227.5273787587,1779990841.861026,0.
1779990841.961026,227.5273787587,1779990841.961026,0.
1779990842.061026,227.5273787587,1779990842.061026,0.
1779990842.161026,227.5273787587,1779990842.161026,0.
1779990842.2610261,227.5273787587,1779990842.2610261,0.
1779990842.361026,227.5273787587,1779990842.361026,0.
1779990842.461026,227.5273787587,1779990842.461026,0.
1779990842.561026,227.5273787587,1779990842.561026,0.
1779990842.661026,227.5273787587,1779990842.661026,0.
1779990842.7610261,227.5273787587,1779990842.7610261,0.
1779990842.861026,227.5273787587,1779990842.861026,0.
1779990842.961026,227.5273787587,1779990842.961026,0.
1779990843.061026,227.5273787587,1779990843.061026,0.
1779990843.161026,227.5273787587,1779990843.161026,0.
1779990843.2610261,227.5273787587,1779990843.2610261,0.
1779990843.361026,227.5273787587,1779990843.361026,0.
1779990843.461026,227.5273787587,1779990843.461026,0.
1779990843.561026,227.5273787587,1779990843.561026,0.
1779990843.661026,227.5273787587,1779990843.661026,0.
1779990843.7610261,227.5273787587,1779990843.7610261,0.
1779990843.861026,227.5273787587,1779990843.861026,0.
1779990843.961026,227.5273787587,1779990843.961026,0.
1779990844.061026,227.5273787587,1779990844.061026,0.
1779990844.161026,227.5273787587,1779990844.161026,0.
1779990844.2610261,227.5273787587,1779990844.2610261,0.
1779990844.361026,227.5273787587,1779990844.361026,0.
1779990844.461026,227.5273787587,1779990844.461026,0.
1779990844.561026,227.5273787587,1779990844.561026,0.
1779990844.661026,227.5273787587,1779990844.661026,0.
1779990844.7610261,227.5273787587,1779990844.7610261,0.
1779990844.861026,227.5273787587,1779990844.861026,0.
1779990844.961026,227.5273787587,1779990844.961026,0.
1779990845.061026,227.5273787587,1779990845.061026,0.
1779990845.161026,227.5273787587,1779990845.161026,0.
1779990845.2610261,227.5273787587,1779990845.2610261,0.
1779990845.361026,227.5273787587,1779990845.361026,0.
1779990845.461026,227.5273787587,1779990845.461026,0.
1779990845.561026,227.5273787587,1779990845.561026,0.
1779990845.661026,227.5273787587,1779990845.661026,0.
1779990845.7610261,227.5273787587,1779990845.7610261,0.
1779990845.861026,227.5273787587,1779990845.861026,0.
1779990845.961026,227.5273787587,1779990845.961026,0.
1779990846.061026,227.5273787587,1779990846.061026,0.
1779990846.161026,227.5273787587,1779990846.161026,0.
1779990846.2610261,227.5273787587,1779990846.2610261,0.
1779990846.361026,227.5273787587,1779990846.361026,0.
1779990846.461026,227.5273787587,1779990846.461026,0.
1779990846.561026,227.5273787587,1779990846.561026,0.
1779990846.661026,227.5273787587,1779990846.661026,0.
1779990846.7610261,227.5273787587,1779990846.7610261,0.
1779990846.861026,227.5273787587,1779990846.861026,0.
1779990846.961026,227.5273787587,1779990846.961026,0.
1779990847.061026,227.5273787587,1779990847.061026,0.
1779990847.161026,227.5273787587,1779990847.161026,0.
1779990847.2610261,227.5273787587,1779990847.2610261,0.
1779990847.361026,227.5273787587,1779990847.361026,0.
1779990847.461026,227.5273787587,1779990847.461026,0.
1779990847.561026,227.5273787587,1779990847.561026,0.
1779990847.661026,227.5273787587,1779990847.661026,0.
1779990847.7610261,227.5273787587,1779990847.7610261,0.
1779990847.861026,227.5273787587,1779990847.861026,0.
1779990847.961026,227.5273787587,1779990847.961026,0.
1779990848.061026,227.5273787587,1779990848.061026,0.
1779990848.161026,227.5273787587,1779990848.161026,0.
1779990848.2610261,227.5273787587,1779990848.2610261,0.
1779990848.361026,227.5273787587,1779990848.361026,0.
1779990848.461026,227.5273787587,1779990848.461026,0.
1779990848.561026,227.5273787587,1779990848.561026,0.
1779990848.661026,227.5273787587,1779990848.661026,0.
1779990848.7610261,227.5273787587,1779990848.7610261,0.
1779990848.861026,227.5273787587,1779990848.861026,0.
1779990848.961026,227.5273787587,1779990848.961026,0.
1779990849.061026,227.5273787587,1779990849.061026,0.
1779990849.161026,227.5273787587,1779990849.161026,0.
1779990849.2610261,227.5273787587,1779990849.2610261,0.
1779990849.361026,227.5273787587,1779990849.361026,0.
1779990849.461026,227.5273787587,1779990849.461026,0.
1779990849.561026,227.5273787587,1779990849.561026,0.
1779990849.661026,227.5273787587,1779990849.661026,0.
1779990849.7610261,227.5273787587,1779990849.7610261,0.
1779990849.861026,227.5273787587,1779990849.861026,0.
1779990849.961026,227.5273787587,1779990849.961026,0.
1779990850.061026,227.5273787587,1779990850.061026,0.
1779990850.161026,227.5273787587,1779990850.161026,0.
1779990850.2610261,227.5273787587,1779990850.2610261,0.
1779990850.361026,227.5273787587,1779990850.361026,0.
1779990850.461026,227.5273787587,1779990850.461026,0.
1779990850.561026,227.5273787587,1779990850.561026,0.
1779990850.661026,227.5273787587,1779990850.661026,0.
1779990850.7610261,227.5273787587,1779990850.7610261,0.
1779990850.861026,227.5273787587,1779990850.861026,0.
1779990850.961026,227.5273787587,1779990850.961026,0.
1779990851.061026,227.5273787587,1779990851.061026,0.
1779990851.161026,227.5273787587,1779990851.161026,0.
1779990851.2610261,227.5273787587,1779990851.2610261,0.
1779990851.361026,227.5273787587,1779990851.361026,0.
1779990851.461026,227.5273787587,1779990851.461026,0.
1779990851.561026,227.5273787587,1779990851.561026,0.
1779990851.661026,227.5273787587,1779990851.661026,0.
1779990851.7610261,227.5273787587,1779990851.7610261,0.
1779990851.861026,227.5273787587,1779990851.861026,0.
1779990851.961026,227.5273787587,1779990851.961026,0.
1779990852.061026,227.5273787587,1779990852.061026,0.
1779990852.161026,227.5273787587,1779990852.161026,0.
1779990852.2610261,227.5273787587,1779990852.2610261,0.
1779990852.361026,227.5273787587,1779990852.361026,0.
1779990852.461026,227.5273787587,1779990852.461026,0.
1779990852.561026,227.5273787587,1779990852.561026,0.
1779990852.661026,227.5273787587,1779990852.661026,0.
1779990852.7610261,227.5273787587,1779990852.7610261,0.
1779990852.861026,227.5273787587,1779990852.861026,0.
1779990852.961026,227.5273787587,1779990852.961026,0.
1779990853.061026,227.5273787587,1779990853.061026,0.
1779990853.161026,227.5273787587,1779990853.161026,0.
1779990853.2610261,227.5273787587,1779990853.2610261,0.
1779990853.361026,227.5273787587,1779990853.361026,0.
1779990853.461026,227.5273787587,1779990853.461026,0.
1779990853.561026,227.5273787587,1779990853.561026,0.
1779990853.661026,227.5273787587,1779990853.661026,0.
1779990853.7610261,227.5273787587,1779990853.7610261,0.
1779990853.861026,227.5273787587,1779990853.861026,0.
1779990853.961026,227.5273787587,1779990853.961026,0.
1779990854.061026,227.5273787587,1779990854.061026,0.
1779990854.161026,227.5273787587,1779990854.161026,0.
1779990854.2610261,227.5273787587,1779990854.2610261,0.
1779990854.361026,227.5273787587,1779990854.361026,0.
1779990854.461026,227.5273787587,1779990854.461026,0.
1779990854.561026,227.5273787587,1779990854.561026,0.
1779990854.661026,227.5273787587,1779990854.661026,0.
1779990854.7610261,227.5273787587,1779990854.7610261,0.
1779990854.861026,227.5273787587,1779990854.861026,0.
1779990854.961026,227.5273787587,1779990854.961026,0.
1779990855.061026,227.5273787587,1779990855.061026,0.
1779990855.161026,227.5273787587,1779990855.161026,0.
1779990855.2610261,227.5273787587,1779990855.2610261,0.
1779990855.361026,227.5273787587,1779990855.361026,0.
1779990855.461026,227.5273787587,1779990855.461026,0.
1779990855.561026,227.5273787587,1779990855.561026,0.
1779990855.661026,227.5273787587,1779990855.661026,0.
1779990855.7610261,227.5273787587,1779990855.7610261,0.
1779990855.861026,227.5273787587,1779990855.861026,0.
1779990855.961026,227.5273787587,1779990855.961026,0.
1779990856.061026,227.5273787587,1779990856.061026,0.
1779990856.161026,227.5273787587,1779990856.161026,0.
1779990856.2610261,227.5273787587,1779990856.2610261,0.
1779990856.361026,227.5273787587,1779990856.361026,0.
1779990856.461026,227.5273787587,1779990856.461026,0.
1779990856.561026,227.5273787587,1779990856.561026,0.
1779990856.661026,227.5273787587,1779990856.661026,0.
1779990856.7610261,227.5273787587,1779990856.7610261,0.
1779990856.861026,227.5273787587,1779990856.861026,0.
1779990856.961026,227.5273787587,1779990856.961026,0.
1779990857.061026,227.5273787587,1779990857.061026,0.
1779990857.161026,227.5273787587,1779990857.161026,0.
1779990857.2610261,227.5273787587,1779990857.2610261,0.
1779990857.361026,227.5273787587,1779990857.361026,0.
1779990857.461026,227.5273787587,1779990857.461026,0.
1779990857.561026,227.5273787587,1779990857.561026,0.
1779990857.661026,227.5273787587,1779990857.661026,0.
1779990857.7610261,227.5273787587,1779990857.7610261,0.
1779990857.861026,227.5273787587,1779990857.861026,0.
1779990857.961026,227.5273787587,1779990857.961026,0.
1779990858.061026,227.5273787587,1779990858.061026,0.
1779990858.161026,227.5273787587,1779990858.161026,0.
1779990858.2610261,227.5273787587,1779990858.2610261,0.
1779990858.361026,227.5273787587,1779990858.361026,0.
1779990858.461026,227.5273787587,1779990858.461026,0.
1779990858.561026,227.5273787587,1779990858.561026,0.
1779990858.661026,227.5273787587,1779990858.661026,0.
1779990858.7610261,227.5273787587,1779990858.7610261,0.
1779990858.861026,227.5273787587,1779990858.861026,0.
1779990858.961026,227.5273787587,1779990858.961026,0.
1779990859.061026,227.5273787587,1779990859.061026,0.
1779990859.161026,227.5273787587,1779990859.161026,0.
1779990859.2610261,227.5273787587,1779990859.2610261,0.
1779990859.361026,227.5273787587,1779990859.361026,0.
1779990859.461026,227.5273787587,1779990859.461026,0.
1779990859.561026,227.5273787587,1779990859.561026,0.
1779990859.661026,227.5273787587,1779990859.661026,0.
1779990859.7610261,227.5273787587,1779990859.7610261,0.
1779990859.861026,227.5273787587,1779990859.861026,0.
1779990859.961026,227.5273787587,1779990859.961026,0.
1779990860.061026,227.5273787587,1779990860.061026,0.
1779990860.161026,227.5273787587,1779990860.161026,0.
1779990860.2610261,227.5273787587,1779990860.2610261,0.
1779990860.361026,227.5273787587,1779990860.361026,0.
1779990860.461026,227.5273787587,1779990860.461026,0.
1779990860.561026,227.5273787587,1779990860.561026,0.
1779990860.661026,227.5273787587,1779990860.661026,0.
1779990860.7610261,227.5273787587,1779990860.7610261,0.
1779990860.861026,227.5273787587,1779990860.861026,0.
1779990860.961026,227.5273787587,1779990860.961026,0.
1779990861.061026,227.5273787587,1779990861.061026,0.
1779990861.161026,227.5273787587,1779990861.161026,0.
1779990861.2610261,227.5273787587,1779990861.2610261,0.
1779990861.361026,227.5273787587,1779990861.361026,0.
1779990861.461026,227.5273787587,1779990861.461026,0.
1779990861.561026,227.5273787587,1779990861.561026,0.
1779990861.661026,227.5273787587,1779990861.661026,0.
1779990861.7610261,227.5273787587,1779990861.7610261,0.
1779990861.861026,227.5273787587,1779990861.861026,0.
1779990861.961026,227.5273787587,1779990861.961026,0.
1779990862.061026,227.5273787587,1779990862.061026,0.
1779990862.161026,227.5273787587,1779990862.161026,0.
1779990862.2610261,227.5273787587,1779990862.2610261,0.
1779990862.361026,227.5273787587,1779990862.361026,0.
1779990862.461026,227.5273787587,1779990862.461026,0.
1779990862.561026,227.5273787587,1779990862.561026,0.
1779990862.661026,227.5273787587,1779990862.661026,0.
1779990862.7610261,227.5273787587,1779990862.7610261,0.
1779990862.861026,227.5273787587,1779990862.861026,0.
1779990862.961026,227.5273787587,1779990862.961026,0.
1779990863.061026,227.5273787587,1779990863.061026,0.
1779990863.161026,227.5273787587,1779990863.161026,0.
1779990863.2610261,227.5273787587,1779990863.2610261,0.
1779990863.361026,227.5273787587,1779990863.361026,0.
1779990863.461026,227.5273787587,1779990863.461026,0.
1779990863.561026,227.5273787587,1779990863.561026,0.
1779990863.661026,227.5273787587,1779990863.661026,0.
1779990863.7610261,227.5273787587,1779990863.7610261,0.
1779990863.861026,227.5273787587,1779990863.861026,0.
1779990863.961026,227.5273787587,1779990863.961026,0.
1779990864.061026,227.5273787587,1779990864.061026,0.
1779990864.161026,227.5273787587,1779990864.161026,0.
1779990864.2610261,227.5273787587,1779990864.2610261,0.
1779990864.361026,227.5273787587,1779990864.361026,0.
1779990864.461026,227.5273787587,1779990864.461026,0.
1779990864.561026,227.5273787587,1779990864.561026,0.
1779990864.661026,227.5273787587,1779990864.661026,0.
1779990864.7610261,227.5273787587,1779990864.7610261,0.
1779990864.861026,227.5273787587,1779990864.861026,0.
1779990864.961026,227.5273787587,1779990864.961026,0.
1779990865.061026,227.5273787587,1779990865.061026,0.
1779990865.161026,227.5273787587,1779990865.161026,0.
1779990865.2610261,227.5273787587,1779990865.2610261,0.
1779990865.361026,227.5273787587,1779990865.361026,0.
1779990865.461026,227.5273787587,1779990865.461026,0.
1779990865.561026,227.5273787587,1779990865.561026,0.
1779990865.661026,227.5273787587,1779990865.661026,0.
1779990865.7610261,227.5273787587,1779990865.7610261,0.
1779990865.861026,227.5273787587,1779990865.861026,0.
1779990865.961026,227.5273787587,1779990865.961026,0.
1779990866.061026,227.5273787587,1779990866.061026,0.
1779990866.161026,227.5273787587,1779990866.161026,0.
1779990866.2610261,227.5273787587,1779990866.2610261,0.
1779990866.361026,227.5273787587,1779990866.361026,0.
1779990866.461026,227.5273787587,1779990866.461026,0.
1779990866.561026,227.5273787587,1779990866.561026,0.
1779990866.661026,227.5273787587,1779990866.661026,0.
1779990866.7610261,227.5273787587,1779990866.7610261,0.
1779990866.861026,227.5273787587,1779990866.861026,0.
1779990866.961026,227.5273787587,1779990866.961026,0.
1779990867.061026,227.5273787587,1779990867.061026,0.
1779990867.161026,227.5273787587,1779990867.161026,0.
1779990867.2610261,227.5273787587,1779990867.2610261,0.
1779990867.361026,227.5273787587,1779990867.361026,0.
1779990867.461026,227.5273787587,1779990867.461026,0.
1779990867.561026,227.5273787587,1779990867.561026,0.
1779990867.661026,227.5273787587,1779990867.661026,0.
1779990867.7610261,227.5273787587,1779990867.7610261,0.
1779990867.861026,227.5273787587,1779990867.861026,0.
1779990867.961026,227.5273787587,1779990867.961026,0.
1779990868.061026,227.5273787587,1779990868.061026,0.
1779990868.161026,227.5273787587,1779990868.161026,0.
1779990868.2610261,227.5273787587,1779990868.2610261,0.
1779990868.361026,227.5273787587,1779990868.361026,0.
1779990868.461026,227.5273787587,1779990868.461026,0.
1779990868.561026,227.5273787587,1779990868.561026,0.
1779990868.661026,227.5273787587,1779990868.661026,0.
1779990868.7610261,227.5273787587,1779990868.7610261,0.
1779990868.861026,227.5273787587,1779990868.861026,0.
1779990868.961026,227.5273787587,1779990868.961026,0.
1779990869.061026,227.5273787587,1779990869.061026,0.
1779990869.161026,227.5273787587,1779990869.161026,0.
1779990869.2610261,227.5273787587,1779990869.2610261,0.
1779990869.361026,227.5273787587,1779990869.361026,0.
1779990869.461026,227.5273787587,1779990869.461026,0.
1779990869.561026,227.5273787587,1779990869.561026,0.
1779990869.661026,227.5273787587,1779990869.661026,0.
1779990869.7610261,227.5273787587,1779990869.7610261,0.
1779990869.861026,227.5273787587,1779990869.861026,0.
1779990869.961026,227.5273787587,1779990869.961026,0.
1779990870.061026,227.5273787587,1779990870.061026,0.
1779990870.161026,227.5273787587,1779990870.161026,0.
1779990870.2610261,227.5273787587,1779990870.2610261,0.
1779990870.361026,227.5273787587,1779990870.361026,0.
1779990870.461026,227.5273787587,1779990870.461026,0.
1779990870.561026,227.5273787587,1779990870.561026,0.
1779990870.661026,227.5273787587,1779990870.661026,0.
1779990870.7610261,227.5273787587,1779990870.7610261,0.
1779990870.861026,227.5273787587,1779990870.861026,0.
1779990870.961026,227.5273787587,1779990870.961026,0.
1779990871.061026,227.5273787587,1779990871.061026,0.
1779990871.161026,227.5273787587,1779990871.161026,0.
1779990871.2610261,227.5273787587,1779990871.2610261,0.
1779990871.361026,227.5273787587,1779990871.361026,0.
1779990871.461026,227.5273787587,1779990871.461026,0.
1779990871.561026,227.5273787587,1779990871.561026,0.
1779990871.661026,227.5273787587,1779990871.661026,0.
1779990871.7610261,227.5273787587,1779990871.7610261,0.
1779990871.861026,227.5273787587,1779990871.861026,0.
1779990871.961026,227.5273787587,1779990871.961026,0.
1779990872.061026,227.5273787587,1779990872.061026,0.
1779990872.161026,227.5273787587,1779990872.161026,0.
1779990872.2610261,227.5273787587,1779990872.2610261,0.
1779990872.361026,227.5273787587,1779990872.361026,0.
1779990872.461026,227.5273787587,1779990872.461026,0.
1779990872.561026,227.5273787587,1779990872.561026,0.
1779990872.661026,227.5273787587,1779990872.661026,0.
1779990872.7610261,227.5273787587,1779990872.7610261,0.
1779990872.861026,227.5273787587,1779990872.861026,0.
1779990872.961026,227.5273787587,1779990872.961026,0.
1779990873.061026,227.5273787587,1779990873.061026,0.
1779990873.161026,227.5273787587,1779990873.161026,0.
1779990873.2610261,227.5273787587,1779990873.2610261,0.
1779990873.361026,227.5273787587,1779990873.361026,0.
1779990873.461026,227.5273787587,1779990873.461026,0.
1779990873.561026,227.5273787587,1779990873.561026,0.
1779990873.661026,227.5273787587,1779990873.661026,0.
1779990873.7610261,227.5273787587,1779990873.7610261,0.
1779990873.861026,227.5273787587,1779990873.861026,0.
1779990873.961026,227.5273787587,1779990873.961026,0.
1779990874.061026,227.5273787587,1779990874.061026,0.
1779990874.161026,227.5273787587,1779990874.161026,0.
1779990874.2610261,227.5273787587,1779990874.2610261,0.
1779990874.361026,227.5273787587,1779990874.361026,0.
1779990874.461026,227.5273787587,1779990874.461026,0.
1779990874.561026,227.5273787587,1779990874.561026,0.
1779990874.661026,227.5273787587,1779990874.661026,0.
1779990874.7610261,227.5273787587,1779990874.7610261,0.
1779990874.861026,227.5273787587,1779990874.861026,0.
1779990874.961026,0.,1779990874.961026,200.
1779990875.061026,0.,1779990875.061026,200.
1779990875.161026,0.,1779990875.161026,200.
1779990875.2610261,0.,1779990875.2610261,200.
1779990875.361026,0.,1779990875.361026,200.
1779990875.461026,0.,1779990875.461026,200.
1779990875.561026,0.,1779990875.561026,200.
1779990875.661026,0.,1779990875.661026,200.
1779990875.7610261,0.,1779990875.7610261,200.
1779990875.861026,0.,1779990875.861026,200.
1779990875.961026,0.,1779990875.961026,200.
1779990876.061026,0.,1779990876.061026,200.
1779990876.161026,0.,1779990876.161026,200.
1779990876.2610261,0.,1779990876.2610261,200.
1779990876.361026,0.,1779990876.361026,200.
1779990876.461026,0.,1779990876.461026,200.
1779990876.561026,0.,1779990876.561026,200.
1779990876.661026,0.,1779990876.661026,200.
1779990876.7610261,0.,1779990876.7610261,200.
1779990876.861026,0.,1779990876.861026,200.
1779990876.961026,0.,1779990876.961026,200.
1779990877.061026,0.,1779990877.061026,200.
1779990877.161026,0.,1779990877.161026,200.
1779990877.2610261,0.,1779990877.2610261,200.
1779990877.361026,0.,1779990877.361026,200.
1779990877.461026,0.,1779990877.461026,200.
1779990877.561026,0.,1779990877.561026,200.
1779990877.661026,0.,1779990877.661026,200.
1779990877.7610261,0.,1779990877.7610261,200.
1779990877.861026,0.,1779990877.861026,200.
1779990877.961026,0.,1779990877.961026,200.
1779990878.061026,0.,1779990878.061026,200.
1779990878.161026,0.,1779990878.161026,200.
1779990878.2610261,0.,1779990878.2610261,200.
1779990878.361026,0.,1779990878.361026,200.
1779990878.461026,0.,1779990878.461026,200.
1779990878.561026,0.,1779990878.561026,200.
1779990878.661026,0.,1779990878.661026,200.
1779990878.7610261,0.,1779990878.7610261,200.
1779990878.861026,0.,1779990878.861026,200.
1779990878.961026,0.,1779990878.961026,200.
1779990879.061026,0.,1779990879.061026,200.
1779990879.161026,0.,1779990879.161026,200.
1779990879.2610261,0.,1779990879.2610261,200.
1779990879.361026,0.,1779990879.361026,200.
1779990879.461026,0.,1779990879.461026,200.
1779990879.561026,0.,1779990879.561026,200.
1779990879.661026,0.,1779990879.661026,200.
1779990879.7610261,0.,1779990879.7610261,200.
1779990879.861026,0.,1779990879.861026,200.
1779990879.961026,0.,1779990879.961026,200.
1779990880.061026,0.,1779990880.061026,200.
1779990880.161026,0.,1779990880.161026,200.
1779990880.2610261,0.,1779990880.2610261,200.
1779990880.361026,0.,1779990880.361026,200.
1779990880.461026,0.,1779990880.461026,200.
1779990880.561026,0.,1779990880.561026,200.
1779990880.661026,0.,1779990880.661026,200.
1779990880.7610261,0.,1779990880.7610261,200.
1779990880.861026,0.,1779990880.861026,200.
1779990880.961026,0.,1779990880.961026,200.
1779990881.061026,0.,1779990881.061026,200.
1779990881.161026,0.,1779990881.161026,200.
1779990881.2610261,0.,1779990881.2610261,200.
1779990881.361026,0.,1779990881.361026,200.
1779990881.461026,0.,1779990881.461026,200.
1779990881.561026,0.,1779990881.561026,200.
1779990881.661026,0.,1779990881.661026,200.
1779990881.7610261,0.,1779990881.7610261,200.
1779990881.861026,0.,1779990881.861026,200.
1779990881.961026,0.,1779990881.961026,200.
1779990882.061026,0.,1779990882.061026,200.
1779990882.161026,0.,1779990882.161026,200.
1779990882.2610261,0.,1779990882.2610261,200.
1779990882.361026,0.,1779990882.361026,200.
1779990882.461026,0.,1779990882.461026,200.
1779990882.561026,0.,1779990882.561026,200.
1779990882.661026,0.,1779990882.661026,200.
1779990882.7610261,0.,1779990882.7610261,200.
1779990882.861026,0.,1779990882.861026,200.
1779990882.961026,0.,1779990882.961026,200.
1779990883.061026,0.,1779990883.061026,200.
1779990883.161026,0.,1779990883.161026,200.
1779990883.2610261,0.,1779990883.2610261,200.
1779990883.361026,0.,1779990883.361026,200.
1779990883.461026,0.,1779990883.461026,200.
1779990883.561026,0.,1779990883.561026,200.
1779990883.661026,0.,1779990883.661026,200.
1779990883.7610261,0.,1779990883.7610261,200.
1779990883.861026,0.,1779990883.861026,200.
1779990883.961026,0.,1779990883.961026,200.
1779990884.061026,0.,1779990884.061026,200.
1779990884.161026,0.,1779990884.161026,200.
1779990884.2610261,0.,1779990884.2610261,200.
1779990884.361026,0.,1779990884.361026,200.
1779990884.461026,0.,1779990884.461026,200.
1779990884.561026,0.,1779990884.561026,200.
1779990884.661026,0.,1779990884.661026,200.
1779990884.7610261,0.,1779990884.7610261,200.
1779990884.861026,0.,1779990884.861026,200.
1779990884.961026,0.,1779990884.961026,200.
1779990885.061026,0.,1779990885.061026,200.
1779990885.161026,0.,1779990885.161026,200.
1779990885.2610261,0.,1779990885.2610261,200.
1779990885.361026,0.,1779990885.361026,200.
1779990885.461026,0.,1779990885.461026,200.
1779990885.561026,0.,1779990885.561026,200.
1779990885.661026,0.,1779990885.661026,200.
1779990885.7610261,0.,1779990885.7610261,200.
1779990885.861026,0.,1779990885.861026,200.
1779990885.961026,0.,1779990885.961026,200.
1779990886.061026,0.,1779990886.061026,200.
1779990886.161026,0.,1779990886.161026,200.
1779990886.2610261,0.,1779990886.2610261,200.
1779990886.361026,0.,1779990886.361026,200.
1779990886.461026,0.,1779990886.461026,200.
1779990886.561026,0.,1779990886.561026,200.
1779990886.661026,0.,1779990886.661026,200.
1779990886.7610261,0.,1779990886.7610261,200.
1779990886.861026,0.,1779990886.861026,200.
1779990886.961026,0.,1779990886.961026,200.
1779990887.061026,0.,1779990887.061026,200.
1779990887.161026,0.,1779990887.161026,200.
1779990887.2610261,0.,1779990887.2610261,200.
1779990887.361026,0.,1779990887.361026,200.
1779990887.461026,0.,1779990887.461026,200.
1779990887.561026,0.,1779990887.561026,200.
1779990887.661026,0.,1779990887.661026,200.
1779990887.7610261,0.,1779990887.7610261,200.
1779990887.861026,0.,1779990887.861026,200.
1779990887.961026,0.,1779990887.961026,200.
1779990888.061026,0.,1779990888.061026,200.
1779990888.161026,0.,1779990888.161026,200.
1779990888.2610261,0.,1779990888.2610261,200.
1779990888.361026,0.,1779990888.361026,200.
1779990888.461026,0.,1779990888.461026,200.
1779990888.561026,0.,1779990888.561026,200.
1779990888.661026,0.,1779990888.661026,200.
1779990888.7610261,0.,1779990888.7610261,200.
1779990888.861026,0.,1779990888.861026,200.
1779990888.961026,0.,1779990888.961026,200.
1779990889.061026,0.,1779990889.061026,200.
1779990889.161026,0.,1779990889.161026,200.
1779990889.2610261,0.,1779990889.2610261,200.
1779990889.361026,0.,1779990889.361026,200.
1779990889.461026,0.,1779990889.461026,200.
1779990889.561026,0.,1779990889.561026,200.
1779990889.661026,0.,1779990889.661026,200.
1779990889.7610261,0.,1779990889.7610261,200.
1779990889.861026,0.,1779990889.861026,200.
1779990889.961026,0.,1779990889.961026,200.
1779990890.061026,0.,1779990890.061026,200.
1779990890.161026,0.,1779990890.161026,200.
1779990890.2610261,0.,1779990890.2610261,200.
1779990890.361026,0.,1779990890.361026,200.
1779990890.461026,0.,1779990890.461026,200.
1779990890.561026,0.,1779990890.561026,200.
1779990890.661026,0.,1779990890.661026,200.
1779990890.7610261,0.,1779990890.7610261,200.
1779990890.861026,0.,1779990890.861026,200.
1779990890.961026,0.,1779990890.961026,200.
1779990891.061026,0.,1779990891.061026,200.
1779990891.161026,0.,1779990891.161026,200.
1779990891.2610261,0.,1779990891.2610261,200.
1779990891.361026,0.,1779990891.361026,200.
1779990891.461026,0.,1779990891.461026,200.
1779990891.561026,0.,1779990891.561026,200.
1779990891.661026,0.,1779990891.661026,200.
1779990891.7610261,0.,1779990891.7610261,200.
1779990891.861026,0.,1779990891.861026,200.
1779990891.961026,0.,1779990891.961026,200.
1779990892.061026,0.,1779990892.061026,200.
1779990892.161026,0.,1779990892.161026,200.
1779990892.2610261,0.,1779990892.2610261,200.
1779990892.361026,0.,1779990892.361026,200.
1779990892.461026,0.,1779990892.461026,200.
1779990892.561026,0.,1779990892.561026,200.
1779990892.661026,0.,1779990892.661026,200.
1779990892.7610261,0.,1779990892.7610261,200.
1779990892.861026,0.,1779990892.861026,200.
1779990892.961026,0.,1779990892.961026,200.
1779990893.061026,0.,1779990893.061026,200.
1779990893.161026,0.,1779990893.161026,200.
1779990893.2610261,0.,1779990893.2610261,200.
1779990893.361026,0.,1779990893.361026,200.
1779990893.461026,0.,1779990893.461026,200.
1779990893.561026,0.,1779990893.561026,200.
1779990893.661026,0.,1779990893.661026,200.
1779990893.7610261,0.,1779990893.7610261,200.
1779990893.861026,0.,1779990893.861026,200.
1779990893.961026,0.,1779990893.961026,200.
1779990894.061026,0.,1779990894.061026,200.
1779990894.161026,0.,1779990894.161026,200.
1779990894.2610261,0.,1779990894.2610261,200.
1779990894.361026,0.,1779990894.361026,200.
1779990894.461026,0.,1779990894.461026,200.
1779990894.561026,0.,1779990894.561026,200.
1779990894.661026,0.,1779990894.661026,200.
1779990894.7610261,0.,1779990894.7610261,200.
1779990894.861026,0.,1779990894.861026,200.
1779990894.961026,0.,1779990894.961026,200.
1779990895.061026,0.,1779990895.061026,200.
1779990895.161026,0.,1779990895.161026,200.
1779990895.2610261,0.,1779990895.2610261,200.
1779990895.361026,0.,1779990895.361026,200.
1779990895.461026,0.,1779990895.461026,200.
1779990895.561026,0.,1779990895.561026,200.
1779990895.661026,0.,1779990895.661026,200.
1779990895.7610261,0.,1779990895.7610261,200.
1779990895.861026,0.,1779990895.861026,200.
1779990895.961026,0.,1779990895.961026,200.
1779990896.061026,0.,1779990896.061026,200.
1779990896.161026,0.,1779990896.161026,200.
1779990896.2610261,0.,1779990896.2610261,200.
1779990896.361026,0.,1779990896.361026,200.
1779990896.461026,0.,1779990896.461026,200.
1779990896.561026,0.,1779990896.561026,200.
1779990896.661026,0.,1779990896.661026,200.
1779990896.7610261,0.,1779990896.7610261,200.
1779990896.861026,0.,1779990896.861026,200.
1779990896.961026,0.,1779990896.961026,200.
1779990897.061026,0.,1779990897.061026,200.
1779990897.161026,0.,1779990897.161026,200.
1779990897.2610261,0.,1779990897.2610261,200.
1779990897.361026,0.,1779990897.361026,200.
1779990897.461026,0.,1779990897.461026,200.
1779990897.561026,0.,1779990897.561026,200.
1779990897.661026,0.,1779990897.661026,200.
1779990897.7610261,0.,1779990897.7610261,200.
1779990897.861026,0.,1779990897.861026,200.
1779990897.961026,0.,1779990897.961026,200.
1779990898.061026,0.,1779990898.061026,200.
1779990898.161026,0.,1779990898.161026,200.
1779990898.2610261,0.,1779990898.2610261,200.
1779990898.361026,0.,1779990898.361026,200.
1779990898.461026,0.,1779990898.461026,200.
1779990898.561026,0.,1779990898.561026,200.
1779990898.661026,0.,1779990898.661026,200.
1779990898.7610261,0.,1779990898.7610261,200.
1779990898.861026,0.,1779990898.861026,200.
1779990898.961026,0.,1779990898.961026,200.
1779990899.061026,0.,1779990899.061026,200.
1779990899.161026,0.,1779990899.161026,200.
1779990899.2610261,0.,1779990899.2610261,200.
1779990899.361026,0.,1779990899.361026,200.
1779990899.461026,0.,1779990899.461026,200.
1779990899.561026,0.,1779990899.561026,200.
1779990899.661026,0.,1779990899.661026,200.
1779990899.7610261,0.,1779990899.7610261,200.
1779990899.861026,0.,1779990899.861026,200.
1779990899.961026,0.,1779990899.961026,200.
1779990900.061026,0.,1779990900.061026,200.
1779990900.161026,0.,1779990900.161026,200.
1779990900.2610261,0.,1779990900.2610261,200.
1779990900.361026,0.,1779990900.361026,200.
1779990900.461026,0.,1779990900.461026,200.
1779990900.561026,0.,1779990900.561026,200.
1779990900.661026,0.,1779990900.661026,200.
1779990900.7610261,0.,1779990900.7610261,200.
1779990900.861026,0.,1779990900.861026,200.
1779990900.961026,0.,1779990900.961026,200.
1779990901.061026,0.,1779990901.061026,200.
1779990901.161026,0.,1779990901.161026,200.
1779990901.2610261,0.,1779990901.2610261,200.
1779990901.361026,0.,1779990901.361026,200.
1779990901.461026,0.,1779990901.461026,200.
1779990901.561026,0.,1779990901.561026,200.
1779990901.661026,0.,1779990901.661026,200.
1779990901.7610261,0.,1779990901.7610261,200.
1779990901.861026,0.,1779990901.861026,200.
1779990901.961026,0.,1779990901.961026,200.
1779990902.061026,0.,1779990902.061026,200.
1779990902.161026,0.,1779990902.161026,200.
1779990902.2610261,0.,1779990902.2610261,200.
1779990902.361026,0.,1779990902.361026,200.
1779990902.461026,0.,1779990902.461026,200.
1779990902.561026,0.,1779990902.561026,200.
1779990902.661026,0.,1779990902.661026,200.
1779990902.7610261,0.,1779990902.7610261,200.
1779990902.861026,0.,1779990902.861026,200.
1779990902.961026,0.,1779990902.961026,200.
1779990903.061026,0.,1779990903.061026,200.
1779990903.161026,0.,1779990903.161026,200.
1779990903.2610261,0.,1779990903.2610261,200.
1779990903.361026,0.,1779990903.361026,200.
1779990903.461026,0.,1779990903.461026,200.
1779990903.561026,0.,1779990903.561026,200.
1779990903.661026,0.,1779990903.661026,200.
1779990903.7610261,0.,1779990903.7610261,200.
1779990903.861026,0.,1779990903.861026,200.
1779990903.961026,0.,1779990903.961026,200.
1779990904.061026,0.,1779990904.061026,200.
1779990904.161026,0.,1779990904.161026,200.
1779990904.2610261,0.,1779990904.2610261,200.
1779990904.361026,0.,1779990904.361026,200.
1779990904.461026,0.,1779990904.461026,200.
1779990904.561026,0.,1779990904.561026,200.
1779990904.661026,0.,1779990904.661026,200.
1779990904.7610261,0.,1779990904.7610261,200.
1779990904.861026,0.,1779990904.861026,200.
1779990904.961026,0.,1779990904.961026,200.
1779990905.061026,0.,1779990905.061026,200.
1779990905.161026,0.,1779990905.161026,200.
1779990905.2610261,0.,1779990905.2610261,200.
1779990905.361026,0.,1779990905.361026,200.
1779990905.461026,0.,1779990905.461026,200.
1779990905.561026,0.,1779990905.561026,200.
1779990905.661026,0.,1779990905.661026,200.
1779990905.7610261,0.,1779990905.7610261,200.
1779990905.861026,0.,1779990905.861026,200.
1779990905.961026,0.,1779990905.961026,200.
1779990906.061026,0.,1779990906.061026,200.
1779990906.161026,0.,1779990906.161026,200.
1779990906.2610261,0.,1779990906.2610261,200.
1779990906.361026,0.,1779990906.361026,200.
1779990906.461026,0.,1779990906.461026,200.
1779990906.561026,0.,1779990906.561026,200.
1779990906.661026,0.,1779990906.661026,200.
1779990906.7610261,0.,1779990906.7610261,200.
1779990906.861026,0.,1779990906.861026,200.
1779990906.961026,0.,1779990906.961026,200.
1779990907.061026,0.,1779990907.061026,200.
1779990907.161026,0.,1779990907.161026,200.
1779990907.2610261,0.,1779990907.2610261,200.
1779990907.361026,0.,1779990907.361026,200.
1779990907.461026,0.,1779990907.461026,200.
1779990907.561026,0.,1779990907.561026,200.
1779990907.661026,0.,1779990907.661026,200.
1779990907.7610261,0.,1779990907.7610261,200.
1779990907.861026,0.,1779990907.861026,200.
1779990907.961026,0.,1779990907.961026,200.
1779990908.061026,0.,1779990908.061026,200.
1779990908.161026,0.,1779990908.161026,200.
1779990908.2610261,0.,1779990908.2610261,200.
1779990908.361026,0.,1779990908.361026,200.
1779990908.461026,0.,1779990908.461026,200.
1779990908.561026,0.,1779990908.561026,200.
1779990908.661026,0.,1779990908.661026,200.
1779990908.7610261,0.,1779990908.7610261,200.
1779990908.861026,0.,1779990908.861026,200.
1779990908.961026,0.,1779990908.961026,200.
1779990909.061026,0.,1779990909.061026,200.
1779990909.161026,0.,1779990909.161026,200.
1779990909.2610261,0.,1779990909.2610261,200.
1779990909.361026,0.,1779990909.361026,200.
1779990909.461026,0.,1779990909.461026,200.
1779990909.561026,0.,1779990909.561026,200.
1779990909.661026,0.,1779990909.661026,200.
1779990909.7610261,0.,1779990909.7610261,200.
1779990909.861026,0.,1779990909.861026,200.
1779990909.961026,0.,1779990909.961026,200.
1779990910.061026,103.6907636401,1779990910.061026,200.
1779990910.161026,93.4789640637,1779990910.161026,200.
1779990910.2610261,93.4789640637,1779990910.2610261,200.
1779990910.361026,145.7262007606,1779990910.361026,200.
1779990910.461026,264.0670144657,1779990910.461026,200.
1779990910.561026,333.1356348561,1779990910.561026,200.
1779990910.661026,211.4113216042,1779990910.661026,200.
1779990910.7610261,205.6567693915,1779990910.7610261,200.
1779990910.861026,247.6192218069,1779990910.861026,200.
1779990910.961026,217.9980368783,1779990910.961026,200.
1779990911.061026,213.0150735953,1779990911.061026,200.
1779990911.161026,252.7199751579,1779990911.161026,200.
1779990911.2610261,255.6408201519,1779990911.2610261,200.
1779990911.361026,280.0393015727,1779990911.361026,200.
1779990911.461026,261.9820658611,1779990911.461026,200.
1779990911.561026,345.7507278568,1779990911.561026,200.
1779990911.661026,217.8532223924,1779990911.661026,200.
1779990911.7610261,221.1904684249,1779990911.7610261,200.
1779990911.861026,227.3840402569,1779990911.861026,246.4542714883
1779990911.961026,315.6581049227,1779990911.961026,240.9996910976
1779990912.061026,237.7699513681,1779990912.061026,234.4262571818
1779990912.161026,255.1525203221,1779990912.161026,228.0945800146
1779990912.2610261,285.5301850709,1779990912.2610261,223.9079986720
1779990912.361026,222.0463027185,1779990912.361026,221.1382902521
1779990912.461026,200.8705866524,1779990912.461026,220.3112520192
1779990912.561026,216.3782116792,1779990912.561026,217.262039129
1779990912.661026,228.6832021435,1779990912.661026,209.7272826935
1779990912.7610261,330.0082084538,1779990912.7610261,203.2824454129
1779990912.861026,227.7865841445,1779990912.861026,198.6681704038
1779990912.961026,208.8628859476,1779990912.961026,195.5092805898
1779990913.061026,260.1520641013,1779990913.061026,197.1913262139
1779990913.161026,219.0137630786,1779990913.161026,198.2337824782
1779990913.2610261,206.5666967557,1779990913.2610261,200.8806101308
1779990913.361026,318.1687955582,1779990913.361026,202.1268794464
1779990913.461026,226.5035133222,1779990913.461026,203.7167946093
1779990913.561026,238.0015982163,1779990913.561026,207.2600609993
1779990913.661026,248.9419071119,1779990913.661026,204.6385345922
1779990913.7610261,276.568763332,1779990913.7610261,205.7142865726
1779990913.861026,309.0614085045,1779990913.861026,211.296343259
1779990913.961026,227.7100189378,1779990913.961026,216.1155964153
1779990914.061026,214.0286505089,1779990914.061026,222.8638342761
1779990914.161026,191.4015798123,1779990914.161026,227.4144771469
1779990914.2610261,253.4100366442,1779990914.2610261,226.7390075577
1779990914.361026,193.5213051928,1779990914.361026,224.4116324106
1779990914.461026,319.9736917022,1779990914.461026,223.2978244497
1779990914.561026,267.7934250909,1779990914.561026,225.6756579941
1779990914.661026,267.7934250909,1779990914.661026,230.5106106458
1779990914.7610261,267.7934250909,1779990914.7610261,231.0840430521
1779990914.861026,196.5150776202,1779990914.861026,231.2779266878
1779990914.961026,231.6428511620,1779990914.961026,232.0227007054
1779990915.061026,230.7732707864,1779990915.061026,234.9840434379
1779990915.161026,188.0430917133,1779990915.161026,236.4259977198
1779990915.2610261,188.0430917133,1779990915.2610261,240.7625235981
1779990915.361026,188.0430917133,1779990915.361026,233.9050960672
1779990915.461026,203.5293943065,1779990915.461026,226.6083659360
1779990915.561026,203.5293943065,1779990915.561026,224.0936171270
1779990915.661026,317.7658100699,1779990915.661026,219.1305371550
1779990915.7610261,210.7619876078,1779990915.7610261,218.6462823377
1779990915.861026,210.7619876078,1779990915.861026,218.7719026326
1779990915.961026,260.3224212998,1779990915.961026,215.3081950865
1779990916.061026,252.4597095681,1779990916.061026,213.8898136306
1779990916.161026,296.0872707053,1779990916.161026,217.1053757398
1779990916.2610261,334.6148991252,1779990916.2610261,221.9601185686
1779990916.361026,206.4551094097,1779990916.361026,230.5697462351
1779990916.461026,226.5694306272,1779990916.461026,236.1956521119
1779990916.561026,230.184162609,1779990916.561026,237.9101600066
1779990916.661026,313.7492851665,1779990916.661026,242.3612939137
1779990916.7610261,369.4896720556,1779990916.7610261,245.1898664858
1779990916.861026,288.8426739589,1779990916.861026,247.2433153680
1779990916.961026,290.2461203943,1779990916.961026,251.2358521777
1779990917.061026,250.8239993948,1779990917.061026,252.4548525965
1779990917.161026,274.5964750535,1779990917.161026,251.7821761669
1779990917.2610261,274.5964750535,1779990917.2610261,249.1439396437
1779990917.361026,274.5964750535,1779990917.361026,248.5716619352
1779990917.461026,319.0246096456,1779990917.461026,248.4998501789
1779990917.561026,277.5362049681,1779990917.561026,251.0971468753
1779990917.661026,333.8527569332,1779990917.661026,249.495674845
1779990917.7610261,267.8482758586,1779990917.7610261,241.9579644644
1779990917.861026,278.7537455122,1779990917.861026,236.110192873
1779990917.961026,257.8325528088,1779990917.961026,232.5194534963
1779990918.061026,225.4698867399,1779990918.061026,233.6081708641
1779990918.161026,258.0576667141,1779990918.161026,229.8996056778
1779990918.2610261,266.4757375238,1779990918.2610261,229.7447322501
1779990918.361026,218.5759120052,1779990918.361026,228.8800716058
1779990918.461026,318.2201137117,1779990918.461026,227.1869824786
1779990918.561026,227.5658301274,1779990918.561026,227.468042125
1779990918.661026,197.4346916363,1779990918.661026,231.6350680324
1779990918.7610261,345.2078286781,1779990918.7610261,228.6919256603
1779990918.861026,261.4143410820,1779990918.861026,223.9379993686
1779990918.961026,245.1625228852,1779990918.961026,223.7388954968
1779990919.061026,241.8971437550,1779990919.061026,224.3263244601
1779990919.161026,241.8971437550,1779990919.161026,228.1757097342
1779990919.2610261,283.3230496729,1779990919.2610261,233.2675604448
1779990919.361026,210.086751066,1779990919.361026,234.4948863348
1779990919.461026,290.5993684685,1779990919.461026,238.0088678556
1779990919.561026,271.1468836541,1779990919.561026,238.7309776928
1779990919.661026,216.0895992722,1779990919.661026,242.9438520104
1779990919.7610261,186.1445934177,1779990919.7610261,242.1596766969
1779990919.861026,276.8546592211,1779990919.861026,236.9712904585
1779990919.961026,336.2558582439,1779990919.961026,229.3558082079
1779990920.061026,240.6756732802,1779990920.061026,230.7545545123
1779990920.161026,239.9564914256,1779990920.161026,237.523332313
1779990920.2610261,288.0098781236,1779990920.2610261,237.3544832179
1779990920.361026,251.5192061956,1779990920.361026,236.6251447076
1779990920.461026,276.9217200987,1779990920.461026,234.0324036082
1779990920.561026,249.1484225702,1779990920.561026,229.099036069
1779990920.661026,262.134055618,1779990920.661026,225.8472214651
1779990920.7610261,298.1248684818,1779990920.7610261,225.4146831619
1779990920.861026,257.6262534437,1779990920.861026,226.4032243868
1779990920.961026,251.3656947489,1779990920.961026,230.7725242077
1779990921.061026,233.9076346089,1779990921.061026,231.9623361113
1779990921.161026,326.0436740527,1779990921.161026,229.7711027722
1779990921.2610261,212.8725471725,1779990921.2610261,230.2458190602
1779990921.361026,226.802379582,1779990921.361026,228.0692340098
1779990921.461026,226.802379582,1779990921.461026,227.7897578265
1779990921.561026,226.802379582,1779990921.561026,231.2089917751
1779990921.661026,217.4472330978,1779990921.661026,229.4827807247
1779990921.7610261,294.4536563412,1779990921.7610261,226.0122995614
1779990921.861026,292.8271849451,1779990921.861026,222.734700824
1779990921.961026,199.4431432533,1779990921.961026,222.5315709585
1779990922.061026,199.4431432533,1779990922.061026,217.7959191112
1779990922.161026,277.0872699989,1779990922.161026,218.5844287389
1779990922.2610261,226.3375607845,1779990922.2610261,220.6757007133
1779990922.361026,226.3375607845,1779990922.361026,218.7264004578
1779990922.461026,252.6724961408,1779990922.461026,221.8563381299
1779990922.561026,252.6724961408,1779990922.561026,223.9538274185
1779990922.661026,214.8147090098,1779990922.661026,227.6766349004
1779990922.7610261,191.6174236326,1779990922.7610261,224.2952984666
1779990922.861026,270.1046945441,1779990922.861026,222.6491747967
1779990922.961026,270.1046945441,1779990922.961026,217.8051535729
1779990923.061026,270.1046945441,1779990923.061026,213.2320995522
1779990923.161026,213.8046252751,1779990923.161026,213.1066948831
1779990923.2610261,189.167027359,1779990923.2610261,212.1275017665
1779990923.361026,192.0592925462,1779990923.361026,209.3095182421
1779990923.461026,240.7596237487,1779990923.461026,207.6862061054
1779990923.561026,240.7596237487,1779990923.561026,204.8093479839
1779990923.661026,217.9718595173,1779990923.661026,200.5333559646
1779990923.7610261,273.8649799438,1779990923.7610261,199.9252346364
1779990923.861026,273.8649799438,1779990923.861026,201.244836813
1779990923.961026,273.8649799438,1779990923.961026,0.
1779990924.061026,273.8649799438,1779990924.061026,0.
1779990924.161026,273.8649799438,1779990924.161026,0.
1779990924.2610261,273.8649799438,1779990924.2610261,0.
1779990924.361026,273.8649799438,1779990924.361026,0.
1779990924.461026,273.8649799438,1779990924.461026,0.
1779990924.561026,273.8649799438,1779990924.561026,0.
1779990924.661026,273.8649799438,1779990924.661026,0.
1779990924.7610261,273.8649799438,1779990924.7610261,0.
1779990924.861026,273.8649799438,1779990924.861026,0.
1779990924.961026,273.8649799438,1779990924.961026,0.
1779990925.061026,273.8649799438,1779990925.061026,0.
1779990925.161026,273.8649799438,1779990925.161026,0.
1779990925.2610261,273.8649799438,1779990925.2610261,0.
1779990925.361026,273.8649799438,1779990925.361026,0.
1779990925.461026,273.8649799438,1779990925.461026,0.
1779990925.561026,273.8649799438,1779990925.561026,0.
1779990925.661026,273.8649799438,1779990925.661026,0.
1779990925.7610261,273.8649799438,1779990925.7610261,0.
1779990925.861026,273.8649799438,1779990925.861026,0.
1779990925.961026,273.8649799438,1779990925.961026,0.
1779990926.061026,273.8649799438,1779990926.061026,0.
1779990926.161026,273.8649799438,1779990926.161026,0.
1779990926.2610261,273.8649799438,1779990926.2610261,0.
1779990926.361026,273.8649799438,1779990926.361026,0.
1779990926.461026,273.8649799438,1779990926.461026,0.
1779990926.561026,273.8649799438,1779990926.561026,0.
1779990926.661026,273.8649799438,1779990926.661026,0.
1779990926.7610261,273.8649799438,1779990926.7610261,0.
1779990926.861026,273.8649799438,1779990926.861026,0.
1779990926.961026,273.8649799438,1779990926.961026,0.
1779990927.061026,273.8649799438,1779990927.061026,0.
1779990927.161026,273.8649799438,1779990927.161026,0.
1779990927.2610261,273.8649799438,1779990927.2610261,0.
1779990927.361026,273.8649799438,1779990927.361026,0.
1779990927.461026,273.8649799438,1779990927.461026,0.
1779990927.561026,273.8649799438,1779990927.561026,0.
1779990927.661026,273.8649799438,1779990927.661026,0.
1779990927.7610261,273.8649799438,1779990927.7610261,0.
1779990927.861026,273.8649799438,1779990927.861026,0.
1779990927.961026,273.8649799438,1779990927.961026,0.
1779990928.061026,273.8649799438,1779990928.061026,0.
1779990928.161026,273.8649799438,1779990928.161026,0.
1779990928.2610261,273.8649799438,1779990928.2610261,0.
1779990928.361026,273.8649799438,1779990928.361026,0.
1779990928.461026,273.8649799438,1779990928.461026,0.
1779990928.561026,273.8649799438,1779990928.561026,0.
1779990928.661026,273.8649799438,1779990928.661026,0.
1779990928.7610261,273.8649799438,1779990928.7610261,0.
1779990928.861026,273.8649799438,1779990928.861026,0.
1779990928.961026,273.8649799438,1779990928.961026,0.
1779990929.061026,273.8649799438,1779990929.061026,0.
1779990929.161026,273.8649799438,1779990929.161026,0.
1779990929.2610261,273.8649799438,1779990929.2610261,0.
1779990929.361026,273.8649799438,1779990929.361026,0.
1779990929.461026,273.8649799438,1779990929.461026,0.
1779990929.561026,273.8649799438,1779990929.561026,0.
1779990929.661026,273.8649799438,1779990929.661026,0.
1779990929.7610261,273.8649799438,1779990929.7610261,0.
1779990929.861026,273.8649799438,1779990929.861026,0.
1779990929.961026,273.8649799438,1779990929.961026,0.
1779990930.061026,273.8649799438,1779990930.061026,0.
1779990930.161026,273.8649799438,1779990930.161026,0.
1779990930.2610261,273.8649799438,1779990930.2610261,0.
1779990930.361026,273.8649799438,1779990930.361026,0.
1779990930.461026,273.8649799438,1779990930.461026,0.
1779990930.561026,273.8649799438,1779990930.561026,0.
1779990930.661026,273.8649799438,1779990930.661026,0.
1779990930.7610261,273.8649799438,1779990930.7610261,0.
1779990930.861026,273.8649799438,1779990930.861026,0.
1779990930.961026,273.8649799438,1779990930.961026,0.
1779990931.061026,273.8649799438,1779990931.061026,0.
1779990931.161026,273.8649799438,1779990931.161026,0.
1779990931.2610261,273.8649799438,1779990931.2610261,0.
1779990931.361026,273.8649799438,1779990931.361026,0.
1779990931.461026,273.8649799438,1779990931.461026,0.
1779990931.561026,273.8649799438,1779990931.561026,0.
1779990931.661026,273.8649799438,1779990931.661026,0.
1779990931.7610261,273.8649799438,1779990931.7610261,0.
1779990931.861026,273.8649799438,1779990931.861026,0.
1779990931.961026,273.8649799438,1779990931.961026,0.
1779990932.061026,273.8649799438,1779990932.061026,0.
1779990932.161026,273.8649799438,1779990932.161026,0.
1779990932.2610261,273.8649799438,1779990932.2610261,0.
1779990932.361026,273.8649799438,1779990932.361026,0.
1779990932.461026,273.8649799438,1779990932.461026,0.
1779990932.561026,273.8649799438,1779990932.561026,0.
1779990932.661026,273.8649799438,1779990932.661026,0.
1779990932.7610261,273.8649799438,1779990932.7610261,0.
1779990932.861026,273.8649799438,1779990932.861026,0.
1779990932.961026,273.8649799438,1779990932.961026,0.
1779990933.061026,273.8649799438,1779990933.061026,0.
1779990933.161026,273.8649799438,1779990933.161026,0.
1779990933.2610261,273.8649799438,1779990933.2610261,0.
1779990933.361026,273.8649799438,1779990933.361026,0.
1779990933.461026,273.8649799438,1779990933.461026,0.
1779990933.561026,273.8649799438,1779990933.561026,0.
1779990933.661026,273.8649799438,1779990933.661026,0.
1779990933.7610261,273.8649799438,1779990933.7610261,0.
1779990933.861026,273.8649799438,1779990933.861026,0.
1779990933.961026,273.8649799438,1779990933.961026,0.
1779990934.061026,273.8649799438,1779990934.061026,0.
1779990934.161026,273.8649799438,1779990934.161026,0.
1779990934.2610261,273.8649799438,1779990934.2610261,0.
1779990934.361026,273.8649799438,1779990934.361026,0.
1779990934.461026,273.8649799438,1779990934.461026,0.
1779990934.561026,273.8649799438,1779990934.561026,0.
1779990934.661026,273.8649799438,1779990934.661026,0.
1779990934.7610261,273.8649799438,1779990934.7610261,0.
1779990934.861026,273.8649799438,1779990934.861026,0.
1779990934.961026,273.8649799438,1779990934.961026,0.
1779990935.061026,273.8649799438,1779990935.061026,0.
1779990935.161026,273.8649799438,1779990935.161026,0.
1779990935.2610261,273.8649799438,1779990935.2610261,0.
1779990935.361026,273.8649799438,1779990935.361026,0.
1779990935.461026,273.8649799438,1779990935.461026,0.
1779990935.561026,273.8649799438,1779990935.561026,0.
1779990935.661026,273.8649799438,1779990935.661026,0.
1779990935.7610261,273.8649799438,1779990935.7610261,0.
1779990935.861026,273.8649799438,1779990935.861026,0.
1779990935.961026,273.8649799438,1779990935.961026,0.
1779990936.061026,273.8649799438,1779990936.061026,0.
1779990936.161026,273.8649799438,1779990936.161026,0.
1779990936.2610261,273.8649799438,1779990936.2610261,0.
1779990936.361026,273.8649799438,1779990936.361026,0.
1779990936.461026,273.8649799438,1779990936.461026,0.
1779990936.561026,273.8649799438,1779990936.561026,0.
1779990936.661026,273.8649799438,1779990936.661026,0.
1779990936.7610261,273.8649799438,1779990936.7610261,0.
1779990936.861026,273.8649799438,1779990936.861026,0.
1779990936.961026,273.8649799438,1779990936.961026,0.
1779990937.061026,273.8649799438,1779990937.061026,0.
1779990937.161026,273.8649799438,1779990937.161026,0.
1779990937.2610261,273.8649799438,1779990937.2610261,0.
1779990937.361026,273.8649799438,1779990937.361026,0.
1779990937.461026,273.8649799438,1779990937.461026,0.
1779990937.561026,273.8649799438,1779990937.561026,0.
1779990937.661026,273.8649799438,1779990937.661026,0.
1779990937.7610261,273.8649799438,1779990937.7610261,0.
1779990937.861026,273.8649799438,1779990937.861026,0.
1779990937.961026,273.8649799438,1779990937.961026,0.
1779990938.061026,273.8649799438,1779990938.061026,0.
1779990938.161026,273.8649799438,1779990938.161026,0.
1779990938.2610261,273.8649799438,1779990938.2610261,0.
1779990938.361026,273.8649799438,1779990938.361026,0.
1779990938.461026,273.8649799438,1779990938.461026,0.
1779990938.561026,273.8649799438,1779990938.561026,0.
1779990938.661026,273.8649799438,1779990938.661026,0.
1779990938.7610261,273.8649799438,1779990938.7610261,0.
1779990938.861026,273.8649799438,1779990938.861026,0.
1779990938.961026,273.8649799438,1779990938.961026,0.
1779990939.061026,273.8649799438,1779990939.061026,0.
1779990939.161026,273.8649799438,1779990939.161026,0.
1779990939.2610261,273.8649799438,1779990939.2610261,0.
1779990939.361026,273.8649799438,1779990939.361026,0.
1779990939.461026,273.8649799438,1779990939.461026,0.
1779990939.561026,273.8649799438,1779990939.561026,0.
1779990939.661026,273.8649799438,1779990939.661026,0.
1779990939.7610261,273.8649799438,1779990939.7610261,0.
1779990939.861026,273.8649799438,1779990939.861026,0.
1779990939.961026,273.8649799438,1779990939.961026,0.
1779990940.061026,273.8649799438,1779990940.061026,0.
1779990940.161026,273.8649799438,1779990940.161026,0.
1779990940.2610261,273.8649799438,1779990940.2610261,0.
1779990940.361026,273.8649799438,1779990940.361026,0.
1779990940.461026,273.8649799438,1779990940.461026,0.
1779990940.561026,273.8649799438,1779990940.561026,0.
1779990940.661026,273.8649799438,1779990940.661026,0.
1779990940.7610261,273.8649799438,1779990940.7610261,0.
1779990940.861026,273.8649799438,1779990940.861026,0.
1779990940.961026,273.8649799438,1779990940.961026,0.
1779990941.061026,273.8649799438,1779990941.061026,0.
1779990941.161026,273.8649799438,1779990941.161026,0.
1779990941.2610261,273.8649799438,1779990941.2610261,0.
1779990941.361026,273.8649799438,1779990941.361026,0.
1779990941.461026,273.8649799438,1779990941.461026,0.
1779990941.561026,273.8649799438,1779990941.561026,0.
1779990941.661026,273.8649799438,1779990941.661026,0.
1779990941.7610261,273.8649799438,1779990941.7610261,0.
1779990941.861026,273.8649799438,1779990941.861026,0.
1779990941.961026,273.8649799438,1779990941.961026,0.
1779990942.061026,273.8649799438,1779990942.061026,0.
1779990942.161026,273.8649799438,1779990942.161026,0.
1779990942.2610261,273.8649799438,1779990942.2610261,0.
1779990942.361026,273.8649799438,1779990942.361026,0.
1779990942.461026,273.8649799438,1779990942.461026,0.
1779990942.561026,273.8649799438,1779990942.561026,0.
1779990942.661026,273.8649799438,1779990942.661026,0.
1779990942.7610261,273.8649799438,1779990942.7610261,0.
1779990942.861026,273.8649799438,1779990942.861026,0.
1779990942.961026,273.8649799438,1779990942.961026,0.
1779990943.061026,273.8649799438,1779990943.061026,0.
1779990943.161026,273.8649799438,1779990943.161026,0.
1779990943.2610261,273.8649799438,1779990943.2610261,0.
1779990943.361026,273.8649799438,1779990943.361026,0.
1779990943.461026,273.8649799438,1779990943.461026,0.
1779990943.561026,273.8649799438,1779990943.561026,0.
1779990943.661026,273.8649799438,1779990943.661026,0.
1779990943.7610261,273.8649799438,1779990943.7610261,0.
1779990943.861026,273.8649799438,1779990943.861026,0.
1779990943.961026,273.8649799438,1779990943.961026,0.
1779990944.061026,273.8649799438,1779990944.061026,0.
1779990944.161026,273.8649799438,1779990944.161026,0.
1779990944.2610261,273.8649799438,1779990944.2610261,0.
1779990944.361026,273.8649799438,1779990944.361026,0.
1779990944.461026,273.8649799438,1779990944.461026,0.
1779990944.561026,273.8649799438,1779990944.561026,0.
1779990944.661026,273.8649799438,1779990944.661026,0.
1779990944.7610261,273.8649799438,1779990944.7610261,0.
1779990944.861026,273.8649799438,1779990944.861026,0.
1779990944.961026,273.8649799438,1779990944.961026,0.
1779990945.061026,273.8649799438,1779990945.061026,0.
1779990945.161026,273.8649799438,1779990945.161026,0.
1779990945.2610261,273.8649799438,1779990945.2610261,0.
1779990945.361026,273.8649799438,1779990945.361026,0.
1779990945.461026,273.8649799438,1779990945.461026,0.
1779990945.561026,273.8649799438,1779990945.561026,0.
1779990945.661026,273.8649799438,1779990945.661026,0.
1779990945.7610261,273.8649799438,1779990945.7610261,0.
1779990945.861026,273.8649799438,1779990945.861026,0.
1779990945.961026,273.8649799438,1779990945.961026,0.
1779990946.061026,273.8649799438,1779990946.061026,0.
1779990946.161026,273.8649799438,1779990946.161026,0.
1779990946.2610261,273.8649799438,1779990946.2610261,0.
1779990946.361026,273.8649799438,1779990946.361026,0.
1779990946.461026,273.8649799438,1779990946.461026,0.
1779990946.561026,273.8649799438,1779990946.561026,0.
1779990946.661026,273.8649799438,1779990946.661026,0.
1779990946.7610261,273.8649799438,1779990946.7610261,0.
1779990946.861026,273.8649799438,1779990946.861026,0.
1779990946.961026,273.8649799438,1779990946.961026,0.
1779990947.061026,273.8649799438,1779990947.061026,0.
1779990947.161026,273.8649799438,1779990947.161026,0.
1779990947.2610261,273.8649799438,1779990947.2610261,0.
1779990947.361026,273.8649799438,1779990947.361026,0.
1779990947.461026,273.8649799438,1779990947.461026,0.
1779990947.561026,273.8649799438,1779990947.561026,0.
1779990947.661026,273.8649799438,1779990947.661026,0.
1779990947.7610261,273.8649799438,1779990947.7610261,0.
1779990947.861026,273.8649799438,1779990947.861026,0.
1779990947.961026,273.8649799438,1779990947.961026,0.
1779990948.061026,273.8649799438,1779990948.061026,0.
1779990948.161026,273.8649799438,1779990948.161026,0.
1779990948.2610261,273.8649799438,1779990948.2610261,0.
1779990948.361026,273.8649799438,1779990948.361026,0.
1779990948.461026,273.8649799438,1779990948.461026,0.
1779990948.561026,273.8649799438,1779990948.561026,0.
1779990948.661026,273.8649799438,1779990948.661026,0.
1779990948.7610261,273.8649799438,1779990948.7610261,0.
1779990948.861026,273.8649799438,1779990948.861026,0.
1779990948.961026,273.8649799438,1779990948.961026,0.
1779990949.061026,273.8649799438,1779990949.061026,0.
1779990949.161026,273.8649799438,1779990949.161026,0.
1779990949.2610261,273.8649799438,1779990949.2610261,0.
1779990949.361026,273.8649799438,1779990949.361026,0.
1779990949.461026,273.8649799438,1779990949.461026,0.
1779990949.561026,273.8649799438,1779990949.561026,0.
1779990949.661026,273.8649799438,1779990949.661026,0.
1779990949.7610261,273.8649799438,1779990949.7610261,0.
1779990949.861026,273.8649799438,1779990949.861026,0.
1779990949.961026,273.8649799438,1779990949.961026,0.
1779990950.061026,273.8649799438,1779990950.061026,0.
1779990950.161026,273.8649799438,1779990950.161026,0.
1779990950.2610261,273.8649799438,1779990950.2610261,0.
1779990950.361026,273.8649799438,1779990950.361026,0.
1779990950.461026,273.8649799438,1779990950.461026,0.
1779990950.561026,273.8649799438,1779990950.561026,0.
1779990950.661026,273.8649799438,1779990950.661026,0.
1779990950.7610261,273.8649799438,1779990950.7610261,0.
1779990950.861026,273.8649799438,1779990950.861026,0.
1779990950.961026,273.8649799438,1779990950.961026,0.
1779990951.061026,273.8649799438,1779990951.061026,0.
1779990951.161026,273.8649799438,1779990951.161026,0.
1779990951.2610261,273.8649799438,1779990951.2610261,0.
1779990951.361026,273.8649799438,1779990951.361026,0.
1779990951.461026,273.8649799438,1779990951.461026,0.
1779990951.561026,273.8649799438,1779990951.561026,0.
1779990951.661026,273.8649799438,1779990951.661026,0.
1779990951.7610261,273.8649799438,1779990951.7610261,0.
1779990951.861026,273.8649799438,1779990951.861026,0.
1779990951.961026,273.8649799438,1779990951.961026,0.
1779990952.061026,273.8649799438,1779990952.061026,0.
1779990952.161026,273.8649799438,1779990952.161026,0.
1779990952.2610261,273.8649799438,1779990952.2610261,0.
1779990952.361026,273.8649799438,1779990952.361026,0.
1779990952.461026,273.8649799438,1779990952.461026,0.
1779990952.561026,273.8649799438,1779990952.561026,0.
1779990952.661026,273.8649799438,1779990952.661026,0.
1779990952.7610261,273.8649799438,1779990952.7610261,0.
1779990952.861026,273.8649799438,1779990952.861026,0.
1779990952.961026,273.8649799438,1779990952.961026,0.
1779990953.061026,273.8649799438,1779990953.061026,0.
1779990953.161026,273.8649799438,1779990953.161026,0.
1779990953.2610261,273.8649799438,1779990953.2610261,0.
1779990953.361026,273.8649799438,1779990953.361026,0.
1779990953.461026,273.8649799438,1779990953.461026,0.
1779990953.561026,273.8649799438,1779990953.561026,0.
1779990953.661026,273.8649799438,1779990953.661026,0.
1779990953.7610261,273.8649799438,1779990953.7610261,0.
1779990953.861026,273.8649799438,1779990953.861026,0.
1779990953.961026,273.8649799438,1779990953.961026,0.
1779990954.061026,273.8649799438,1779990954.061026,0.
1779990954.161026,273.8649799438,1779990954.161026,0.
1779990954.2610261,273.8649799438,1779990954.2610261,0.
1779990954.361026,273.8649799438,1779990954.361026,0.
1779990954.461026,273.8649799438,1779990954.461026,0.
1779990954.561026,273.8649799438,1779990954.561026,0.
1779990954.661026,273.8649799438,1779990954.661026,0.
1779990954.7610261,273.8649799438,1779990954.7610261,0.
1779990954.861026,273.8649799438,1779990954.861026,0.
1779990954.961026,273.8649799438,1779990954.961026,0.
1779990955.061026,273.8649799438,1779990955.061026,0.
1779990955.161026,273.8649799438,1779990955.161026,0.
1779990955.2610261,273.8649799438,1779990955.2610261,0.
1779990955.361026,273.8649799438,1779990955.361026,0.
1779990955.461026,273.8649799438,1779990955.461026,0.
1779990955.561026,273.8649799438,1779990955.561026,0.
1779990955.661026,273.8649799438,1779990955.661026,0.
1779990955.7610261,273.8649799438,1779990955.7610261,0.
1779990955.861026,273.8649799438,1779990955.861026,0.
1779990955.961026,273.8649799438,1779990955.961026,0.
1779990956.061026,273.8649799438,1779990956.061026,0.
1779990956.161026,273.8649799438,1779990956.161026,0.
1779990956.2610261,273.8649799438,1779990956.2610261,0.
1779990956.361026,273.8649799438,1779990956.361026,0.
1779990956.461026,273.8649799438,1779990956.461026,0.
1779990956.561026,273.8649799438,1779990956.561026,0.
1779990956.661026,273.8649799438,1779990956.661026,0.
1779990956.7610261,273.8649799438,1779990956.7610261,0.
1779990956.861026,273.8649799438,1779990956.861026,0.
1779990956.961026,273.8649799438,1779990956.961026,0.
1779990957.061026,273.8649799438,1779990957.061026,0.
1779990957.161026,273.8649799438,1779990957.161026,0.
1779990957.2610261,273.8649799438,1779990957.2610261,0.
1779990957.361026,273.8649799438,1779990957.361026,0.
1779990957.461026,273.8649799438,1779990957.461026,0.
1779990957.561026,273.8649799438,1779990957.561026,0.
1779990957.661026,273.8649799438,1779990957.661026,0.
1779990957.7610261,273.8649799438,1779990957.7610261,0.
1779990957.861026,273.8649799438,1779990957.861026,0.
1779990957.961026,273.8649799438,1779990957.961026,0.
1779990958.061026,273.8649799438,1779990958.061026,0.
1779990958.161026,273.8649799438,1779990958.161026,0.
1779990958.2610261,273.8649799438,1779990958.2610261,0.
1779990958.361026,273.8649799438,1779990958.361026,0.
1779990958.461026,273.8649799438,1779990958.461026,0.
1779990958.561026,273.8649799438,1779990958.561026,0.
1779990958.661026,273.8649799438,1779990958.661026,0.
1779990958.7610261,273.8649799438,1779990958.7610261,0.
1779990958.861026,273.8649799438,1779990958.861026,0.
1779990958.961026,273.8649799438,1779990958.961026,0.
1779990959.061026,273.8649799438,1779990959.061026,0.
1779990959.161026,273.8649799438,1779990959.161026,0.
1779990959.2610261,273.8649799438,1779990959.2610261,0.
1779990959.361026,273.8649799438,1779990959.361026,0.
1779990959.461026,273.8649799438,1779990959.461026,0.
1779990959.561026,273.8649799438,1779990959.561026,0.
1779990959.661026,273.8649799438,1779990959.661026,0.
1779990959.7610261,273.8649799438,1779990959.7610261,0.
1779990959.861026,273.8649799438,1779990959.861026,0.
1779990959.961026,273.8649799438,1779990959.961026,0.
1779990960.061026,273.8649799438,1779990960.061026,0.
1779990960.161026,273.8649799438,1779990960.161026,0.
1779990960.2610261,273.8649799438,1779990960.2610261,0.
1779990960.361026,273.8649799438,1779990960.361026,0.
1779990960.461026,273.8649799438,1779990960.461026,0.
1779990960.561026,273.8649799438,1779990960.561026,0.
1779990960.661026,273.8649799438,1779990960.661026,0.
1779990960.7610261,273.8649799438,1779990960.7610261,0.
1779990960.861026,273.8649799438,1779990960.861026,0.
1779990960.961026,273.8649799438,1779990960.961026,0.
1779990961.061026,273.8649799438,1779990961.061026,0.
1779990961.161026,273.8649799438,1779990961.161026,0.
1779990961.2610261,273.8649799438,1779990961.2610261,0.
1779990961.361026,273.8649799438,1779990961.361026,0.
1779990961.461026,273.8649799438,1779990961.461026,0.
1779990961.561026,273.8649799438,1779990961.561026,0.
1779990961.661026,273.8649799438,1779990961.661026,0.
1779990961.7610261,273.8649799438,1779990961.7610261,0.
1779990961.861026,273.8649799438,1779990961.861026,0.
1779990961.961026,273.8649799438,1779990961.961026,0.
1779990962.061026,273.8649799438,1779990962.061026,0.
1779990962.161026,273.8649799438,1779990962.161026,0.
1779990962.2610261,273.8649799438,1779990962.2610261,0.
1779990962.361026,273.8649799438,1779990962.361026,0.
1779990962.461026,273.8649799438,1779990962.461026,0.
1779990962.561026,273.8649799438,1779990962.561026,0.
1779990962.661026,273.8649799438,1779990962.661026,0.
1779990962.7610261,273.8649799438,1779990962.7610261,0.
1779990962.861026,273.8649799438,1779990962.861026,0.
1779990962.961026,273.8649799438,1779990962.961026,0.
1779990963.061026,273.8649799438,1779990963.061026,0.
1779990963.161026,273.8649799438,1779990963.161026,0.
1779990963.2610261,273.8649799438,1779990963.2610261,0.
1779990963.361026,273.8649799438,1779990963.361026,0.
1779990963.461026,273.8649799438,1779990963.461026,0.
1779990963.561026,273.8649799438,1779990963.561026,0.
1779990963.661026,273.8649799438,1779990963.661026,0.
1779990963.7610261,273.8649799438,1779990963.7610261,0.
1779990963.861026,273.8649799438,1779990963.861026,0.
1779990963.961026,273.8649799438,1779990963.961026,0.
1779990964.061026,273.8649799438,1779990964.061026,0.
1779990964.161026,273.8649799438,1779990964.161026,0.
1779990964.2610261,273.8649799438,1779990964.2610261,0.
1779990964.361026,273.8649799438,1779990964.361026,0.
1779990964.461026,273.8649799438,1779990964.461026,0.
1779990964.561026,273.8649799438,1779990964.561026,0.
1779990964.661026,273.8649799438,1779990964.661026,0.
1779990964.7610261,273.8649799438,1779990964.7610261,0.
1779990964.861026,273.8649799438,1779990964.861026,0.
1779990964.961026,273.8649799438,1779990964.961026,0.
1779990965.061026,273.8649799438,1779990965.061026,0.
1779990965.161026,273.8649799438,1779990965.161026,0.
1779990965.2610261,273.8649799438,1779990965.2610261,0.
1779990965.361026,273.8649799438,1779990965.361026,0.
1779990965.461026,273.8649799438,1779990965.461026,0.
1779990965.561026,273.8649799438,1779990965.561026,0.
1779990965.661026,273.8649799438,1779990965.661026,0.
1779990965.7610261,273.8649799438,1779990965.7610261,0.
1779990965.861026,273.8649799438,1779990965.861026,0.
1779990965.961026,273.8649799438,1779990965.961026,0.
1779990966.061026,273.8649799438,1779990966.061026,0.
1779990966.161026,273.8649799438,1779990966.161026,0.
1779990966.2610261,273.8649799438,1779990966.2610261,0.
1779990966.361026,273.8649799438,1779990966.361026,0.
1779990966.461026,273.8649799438,1779990966.461026,0.
1779990966.561026,273.8649799438,1779990966.561026,0.
1779990966.661026,273.8649799438,1779990966.661026,0.
1779990966.7610261,273.8649799438,1779990966.7610261,0.
1779990966.861026,273.8649799438,1779990966.861026,0.
1779990966.961026,273.8649799438,1779990966.961026,0.
1779990967.061026,273.8649799438,1779990967.061026,0.
1779990967.161026,273.8649799438,1779990967.161026,0.
1779990967.2610261,273.8649799438,1779990967.2610261,0.
1779990967.361026,273.8649799438,1779990967.361026,0.
1779990967.461026,273.8649799438,1779990967.461026,0.
1779990967.561026,273.8649799438,1779990967.561026,0.
1779990967.661026,273.8649799438,1779990967.661026,0.
1779990967.7610261,273.8649799438,1779990967.7610261,0.
1779990967.861026,273.8649799438,1779990967.861026,0.
1779990967.961026,273.8649799438,1779990967.961026,0.
1779990968.061026,273.8649799438,1779990968.061026,0.
1779990968.161026,273.8649799438,1779990968.161026,0.
1779990968.2610261,273.8649799438,1779990968.2610261,0.
1779990968.361026,273.8649799438,1779990968.361026,0.
1779990968.461026,273.8649799438,1779990968.461026,0.
1779990968.561026,273.8649799438,1779990968.561026,0.
1779990968.661026,273.8649799438,1779990968.661026,0.
1779990968.7610261,273.8649799438,1779990968.7610261,0.
1779990968.861026,273.8649799438,1779990968.861026,0.
1779990968.961026,273.8649799438,1779990968.961026,0.
1779990969.061026,273.8649799438,1779990969.061026,0.
1779990969.161026,273.8649799438,1779990969.161026,0.
1779990969.2610261,273.8649799438,1779990969.2610261,0.
1779990969.361026,273.8649799438,1779990969.361026,0.
1779990969.461026,273.8649799438,1779990969.461026,0.
1779990969.561026,273.8649799438,1779990969.561026,0.
1779990969.661026,273.8649799438,1779990969.661026,0.
1779990969.7610261,273.8649799438,1779990969.7610261,0.
1779990969.861026,273.8649799438,1779990969.861026,0.
1779990969.961026,273.8649799438,1779990969.961026,0.
1779990970.061026,273.8649799438,1779990970.061026,0.
1779990970.161026,273.8649799438,1779990970.161026,0.
1779990970.2610261,273.8649799438,1779990970.2610261,0.
1779990970.361026,273.8649799438,1779990970.361026,0.
1779990970.461026,273.8649799438,1779990970.461026,0.
1779990970.561026,273.8649799438,1779990970.561026,0.
1779990970.661026,273.8649799438,1779990970.661026,0.
1779990970.7610261,273.8649799438,1779990970.7610261,0.
1779990970.861026,273.8649799438,1779990970.861026,0.
1779990970.961026,273.8649799438,1779990970.961026,0.
1779990971.061026,273.8649799438,1779990971.061026,0.
1779990971.161026,273.8649799438,1779990971.161026,0.
1779990971.2610261,273.8649799438,1779990971.2610261,0.
1779990971.361026,273.8649799438,1779990971.361026,0.
1779990971.461026,273.8649799438,1779990971.461026,0.
1779990971.561026,273.8649799438,1779990971.561026,0.
1779990971.661026,273.8649799438,1779990971.661026,0.
1779990971.7610261,273.8649799438,1779990971.7610261,0.
1779990971.861026,273.8649799438,1779990971.861026,0.
1779990971.961026,273.8649799438,1779990971.961026,0.
1779990972.061026,273.8649799438,1779990972.061026,0.
1779990972.161026,273.8649799438,1779990972.161026,0.
1779990972.2610261,273.8649799438,1779990972.2610261,0.
1779990972.361026,273.8649799438,1779990972.361026,0.
1779990972.461026,273.8649799438,1779990972.461026,0.
1779990972.561026,273.8649799438,1779990972.561026,0.
1779990972.661026,273.8649799438,1779990972.661026,0.
1779990972.7610261,273.8649799438,1779990972.7610261,0.
1779990972.861026,273.8649799438,1779990972.861026,0.
1779990972.961026,273.8649799438,1779990972.961026,0.
1779990973.061026,273.8649799438,1779990973.061026,0.
1779990973.161026,273.8649799438,1779990973.161026,0.
1779990973.2610261,273.8649799438,1779990973.2610261,0.
1779990973.361026,273.8649799438,1779990973.361026,0.
1779990973.461026,273.8649799438,1779990973.461026,0.
1779990973.561026,273.8649799438,1779990973.561026,0.
1779990973.661026,273.8649799438,1779990973.661026,0.
1779990973.7610261,273.8649799438,1779990973.7610261,0.
1779990973.861026,273.8649799438,1779990973.861026,0.
1779990973.961026,273.8649799438,1779990973.961026,0.
1779990974.061026,273.8649799438,1779990974.061026,0.
1779990974.161026,273.8649799438,1779990974.161026,0.
1779990974.2610261,273.8649799438,1779990974.2610261,0.
1779990974.361026,273.8649799438,1779990974.361026,0.
1779990974.461026,273.8649799438,1779990974.461026,0.
1779990974.561026,273.8649799438,1779990974.561026,0.
1779990974.661026,273.8649799438,1779990974.661026,0.
1779990974.7610261,273.8649799438,1779990974.7610261,0.
1779990974.861026,273.8649799438,1779990974.861026,0.
1779990974.961026,273.8649799438,1779990974.961026,0.
1779990975.061026,273.8649799438,1779990975.061026,0.
1779990975.161026,273.8649799438,1779990975.161026,0.
1779990975.2610261,273.8649799438,1779990975.2610261,0.
1779990975.361026,273.8649799438,1779990975.361026,0.
1779990975.461026,273.8649799438,1779990975.461026,0.
1779990975.561026,273.8649799438,1779990975.561026,0.
1779990975.661026,273.8649799438,1779990975.661026,0.
1779990975.7610261,273.8649799438,1779990975.7610261,0.
1779990975.861026,273.8649799438,1779990975.861026,0.
1779990975.961026,273.8649799438,1779990975.961026,0.
1779990976.061026,273.8649799438,1779990976.061026,0.
1779990976.161026,273.8649799438,1779990976.161026,0.
1779990976.2610261,273.8649799438,1779990976.2610261,0.
1779990976.361026,273.8649799438,1779990976.361026,0.
1779990976.461026,273.8649799438,1779990976.461026,0.
1779990976.561026,273.8649799438,1779990976.561026,0.
1779990976.661026,273.8649799438,1779990976.661026,0.
1779990976.7610261,273.8649799438,1779990976.7610261,0.
1779990976.861026,273.8649799438,1779990976.861026,0.
1779990976.961026,273.8649799438,1779990976.961026,0.
1779990977.061026,273.8649799438,1779990977.061026,0.
1779990977.161026,273.8649799438,1779990977.161026,0.
1779990977.2610261,273.8649799438,1779990977.2610261,0.
1779990977.361026,273.8649799438,1779990977.361026,0.
1779990977.461026,273.8649799438,1779990977.461026,0.
1779990977.561026,273.8649799438,1779990977.561026,0.
1779990977.661026,273.8649799438,1779990977.661026,0.
1779990977.7610261,273.8649799438,1779990977.7610261,0.
1779990977.861026,273.8649799438,1779990977.861026,0.
1779990977.961026,273.8649799438,1779990977.961026,0.
1779990978.061026,273.8649799438,1779990978.061026,0.
1779990978.161026,273.8649799438,1779990978.161026,0.
1779990978.2610261,273.8649799438,1779990978.2610261,0.
1779990978.361026,273.8649799438,1779990978.361026,0.
1779990978.461026,273.8649799438,1779990978.461026,0.
1779990978.561026,273.8649799438,1779990978.561026,0.
1779990978.661026,273.8649799438,1779990978.661026,0.
1779990978.7610261,273.8649799438,1779990978.7610261,0.
1779990978.861026,273.8649799438,1779990978.861026,0.
1779990978.961026,273.8649799438,1779990978.961026,0.
1779990979.061026,273.8649799438,1779990979.061026,0.
1779990979.161026,273.8649799438,1779990979.161026,0.
1779990979.2610261,273.8649799438,1779990979.2610261,0.
1779990979.361026,273.8649799438,1779990979.361026,0.
1779990979.461026,273.8649799438,1779990979.461026,0.
1779990979.561026,273.8649799438,1779990979.561026,0.
1779990979.661026,273.8649799438,1779990979.661026,0.
1779990979.7610261,273.8649799438,1779990979.7610261,0.
1779990979.861026,273.8649799438,1779990979.861026,0.
1779990979.961026,273.8649799438,1779990979.961026,0.
1779990980.061026,273.8649799438,1779990980.061026,0.
1779990980.161026,273.8649799438,1779990980.161026,0.
1779990980.2610261,273.8649799438,1779990980.2610261,0.
1779990980.361026,273.8649799438,1779990980.361026,0.
1779990980.461026,273.8649799438,1779990980.461026,0.
1779990980.561026,273.8649799438,1779990980.561026,0.
1779990980.661026,273.8649799438,1779990980.661026,0.
1779990980.7610261,273.8649799438,1779990980.7610261,0.
1779990980.861026,273.8649799438,1779990980.861026,0.
1779990980.961026,273.8649799438,1779990980.961026,0.
1779990981.061026,273.8649799438,1779990981.061026,0.
1779990981.161026,273.8649799438,1779990981.161026,0.
1779990981.2610261,273.8649799438,1779990981.2610261,0.
1779990981.361026,273.8649799438,1779990981.361026,0.
1779990981.461026,273.8649799438,1779990981.461026,0.
1779990981.561026,273.8649799438,1779990981.561026,0.
1779990981.661026,273.8649799438,1779990981.661026,0.
1779990981.7610261,273.8649799438,1779990981.7610261,0.
1779990981.861026,273.8649799438,1779990981.861026,0.
1779990981.961026,273.8649799438,1779990981.961026,0.
1779990982.061026,273.8649799438,1779990982.061026,0.
1779990982.161026,273.8649799438,1779990982.161026,0.
1779990982.2610261,273.8649799438,1779990982.2610261,0.
1779990982.361026,273.8649799438,1779990982.361026,0.
1779990982.461026,273.8649799438,1779990982.461026,0.
1779990982.561026,273.8649799438,1779990982.561026,0.
1779990982.661026,273.8649799438,1779990982.661026,0.
1779990982.7610261,273.8649799438,1779990982.7610261,0.
1779990982.861026,273.8649799438,1779990982.861026,0.
1779990982.961026,273.8649799438,1779990982.961026,0.
1779990983.061026,273.8649799438,1779990983.061026,0.
1779990983.161026,273.8649799438,1779990983.161026,0.
1779990983.2610261,273.8649799438,1779990983.2610261,0.
1779990983.361026,273.8649799438,1779990983.361026,0.
1779990983.461026,273.8649799438,1779990983.461026,0.
1779990983.561026,273.8649799438,1779990983.561026,0.
1779990983.661026,273.8649799438,1779990983.661026,0.
1779990983.7610261,273.8649799438,1779990983.7610261,0.
1779990983.861026,273.8649799438,1779990983.861026,0.
1779990983.961026,273.8649799438,1779990983.961026,0.
1779990984.061026,273.8649799438,1779990984.061026,0.
1779990984.161026,273.8649799438,1779990984.161026,0.
1779990984.2610261,273.8649799438,1779990984.2610261,0.
1779990984.361026,273.8649799438,1779990984.361026,0.
1779990984.461026,273.8649799438,1779990984.461026,0.
1779990984.561026,273.8649799438,1779990984.561026,0.
1779990984.661026,273.8649799438,1779990984.661026,0.
1779990984.7610261,273.8649799438,1779990984.7610261,0.
1779990984.861026,273.8649799438,1779990984.861026,0.
1779990984.961026,0.,1779990984.961026,200.
1779990985.061026,0.,1779990985.061026,200.
1779990985.161026,0.,1779990985.161026,200.
1779990985.2610261,0.,1779990985.2610261,200.
1779990985.361026,0.,1779990985.361026,200.
1779990985.461026,0.,1779990985.461026,200.
1779990985.561026,0.,1779990985.561026,200.
1779990985.661026,0.,1779990985.661026,200.
1779990985.7610261,0.,1779990985.7610261,200.
1779990985.861026,0.,1779990985.861026,200.
1779990985.961026,0.,1779990985.961026,200.
1779990986.061026,0.,1779990986.061026,200.
1779990986.161026,0.,1779990986.161026,200.
1779990986.2610261,0.,1779990986.2610261,200.
1779990986.361026,0.,1779990986.361026,200.
1779990986.461026,0.,1779990986.461026,200.
1779990986.561026,0.,1779990986.561026,200.
1779990986.661026,0.,1779990986.661026,200.
1779990986.7610261,0.,1779990986.7610261,200.
1779990986.861026,0.,1779990986.861026,200.
1779990986.961026,0.,1779990986.961026,200.
1779990987.061026,0.,1779990987.061026,200.
1779990987.161026,0.,1779990987.161026,200.
1779990987.2610261,0.,1779990987.2610261,200.
1779990987.361026,0.,1779990987.361026,200.
1779990987.461026,0.,1779990987.461026,200.
1779990987.561026,0.,1779990987.561026,200.
1779990987.661026,0.,1779990987.661026,200.
1779990987.7610261,0.,1779990987.7610261,200.
1779990987.861026,0.,1779990987.861026,200.
1779990987.961026,0.,1779990987.961026,200.
1779990988.061026,0.,1779990988.061026,200.
1779990988.161026,0.,1779990988.161026,200.
1779990988.2610261,0.,1779990988.2610261,200.
1779990988.361026,0.,1779990988.361026,200.
1779990988.461026,0.,1779990988.461026,200.
1779990988.561026,0.,1779990988.561026,200.
1779990988.661026,0.,1779990988.661026,200.
1779990988.7610261,0.,1779990988.7610261,200.
1779990988.861026,0.,1779990988.861026,200.
1779990988.961026,0.,1779990988.961026,200.
1779990989.061026,0.,1779990989.061026,200.
1779990989.161026,0.,1779990989.161026,200.
1779990989.2610261,0.,1779990989.2610261,200.
1779990989.361026,0.,1779990989.361026,200.
1779990989.461026,0.,1779990989.461026,200.
1779990989.561026,0.,1779990989.561026,200.
1779990989.661026,0.,1779990989.661026,200.
1779990989.7610261,0.,1779990989.7610261,200.
1779990989.861026,0.,1779990989.861026,200.
1779990989.961026,0.,1779990989.961026,200.
1779990990.061026,0.,1779990990.061026,200.
1779990990.161026,0.,1779990990.161026,200.
1779990990.2610261,0.,1779990990.2610261,200.
1779990990.361026,0.,1779990990.361026,200.
1779990990.461026,0.,1779990990.461026,200.
1779990990.561026,0.,1779990990.561026,200.
1779990990.661026,0.,1779990990.661026,200.
1779990990.7610261,0.,1779990990.7610261,200.
1779990990.861026,0.,1779990990.861026,200.
1779990990.961026,0.,1779990990.961026,200.
1779990991.061026,0.,1779990991.061026,200.
1779990991.161026,0.,1779990991.161026,200.
1779990991.2610261,0.,1779990991.2610261,200.
1779990991.361026,0.,1779990991.361026,200.
1779990991.461026,0.,1779990991.461026,200.
1779990991.561026,0.,1779990991.561026,200.
1779990991.661026,0.,1779990991.661026,200.
1779990991.7610261,0.,1779990991.7610261,200.
1779990991.861026,0.,1779990991.861026,200.
1779990991.961026,0.,1779990991.961026,200.
1779990992.061026,0.,1779990992.061026,200.
1779990992.161026,0.,1779990992.161026,200.
1779990992.2610261,0.,1779990992.2610261,200.
1779990992.361026,0.,1779990992.361026,200.
1779990992.461026,0.,1779990992.461026,200.
1779990992.561026,0.,1779990992.561026,200.
1779990992.661026,0.,1779990992.661026,200.
1779990992.7610261,0.,1779990992.7610261,200.
1779990992.861026,0.,1779990992.861026,200.
1779990992.961026,0.,1779990992.961026,200.
1779990993.061026,0.,1779990993.061026,200.
1779990993.161026,0.,1779990993.161026,200.
1779990993.2610261,0.,1779990993.2610261,200.
1779990993.361026,0.,1779990993.361026,200.
1779990993.461026,0.,1779990993.461026,200.
1779990993.561026,0.,1779990993.561026,200.
1779990993.661026,0.,1779990993.661026,200.
1779990993.7610261,0.,1779990993.7610261,200.
1779990993.861026,0.,1779990993.861026,200.
1779990993.961026,0.,1779990993.961026,200.
1779990994.061026,0.,1779990994.061026,200.
1779990994.161026,0.,1779990994.161026,200.
1779990994.2610261,0.,1779990994.2610261,200.
1779990994.361026,0.,1779990994.361026,200.
1779990994.461026,0.,1779990994.461026,200.
1779990994.561026,0.,1779990994.561026,200.
1779990994.661026,0.,1779990994.661026,200.
1779990994.7610261,0.,1779990994.7610261,200.
1779990994.861026,0.,1779990994.861026,200.
1779990994.961026,0.,1779990994.961026,200.
1779990995.061026,0.,1779990995.061026,200.
1779990995.161026,0.,1779990995.161026,200.
1779990995.2610261,0.,1779990995.2610261,200.
1779990995.361026,0.,1779990995.361026,200.
1779990995.461026,0.,1779990995.461026,200.
1779990995.561026,0.,1779990995.561026,200.
1779990995.661026,0.,1779990995.661026,200.
1779990995.7610261,0.,1779990995.7610261,200.
1779990995.861026,0.,1779990995.861026,200.
1779990995.961026,0.,1779990995.961026,200.
1779990996.061026,0.,1779990996.061026,200.
1779990996.161026,0.,1779990996.161026,200.
1779990996.2610261,0.,1779990996.2610261,200.
1779990996.361026,0.,1779990996.361026,200.
1779990996.461026,0.,1779990996.461026,200.
1779990996.561026,0.,1779990996.561026,200.
1779990996.661026,0.,1779990996.661026,200.
1779990996.7610261,0.,1779990996.7610261,200.
1779990996.861026,0.,1779990996.861026,200.
1779990996.961026,0.,1779990996.961026,200.
1779990997.061026,0.,1779990997.061026,200.
1779990997.161026,0.,1779990997.161026,200.
1779990997.2610261,0.,1779990997.2610261,200.
1779990997.361026,0.,1779990997.361026,200.
1779990997.461026,0.,1779990997.461026,200.
1779990997.561026,0.,1779990997.561026,200.
1779990997.661026,0.,1779990997.661026,200.
1779990997.7610261,0.,1779990997.7610261,200.
1779990997.861026,0.,1779990997.861026,200.
1779990997.961026,0.,1779990997.961026,200.
1779990998.061026,0.,1779990998.061026,200.
1779990998.161026,0.,1779990998.161026,200.
1779990998.2610261,0.,1779990998.2610261,200.
1779990998.361026,0.,1779990998.361026,200.
1779990998.461026,0.,1779990998.461026,200.
1779990998.561026,0.,1779990998.561026,200.
1779990998.661026,0.,1779990998.661026,200.
1779990998.7610261,0.,1779990998.7610261,200.
1779990998.861026,0.,1779990998.861026,200.
1779990998.961026,0.,1779990998.961026,200.
1779990999.061026,0.,1779990999.061026,200.
1779990999.161026,0.,1779990999.161026,200.
1779990999.2610261,0.,1779990999.2610261,200.
1779990999.361026,0.,1779990999.361026,200.
1779990999.461026,0.,1779990999.461026,200.
1779990999.561026,0.,1779990999.561026,200.
1779990999.661026,0.,1779990999.661026,200.
1779990999.7610261,0.,1779990999.7610261,200.
1779990999.861026,0.,1779990999.861026,200.
1779990999.961026,0.,1779990999.961026,200.
1779991000.061026,0.,1779991000.061026,200.
1779991000.161026,0.,1779991000.161026,200.
1779991000.2610261,0.,1779991000.2610261,200.
1779991000.361026,0.,1779991000.361026,200.
1779991000.461026,0.,1779991000.461026,200.
1779991000.561026,0.,1779991000.561026,200.
1779991000.661026,0.,1779991000.661026,200.
1779991000.7610261,0.,1779991000.7610261,200.
1779991000.861026,0.,1779991000.861026,200.
1779991000.961026,0.,1779991000.961026,200.
1779991001.061026,0.,1779991001.061026,200.
1779991001.161026,0.,1779991001.161026,200.
1779991001.2610261,0.,1779991001.2610261,200.
1779991001.361026,0.,1779991001.361026,200.
1779991001.461026,0.,1779991001.461026,200.
1779991001.561026,0.,1779991001.561026,200.
1779991001.661026,0.,1779991001.661026,200.
1779991001.7610261,0.,1779991001.7610261,200.
1779991001.861026,0.,1779991001.861026,200.
1779991001.961026,0.,1779991001.961026,200.
1779991002.061026,0.,1779991002.061026,200.
1779991002.161026,0.,1779991002.161026,200.
1779991002.2610261,0.,1779991002.2610261,200.
1779991002.361026,0.,1779991002.361026,200.
1779991002.461026,0.,1779991002.461026,200.
1779991002.561026,0.,1779991002.561026,200.
1779991002.661026,0.,1779991002.661026,200.
1779991002.7610261,0.,1779991002.7610261,200.
1779991002.861026,0.,1779991002.861026,200.
1779991002.961026,0.,1779991002.961026,200.
1779991003.061026,0.,1779991003.061026,200.
1779991003.161026,0.,1779991003.161026,200.
1779991003.2610261,0.,1779991003.2610261,200.
1779991003.361026,0.,1779991003.361026,200.
1779991003.461026,0.,1779991003.461026,200.
1779991003.561026,0.,1779991003.561026,200.
1779991003.661026,0.,1779991003.661026,200.
1779991003.7610261,0.,1779991003.7610261,200.
1779991003.861026,0.,1779991003.861026,200.
1779991003.961026,0.,1779991003.961026,200.
1779991004.061026,0.,1779991004.061026,200.
1779991004.161026,0.,1779991004.161026,200.
1779991004.2610261,0.,1779991004.2610261,200.
1779991004.361026,0.,1779991004.361026,200.
1779991004.461026,0.,1779991004.461026,200.
1779991004.561026,0.,1779991004.561026,200.
1779991004.661026,0.,1779991004.661026,200.
1779991004.7610261,0.,1779991004.7610261,200.
1779991004.861026,0.,1779991004.861026,200.
1779991004.961026,0.,1779991004.961026,200.
1779991005.061026,0.,1779991005.061026,200.
1779991005.161026,0.,1779991005.161026,200.
1779991005.2610261,0.,1779991005.2610261,200.
1779991005.361026,0.,1779991005.361026,200.
1779991005.461026,0.,1779991005.461026,200.
1779991005.561026,0.,1779991005.561026,200.
1779991005.661026,0.,1779991005.661026,200.
1779991005.7610261,0.,1779991005.7610261,200.
1779991005.861026,0.,1779991005.861026,200.
1779991005.961026,0.,1779991005.961026,200.
1779991006.061026,0.,1779991006.061026,200.
1779991006.161026,0.,1779991006.161026,200.
1779991006.2610261,0.,1779991006.2610261,200.
1779991006.361026,0.,1779991006.361026,200.
1779991006.461026,0.,1779991006.461026,200.
1779991006.561026,0.,1779991006.561026,200.
1779991006.661026,0.,1779991006.661026,200.
1779991006.7610261,0.,1779991006.7610261,200.
1779991006.861026,0.,1779991006.861026,200.
1779991006.961026,0.,1779991006.961026,200.
1779991007.061026,0.,1779991007.061026,200.
1779991007.161026,0.,1779991007.161026,200.
1779991007.2610261,0.,1779991007.2610261,200.
1779991007.361026,0.,1779991007.361026,200.
1779991007.461026,0.,1779991007.461026,200.
1779991007.561026,0.,1779991007.561026,200.
1779991007.661026,0.,1779991007.661026,200.
1779991007.7610261,0.,1779991007.7610261,200.
1779991007.861026,0.,1779991007.861026,200.
1779991007.961026,0.,1779991007.961026,200.
1779991008.061026,0.,1779991008.061026,200.
1779991008.161026,0.,1779991008.161026,200.
1779991008.2610261,0.,1779991008.2610261,200.
1779991008.361026,0.,1779991008.361026,200.
1779991008.461026,0.,1779991008.461026,200.
1779991008.561026,0.,1779991008.561026,200.
1779991008.661026,0.,1779991008.661026,200.
1779991008.7610261,0.,1779991008.7610261,200.
1779991008.861026,0.,1779991008.861026,200.
1779991008.961026,0.,1779991008.961026,200.
1779991009.061026,0.,1779991009.061026,200.
1779991009.161026,0.,1779991009.161026,200.
1779991009.2610261,0.,1779991009.2610261,200.
1779991009.361026,0.,1779991009.361026,200.
1779991009.461026,0.,1779991009.461026,200.
1779991009.561026,0.,1779991009.561026,200.
1779991009.661026,0.,1779991009.661026,200.
1779991009.7610261,0.,1779991009.7610261,200.
1779991009.861026,0.,1779991009.861026,200.
1779991009.961026,0.,1779991009.961026,200.
1779991010.061026,0.,1779991010.061026,200.
1779991010.161026,0.,1779991010.161026,200.
1779991010.2610261,0.,1779991010.2610261,200.
1779991010.361026,0.,1779991010.361026,200.
1779991010.461026,0.,1779991010.461026,200.
1779991010.561026,0.,1779991010.561026,200.
1779991010.661026,0.,1779991010.661026,200.
1779991010.7610261,0.,1779991010.7610261,200.
1779991010.861026,0.,1779991010.861026,200.
1779991010.961026,0.,1779991010.961026,200.
1779991011.061026,0.,1779991011.061026,200.
1779991011.161026,0.,1779991011.161026,200.
1779991011.2610261,0.,1779991011.2610261,200.
1779991011.361026,0.,1779991011.361026,200.
1779991011.461026,0.,1779991011.461026,200.
1779991011.561026,0.,1779991011.561026,200.
1779991011.661026,0.,1779991011.661026,200.
1779991011.7610261,0.,1779991011.7610261,200.
1779991011.861026,0.,1779991011.861026,200.
1779991011.961026,0.,1779991011.961026,200.
1779991012.061026,0.,1779991012.061026,200.
1779991012.161026,0.,1779991012.161026,200.
1779991012.2610261,0.,1779991012.2610261,200.
1779991012.361026,0.,1779991012.361026,200.
1779991012.461026,0.,1779991012.461026,200.
1779991012.561026,0.,1779991012.561026,200.
1779991012.661026,0.,1779991012.661026,200.
1779991012.7610261,0.,1779991012.7610261,200.
1779991012.861026,0.,1779991012.861026,200.
1779991012.961026,0.,1779991012.961026,200.
1779991013.061026,0.,1779991013.061026,200.
1779991013.161026,0.,1779991013.161026,200.
1779991013.2610261,0.,1779991013.2610261,200.
1779991013.361026,0.,1779991013.361026,200.
1779991013.461026,0.,1779991013.461026,200.
1779991013.561026,0.,1779991013.561026,200.
1779991013.661026,0.,1779991013.661026,200.
1779991013.7610261,0.,1779991013.7610261,200.
1779991013.861026,0.,1779991013.861026,200.
1779991013.961026,0.,1779991013.961026,200.
1779991014.061026,0.,1779991014.061026,200.
1779991014.161026,0.,1779991014.161026,200.
1779991014.2610261,0.,1779991014.2610261,200.
1779991014.361026,0.,1779991014.361026,200.
1779991014.461026,0.,1779991014.461026,200.
1779991014.561026,0.,1779991014.561026,200.
1779991014.661026,0.,1779991014.661026,200.
1779991014.7610261,0.,1779991014.7610261,200.
1779991014.861026,0.,1779991014.861026,200.
1779991014.961026,0.,1779991014.961026,200.
1779991015.061026,0.,1779991015.061026,200.
1779991015.161026,236.7550432703,1779991015.161026,200.
1779991015.2610261,236.7550432703,1779991015.2610261,200.
1779991015.361026,236.7550432703,1779991015.361026,200.
1779991015.461026,236.7550432703,1779991015.461026,200.
1779991015.561026,253.3650506856,1779991015.561026,200.
1779991015.661026,242.4638507192,1779991015.661026,200.
1779991015.7610261,221.0899601610,1779991015.7610261,200.
1779991015.861026,221.0899601610,1779991015.861026,200.
1779991015.961026,335.3819749520,1779991015.961026,200.
1779991016.061026,274.0246322344,1779991016.061026,200.
1779991016.161026,199.795777977,1779991016.161026,200.
1779991016.2610261,199.795777977,1779991016.2610261,200.
1779991016.361026,212.9820090293,1779991016.361026,200.
1779991016.461026,212.9820090293,1779991016.461026,200.
1779991016.561026,338.1901520427,1779991016.561026,200.
1779991016.661026,338.1901520427,1779991016.661026,200.
1779991016.7610261,368.5753517791,1779991016.7610261,200.
1779991016.861026,190.268646383,1779991016.861026,150.5512268821
1779991016.961026,200.0345510947,1779991016.961026,130.7762037488
1779991017.061026,200.0345510947,1779991017.061026,200.
1779991017.161026,191.0666303472,1779991017.161026,200.
1779991017.2610261,177.2711847417,1779991017.2610261,200.
1779991017.361026,177.2711847417,1779991017.361026,200.
1779991017.461026,177.2711847417,1779991017.461026,200.
1779991017.561026,177.2711847417,1779991017.561026,200.
1779991017.661026,177.2711847417,1779991017.661026,200.
1779991017.7610261,291.4105735895,1779991017.7610261,200.
1779991017.861026,286.1127119618,1779991017.861026,200.
1779991017.961026,338.7919526914,1779991017.961026,200.
1779991018.061026,357.1180404699,1779991018.061026,200.
1779991018.161026,255.19187753,1779991018.161026,200.
1779991018.2610261,255.19187753,1779991018.2610261,200.
1779991018.361026,368.47580892,1779991018.361026,200.
1779991018.461026,234.8782796403,1779991018.461026,200.
1779991018.561026,144.7624564399,1779991018.561026,200.
1779991018.661026,220.2510987695,1779991018.661026,200.
1779991018.7610261,220.2510987695,1779991018.7610261,200.
1779991018.861026,270.8216747370,1779991018.861026,200.
1779991018.961026,360.8022617797,1779991018.961026,200.
1779991019.061026,360.8022617797,1779991019.061026,200.
1779991019.161026,330.2581881610,1779991019.161026,200.
1779991019.2610261,330.2581881610,1779991019.2610261,200.
1779991019.361026,211.1886511568,1779991019.361026,200.
1779991019.461026,211.1886511568,1779991019.461026,200.
1779991019.561026,211.1886511568,1779991019.561026,200.
1779991019.661026,248.7362007717,1779991019.661026,200.
1779991019.7610261,248.7362007717,1779991019.7610261,200.
1779991019.861026,248.7362007717,1779991019.861026,200.
1779991019.961026,248.7362007717,1779991019.961026,200.
1779991020.061026,248.7362007717,1779991020.061026,200.
1779991020.161026,284.9285929548,1779991020.161026,200.
1779991020.2610261,221.9468297449,1779991020.2610261,200.
1779991020.361026,221.9468297449,1779991020.361026,200.
1779991020.461026,221.9468297449,1779991020.461026,200.
1779991020.561026,221.9468297449,1779991020.561026,200.
1779991020.661026,221.9468297449,1779991020.661026,200.
1779991020.7610261,331.3237233073,1779991020.7610261,200.
1779991020.861026,305.4922169554,1779991020.861026,200.
1779991020.961026,305.4922169554,1779991020.961026,200.
1779991021.061026,318.7665360263,1779991021.061026,200.
1779991021.161026,318.7665360263,1779991021.161026,200.
1779991021.2610261,318.7665360263,1779991021.2610261,200.
1779991021.361026,377.8458039829,1779991021.361026,200.
1779991021.461026,238.3313530081,1779991021.461026,200.
1779991021.561026,231.3108165576,1779991021.561026,200.
1779991021.661026,231.3108165576,1779991021.661026,0.
1779991021.7610261,231.3108165576,1779991021.7610261,0.
1779991021.861026,231.3108165576,1779991021.861026,0.
1779991021.961026,231.3108165576,1779991021.961026,0.
1779991022.061026,231.3108165576,1779991022.061026,0.
1779991022.161026,231.3108165576,1779991022.161026,0.
1779991022.2610261,231.3108165576,1779991022.2610261,0.
1779991022.361026,231.3108165576,1779991022.361026,0.
1779991022.461026,231.3108165576,1779991022.461026,0.
1779991022.561026,231.3108165576,1779991022.561026,0.
1779991022.661026,231.3108165576,1779991022.661026,0.
1779991022.7610261,231.3108165576,1779991022.7610261,0.
1779991022.861026,231.3108165576,1779991022.861026,0.
1779991022.961026,231.3108165576,1779991022.961026,0.
1779991023.061026,231.3108165576,1779991023.061026,0.
1779991023.161026,231.3108165576,1779991023.161026,0.
1779991023.2610261,231.3108165576,1779991023.2610261,0.
1779991023.361026,231.3108165576,1779991023.361026,0.
1779991023.461026,231.3108165576,1779991023.461026,0.
1779991023.561026,231.3108165576,1779991023.561026,0.
1779991023.661026,231.3108165576,1779991023.661026,0.
1779991023.7610261,231.3108165576,1779991023.7610261,0.
1779991023.861026,231.3108165576,1779991023.861026,0.
1779991023.961026,231.3108165576,1779991023.961026,0.
1779991024.061026,231.3108165576,1779991024.061026,0.
1779991024.161026,231.3108165576,1779991024.161026,0.
1779991024.2610261,231.3108165576,1779991024.2610261,0.
1779991024.361026,231.3108165576,1779991024.361026,0.
1779991024.461026,231.3108165576,1779991024.461026,0.
1779991024.561026,231.3108165576,1779991024.561026,0.
1779991024.661026,231.3108165576,1779991024.661026,0.
1779991024.7610261,231.3108165576,1779991024.7610261,0.
1779991024.861026,231.3108165576,1779991024.861026,0.
1779991024.961026,231.3108165576,1779991024.961026,0.
1779991025.061026,231.3108165576,1779991025.061026,0.
1779991025.161026,231.3108165576,1779991025.161026,0.
1779991025.2610261,231.3108165576,1779991025.2610261,0.
1779991025.361026,231.3108165576,1779991025.361026,0.
1779991025.461026,231.3108165576,1779991025.461026,0.
1779991025.561026,231.3108165576,1779991025.561026,0.
1779991025.661026,231.3108165576,1779991025.661026,0.
1779991025.7610261,231.3108165576,1779991025.7610261,0.
1779991025.861026,231.3108165576,1779991025.861026,0.
1779991025.961026,231.3108165576,1779991025.961026,0.
1779991026.061026,231.3108165576,1779991026.061026,0.
1779991026.161026,231.3108165576,1779991026.161026,0.
1779991026.2610261,231.3108165576,1779991026.2610261,0.
1779991026.361026,231.3108165576,1779991026.361026,0.
1779991026.461026,231.3108165576,1779991026.461026,0.
1779991026.561026,231.3108165576,1779991026.561026,0.
1779991026.661026,231.3108165576,1779991026.661026,0.
1779991026.7610261,231.3108165576,1779991026.7610261,0.
1779991026.861026,231.3108165576,1779991026.861026,0.
1779991026.961026,231.3108165576,1779991026.961026,0.
1779991027.061026,231.3108165576,1779991027.061026,0.
1779991027.161026,231.3108165576,1779991027.161026,0.
1779991027.2610261,231.3108165576,1779991027.2610261,0.
1779991027.361026,231.3108165576,1779991027.361026,0.
1779991027.461026,231.3108165576,1779991027.461026,0.
1779991027.561026,231.3108165576,1779991027.561026,0.
1779991027.661026,231.3108165576,1779991027.661026,0.
1779991027.7610261,231.3108165576,1779991027.7610261,0.
1779991027.861026,231.3108165576,1779991027.861026,0.
1779991027.961026,231.3108165576,1779991027.961026,0.
1779991028.061026,231.3108165576,1779991028.061026,0.
1779991028.161026,231.3108165576,1779991028.161026,0.
1779991028.2610261,231.3108165576,1779991028.2610261,0.
1779991028.361026,231.3108165576,1779991028.361026,0.
1779991028.461026,231.3108165576,1779991028.461026,0.
1779991028.561026,231.3108165576,1779991028.561026,0.
1779991028.661026,231.3108165576,1779991028.661026,0.
1779991028.7610261,231.3108165576,1779991028.7610261,0.
1779991028.861026,231.3108165576,1779991028.861026,0.
1779991028.961026,231.3108165576,1779991028.961026,0.
1779991029.061026,231.3108165576,1779991029.061026,0.
1779991029.161026,231.3108165576,1779991029.161026,0.
1779991029.2610261,231.3108165576,1779991029.2610261,0.
1779991029.361026,231.3108165576,1779991029.361026,0.
1779991029.461026,231.3108165576,1779991029.461026,0.
1779991029.561026,231.3108165576,1779991029.561026,0.
1779991029.661026,231.3108165576,1779991029.661026,0.
1779991029.7610261,231.3108165576,1779991029.7610261,0.
1779991029.861026,231.3108165576,1779991029.861026,0.
1779991029.961026,231.3108165576,1779991029.961026,0.
1779991030.061026,231.3108165576,1779991030.061026,0.
1779991030.161026,231.3108165576,1779991030.161026,0.
1779991030.2610261,231.3108165576,1779991030.2610261,0.
1779991030.361026,231.3108165576,1779991030.361026,0.
1779991030.461026,231.3108165576,1779991030.461026,0.
1779991030.561026,231.3108165576,1779991030.561026,0.
1779991030.661026,231.3108165576,1779991030.661026,0.
1779991030.7610261,231.3108165576,1779991030.7610261,0.
1779991030.861026,231.3108165576,1779991030.861026,0.
1779991030.961026,231.3108165576,1779991030.961026,0.
1779991031.061026,231.3108165576,1779991031.061026,0.
1779991031.161026,231.3108165576,1779991031.161026,0.
1779991031.2610261,231.3108165576,1779991031.2610261,0.
1779991031.361026,231.3108165576,1779991031.361026,0.
1779991031.461026,231.3108165576,1779991031.461026,0.
1779991031.561026,231.3108165576,1779991031.561026,0.
1779991031.661026,231.3108165576,1779991031.661026,0.
1779991031.7610261,231.3108165576,1779991031.7610261,0.
1779991031.861026,231.3108165576,1779991031.861026,0.
1779991031.961026,231.3108165576,1779991031.961026,0.
1779991032.061026,231.3108165576,1779991032.061026,0.
1779991032.161026,231.3108165576,1779991032.161026,0.
1779991032.2610261,231.3108165576,1779991032.2610261,0.
1779991032.361026,231.3108165576,1779991032.361026,0.
1779991032.461026,231.3108165576,1779991032.461026,0.
1779991032.561026,231.3108165576,1779991032.561026,0.
1779991032.661026,231.3108165576,1779991032.661026,0.
1779991032.7610261,231.3108165576,1779991032.7610261,0.
1779991032.861026,231.3108165576,1779991032.861026,0.
1779991032.961026,231.3108165576,1779991032.961026,0.
1779991033.061026,231.3108165576,1779991033.061026,0.
1779991033.161026,231.3108165576,1779991033.161026,0.
1779991033.2610261,231.3108165576,1779991033.2610261,0.
1779991033.361026,231.3108165576,1779991033.361026,0.
1779991033.461026,231.3108165576,1779991033.461026,0.
1779991033.561026,231.3108165576,1779991033.561026,0.
1779991033.661026,231.3108165576,1779991033.661026,0.
1779991033.7610261,231.3108165576,1779991033.7610261,0.
1779991033.861026,231.3108165576,1779991033.861026,0.
1779991033.961026,231.3108165576,1779991033.961026,0.
1779991034.061026,231.3108165576,1779991034.061026,0.
1779991034.161026,231.3108165576,1779991034.161026,0.
1779991034.2610261,231.3108165576,1779991034.2610261,0.
1779991034.361026,231.3108165576,1779991034.361026,0.
1779991034.461026,231.3108165576,1779991034.461026,0.
1779991034.561026,231.3108165576,1779991034.561026,0.
1779991034.661026,231.3108165576,1779991034.661026,0.
1779991034.7610261,231.3108165576,1779991034.7610261,0.
1779991034.861026,231.3108165576,1779991034.861026,0.
1779991034.961026,231.3108165576,1779991034.961026,0.
1779991035.061026,231.3108165576,1779991035.061026,0.
1779991035.161026,231.3108165576,1779991035.161026,0.
1779991035.2610261,231.3108165576,1779991035.2610261,0.
1779991035.361026,231.3108165576,1779991035.361026,0.
1779991035.461026,231.3108165576,1779991035.461026,0.
1779991035.561026,231.3108165576,1779991035.561026,0.
1779991035.661026,231.3108165576,1779991035.661026,0.
1779991035.7610261,231.3108165576,1779991035.7610261,0.
1779991035.861026,231.3108165576,1779991035.861026,0.
1779991035.961026,231.3108165576,1779991035.961026,0.
1779991036.061026,231.3108165576,1779991036.061026,0.
1779991036.161026,231.3108165576,1779991036.161026,0.
1779991036.2610261,231.3108165576,1779991036.2610261,0.
1779991036.361026,231.3108165576,1779991036.361026,0.
1779991036.461026,231.3108165576,1779991036.461026,0.
1779991036.561026,231.3108165576,1779991036.561026,0.
1779991036.661026,231.3108165576,1779991036.661026,0.
1779991036.7610261,231.3108165576,1779991036.7610261,0.
1779991036.861026,231.3108165576,1779991036.861026,0.
1779991036.961026,231.3108165576,1779991036.961026,0.
1779991037.061026,231.3108165576,1779991037.061026,0.
1779991037.161026,231.3108165576,1779991037.161026,0.
1779991037.2610261,231.3108165576,1779991037.2610261,0.
1779991037.361026,231.3108165576,1779991037.361026,0.
1779991037.461026,231.3108165576,1779991037.461026,0.
1779991037.561026,231.3108165576,1779991037.561026,0.
1779991037.661026,231.3108165576,1779991037.661026,0.
1779991037.7610261,231.3108165576,1779991037.7610261,0.
1779991037.861026,231.3108165576,1779991037.861026,0.
1779991037.961026,231.3108165576,1779991037.961026,0.
1779991038.061026,231.3108165576,1779991038.061026,0.
1779991038.161026,231.3108165576,1779991038.161026,0.
1779991038.2610261,231.3108165576,1779991038.2610261,0.
1779991038.361026,231.3108165576,1779991038.361026,0.
1779991038.461026,231.3108165576,1779991038.461026,0.
1779991038.561026,231.3108165576,1779991038.561026,0.
1779991038.661026,231.3108165576,1779991038.661026,0.
1779991038.7610261,231.3108165576,1779991038.7610261,0.
1779991038.861026,231.3108165576,1779991038.861026,0.
1779991038.961026,231.3108165576,1779991038.961026,0.
1779991039.061026,231.3108165576,1779991039.061026,0.
1779991039.161026,231.3108165576,1779991039.161026,0.
1779991039.2610261,231.3108165576,1779991039.2610261,0.
1779991039.361026,231.3108165576,1779991039.361026,0.
1779991039.461026,231.3108165576,1779991039.461026,0.
1779991039.561026,231.3108165576,1779991039.561026,0.
1779991039.661026,231.3108165576,1779991039.661026,0.
1779991039.7610261,231.3108165576,1779991039.7610261,0.
1779991039.861026,231.3108165576,1779991039.861026,0.
1779991039.961026,231.3108165576,1779991039.961026,0.
1779991040.061026,231.3108165576,1779991040.061026,0.
1779991040.161026,231.3108165576,1779991040.161026,0.
1779991040.2610261,231.3108165576,1779991040.2610261,0.
1779991040.361026,231.3108165576,1779991040.361026,0.
1779991040.461026,231.3108165576,1779991040.461026,0.
1779991040.561026,231.3108165576,1779991040.561026,0.
1779991040.661026,231.3108165576,1779991040.661026,0.
1779991040.7610261,231.3108165576,1779991040.7610261,0.
1779991040.861026,231.3108165576,1779991040.861026,0.
1779991040.961026,231.3108165576,1779991040.961026,0.
1779991041.061026,231.3108165576,1779991041.061026,0.
1779991041.161026,231.3108165576,1779991041.161026,0.
1779991041.2610261,231.3108165576,1779991041.2610261,0.
1779991041.361026,231.3108165576,1779991041.361026,0.
1779991041.461026,231.3108165576,1779991041.461026,0.
1779991041.561026,231.3108165576,1779991041.561026,0.
1779991041.661026,231.3108165576,1779991041.661026,0.
1779991041.7610261,231.3108165576,1779991041.7610261,0.
1779991041.861026,231.3108165576,1779991041.861026,0.
1779991041.961026,231.3108165576,1779991041.961026,0.
1779991042.061026,231.3108165576,1779991042.061026,0.
1779991042.161026,231.3108165576,1779991042.161026,0.
1779991042.2610261,231.3108165576,1779991042.2610261,0.
1779991042.361026,231.3108165576,1779991042.361026,0.
1779991042.461026,231.3108165576,1779991042.461026,0.
1779991042.561026,231.3108165576,1779991042.561026,0.
1779991042.661026,231.3108165576,1779991042.661026,0.
1779991042.7610261,231.3108165576,1779991042.7610261,0.
1779991042.861026,231.3108165576,1779991042.861026,0.
1779991042.961026,231.3108165576,1779991042.961026,0.
1779991043.061026,231.3108165576,1779991043.061026,0.
1779991043.161026,231.3108165576,1779991043.161026,0.
1779991043.2610261,231.3108165576,1779991043.2610261,0.
1779991043.361026,231.3108165576,1779991043.361026,0.
1779991043.461026,231.3108165576,1779991043.461026,0.
1779991043.561026,231.3108165576,1779991043.561026,0.
1779991043.661026,231.3108165576,1779991043.661026,0.
1779991043.7610261,231.3108165576,1779991043.7610261,0.
1779991043.861026,231.3108165576,1779991043.861026,0.
1779991043.961026,231.3108165576,1779991043.961026,0.
1779991044.061026,231.3108165576,1779991044.061026,0.
1779991044.161026,231.3108165576,1779991044.161026,0.
1779991044.2610261,231.3108165576,1779991044.2610261,0.
1779991044.361026,231.3108165576,1779991044.361026,0.
1779991044.461026,231.3108165576,1779991044.461026,0.
1779991044.561026,231.3108165576,1779991044.561026,0.
1779991044.661026,231.3108165576,1779991044.661026,0.
1779991044.7610261,231.3108165576,1779991044.7610261,0.
1779991044.861026,231.3108165576,1779991044.861026,0.
1779991044.961026,231.3108165576,1779991044.961026,0.
1779991045.061026,231.3108165576,1779991045.061026,0.
1779991045.161026,231.3108165576,1779991045.161026,0.
1779991045.2610261,231.3108165576,1779991045.2610261,0.
1779991045.361026,231.3108165576,1779991045.361026,0.
1779991045.461026,231.3108165576,1779991045.461026,0.
1779991045.561026,231.3108165576,1779991045.561026,0.
1779991045.661026,231.3108165576,1779991045.661026,0.
1779991045.7610261,231.3108165576,1779991045.7610261,0.
1779991045.861026,231.3108165576,1779991045.861026,0.
1779991045.961026,231.3108165576,1779991045.961026,0.
1779991046.061026,231.3108165576,1779991046.061026,0.
1779991046.161026,231.3108165576,1779991046.161026,0.
1779991046.2610261,231.3108165576,1779991046.2610261,0.
1779991046.361026,231.3108165576,1779991046.361026,0.
1779991046.461026,231.3108165576,1779991046.461026,0.
1779991046.561026,231.3108165576,1779991046.561026,0.
1779991046.661026,231.3108165576,1779991046.661026,0.
1779991046.7610261,231.3108165576,1779991046.7610261,0.
1779991046.861026,231.3108165576,1779991046.861026,0.
1779991046.961026,231.3108165576,1779991046.961026,0.
1779991047.061026,231.3108165576,1779991047.061026,0.
1779991047.161026,231.3108165576,1779991047.161026,0.
1779991047.2610261,231.3108165576,1779991047.2610261,0.
1779991047.361026,231.3108165576,1779991047.361026,0.
1779991047.461026,231.3108165576,1779991047.461026,0.
1779991047.561026,231.3108165576,1779991047.561026,0.
1779991047.661026,231.3108165576,1779991047.661026,0.
1779991047.7610261,231.3108165576,1779991047.7610261,0.
1779991047.861026,231.3108165576,1779991047.861026,0.
1779991047.961026,231.3108165576,1779991047.961026,0.
1779991048.061026,231.3108165576,1779991048.061026,0.
1779991048.161026,231.3108165576,1779991048.161026,0.
1779991048.2610261,231.3108165576,1779991048.2610261,0.
1779991048.361026,231.3108165576,1779991048.361026,0.
1779991048.461026,231.3108165576,1779991048.461026,0.
1779991048.561026,231.3108165576,1779991048.561026,0.
1779991048.661026,231.3108165576,1779991048.661026,0.
1779991048.7610261,231.3108165576,1779991048.7610261,0.
1779991048.861026,231.3108165576,1779991048.861026,0.
1779991048.961026,231.3108165576,1779991048.961026,0.
1779991049.061026,231.3108165576,1779991049.061026,0.
1779991049.161026,231.3108165576,1779991049.161026,0.
1779991049.2610261,231.3108165576,1779991049.2610261,0.
1779991049.361026,231.3108165576,1779991049.361026,0.
1779991049.461026,231.3108165576,1779991049.461026,0.
1779991049.561026,231.3108165576,1779991049.561026,0.
1779991049.661026,231.3108165576,1779991049.661026,0.
1779991049.7610261,231.3108165576,1779991049.7610261,0.
1779991049.861026,231.3108165576,1779991049.861026,0.
1779991049.961026,231.3108165576,1779991049.961026,0.
1779991050.061026,231.3108165576,1779991050.061026,0.
1779991050.161026,231.3108165576,1779991050.161026,0.
1779991050.2610261,231.3108165576,1779991050.2610261,0.
1779991050.361026,231.3108165576,1779991050.361026,0.
1779991050.461026,231.3108165576,1779991050.461026,0.
1779991050.561026,231.3108165576,1779991050.561026,0.
1779991050.661026,231.3108165576,1779991050.661026,0.
1779991050.7610261,231.3108165576,1779991050.7610261,0.
1779991050.861026,231.3108165576,1779991050.861026,0.
1779991050.961026,231.3108165576,1779991050.961026,0.
1779991051.061026,231.3108165576,1779991051.061026,0.
1779991051.161026,231.3108165576,1779991051.161026,0.
1779991051.2610261,231.3108165576,1779991051.2610261,0.
1779991051.361026,231.3108165576,1779991051.361026,0.
1779991051.461026,231.3108165576,1779991051.461026,0.
1779991051.561026,231.3108165576,1779991051.561026,0.
1779991051.661026,231.3108165576,1779991051.661026,0.
1779991051.7610261,231.3108165576,1779991051.7610261,0.
1779991051.861026,231.3108165576,1779991051.861026,0.
1779991051.961026,231.3108165576,1779991051.961026,0.
1779991052.061026,231.3108165576,1779991052.061026,0.
1779991052.161026,231.3108165576,1779991052.161026,0.
1779991052.2610261,231.3108165576,1779991052.2610261,0.
1779991052.361026,231.3108165576,1779991052.361026,0.
1779991052.461026,231.3108165576,1779991052.461026,0.
1779991052.561026,231.3108165576,1779991052.561026,0.
1779991052.661026,231.3108165576,1779991052.661026,0.
1779991052.7610261,231.3108165576,1779991052.7610261,0.
1779991052.861026,231.3108165576,1779991052.861026,0.
1779991052.961026,231.3108165576,1779991052.961026,0.
1779991053.061026,231.3108165576,1779991053.061026,0.
1779991053.161026,231.3108165576,1779991053.161026,0.
1779991053.2610261,231.3108165576,1779991053.2610261,0.
1779991053.361026,231.3108165576,1779991053.361026,0.
1779991053.461026,231.3108165576,1779991053.461026,0.
1779991053.561026,231.3108165576,1779991053.561026,0.
1779991053.661026,231.3108165576,1779991053.661026,0.
1779991053.7610261,231.3108165576,1779991053.7610261,0.
1779991053.861026,231.3108165576,1779991053.861026,0.
1779991053.961026,231.3108165576,1779991053.961026,0.
1779991054.061026,231.3108165576,1779991054.061026,0.
1779991054.161026,231.3108165576,1779991054.161026,0.
1779991054.2610261,231.3108165576,1779991054.2610261,0.
1779991054.361026,231.3108165576,1779991054.361026,0.
1779991054.461026,231.3108165576,1779991054.461026,0.
1779991054.561026,231.3108165576,1779991054.561026,0.
1779991054.661026,231.3108165576,1779991054.661026,0.
1779991054.7610261,231.3108165576,1779991054.7610261,0.
1779991054.861026,231.3108165576,1779991054.861026,0.
1779991054.961026,231.3108165576,1779991054.961026,0.
1779991055.061026,231.3108165576,1779991055.061026,0.
1779991055.161026,231.3108165576,1779991055.161026,0.
1779991055.2610261,231.3108165576,1779991055.2610261,0.
1779991055.361026,231.3108165576,1779991055.361026,0.
1779991055.461026,231.3108165576,1779991055.461026,0.
1779991055.561026,231.3108165576,1779991055.561026,0.
1779991055.661026,231.3108165576,1779991055.661026,0.
1779991055.7610261,231.3108165576,1779991055.7610261,0.
1779991055.861026,231.3108165576,1779991055.861026,0.
1779991055.961026,231.3108165576,1779991055.961026,0.
1779991056.061026,231.3108165576,1779991056.061026,0.
1779991056.161026,231.3108165576,1779991056.161026,0.
1779991056.2610261,231.3108165576,1779991056.2610261,0.
1779991056.361026,231.3108165576,1779991056.361026,0.
1779991056.461026,231.3108165576,1779991056.461026,0.
1779991056.561026,231.3108165576,1779991056.561026,0.
1779991056.661026,231.3108165576,1779991056.661026,0.
1779991056.7610261,231.3108165576,1779991056.7610261,0.
1779991056.861026,231.3108165576,1779991056.861026,0.
1779991056.961026,231.3108165576,1779991056.961026,0.
1779991057.061026,231.3108165576,1779991057.061026,0.
1779991057.161026,231.3108165576,1779991057.161026,0.
1779991057.2610261,231.3108165576,1779991057.2610261,0.
1779991057.361026,231.3108165576,1779991057.361026,0.
1779991057.461026,231.3108165576,1779991057.461026,0.
1779991057.561026,231.3108165576,1779991057.561026,0.
1779991057.661026,231.3108165576,1779991057.661026,0.
1779991057.7610261,231.3108165576,1779991057.7610261,0.
1779991057.861026,231.3108165576,1779991057.861026,0.
1779991057.961026,231.3108165576,1779991057.961026,0.
1779991058.061026,231.3108165576,1779991058.061026,0.
1779991058.161026,231.3108165576,1779991058.161026,0.
1779991058.2610261,231.3108165576,1779991058.2610261,0.
1779991058.361026,231.3108165576,1779991058.361026,0.
1779991058.461026,231.3108165576,1779991058.461026,0.
1779991058.561026,231.3108165576,1779991058.561026,0.
1779991058.661026,231.3108165576,1779991058.661026,0.
1779991058.7610261,231.3108165576,1779991058.7610261,0.
1779991058.861026,231.3108165576,1779991058.861026,0.
1779991058.961026,0.,1779991058.961026,200.
1779991059.061026,0.,1779991059.061026,200.
1779991059.161026,0.,1779991059.161026,200.
1779991059.2610261,0.,1779991059.2610261,200.
1779991059.361026,0.,1779991059.361026,200.
1779991059.461026,0.,1779991059.461026,200.
1779991059.561026,0.,1779991059.561026,200.
1779991059.661026,0.,1779991059.661026,200.
1779991059.7610261,0.,1779991059.7610261,200.
1779991059.861026,0.,1779991059.861026,200.
1779991059.961026,0.,1779991059.961026,200.
1779991060.061026,0.,1779991060.061026,200.
1779991060.161026,0.,1779991060.161026,200.
1779991060.2610261,0.,1779991060.2610261,200.
1779991060.361026,0.,1779991060.361026,200.
1779991060.461026,0.,1779991060.461026,200.
1779991060.561026,0.,1779991060.561026,200.
1779991060.661026,0.,1779991060.661026,200.
1779991060.7610261,0.,1779991060.7610261,200.
1779991060.861026,0.,1779991060.861026,200.
1779991060.961026,0.,1779991060.961026,200.
1779991061.061026,0.,1779991061.061026,200.
1779991061.161026,0.,1779991061.161026,200.
1779991061.2610261,0.,1779991061.2610261,200.
1779991061.361026,0.,1779991061.361026,200.
1779991061.461026,0.,1779991061.461026,200.
1779991061.561026,0.,1779991061.561026,200.
1779991061.661026,0.,1779991061.661026,200.
1779991061.7610261,0.,1779991061.7610261,200.
1779991061.861026,0.,1779991061.861026,200.
1779991061.961026,0.,1779991061.961026,200.
1779991062.061026,0.,1779991062.061026,200.
1779991062.161026,0.,1779991062.161026,200.
1779991062.2610261,0.,1779991062.2610261,200.
1779991062.361026,0.,1779991062.361026,200.
1779991062.461026,0.,1779991062.461026,200.
1779991062.561026,0.,1779991062.561026,200.
1779991062.661026,0.,1779991062.661026,200.
1779991062.7610261,0.,1779991062.7610261,200.
1779991062.861026,0.,1779991062.861026,200.
1779991062.961026,0.,1779991062.961026,200.
1779991063.061026,0.,1779991063.061026,200.
1779991063.161026,0.,1779991063.161026,200.
1779991063.2610261,0.,1779991063.2610261,200.
1779991063.361026,0.,1779991063.361026,200.
1779991063.461026,0.,1779991063.461026,200.
1779991063.561026,0.,1779991063.561026,200.
1779991063.661026,0.,1779991063.661026,200.
1779991063.7610261,0.,1779991063.7610261,200.
1779991063.861026,0.,1779991063.861026,200.
1779991063.961026,0.,1779991063.961026,200.
1779991064.061026,0.,1779991064.061026,200.
1779991064.161026,0.,1779991064.161026,200.
1779991064.2610261,0.,1779991064.2610261,200.
1779991064.361026,0.,1779991064.361026,200.
1779991064.461026,0.,1779991064.461026,200.
1779991064.561026,0.,1779991064.561026,200.
1779991064.661026,0.,1779991064.661026,200.
1779991064.7610261,0.,1779991064.7610261,200.
1779991064.861026,0.,1779991064.861026,200.
1779991064.961026,0.,1779991064.961026,200.
1779991065.061026,0.,1779991065.061026,200.
1779991065.161026,0.,1779991065.161026,200.
1779991065.2610261,0.,1779991065.2610261,200.
1779991065.361026,0.,1779991065.361026,200.
1779991065.461026,0.,1779991065.461026,200.
1779991065.561026,0.,1779991065.561026,200.
1779991065.661026,0.,1779991065.661026,200.
1779991065.7610261,0.,1779991065.7610261,200.
1779991065.861026,0.,1779991065.861026,200.
1779991065.961026,0.,1779991065.961026,200.
1779991066.061026,0.,1779991066.061026,200.
1779991066.161026,0.,1779991066.161026,200.
1779991066.2610261,0.,1779991066.2610261,200.
1779991066.361026,0.,1779991066.361026,200.
1779991066.461026,0.,1779991066.461026,200.
1779991066.561026,0.,1779991066.561026,200.
1779991066.661026,0.,1779991066.661026,200.
1779991066.7610261,0.,1779991066.7610261,200.
1779991066.861026,0.,1779991066.861026,200.
1779991066.961026,0.,1779991066.961026,200.
1779991067.061026,0.,1779991067.061026,200.
1779991067.161026,0.,1779991067.161026,200.
1779991067.2610261,0.,1779991067.2610261,200.
1779991067.361026,0.,1779991067.361026,200.
1779991067.461026,0.,1779991067.461026,200.
1779991067.561026,0.,1779991067.561026,200.
1779991067.661026,0.,1779991067.661026,200.
1779991067.7610261,0.,1779991067.7610261,200.
1779991067.861026,0.,1779991067.861026,200.
1779991067.961026,0.,1779991067.961026,200.
1779991068.061026,0.,1779991068.061026,200.
1779991068.161026,0.,1779991068.161026,200.
1779991068.2610261,0.,1779991068.2610261,200.
1779991068.361026,0.,1779991068.361026,200.
1779991068.461026,0.,1779991068.461026,200.
1779991068.561026,0.,1779991068.561026,200.
1779991068.661026,0.,1779991068.661026,200.
1779991068.7610261,0.,1779991068.7610261,200.
1779991068.861026,0.,1779991068.861026,200.
1779991068.961026,0.,1779991068.961026,200.
1779991069.061026,0.,1779991069.061026,200.
1779991069.161026,0.,1779991069.161026,200.
1779991069.2610261,0.,1779991069.2610261,200.
1779991069.361026,0.,1779991069.361026,200.
1779991069.461026,0.,1779991069.461026,200.
1779991069.561026,0.,1779991069.561026,200.
1779991069.661026,0.,1779991069.661026,200.
1779991069.7610261,0.,1779991069.7610261,200.
1779991069.861026,0.,1779991069.861026,200.
1779991069.961026,0.,1779991069.961026,200.
1779991070.061026,0.,1779991070.061026,200.
1779991070.161026,0.,1779991070.161026,200.
1779991070.2610261,0.,1779991070.2610261,200.
1779991070.361026,0.,1779991070.361026,200.
1779991070.461026,0.,1779991070.461026,200.
1779991070.561026,0.,1779991070.561026,200.
1779991070.661026,0.,1779991070.661026,200.
1779991070.7610261,0.,1779991070.7610261,200.
1779991070.861026,0.,1779991070.861026,200.
1779991070.961026,0.,1779991070.961026,200.
1779991071.061026,0.,1779991071.061026,200.
1779991071.161026,0.,1779991071.161026,200.
1779991071.2610261,0.,1779991071.2610261,200.
1779991071.361026,0.,1779991071.361026,200.
1779991071.461026,0.,1779991071.461026,200.
1779991071.561026,0.,1779991071.561026,200.
1779991071.661026,0.,1779991071.661026,200.
1779991071.7610261,0.,1779991071.7610261,200.
1779991071.861026,0.,1779991071.861026,200.
1779991071.961026,0.,1779991071.961026,200.
1779991072.061026,0.,1779991072.061026,200.
1779991072.161026,0.,1779991072.161026,200.
1779991072.2610261,0.,1779991072.2610261,200.
1779991072.361026,0.,1779991072.361026,200.
1779991072.461026,0.,1779991072.461026,200.
1779991072.561026,0.,1779991072.561026,200.
1779991072.661026,0.,1779991072.661026,200.
1779991072.7610261,0.,1779991072.7610261,200.
1779991072.861026,0.,1779991072.861026,200.
1779991072.961026,0.,1779991072.961026,200.
1779991073.061026,0.,1779991073.061026,200.
1779991073.161026,0.,1779991073.161026,200.
1779991073.2610261,0.,1779991073.2610261,200.
1779991073.361026,0.,1779991073.361026,200.
1779991073.461026,0.,1779991073.461026,200.
1779991073.561026,0.,1779991073.561026,200.
1779991073.661026,0.,1779991073.661026,200.
1779991073.7610261,0.,1779991073.7610261,200.
1779991073.861026,0.,1779991073.861026,200.
1779991073.961026,0.,1779991073.961026,200.
1779991074.061026,0.,1779991074.061026,200.
1779991074.161026,0.,1779991074.161026,200.
1779991074.2610261,0.,1779991074.2610261,200.
1779991074.361026,0.,1779991074.361026,200.
1779991074.461026,0.,1779991074.461026,200.
1779991074.561026,0.,1779991074.561026,200.
1779991074.661026,0.,1779991074.661026,200.
1779991074.7610261,0.,1779991074.7610261,200.
1779991074.861026,0.,1779991074.861026,200.
1779991074.961026,0.,1779991074.961026,200.
1779991075.061026,0.,1779991075.061026,200.
1779991075.161026,0.,1779991075.161026,200.
1779991075.2610261,0.,1779991075.2610261,200.
1779991075.361026,0.,1779991075.361026,200.
1779991075.461026,0.,1779991075.461026,200.
1779991075.561026,0.,1779991075.561026,200.
1779991075.661026,0.,1779991075.661026,200.
1779991075.7610261,0.,1779991075.7610261,200.
1779991075.861026,0.,1779991075.861026,200.
1779991075.961026,0.,1779991075.961026,200.
1779991076.061026,0.,1779991076.061026,200.
1779991076.161026,0.,1779991076.161026,200.
1779991076.2610261,0.,1779991076.2610261,200.
1779991076.361026,0.,1779991076.361026,200.
1779991076.461026,0.,1779991076.461026,200.
1779991076.561026,0.,1779991076.561026,200.
1779991076.661026,0.,1779991076.661026,200.
1779991076.7610261,0.,1779991076.7610261,200.
1779991076.861026,0.,1779991076.861026,200.
1779991076.961026,0.,1779991076.961026,200.
1779991077.061026,0.,1779991077.061026,200.
1779991077.161026,0.,1779991077.161026,200.
1779991077.2610261,0.,1779991077.2610261,200.
1779991077.361026,0.,1779991077.361026,200.
1779991077.461026,0.,1779991077.461026,200.
1779991077.561026,0.,1779991077.561026,200.
1779991077.661026,0.,1779991077.661026,200.
1779991077.7610261,0.,1779991077.7610261,200.
1779991077.861026,0.,1779991077.861026,200.
1779991077.961026,0.,1779991077.961026,200.
1779991078.061026,0.,1779991078.061026,200.
1779991078.161026,0.,1779991078.161026,200.
1779991078.2610261,0.,1779991078.2610261,200.
1779991078.361026,0.,1779991078.361026,200.
1779991078.461026,0.,1779991078.461026,200.
1779991078.561026,0.,1779991078.561026,200.
1779991078.661026,0.,1779991078.661026,200.
1779991078.7610261,0.,1779991078.7610261,200.
1779991078.861026,0.,1779991078.861026,200.
1779991078.961026,0.,1779991078.961026,200.
1779991079.061026,0.,1779991079.061026,200.
1779991079.161026,0.,1779991079.161026,200.
1779991079.2610261,0.,1779991079.2610261,200.
1779991079.361026,0.,1779991079.361026,200.
1779991079.461026,0.,1779991079.461026,200.
1779991079.561026,0.,1779991079.561026,200.
1779991079.661026,0.,1779991079.661026,200.
1779991079.7610261,0.,1779991079.7610261,200.
1779991079.861026,0.,1779991079.861026,200.
1779991079.961026,0.,1779991079.961026,200.
1779991080.061026,0.,1779991080.061026,200.
1779991080.161026,0.,1779991080.161026,200.
1779991080.2610261,0.,1779991080.2610261,200.
1779991080.361026,0.,1779991080.361026,200.
1779991080.461026,0.,1779991080.461026,200.
1779991080.561026,0.,1779991080.561026,200.
1779991080.661026,0.,1779991080.661026,200.
1779991080.7610261,0.,1779991080.7610261,200.
1779991080.861026,0.,1779991080.861026,200.
1779991080.961026,0.,1779991080.961026,200.
1779991081.061026,0.,1779991081.061026,200.
1779991081.161026,0.,1779991081.161026,200.
1779991081.2610261,0.,1779991081.2610261,200.
1779991081.361026,0.,1779991081.361026,200.
1779991081.461026,0.,1779991081.461026,200.
1779991081.561026,0.,1779991081.561026,200.
1779991081.661026,0.,1779991081.661026,200.
1779991081.7610261,0.,1779991081.7610261,200.
1779991081.861026,0.,1779991081.861026,200.
1779991081.961026,0.,1779991081.961026,200.
1779991082.061026,0.,1779991082.061026,200.
1779991082.161026,0.,1779991082.161026,200.
1779991082.2610261,0.,1779991082.2610261,200.
1779991082.361026,88.6323125693,1779991082.361026,200.
1779991082.461026,115.7557040854,1779991082.461026,200.
1779991082.561026,115.7557040854,1779991082.561026,200.
1779991082.661026,115.7557040854,1779991082.661026,200.
1779991082.7610261,115.7557040854,1779991082.7610261,200.
1779991082.861026,115.7557040854,1779991082.861026,200.
1779991082.961026,290.9989731343,1779991082.961026,200.
1779991083.061026,276.9164988693,1779991083.061026,200.
1779991083.161026,276.9164988693,1779991083.161026,200.
1779991083.2610261,249.1088930603,1779991083.2610261,200.
1779991083.361026,301.2848531704,1779991083.361026,200.
1779991083.461026,203.3428635455,1779991083.461026,200.
1779991083.561026,157.3146106858,1779991083.561026,200.
1779991083.661026,349.6375994660,1779991083.661026,200.
1779991083.7610261,349.6375994660,1779991083.7610261,200.
1779991083.861026,188.5331787212,1779991083.861026,200.
1779991083.961026,151.2984984777,1779991083.961026,200.
1779991084.061026,151.2984984777,1779991084.061026,200.
1779991084.161026,193.4511430549,1779991084.161026,200.
1779991084.2610261,193.4511430549,1779991084.2610261,219.5117793182
1779991084.361026,207.1327059434,1779991084.361026,214.2185572995
1779991084.461026,207.1327059434,1779991084.461026,210.8578228397
1779991084.561026,244.2995326937,1779991084.561026,204.6188618505
1779991084.661026,219.2375901535,1779991084.661026,200.6381619793
1779991084.7610261,356.6128740690,1779991084.7610261,202.1347863761
1779991084.861026,306.9916476024,1779991084.861026,208.9865265768
1779991084.961026,177.4209241474,1779991084.961026,231.7908112840
1779991085.061026,178.0793063223,1779991085.061026,253.6043419977
1779991085.161026,202.4095111800,1779991085.161026,256.8006286830
1779991085.2610261,202.4095111800,1779991085.2610261,249.54580321
1779991085.361026,202.4095111800,1779991085.361026,231.3380119637
1779991085.461026,202.4095111800,1779991085.461026,190.1371488834
1779991085.561026,338.2965476748,1779991085.561026,166.2674506726
1779991085.661026,221.8897584866,1779991085.661026,163.5088852615
1779991085.7610261,221.8897584866,1779991085.7610261,176.6662965968
1779991085.861026,237.6388709697,1779991085.861026,190.3049421258
1779991085.961026,145.970521702,1779991085.961026,204.7356688082
1779991086.061026,145.970521702,1779991086.061026,214.9959881216
1779991086.161026,280.3934073619,1779991086.161026,214.6252250435
1779991086.2610261,280.3934073619,1779991086.2610261,215.022881255
1779991086.361026,288.2545699534,1779991086.361026,220.6201926615
1779991086.461026,191.4069138070,1779991086.461026,230.3627910457
1779991086.561026,191.4069138070,1779991086.561026,237.4466069614
1779991086.661026,242.6442789263,1779991086.661026,230.2869530862
1779991086.7610261,222.2336082047,1779991086.7610261,221.2587965943
1779991086.861026,222.2336082047,1779991086.861026,215.9154546993
1779991086.961026,227.9005594621,1779991086.961026,213.0618859878
1779991087.061026,358.7931735523,1779991087.061026,211.3900581191
1779991087.161026,327.5232829671,1779991087.161026,221.5635983930
1779991087.2610261,327.5232829671,1779991087.2610261,243.8593882291
1779991087.361026,189.0234094162,1779991087.361026,268.1880976132
1779991087.461026,160.7072773979,1779991087.461026,279.9968213041
1779991087.561026,160.7072773979,1779991087.561026,271.8136106333
1779991087.661026,221.4500028548,1779991087.661026,243.9621438958
1779991087.7610261,276.2187927885,1779991087.7610261,216.7479757404
1779991087.861026,374.4067748242,1779991087.861026,190.3773676095
1779991087.961026,266.7891336815,1779991087.961026,161.8599172602
1779991088.061026,171.3047853605,1779991088.061026,130.5710396590
1779991088.161026,107.6700025916,1779991088.161026,136.4976894922
1779991088.2610261,138.31861754,1779991088.2610261,151.0294051978
1779991088.361026,170.2979748762,1779991088.361026,163.6850796808
1779991088.461026,319.570731587,1779991088.461026,171.4129272937
1779991088.561026,203.7889271110,1779991088.561026,185.4387002083
1779991088.661026,171.7728353478,1779991088.661026,211.1756057818
1779991088.7610261,171.7728353478,1779991088.7610261,224.2273042185
1779991088.861026,171.7728353478,1779991088.861026,218.3903978939
1779991088.961026,206.4616478329,1779991088.961026,207.4249488681
1779991089.061026,354.2970875832,1779991089.061026,195.7087470172
1779991089.161026,309.5353413477,1779991089.161026,195.9345539695
1779991089.2610261,182.2560574722,1779991089.2610261,235.2452761892
1779991089.361026,182.2560574722,1779991089.361026,249.6680715866
1779991089.461026,201.3942366390,1779991089.461026,244.2092599117
1779991089.561026,186.9870260240,1779991089.561026,228.3995926941
1779991089.661026,186.9870260240,1779991089.661026,208.5567724019
1779991089.7610261,247.9214413436,1779991089.7610261,190.0806363261
1779991089.861026,288.1751894931,1779991089.861026,183.9558747499
1779991089.961026,288.1751894931,1779991089.961026,184.7935751838
1779991090.061026,288.1751894931,1779991090.061026,193.5955587055
1779991090.161026,288.1751894931,1779991090.161026,214.5980836392
1779991090.2610261,227.0363669848,1779991090.2610261,226.6692651364
1779991090.361026,193.2311777198,1779991090.361026,231.8263448098
1779991090.461026,214.9962111397,1779991090.461026,223.7483795145
1779991090.561026,214.9962111397,1779991090.561026,214.5984261436
1779991090.661026,226.196738117,1779991090.661026,206.8474611332
1779991090.7610261,289.3659464685,1779991090.7610261,201.3152508316
1779991090.861026,188.7615451074,1779991090.861026,201.654618631
1779991090.961026,226.8140792534,1779991090.961026,208.8690834167
1779991091.061026,184.8084692167,1779991091.061026,211.2591231729
1779991091.161026,279.2549999858,1779991091.161026,213.1410465869
1779991091.2610261,227.2747138388,1779991091.2610261,216.8665227570
1779991091.361026,283.8624237079,1779991091.361026,219.4781074578
1779991091.461026,283.8624237079,1779991091.461026,222.2810347750
1779991091.561026,200.4969591747,1779991091.561026,229.9516154307
1779991091.661026,214.8533166921,1779991091.661026,234.7204070122
1779991091.7610261,192.0315841958,1779991091.7610261,229.492521145
1779991091.861026,270.1001776561,1779991091.861026,223.1694285396
1779991091.961026,270.1001776561,1779991091.961026,218.1612869757
1779991092.061026,176.6767104210,1779991092.061026,212.8795035849
1779991092.161026,319.1105087538,1779991092.161026,217.1480316271
1779991092.2610261,319.1105087538,1779991092.2610261,220.260083845
1779991092.361026,214.8468502928,1779991092.361026,232.7183101427
1779991092.461026,228.7187977951,1779991092.461026,241.5594077629
1779991092.561026,236.1058007963,1779991092.561026,241.2454042137
1779991092.661026,308.2382671013,1779991092.661026,237.5234863243
1779991092.7610261,308.2382671013,1779991092.7610261,236.3766207514
1779991092.861026,196.0688952029,1779991092.861026,237.9570086181
1779991092.961026,227.0981033986,1779991092.961026,236.4354419188
1779991093.061026,214.354424796,1779991093.061026,231.3493348389
1779991093.161026,243.0917396863,1779991093.161026,223.9245054376
1779991093.2610261,243.0917396863,1779991093.2610261,217.0813213558
1779991093.361026,243.0917396863,1779991093.361026,211.6645652701
1779991093.461026,243.0917396863,1779991093.461026,206.2608729866
1779991093.561026,253.2167965811,1779991093.561026,202.6063747302
1779991093.661026,253.2167965811,1779991093.661026,206.1086783291
1779991093.7610261,237.3669665699,1779991093.7610261,207.3229654331
1779991093.861026,316.1856606142,1779991093.861026,211.5920195859
1779991093.961026,219.3128055251,1779991093.961026,218.3793635964
1779991094.061026,190.6575658866,1779991094.061026,223.6334768885
1779991094.161026,229.2189997263,1779991094.161026,223.7726687882
1779991094.2610261,242.2184076245,1779991094.2610261,219.9568194064
1779991094.361026,242.2184076245,1779991094.361026,215.7633704630
1779991094.461026,262.2609641444,1779991094.461026,210.7938170087
1779991094.561026,355.6513874695,1779991094.561026,202.9455041631
1779991094.661026,306.1638857324,1779991094.661026,206.2849374968
1779991094.7610261,306.1638857324,1779991094.7610261,224.6405244357
1779991094.861026,173.2668822704,1779991094.861026,243.6487561810
1779991094.961026,184.1568489478,1779991094.961026,253.9105038182
1779991095.061026,300.6481147635,1779991095.061026,241.19026944
1779991095.161026,300.6481147635,1779991095.161026,220.5117607959
1779991095.2610261,300.6481147635,1779991095.2610261,209.245889504
1779991095.361026,238.9722200904,1779991095.361026,212.9078076131
1779991095.461026,166.7995399944,1779991095.461026,223.0378448672
1779991095.561026,193.9716198832,1779991095.561026,224.0492975512
1779991095.661026,193.9716198832,1779991095.661026,221.1940159630
1779991095.7610261,193.9716198832,1779991095.7610261,213.7619779036
1779991095.861026,193.9716198832,1779991095.861026,204.6418011631
1779991095.961026,249.0523333324,1779991095.961026,202.2365061060
1779991096.061026,226.6723960564,1779991096.061026,205.6054928173
1779991096.161026,255.0318923971,1779991096.161026,205.6745081201
1779991096.2610261,253.7851993593,1779991096.2610261,207.6134985477
1779991096.361026,241.6857883053,1779991096.361026,209.5141582247
1779991096.461026,214.1236019257,1779991096.461026,209.7331577343
1779991096.561026,204.1861033210,1779991096.561026,214.8423688868
1779991096.661026,184.5227089362,1779991096.661026,215.4619272400
1779991096.7610261,200.7573374104,1779991096.7610261,209.4563258391
1779991096.861026,218.4997947705,1779991096.861026,203.7712484037
1779991096.961026,267.5665898269,1779991096.961026,200.1662018441
1779991097.061026,267.5665898269,1779991097.061026,195.7349151656
1779991097.161026,294.9474827768,1779991097.161026,202.4595902549
1779991097.2610261,198.0856115558,1779991097.2610261,213.7078187236
1779991097.361026,179.5727925185,1779991097.361026,225.4748693738
1779991097.461026,202.8202132048,1779991097.461026,223.4362122302
1779991097.561026,209.6617692812,1779991097.561026,210.597898834
1779991097.661026,209.6617692812,1779991097.661026,200.8323216449
1779991097.7610261,209.6617692812,1779991097.7610261,187.7688235633
1779991097.861026,209.6617692812,1779991097.861026,188.8927174328
1779991097.961026,209.6617692812,1779991097.961026,189.9538338024
1779991098.061026,306.7771106385,1779991098.061026,190.9336444786
1779991098.161026,255.0703485144,1779991098.161026,191.8278770590
1779991098.2610261,201.6961225988,1779991098.2610261,206.6334729958
1779991098.361026,233.39257961,1779991098.361026,218.3341510554
1779991098.461026,189.9477112181,1779991098.461026,222.5894250610
1779991098.561026,267.522786652,1779991098.561026,219.6524302716
1779991098.661026,267.522786652,1779991098.661026,211.7122389724
1779991098.7610261,272.9507134333,1779991098.7610261,211.0306740810
1779991098.861026,200.1231716040,1779991098.861026,219.3456995522
1779991098.961026,182.1599778058,1779991098.961026,229.1613521997
1779991099.061026,190.9896567332,1779991099.061026,232.6795181294
1779991099.161026,189.4735615224,1779991099.161026,228.9013572085
1779991099.2610261,224.1480716422,1779991099.2610261,216.1209632711
1779991099.361026,224.1480716422,1779991099.361026,202.5537913372
1779991099.461026,348.4085058793,1779991099.461026,198.3123508379
1779991099.561026,348.4085058793,1779991099.561026,208.0847124566
1779991099.661026,334.2899084322,1779991099.661026,233.0228617421
1779991099.7610261,334.2899084322,1779991099.7610261,257.2492642737
1779991099.861026,206.4240960308,1779991099.861026,278.090773555
1779991099.961026,174.8329696856,1779991099.961026,284.66513833
1779991100.061026,327.6352026094,1779991100.061026,271.1394623861
1779991100.161026,272.4926462001,1779991100.161026,258.8890561504
1779991100.2610261,346.2616254682,1779991100.2610261,253.0647404354
1779991100.361026,346.2616254682,1779991100.361026,251.2063574741
1779991100.461026,329.6651848243,1779991100.461026,254.0868531699
1779991100.561026,202.6789688546,1779991100.561026,260.6026817897
1779991100.661026,202.6789688546,1779991100.661026,262.1307235455
1779991100.7610261,272.9185451277,1779991100.7610261,256.8330651709
1779991100.861026,290.4426371216,1779991100.861026,248.0227352589
1779991100.961026,290.4426371216,1779991100.961026,243.4099615759
1779991101.061026,225.3665687802,1779991101.061026,243.8150084926
1779991101.161026,294.0685801294,1779991101.161026,238.5619058973
1779991101.2610261,294.0685801294,1779991101.2610261,232.3661861515
1779991101.361026,279.4946025862,1779991101.361026,230.7474451045
1779991101.461026,201.2357504794,1779991101.461026,238.5908115225
1779991101.561026,201.2357504794,1779991101.561026,242.7722471768
1779991101.661026,222.2955186795,1779991101.661026,240.1741172272
1779991101.7610261,179.2346426567,1779991101.7610261,234.9185065436
1779991101.861026,179.2346426567,1779991101.861026,220.0070513783
1779991101.961026,179.2346426567,1779991101.961026,203.9237609383
1779991102.061026,264.4867487173,1779991102.061026,191.9130212625
1779991102.161026,264.4867487173,1779991102.161026,187.8716650903
1779991102.2610261,243.5826110970,1779991102.2610261,193.4138815644
1779991102.361026,260.5225655816,1779991102.361026,202.8224251044
1779991102.461026,260.5225655816,1779991102.461026,208.0995618511
1779991102.561026,295.0254577137,1779991102.561026,213.142474569
1779991102.661026,176.8157755462,1779991102.661026,223.8693367157
1779991102.7610261,174.867849311,1779991102.7610261,226.5323491799
1779991102.861026,174.867849311,1779991102.861026,223.7064886854
1779991102.961026,243.3001054573,1779991102.961026,212.5495391945
1779991103.061026,243.3001054573,1779991103.061026,198.2570588455
1779991103.161026,233.6168324243,1779991103.161026,192.7905773822
1779991103.2610261,356.8641870165,1779991103.2610261,193.9428252721
1779991103.361026,264.1048625458,1779991103.361026,207.6465887587
1779991103.461026,144.9495915846,1779991103.461026,234.3221658174
1779991103.561026,144.9495915846,1779991103.561026,242.235130658
1779991103.661026,280.4423944929,1779991103.661026,227.1349183401
1779991103.7610261,328.3320294911,1779991103.7610261,208.2806745640
1779991103.861026,271.7839709358,1779991103.861026,205.1489666036
1779991103.961026,148.3429665693,1779991103.961026,218.8254203401
1779991104.061026,217.6058079544,1779991104.061026,228.6768193060
1779991104.161026,237.5701402803,1779991104.161026,225.1012163799
1779991104.2610261,346.8257607254,1779991104.2610261,218.453988662
1779991104.361026,280.0500401431,1779991104.361026,218.2944932502
1779991104.461026,128.59367507,1779991104.461026,225.3444374902
1779991104.561026,339.4745470515,1779991104.561026,226.4161069699
1779991104.661026,322.6976919232,1779991104.661026,225.3513321395
1779991104.7610261,266.3317686907,1779991104.7610261,241.9576472026
1779991104.861026,171.5138816232,1779991104.861026,259.3077958412
1779991104.961026,171.5138816232,1779991104.961026,268.737969037
1779991105.061026,310.5942615393,1779991105.061026,256.9205474798
1779991105.161026,310.5942615393,1779991105.161026,239.9525698539
1779991105.2610261,284.7772031377,1779991105.2610261,237.2905645748
1779991105.361026,237.9005332451,1779991105.361026,238.9108161378
1779991105.461026,195.6122277678,1779991105.461026,237.064666507
1779991105.561026,224.8064397715,1779991105.561026,230.9706432369
1779991105.661026,224.8064397715,1779991105.661026,220.4324497961
1779991105.7610261,224.8064397715,1779991105.7610261,208.1900799168
1779991105.861026,224.8064397715,1779991105.861026,202.8218876619
1779991105.961026,224.8064397715,1779991105.961026,198.2771295783
1779991106.061026,341.4324036662,1779991106.061026,195.4281980272
1779991106.161026,211.1534400236,1779991106.161026,203.7342321545
1779991106.2610261,211.1534400236,1779991106.2610261,216.3226081381
1779991106.361026,223.1142857258,1779991106.361026,218.2057826683
1779991106.461026,192.4729550108,1779991106.461026,213.6853449309
1779991106.561026,192.4729550108,1779991106.561026,209.3170842597
1779991106.661026,192.4729550108,1779991106.661026,204.3207464564
1779991106.7610261,192.4729550108,1779991106.7610261,197.9807204147
1779991106.861026,192.4729550108,1779991106.861026,193.8300229406
1779991106.961026,192.4729550108,1779991106.961026,183.2438159411
1779991107.061026,231.8334996785,1779991107.061026,178.6228946971
1779991107.161026,231.8334996785,1779991107.161026,178.4327794677
1779991107.2610261,231.8334996785,1779991107.2610261,188.5176769968
1779991107.361026,287.6426467635,1779991107.361026,189.5935590598
1779991107.461026,227.8336086009,1779991107.461026,206.5165920080
1779991107.561026,233.5823564333,1779991107.561026,217.3405598671
1779991107.661026,233.5823564333,1779991107.661026,223.7106431865
1779991107.7610261,233.5823564333,1779991107.7610261,225.9179000987
1779991107.861026,237.5941107678,1779991107.861026,224.2801702199
1779991107.961026,237.5941107678,1779991107.961026,220.8814178059
1779991108.061026,237.5941107678,1779991108.061026,217.2497858469
1779991108.161026,343.9896835552,1779991108.161026,211.4218938807
1779991108.2610261,343.9896835552,1779991108.2610261,214.4508815160
1779991108.361026,343.9896835552,1779991108.361026,229.8165500033
1779991108.461026,343.9896835552,1779991108.461026,252.96777158
1779991108.561026,270.9558129334,1779991108.561026,275.3624943529
1779991108.661026,270.9558129334,1779991108.661026,289.572209434
1779991108.7610261,330.5523652976,1779991108.7610261,200.
1779991108.861026,186.8511494942,1779991108.861026,200.
1779991108.961026,186.8511494942,1779991108.961026,200.
1779991109.061026,263.7695047657,1779991109.061026,200.
1779991109.161026,341.5558056497,1779991109.161026,200.
1779991109.2610261,352.1325244773,1779991109.2610261,200.
1779991109.361026,237.5491112126,1779991109.361026,200.
1779991109.461026,136.0607532234,1779991109.461026,200.
1779991109.561026,136.0607532234,1779991109.561026,200.
1779991109.661026,150.6202009372,1779991109.661026,200.
1779991109.7610261,150.6202009372,1779991109.7610261,200.
1779991109.861026,150.6202009372,1779991109.861026,200.
1779991109.961026,212.5885784428,1779991109.961026,200.
1779991110.061026,212.5885784428,1779991110.061026,200.
1779991110.161026,212.5885784428,1779991110.161026,200.
1779991110.2610261,212.5885784428,1779991110.2610261,200.
1779991110.361026,212.5885784428,1779991110.361026,200.
1779991110.461026,310.2450260104,1779991110.461026,200.
1779991110.561026,246.2640109025,1779991110.561026,200.
1779991110.661026,244.9311919455,1779991110.661026,200.
1779991110.7610261,244.9311919455,1779991110.7610261,200.
1779991110.861026,184.7248600992,1779991110.861026,200.
1779991110.961026,326.0393010188,1779991110.961026,200.
1779991111.061026,314.3759062668,1779991111.061026,200.
1779991111.161026,176.9823883981,1779991111.161026,200.
1779991111.2610261,176.9823883981,1779991111.2610261,200.
1779991111.361026,176.9823883981,1779991111.361026,200.
1779991111.461026,229.1519741672,1779991111.461026,200.
1779991111.561026,229.1519741672,1779991111.561026,200.
1779991111.661026,247.8800274646,1779991111.661026,200.
1779991111.7610261,138.1127819823,1779991111.7610261,200.
1779991111.861026,274.3210140652,1779991111.861026,200.
1779991111.961026,212.2117443551,1779991111.961026,200.
1779991112.061026,169.454651081,1779991112.061026,200.
1779991112.161026,220.3598481496,1779991112.161026,200.
1779991112.2610261,188.9866770599,1779991112.2610261,200.
1779991112.361026,325.6898564976,1779991112.361026,200.
1779991112.461026,236.4462185686,1779991112.461026,200.
1779991112.561026,177.5425155567,1779991112.561026,200.
1779991112.661026,177.5425155567,1779991112.661026,200.
1779991112.7610261,250.7185230823,1779991112.7610261,200.
1779991112.861026,213.6602318741,1779991112.861026,200.
1779991112.961026,227.6329482066,1779991112.961026,200.
1779991113.061026,309.2901309019,1779991113.061026,200.
1779991113.161026,177.515805222,1779991113.161026,200.
1779991113.2610261,180.5200236349,1779991113.2610261,200.
1779991113.361026,177.4464015896,1779991113.361026,200.
1779991113.461026,197.6000661919,1779991113.461026,200.
1779991113.561026,197.6000661919,1779991113.561026,200.
1779991113.661026,203.656424314,1779991113.661026,200.
1779991113.7610261,286.1557021881,1779991113.7610261,200.
1779991113.861026,373.7759611889,1779991113.861026,200.
1779991113.961026,189.7084873846,1779991113.961026,200.
1779991114.061026,131.7796201283,1779991114.061026,200.
1779991114.161026,145.9833289212,1779991114.161026,200.
1779991114.2610261,148.283600061,1779991114.2610261,200.
1779991114.361026,169.505389184,1779991114.361026,200.
1779991114.461026,169.505389184,1779991114.461026,0.
1779991114.561026,169.505389184,1779991114.561026,0.
1779991114.661026,169.505389184,1779991114.661026,0.
1779991114.7610261,169.505389184,1779991114.7610261,0.
1779991114.861026,169.505389184,1779991114.861026,0.
1779991114.961026,169.505389184,1779991114.961026,0.
1779991115.061026,169.505389184,1779991115.061026,0.
1779991115.161026,169.505389184,1779991115.161026,0.
1779991115.2610261,169.505389184,1779991115.2610261,0.
1779991115.361026,169.505389184,1779991115.361026,0.
1779991115.461026,169.505389184,1779991115.461026,0.
1779991115.561026,169.505389184,1779991115.561026,0.
1779991115.661026,169.505389184,1779991115.661026,0.
1779991115.7610261,169.505389184,1779991115.7610261,0.
1779991115.861026,169.505389184,1779991115.861026,0.
1779991115.961026,169.505389184,1779991115.961026,0.
1779991116.061026,169.505389184,1779991116.061026,0.
1779991116.161026,169.505389184,1779991116.161026,0.
1779991116.2610261,169.505389184,1779991116.2610261,0.
1779991116.361026,169.505389184,1779991116.361026,0.
1779991116.461026,169.505389184,1779991116.461026,0.
1779991116.561026,169.505389184,1779991116.561026,0.
1779991116.661026,169.505389184,1779991116.661026,0.
1779991116.7610261,169.505389184,1779991116.7610261,0.
1779991116.861026,169.505389184,1779991116.861026,0.
1779991116.961026,169.505389184,1779991116.961026,0.
1779991117.061026,169.505389184,1779991117.061026,0.
1779991117.161026,169.505389184,1779991117.161026,0.
1779991117.2610261,169.505389184,1779991117.2610261,0.
1779991117.361026,169.505389184,1779991117.361026,0.
1779991117.461026,169.505389184,1779991117.461026,0.
1779991117.561026,169.505389184,1779991117.561026,0.
1779991117.661026,169.505389184,1779991117.661026,0.
1779991117.7610261,169.505389184,1779991117.7610261,0.
1779991117.861026,169.505389184,1779991117.861026,0.
1779991117.961026,169.505389184,1779991117.961026,0.
1779991118.061026,169.505389184,1779991118.061026,0.
1779991118.161026,169.505389184,1779991118.161026,0.
1779991118.2610261,169.505389184,1779991118.2610261,0.
1779991118.361026,169.505389184,1779991118.361026,0.
1779991118.461026,169.505389184,1779991118.461026,0.
1779991118.561026,169.505389184,1779991118.561026,0.
1779991118.661026,169.505389184,1779991118.661026,0.
1779991118.7610261,169.505389184,1779991118.7610261,0.
1779991118.861026,169.505389184,1779991118.861026,0.
1779991118.961026,169.505389184,1779991118.961026,0.
1779991119.061026,169.505389184,1779991119.061026,0.
1779991119.161026,169.505389184,1779991119.161026,0.
1779991119.2610261,169.505389184,1779991119.2610261,0.
1779991119.361026,169.505389184,1779991119.361026,0.
1779991119.461026,169.505389184,1779991119.461026,0.
1779991119.561026,169.505389184,1779991119.561026,0.
1779991119.661026,169.505389184,1779991119.661026,0.
1779991119.7610261,169.505389184,1779991119.7610261,0.
1779991119.861026,169.505389184,1779991119.861026,0.
1779991119.961026,169.505389184,1779991119.961026,0.
1779991120.061026,169.505389184,1779991120.061026,0.
1779991120.161026,169.505389184,1779991120.161026,0.
1779991120.2610261,169.505389184,1779991120.2610261,0.
1779991120.361026,169.505389184,1779991120.361026,0.
1779991120.461026,169.505389184,1779991120.461026,0.
1779991120.561026,169.505389184,1779991120.561026,0.
1779991120.661026,169.505389184,1779991120.661026,0.
1779991120.7610261,169.505389184,1779991120.7610261,0.
1779991120.861026,169.505389184,1779991120.861026,0.
1779991120.961026,169.505389184,1779991120.961026,0.
1779991121.061026,169.505389184,1779991121.061026,0.
1779991121.161026,169.505389184,1779991121.161026,0.
1779991121.2610261,169.505389184,1779991121.2610261,0.
1779991121.361026,169.505389184,1779991121.361026,0.
1779991121.461026,169.505389184,1779991121.461026,0.
1779991121.561026,169.505389184,1779991121.561026,0.
1779991121.661026,169.505389184,1779991121.661026,0.
1779991121.7610261,169.505389184,1779991121.7610261,0.
1779991121.861026,169.505389184,1779991121.861026,0.
1779991121.961026,169.505389184,1779991121.961026,0.
1779991122.061026,169.505389184,1779991122.061026,0.
1779991122.161026,169.505389184,1779991122.161026,0.
1779991122.2610261,169.505389184,1779991122.2610261,0.
1779991122.361026,169.505389184,1779991122.361026,0.
1779991122.461026,169.505389184,1779991122.461026,0.
1779991122.561026,169.505389184,1779991122.561026,0.
1779991122.661026,169.505389184,1779991122.661026,0.
1779991122.7610261,169.505389184,1779991122.7610261,0.
1779991122.861026,169.505389184,1779991122.861026,0.
1779991122.961026,169.505389184,1779991122.961026,0.
1779991123.061026,169.505389184,1779991123.061026,0.
1779991123.161026,169.505389184,1779991123.161026,0.
1779991123.2610261,169.505389184,1779991123.2610261,0.
1779991123.361026,169.505389184,1779991123.361026,0.
1779991123.461026,169.505389184,1779991123.461026,0.
1779991123.561026,169.505389184,1779991123.561026,0.
1779991123.661026,169.505389184,1779991123.661026,0.
1779991123.7610261,169.505389184,1779991123.7610261,0.
1779991123.861026,169.505389184,1779991123.861026,0.
1779991123.961026,169.505389184,1779991123.961026,0.
1779991124.061026,169.505389184,1779991124.061026,0.
1779991124.161026,169.505389184,1779991124.161026,0.
1779991124.2610261,169.505389184,1779991124.2610261,0.
1779991124.361026,169.505389184,1779991124.361026,0.
1779991124.461026,169.505389184,1779991124.461026,0.
1779991124.561026,169.505389184,1779991124.561026,0.
1779991124.661026,169.505389184,1779991124.661026,0.
1779991124.7610261,169.505389184,1779991124.7610261,0.
1779991124.861026,169.505389184,1779991124.861026,0.
1779991124.961026,169.505389184,1779991124.961026,0.
1779991125.061026,169.505389184,1779991125.061026,0.
1779991125.161026,169.505389184,1779991125.161026,0.
1779991125.2610261,169.505389184,1779991125.2610261,0.
1779991125.361026,169.505389184,1779991125.361026,0.
1779991125.461026,169.505389184,1779991125.461026,0.
1779991125.561026,169.505389184,1779991125.561026,0.
1779991125.661026,169.505389184,1779991125.661026,0.
1779991125.7610261,169.505389184,1779991125.7610261,0.
1779991125.861026,169.505389184,1779991125.861026,0.
1779991125.961026,169.505389184,1779991125.961026,0.
1779991126.061026,169.505389184,1779991126.061026,0.
1779991126.161026,169.505389184,1779991126.161026,0.
1779991126.2610261,169.505389184,1779991126.2610261,0.
1779991126.361026,169.505389184,1779991126.361026,0.
1779991126.461026,169.505389184,1779991126.461026,0.
1779991126.561026,169.505389184,1779991126.561026,0.
1779991126.661026,169.505389184,1779991126.661026,0.
1779991126.7610261,169.505389184,1779991126.7610261,0.
1779991126.861026,169.505389184,1779991126.861026,0.
1779991126.961026,169.505389184,1779991126.961026,0.
1779991127.061026,169.505389184,1779991127.061026,0.
1779991127.161026,169.505389184,1779991127.161026,0.
1779991127.2610261,169.505389184,1779991127.2610261,0.
1779991127.361026,169.505389184,1779991127.361026,0.
1779991127.461026,169.505389184,1779991127.461026,0.
1779991127.561026,169.505389184,1779991127.561026,0.
1779991127.661026,169.505389184,1779991127.661026,0.
1779991127.7610261,169.505389184,1779991127.7610261,0.
1779991127.861026,169.505389184,1779991127.861026,0.
1779991127.961026,169.505389184,1779991127.961026,0.
1779991128.061026,169.505389184,1779991128.061026,0.
1779991128.161026,169.505389184,1779991128.161026,0.
1779991128.2610261,169.505389184,1779991128.2610261,0.
1779991128.361026,169.505389184,1779991128.361026,0.
1779991128.461026,169.505389184,1779991128.461026,0.
1779991128.561026,169.505389184,1779991128.561026,0.
1779991128.661026,169.505389184,1779991128.661026,0.
1779991128.7610261,169.505389184,1779991128.7610261,0.
1779991128.861026,169.505389184,1779991128.861026,0.
1779991128.961026,169.505389184,1779991128.961026,0.
1779991129.061026,169.505389184,1779991129.061026,0.
1779991129.161026,169.505389184,1779991129.161026,0.
1779991129.2610261,169.505389184,1779991129.2610261,0.
1779991129.361026,169.505389184,1779991129.361026,0.
1779991129.461026,169.505389184,1779991129.461026,0.
1779991129.561026,169.505389184,1779991129.561026,0.
1779991129.661026,169.505389184,1779991129.661026,0.
1779991129.7610261,169.505389184,1779991129.7610261,0.
1779991129.861026,169.505389184,1779991129.861026,0.
1779991129.961026,169.505389184,1779991129.961026,0.
1779991130.061026,169.505389184,1779991130.061026,0.
1779991130.161026,169.505389184,1779991130.161026,0.
1779991130.2610261,169.505389184,1779991130.2610261,0.
1779991130.361026,169.505389184,1779991130.361026,0.
1779991130.461026,169.505389184,1779991130.461026,0.
1779991130.561026,169.505389184,1779991130.561026,0.
1779991130.661026,169.505389184,1779991130.661026,0.
1779991130.7610261,169.505389184,1779991130.7610261,0.
1779991130.861026,169.505389184,1779991130.861026,0.
1779991130.961026,169.505389184,1779991130.961026,0.
1779991131.061026,169.505389184,1779991131.061026,0.
1779991131.161026,169.505389184,1779991131.161026,0.
1779991131.2610261,169.505389184,1779991131.2610261,0.
1779991131.361026,169.505389184,1779991131.361026,0.
1779991131.461026,169.505389184,1779991131.461026,0.
1779991131.561026,169.505389184,1779991131.561026,0.
1779991131.661026,169.505389184,1779991131.661026,0.
1779991131.7610261,169.505389184,1779991131.7610261,0.
1779991131.861026,169.505389184,1779991131.861026,0.
1779991131.961026,169.505389184,1779991131.961026,0.
1779991132.061026,169.505389184,1779991132.061026,0.
1779991132.161026,169.505389184,1779991132.161026,0.
1779991132.2610261,169.505389184,1779991132.2610261,0.
1779991132.361026,169.505389184,1779991132.361026,0.
1779991132.461026,169.505389184,1779991132.461026,0.
1779991132.561026,169.505389184,1779991132.561026,0.
1779991132.661026,169.505389184,1779991132.661026,0.
1779991132.7610261,169.505389184,1779991132.7610261,0.
1779991132.861026,169.505389184,1779991132.861026,0.
1779991132.961026,169.505389184,1779991132.961026,0.
1779991133.061026,169.505389184,1779991133.061026,0.
1779991133.161026,169.505389184,1779991133.161026,0.
1779991133.2610261,169.505389184,1779991133.2610261,0.
1779991133.361026,169.505389184,1779991133.361026,0.
1779991133.461026,169.505389184,1779991133.461026,0.
1779991133.561026,169.505389184,1779991133.561026,0.
1779991133.661026,169.505389184,1779991133.661026,0.
1779991133.7610261,169.505389184,1779991133.7610261,0.
1779991133.861026,169.505389184,1779991133.861026,0.
1779991133.961026,169.505389184,1779991133.961026,0.
1779991134.061026,169.505389184,1779991134.061026,0.
1779991134.161026,169.505389184,1779991134.161026,0.
1779991134.2610261,169.505389184,1779991134.2610261,0.
1779991134.361026,169.505389184,1779991134.361026,0.
1779991134.461026,169.505389184,1779991134.461026,0.
1779991134.561026,169.505389184,1779991134.561026,0.
1779991134.661026,169.505389184,1779991134.661026,0.
1779991134.7610261,169.505389184,1779991134.7610261,0.
1779991134.861026,169.505389184,1779991134.861026,0.
1779991134.961026,169.505389184,1779991134.961026,0.
1779991135.061026,169.505389184,1779991135.061026,0.
1779991135.161026,169.505389184,1779991135.161026,0.
1779991135.2610261,169.505389184,1779991135.2610261,0.
1779991135.361026,169.505389184,1779991135.361026,0.
1779991135.461026,169.505389184,1779991135.461026,0.
1779991135.561026,169.505389184,1779991135.561026,0.
1779991135.661026,169.505389184,1779991135.661026,0.
1779991135.7610261,169.505389184,1779991135.7610261,0.
1779991135.861026,169.505389184,1779991135.861026,0.
1779991135.961026,169.505389184,1779991135.961026,0.
1779991136.061026,169.505389184,1779991136.061026,0.
1779991136.161026,169.505389184,1779991136.161026,0.
1779991136.2610261,169.505389184,1779991136.2610261,0.
1779991136.361026,169.505389184,1779991136.361026,0.
1779991136.461026,169.505389184,1779991136.461026,0.
1779991136.561026,169.505389184,1779991136.561026,0.
1779991136.661026,169.505389184,1779991136.661026,0.
1779991136.7610261,169.505389184,1779991136.7610261,0.
1779991136.861026,169.505389184,1779991136.861026,0.
1779991136.961026,169.505389184,1779991136.961026,0.
1779991137.061026,169.505389184,1779991137.061026,0.
1779991137.161026,169.505389184,1779991137.161026,0.
1779991137.2610261,169.505389184,1779991137.2610261,0.
1779991137.361026,169.505389184,1779991137.361026,0.
1779991137.461026,169.505389184,1779991137.461026,0.
1779991137.561026,169.505389184,1779991137.561026,0.
1779991137.661026,169.505389184,1779991137.661026,0.
1779991137.7610261,169.505389184,1779991137.7610261,0.
1779991137.861026,169.505389184,1779991137.861026,0.
1779991137.961026,169.505389184,1779991137.961026,0.
1779991138.061026,169.505389184,1779991138.061026,0.
1779991138.161026,169.505389184,1779991138.161026,0.
1779991138.2610261,169.505389184,1779991138.2610261,0.
1779991138.361026,169.505389184,1779991138.361026,0.
1779991138.461026,169.505389184,1779991138.461026,0.
1779991138.561026,169.505389184,1779991138.561026,0.
1779991138.661026,169.505389184,1779991138.661026,0.
1779991138.7610261,169.505389184,1779991138.7610261,0.
1779991138.861026,169.505389184,1779991138.861026,0.
1779991138.961026,169.505389184,1779991138.961026,0.
1779991139.061026,169.505389184,1779991139.061026,0.
1779991139.161026,169.505389184,1779991139.161026,0.
1779991139.2610261,169.505389184,1779991139.2610261,0.
1779991139.361026,169.505389184,1779991139.361026,0.
1779991139.461026,169.505389184,1779991139.461026,0.
1779991139.561026,169.505389184,1779991139.561026,0.
1779991139.661026,169.505389184,1779991139.661026,0.
1779991139.7610261,169.505389184,1779991139.7610261,0.
1779991139.861026,169.505389184,1779991139.861026,0.
1779991139.961026,169.505389184,1779991139.961026,0.
1779991140.061026,169.505389184,1779991140.061026,0.
1779991140.161026,169.505389184,1779991140.161026,0.
1779991140.2610261,169.505389184,1779991140.2610261,0.
1779991140.361026,169.505389184,1779991140.361026,0.
1779991140.461026,169.505389184,1779991140.461026,0.
1779991140.561026,169.505389184,1779991140.561026,0.
1779991140.661026,169.505389184,1779991140.661026,0.
1779991140.7610261,169.505389184,1779991140.7610261,0.
1779991140.861026,169.505389184,1779991140.861026,0.
1779991140.961026,169.505389184,1779991140.961026,0.
1779991141.061026,169.505389184,1779991141.061026,0.
1779991141.161026,169.505389184,1779991141.161026,0.
1779991141.2610261,169.505389184,1779991141.2610261,0.
1779991141.361026,169.505389184,1779991141.361026,0.
1779991141.461026,169.505389184,1779991141.461026,0.
1779991141.561026,169.505389184,1779991141.561026,0.
1779991141.661026,169.505389184,1779991141.661026,0.
1779991141.7610261,169.505389184,1779991141.7610261,0.
1779991141.861026,169.505389184,1779991141.861026,0.
1779991141.961026,169.505389184,1779991141.961026,0.
1779991142.061026,169.505389184,1779991142.061026,0.
1779991142.161026,169.505389184,1779991142.161026,0.
1779991142.2610261,169.505389184,1779991142.2610261,0.
1779991142.361026,169.505389184,1779991142.361026,0.
1779991142.461026,169.505389184,1779991142.461026,0.
1779991142.561026,169.505389184,1779991142.561026,0.
1779991142.661026,169.505389184,1779991142.661026,0.
1779991142.7610261,169.505389184,1779991142.7610261,0.
1779991142.861026,169.505389184,1779991142.861026,0.
1779991142.961026,169.505389184,1779991142.961026,0.
1779991143.061026,169.505389184,1779991143.061026,0.
1779991143.161026,169.505389184,1779991143.161026,0.
1779991143.2610261,169.505389184,1779991143.2610261,0.
1779991143.361026,169.505389184,1779991143.361026,0.
1779991143.461026,169.505389184,1779991143.461026,0.
1779991143.561026,169.505389184,1779991143.561026,0.
1779991143.661026,169.505389184,1779991143.661026,0.
1779991143.7610261,169.505389184,1779991143.7610261,0.
1779991143.861026,169.505389184,1779991143.861026,0.
1779991143.961026,169.505389184,1779991143.961026,0.
1779991144.061026,169.505389184,1779991144.061026,0.
1779991144.161026,169.505389184,1779991144.161026,0.
1779991144.2610261,169.505389184,1779991144.2610261,0.
1779991144.361026,169.505389184,1779991144.361026,0.
1779991144.461026,169.505389184,1779991144.461026,0.
1779991144.561026,169.505389184,1779991144.561026,0.
1779991144.661026,169.505389184,1779991144.661026,0.
1779991144.7610261,169.505389184,1779991144.7610261,0.
1779991144.861026,169.505389184,1779991144.861026,0.
1779991144.961026,169.505389184,1779991144.961026,0.
1779991145.061026,169.505389184,1779991145.061026,0.
1779991145.161026,169.505389184,1779991145.161026,0.
1779991145.2610261,169.505389184,1779991145.2610261,0.
1779991145.361026,169.505389184,1779991145.361026,0.
1779991145.461026,169.505389184,1779991145.461026,0.
1779991145.561026,169.505389184,1779991145.561026,0.
1779991145.661026,169.505389184,1779991145.661026,0.
1779991145.7610261,169.505389184,1779991145.7610261,0.
1779991145.861026,169.505389184,1779991145.861026,0.
1779991145.961026,169.505389184,1779991145.961026,0.
1779991146.061026,169.505389184,1779991146.061026,0.
1779991146.161026,169.505389184,1779991146.161026,0.
1779991146.2610261,169.505389184,1779991146.2610261,0.
1779991146.361026,169.505389184,1779991146.361026,0.
1779991146.461026,169.505389184,1779991146.461026,0.
1779991146.561026,169.505389184,1779991146.561026,0.
1779991146.661026,169.505389184,1779991146.661026,0.
1779991146.7610261,169.505389184,1779991146.7610261,0.
1779991146.861026,169.505389184,1779991146.861026,0.
1779991146.961026,169.505389184,1779991146.961026,0.
1779991147.061026,169.505389184,1779991147.061026,0.
1779991147.161026,169.505389184,1779991147.161026,0.
1779991147.2610261,169.505389184,1779991147.2610261,0.
1779991147.361026,169.505389184,1779991147.361026,0.
1779991147.461026,169.505389184,1779991147.461026,0.
1779991147.561026,169.505389184,1779991147.561026,0.
1779991147.661026,169.505389184,1779991147.661026,0.
1779991147.7610261,169.505389184,1779991147.7610261,0.
1779991147.861026,169.505389184,1779991147.861026,0.
1779991147.961026,169.505389184,1779991147.961026,0.
1779991148.061026,169.505389184,1779991148.061026,0.
1779991148.161026,169.505389184,1779991148.161026,0.
1779991148.2610261,169.505389184,1779991148.2610261,0.
1779991148.361026,169.505389184,1779991148.361026,0.
1779991148.461026,169.505389184,1779991148.461026,0.
1779991148.561026,169.505389184,1779991148.561026,0.
1779991148.661026,169.505389184,1779991148.661026,0.
1779991148.7610261,169.505389184,1779991148.7610261,0.
1779991148.861026,169.505389184,1779991148.861026,0.
1779991148.961026,169.505389184,1779991148.961026,0.
1779991149.061026,169.505389184,1779991149.061026,0.
1779991149.161026,169.505389184,1779991149.161026,0.
1779991149.2610261,169.505389184,1779991149.2610261,0.
1779991149.361026,169.505389184,1779991149.361026,0.
1779991149.461026,169.505389184,1779991149.461026,0.
1779991149.561026,169.505389184,1779991149.561026,0.
1779991149.661026,169.505389184,1779991149.661026,0.
1779991149.7610261,169.505389184,1779991149.7610261,0.
1779991149.861026,169.505389184,1779991149.861026,0.
1779991149.961026,169.505389184,1779991149.961026,0.
1779991150.061026,169.505389184,1779991150.061026,0.
1779991150.161026,169.505389184,1779991150.161026,0.
1779991150.2610261,169.505389184,1779991150.2610261,0.
1779991150.361026,169.505389184,1779991150.361026,0.
1779991150.461026,169.505389184,1779991150.461026,0.
1779991150.561026,169.505389184,1779991150.561026,0.
1779991150.661026,169.505389184,1779991150.661026,0.
1779991150.7610261,169.505389184,1779991150.7610261,0.
1779991150.861026,169.505389184,1779991150.861026,0.
1779991150.961026,169.505389184,1779991150.961026,0.
1779991151.061026,169.505389184,1779991151.061026,0.
1779991151.161026,169.505389184,1779991151.161026,0.
1779991151.2610261,169.505389184,1779991151.2610261,0.
1779991151.361026,169.505389184,1779991151.361026,0.
1779991151.461026,169.505389184,1779991151.461026,0.
1779991151.561026,169.505389184,1779991151.561026,0.
1779991151.661026,169.505389184,1779991151.661026,0.
1779991151.7610261,169.505389184,1779991151.7610261,0.
1779991151.861026,169.505389184,1779991151.861026,0.
1779991151.961026,169.505389184,1779991151.961026,0.
1779991152.061026,169.505389184,1779991152.061026,0.
1779991152.161026,169.505389184,1779991152.161026,0.
1779991152.2610261,169.505389184,1779991152.2610261,0.
1779991152.361026,169.505389184,1779991152.361026,0.
1779991152.461026,169.505389184,1779991152.461026,0.
1779991152.561026,169.505389184,1779991152.561026,0.
1779991152.661026,169.505389184,1779991152.661026,0.
1779991152.7610261,169.505389184,1779991152.7610261,0.
1779991152.861026,169.505389184,1779991152.861026,0.
1779991152.961026,169.505389184,1779991152.961026,0.
1779991153.061026,169.505389184,1779991153.061026,0.
1779991153.161026,169.505389184,1779991153.161026,0.
1779991153.2610261,169.505389184,1779991153.2610261,0.
1779991153.361026,169.505389184,1779991153.361026,0.
1779991153.461026,169.505389184,1779991153.461026,0.
1779991153.561026,169.505389184,1779991153.561026,0.
1779991153.661026,169.505389184,1779991153.661026,0.
1779991153.7610261,169.505389184,1779991153.7610261,0.
1779991153.861026,169.505389184,1779991153.861026,0.
1779991153.961026,169.505389184,1779991153.961026,0.
1779991154.061026,169.505389184,1779991154.061026,0.
1779991154.161026,169.505389184,1779991154.161026,0.
1779991154.2610261,169.505389184,1779991154.2610261,0.
1779991154.361026,169.505389184,1779991154.361026,0.
1779991154.461026,169.505389184,1779991154.461026,0.
1779991154.561026,169.505389184,1779991154.561026,0.
1779991154.661026,169.505389184,1779991154.661026,0.
1779991154.7610261,169.505389184,1779991154.7610261,0.
1779991154.861026,169.505389184,1779991154.861026,0.
1779991154.961026,169.505389184,1779991154.961026,0.
1779991155.061026,169.505389184,1779991155.061026,0.
1779991155.161026,169.505389184,1779991155.161026,0.
1779991155.2610261,169.505389184,1779991155.2610261,0.
1779991155.361026,169.505389184,1779991155.361026,0.
1779991155.461026,169.505389184,1779991155.461026,0.
1779991155.561026,169.505389184,1779991155.561026,0.
1779991155.661026,169.505389184,1779991155.661026,0.
1779991155.7610261,169.505389184,1779991155.7610261,0.
1779991155.861026,169.505389184,1779991155.861026,0.
1779991155.961026,169.505389184,1779991155.961026,0.
1779991156.061026,169.505389184,1779991156.061026,0.
1779991156.161026,169.505389184,1779991156.161026,0.
1779991156.2610261,169.505389184,1779991156.2610261,0.
1779991156.361026,169.505389184,1779991156.361026,0.
1779991156.461026,169.505389184,1779991156.461026,0.
1779991156.561026,169.505389184,1779991156.561026,0.
1779991156.661026,169.505389184,1779991156.661026,0.
1779991156.7610261,169.505389184,1779991156.7610261,0.
1779991156.861026,169.505389184,1779991156.861026,0.
1779991156.961026,169.505389184,1779991156.961026,0.
1779991157.061026,169.505389184,1779991157.061026,0.
1779991157.161026,169.505389184,1779991157.161026,0.
1779991157.2610261,169.505389184,1779991157.2610261,0.
1779991157.361026,169.505389184,1779991157.361026,0.
1779991157.461026,169.505389184,1779991157.461026,0.
1779991157.561026,169.505389184,1779991157.561026,0.
1779991157.661026,169.505389184,1779991157.661026,0.
1779991157.7610261,169.505389184,1779991157.7610261,0.
1779991157.861026,169.505389184,1779991157.861026,0.
1779991157.961026,169.505389184,1779991157.961026,0.
1779991158.061026,169.505389184,1779991158.061026,0.
1779991158.161026,169.505389184,1779991158.161026,0.
1779991158.2610261,169.505389184,1779991158.2610261,0.
1779991158.361026,169.505389184,1779991158.361026,0.
1779991158.461026,169.505389184,1779991158.461026,0.
1779991158.561026,169.505389184,1779991158.561026,0.
1779991158.661026,169.505389184,1779991158.661026,0.
1779991158.7610261,169.505389184,1779991158.7610261,0.
1779991158.861026,169.505389184,1779991158.861026,0.
1779991158.961026,169.505389184,1779991158.961026,0.
1779991159.061026,169.505389184,1779991159.061026,0.
1779991159.161026,169.505389184,1779991159.161026,0.
1779991159.2610261,169.505389184,1779991159.2610261,0.
1779991159.361026,169.505389184,1779991159.361026,0.
1779991159.461026,169.505389184,1779991159.461026,0.
1779991159.561026,169.505389184,1779991159.561026,0.
1779991159.661026,169.505389184,1779991159.661026,0.
1779991159.7610261,169.505389184,1779991159.7610261,0.
1779991159.861026,169.505389184,1779991159.861026,0.
1779991159.961026,169.505389184,1779991159.961026,0.
1779991160.061026,169.505389184,1779991160.061026,0.
1779991160.161026,169.505389184,1779991160.161026,0.
1779991160.2610261,169.505389184,1779991160.2610261,0.
1779991160.361026,169.505389184,1779991160.361026,0.
1779991160.461026,169.505389184,1779991160.461026,0.
1779991160.561026,169.505389184,1779991160.561026,0.
1779991160.661026,169.505389184,1779991160.661026,0.
1779991160.7610261,169.505389184,1779991160.7610261,0.
1779991160.861026,169.505389184,1779991160.861026,0.
1779991160.961026,169.505389184,1779991160.961026,0.
1779991161.061026,169.505389184,1779991161.061026,0.
1779991161.161026,169.505389184,1779991161.161026,0.
1779991161.2610261,169.505389184,1779991161.2610261,0.
1779991161.361026,169.505389184,1779991161.361026,0.
1779991161.461026,169.505389184,1779991161.461026,0.
1779991161.561026,169.505389184,1779991161.561026,0.
1779991161.661026,169.505389184,1779991161.661026,0.
1779991161.7610261,169.505389184,1779991161.7610261,0.
1779991161.861026,169.505389184,1779991161.861026,0.
1779991161.961026,169.505389184,1779991161.961026,0.
1779991162.061026,169.505389184,1779991162.061026,0.
1779991162.161026,169.505389184,1779991162.161026,0.
1779991162.2610261,169.505389184,1779991162.2610261,0.
1779991162.361026,169.505389184,1779991162.361026,0.
1779991162.461026,169.505389184,1779991162.461026,0.
1779991162.561026,169.505389184,1779991162.561026,0.
1779991162.661026,169.505389184,1779991162.661026,0.
1779991162.7610261,169.505389184,1779991162.7610261,0.
1779991162.861026,169.505389184,1779991162.861026,0.
1779991162.961026,169.505389184,1779991162.961026,0.
1779991163.061026,169.505389184,1779991163.061026,0.
1779991163.161026,169.505389184,1779991163.161026,0.
1779991163.2610261,169.505389184,1779991163.2610261,0.
1779991163.361026,169.505389184,1779991163.361026,0.
1779991163.461026,169.505389184,1779991163.461026,0.
1779991163.561026,169.505389184,1779991163.561026,0.
1779991163.661026,169.505389184,1779991163.661026,0.
1779991163.7610261,169.505389184,1779991163.7610261,0.
1779991163.861026,169.505389184,1779991163.861026,0.
1779991163.961026,169.505389184,1779991163.961026,0.
1779991164.061026,169.505389184,1779991164.061026,0.
1779991164.161026,169.505389184,1779991164.161026,0.
1779991164.2610261,169.505389184,1779991164.2610261,0.
1779991164.361026,169.505389184,1779991164.361026,0.
1779991164.461026,169.505389184,1779991164.461026,0.
1779991164.561026,169.505389184,1779991164.561026,0.
1779991164.661026,169.505389184,1779991164.661026,0.
1779991164.7610261,169.505389184,1779991164.7610261,0.
1779991164.861026,169.505389184,1779991164.861026,0.
1779991164.961026,169.505389184,1779991164.961026,0.
1779991165.061026,169.505389184,1779991165.061026,0.
1779991165.161026,169.505389184,1779991165.161026,0.
1779991165.2610261,169.505389184,1779991165.2610261,0.
1779991165.361026,169.505389184,1779991165.361026,0.
1779991165.461026,169.505389184,1779991165.461026,0.
1779991165.561026,169.505389184,1779991165.561026,0.
1779991165.661026,169.505389184,1779991165.661026,0.
1779991165.7610261,169.505389184,1779991165.7610261,0.
1779991165.861026,169.505389184,1779991165.861026,0.
1779991165.961026,169.505389184,1779991165.961026,0.
1779991166.061026,169.505389184,1779991166.061026,0.
1779991166.161026,169.505389184,1779991166.161026,0.
1779991166.2610261,169.505389184,1779991166.2610261,0.
1779991166.361026,169.505389184,1779991166.361026,0.
1779991166.461026,169.505389184,1779991166.461026,0.
1779991166.561026,169.505389184,1779991166.561026,0.
1779991166.661026,169.505389184,1779991166.661026,0.
1779991166.7610261,169.505389184,1779991166.7610261,0.
1779991166.861026,169.505389184,1779991166.861026,0.
1779991166.961026,169.505389184,1779991166.961026,0.
1779991167.061026,169.505389184,1779991167.061026,0.
1779991167.161026,169.505389184,1779991167.161026,0.
1779991167.2610261,169.505389184,1779991167.2610261,0.
1779991167.361026,169.505389184,1779991167.361026,0.
1779991167.461026,169.505389184,1779991167.461026,0.
1779991167.561026,169.505389184,1779991167.561026,0.
1779991167.661026,169.505389184,1779991167.661026,0.
1779991167.7610261,169.505389184,1779991167.7610261,0.
1779991167.861026,169.505389184,1779991167.861026,0.
1779991167.961026,169.505389184,1779991167.961026,0.
1779991168.061026,169.505389184,1779991168.061026,0.
1779991168.161026,169.505389184,1779991168.161026,0.
1779991168.2610261,169.505389184,1779991168.2610261,0.
1779991168.361026,169.505389184,1779991168.361026,0.
1779991168.461026,169.505389184,1779991168.461026,0.
1779991168.561026,169.505389184,1779991168.561026,0.
1779991168.661026,169.505389184,1779991168.661026,0.
1779991168.7610261,169.505389184,1779991168.7610261,0.
1779991168.861026,169.505389184,1779991168.861026,0.
1779991168.961026,169.505389184,1779991168.961026,0.
1779991169.061026,169.505389184,1779991169.061026,0.
1779991169.161026,169.505389184,1779991169.161026,0.
1779991169.2610261,169.505389184,1779991169.2610261,0.
1779991169.361026,169.505389184,1779991169.361026,0.
1779991169.461026,169.505389184,1779991169.461026,0.
1779991169.561026,169.505389184,1779991169.561026,0.
1779991169.661026,169.505389184,1779991169.661026,0.
1779991169.7610261,169.505389184,1779991169.7610261,0.
1779991169.861026,169.505389184,1779991169.861026,0.
1779991169.961026,169.505389184,1779991169.961026,0.
1779991170.061026,169.505389184,1779991170.061026,0.
1779991170.161026,169.505389184,1779991170.161026,0.
1779991170.2610261,169.505389184,1779991170.2610261,0.
1779991170.361026,169.505389184,1779991170.361026,0.
1779991170.461026,169.505389184,1779991170.461026,0.
1779991170.561026,169.505389184,1779991170.561026,0.
1779991170.661026,169.505389184,1779991170.661026,0.
1779991170.7610261,169.505389184,1779991170.7610261,0.
1779991170.861026,169.505389184,1779991170.861026,0.
1779991170.961026,169.505389184,1779991170.961026,0.
1779991171.061026,169.505389184,1779991171.061026,0.
1779991171.161026,169.505389184,1779991171.161026,0.
1779991171.2610261,169.505389184,1779991171.2610261,0.
1779991171.361026,169.505389184,1779991171.361026,0.
1779991171.461026,169.505389184,1779991171.461026,0.
1779991171.561026,169.505389184,1779991171.561026,0.
1779991171.661026,169.505389184,1779991171.661026,0.
1779991171.7610261,169.505389184,1779991171.7610261,0.
1779991171.861026,169.505389184,1779991171.861026,0.
1779991171.961026,169.505389184,1779991171.961026,0.
1779991172.061026,169.505389184,1779991172.061026,0.
1779991172.161026,169.505389184,1779991172.161026,0.
1779991172.2610261,169.505389184,1779991172.2610261,0.
1779991172.361026,169.505389184,1779991172.361026,0.
1779991172.461026,169.505389184,1779991172.461026,0.
1779991172.561026,169.505389184,1779991172.561026,0.
1779991172.661026,169.505389184,1779991172.661026,0.
1779991172.7610261,169.505389184,1779991172.7610261,0.
1779991172.861026,169.505389184,1779991172.861026,0.
1779991172.961026,169.505389184,1779991172.961026,0.
1779991173.061026,169.505389184,1779991173.061026,0.
1779991173.161026,169.505389184,1779991173.161026,0.
1779991173.2610261,169.505389184,1779991173.2610261,0.
1779991173.361026,169.505389184,1779991173.361026,0.
1779991173.461026,169.505389184,1779991173.461026,0.
1779991173.561026,169.505389184,1779991173.561026,0.
1779991173.661026,169.505389184,1779991173.661026,0.
1779991173.7610261,169.505389184,1779991173.7610261,0.
1779991173.861026,169.505389184,1779991173.861026,0.
1779991173.961026,169.505389184,1779991173.961026,0.
1779991174.061026,169.505389184,1779991174.061026,0.
1779991174.161026,169.505389184,1779991174.161026,0.
1779991174.2610261,169.505389184,1779991174.2610261,0.
1779991174.361026,169.505389184,1779991174.361026,0.
1779991174.461026,169.505389184,1779991174.461026,0.
1779991174.561026,169.505389184,1779991174.561026,0.
1779991174.661026,169.505389184,1779991174.661026,0.
1779991174.7610261,169.505389184,1779991174.7610261,0.
1779991174.861026,169.505389184,1779991174.861026,0.
1779991174.961026,169.505389184,1779991174.961026,0.
1779991175.061026,169.505389184,1779991175.061026,0.
1779991175.161026,169.505389184,1779991175.161026,0.
1779991175.2610261,169.505389184,1779991175.2610261,0.
1779991175.361026,169.505389184,1779991175.361026,0.
1779991175.461026,169.505389184,1779991175.461026,0.
1779991175.561026,169.505389184,1779991175.561026,0.
1779991175.661026,169.505389184,1779991175.661026,0.
1779991175.7610261,169.505389184,1779991175.7610261,0.
1779991175.861026,169.505389184,1779991175.861026,0.
1779991175.961026,169.505389184,1779991175.961026,0.
1779991176.061026,169.505389184,1779991176.061026,0.
1779991176.161026,169.505389184,1779991176.161026,0.
1779991176.2610261,169.505389184,1779991176.2610261,0.
1779991176.361026,169.505389184,1779991176.361026,0.
1779991176.461026,169.505389184,1779991176.461026,0.
1779991176.561026,169.505389184,1779991176.561026,0.
1779991176.661026,169.505389184,1779991176.661026,0.
1779991176.7610261,169.505389184,1779991176.7610261,0.
1779991176.861026,169.505389184,1779991176.861026,0.
1779991176.961026,169.505389184,1779991176.961026,0.
1779991177.061026,169.505389184,1779991177.061026,0.
1779991177.161026,169.505389184,1779991177.161026,0.
1779991177.2610261,169.505389184,1779991177.2610261,0.
1779991177.361026,169.505389184,1779991177.361026,0.
1779991177.461026,169.505389184,1779991177.461026,0.
1779991177.561026,169.505389184,1779991177.561026,0.
1779991177.661026,169.505389184,1779991177.661026,0.
1779991177.7610261,169.505389184,1779991177.7610261,0.
1779991177.861026,169.505389184,1779991177.861026,0.
1779991177.961026,169.505389184,1779991177.961026,0.
1779991178.061026,169.505389184,1779991178.061026,0.
1779991178.161026,169.505389184,1779991178.161026,0.
1779991178.2610261,169.505389184,1779991178.2610261,0.
1779991178.361026,169.505389184,1779991178.361026,0.
1779991178.461026,169.505389184,1779991178.461026,0.
1779991178.561026,169.505389184,1779991178.561026,0.
1779991178.661026,169.505389184,1779991178.661026,0.
1779991178.7610261,169.505389184,1779991178.7610261,0.
1779991178.861026,169.505389184,1779991178.861026,0.
1779991178.961026,169.505389184,1779991178.961026,0.
1779991179.061026,169.505389184,1779991179.061026,0.
1779991179.161026,169.505389184,1779991179.161026,0.
1779991179.2610261,169.505389184,1779991179.2610261,0.
1779991179.361026,169.505389184,1779991179.361026,0.
1779991179.461026,169.505389184,1779991179.461026,0.
1779991179.561026,169.505389184,1779991179.561026,0.
1779991179.661026,169.505389184,1779991179.661026,0.
1779991179.7610261,169.505389184,1779991179.7610261,0.
1779991179.861026,169.505389184,1779991179.861026,0.
1779991179.961026,169.505389184,1779991179.961026,0.
1779991180.061026,169.505389184,1779991180.061026,0.
1779991180.161026,169.505389184,1779991180.161026,0.
1779991180.2610261,169.505389184,1779991180.2610261,0.
1779991180.361026,169.505389184,1779991180.361026,0.
1779991180.461026,169.505389184,1779991180.461026,0.
1779991180.561026,169.505389184,1779991180.561026,0.
1779991180.661026,169.505389184,1779991180.661026,0.
1779991180.7610261,169.505389184,1779991180.7610261,0.
1779991180.861026,169.505389184,1779991180.861026,0.
1779991180.961026,169.505389184,1779991180.961026,0.
1779991181.061026,169.505389184,1779991181.061026,0.
1779991181.161026,169.505389184,1779991181.161026,0.
1779991181.2610261,169.505389184,1779991181.2610261,0.
1779991181.361026,169.505389184,1779991181.361026,0.
1779991181.461026,169.505389184,1779991181.461026,0.
1779991181.561026,169.505389184,1779991181.561026,0.
1779991181.661026,169.505389184,1779991181.661026,0.
1779991181.7610261,169.505389184,1779991181.7610261,0.
1779991181.861026,169.505389184,1779991181.861026,0.
1779991181.961026,169.505389184,1779991181.961026,0.
1779991182.061026,169.505389184,1779991182.061026,0.
1779991182.161026,169.505389184,1779991182.161026,0.
1779991182.2610261,169.505389184,1779991182.2610261,0.
1779991182.361026,169.505389184,1779991182.361026,0.
1779991182.461026,169.505389184,1779991182.461026,0.
1779991182.561026,169.505389184,1779991182.561026,0.
1779991182.661026,169.505389184,1779991182.661026,0.
1779991182.7610261,169.505389184,1779991182.7610261,0.
1779991182.861026,169.505389184,1779991182.861026,0.
1779991182.961026,169.505389184,1779991182.961026,0.
1779991183.061026,169.505389184,1779991183.061026,0.
1779991183.161026,169.505389184,1779991183.161026,0.
1779991183.2610261,169.505389184,1779991183.2610261,0.
1779991183.361026,169.505389184,1779991183.361026,0.
1779991183.461026,169.505389184,1779991183.461026,0.
1779991183.561026,169.505389184,1779991183.561026,0.
1779991183.661026,169.505389184,1779991183.661026,0.
1779991183.7610261,169.505389184,1779991183.7610261,0.
1779991183.861026,169.505389184,1779991183.861026,0.
1779991183.961026,169.505389184,1779991183.961026,0.
1779991184.061026,169.505389184,1779991184.061026,0.
1779991184.161026,169.505389184,1779991184.161026,0.
1779991184.2610261,169.505389184,1779991184.2610261,0.
1779991184.361026,169.505389184,1779991184.361026,0.
1779991184.461026,169.505389184,1779991184.461026,0.
1779991184.561026,169.505389184,1779991184.561026,0.
1779991184.661026,169.505389184,1779991184.661026,0.
1779991184.7610261,169.505389184,1779991184.7610261,0.
1779991184.861026,169.505389184,1779991184.861026,0.
1779991184.961026,169.505389184,1779991184.961026,0.
1779991185.061026,169.505389184,1779991185.061026,0.
1779991185.161026,169.505389184,1779991185.161026,0.
1779991185.2610261,169.505389184,1779991185.2610261,0.
1779991185.361026,169.505389184,1779991185.361026,0.
1779991185.461026,169.505389184,1779991185.461026,0.
1779991185.561026,169.505389184,1779991185.561026,0.
1779991185.661026,169.505389184,1779991185.661026,0.
1779991185.7610261,169.505389184,1779991185.7610261,0.
1779991185.861026,169.505389184,1779991185.861026,0.
1779991185.961026,169.505389184,1779991185.961026,0.
1779991186.061026,169.505389184,1779991186.061026,0.
1779991186.161026,169.505389184,1779991186.161026,0.
1779991186.2610261,169.505389184,1779991186.2610261,0.
1779991186.361026,169.505389184,1779991186.361026,0.
1779991186.461026,169.505389184,1779991186.461026,0.
1779991186.561026,169.505389184,1779991186.561026,0.
1779991186.661026,169.505389184,1779991186.661026,0.
1779991186.7610261,169.505389184,1779991186.7610261,0.
1779991186.861026,169.505389184,1779991186.861026,0.
1779991186.961026,169.505389184,1779991186.961026,0.
1779991187.061026,169.505389184,1779991187.061026,0.
1779991187.161026,169.505389184,1779991187.161026,0.
1779991187.2610261,169.505389184,1779991187.2610261,0.
1779991187.361026,169.505389184,1779991187.361026,0.
1779991187.461026,169.505389184,1779991187.461026,0.
1779991187.561026,169.505389184,1779991187.561026,0.
1779991187.661026,169.505389184,1779991187.661026,0.
1779991187.7610261,169.505389184,1779991187.7610261,0.
1779991187.861026,169.505389184,1779991187.861026,0.
1779991187.961026,169.505389184,1779991187.961026,0.
1779991188.061026,169.505389184,1779991188.061026,0.
1779991188.161026,169.505389184,1779991188.161026,0.
1779991188.2610261,169.505389184,1779991188.2610261,0.
1779991188.361026,169.505389184,1779991188.361026,0.
1779991188.461026,169.505389184,1779991188.461026,0.
1779991188.561026,169.505389184,1779991188.561026,0.
1779991188.661026,169.505389184,1779991188.661026,0.
1779991188.7610261,169.505389184,1779991188.7610261,0.
1779991188.861026,169.505389184,1779991188.861026,0.
1779991188.961026,169.505389184,1779991188.961026,0.
1779991189.061026,169.505389184,1779991189.061026,0.
1779991189.161026,169.505389184,1779991189.161026,0.
1779991189.2610261,169.505389184,1779991189.2610261,0.
1779991189.361026,169.505389184,1779991189.361026,0.
1779991189.461026,169.505389184,1779991189.461026,0.
1779991189.561026,169.505389184,1779991189.561026,0.
1779991189.661026,169.505389184,1779991189.661026,0.
1779991189.7610261,169.505389184,1779991189.7610261,0.
1779991189.861026,169.505389184,1779991189.861026,0.
1779991189.961026,169.505389184,1779991189.961026,0.
1779991190.061026,169.505389184,1779991190.061026,0.
1779991190.161026,169.505389184,1779991190.161026,0.
1779991190.2610261,169.505389184,1779991190.2610261,0.
1779991190.361026,169.505389184,1779991190.361026,0.
1779991190.461026,169.505389184,1779991190.461026,0.
1779991190.561026,169.505389184,1779991190.561026,0.
1779991190.661026,169.505389184,1779991190.661026,0.
1779991190.7610261,169.505389184,1779991190.7610261,0.
1779991190.861026,169.505389184,1779991190.861026,0.
1779991190.961026,169.505389184,1779991190.961026,0.
1779991191.061026,169.505389184,1779991191.061026,0.
1779991191.161026,169.505389184,1779991191.161026,0.
1779991191.2610261,169.505389184,1779991191.2610261,0.
1779991191.361026,169.505389184,1779991191.361026,0.
1779991191.461026,169.505389184,1779991191.461026,0.
1779991191.561026,169.505389184,1779991191.561026,0.
1779991191.661026,169.505389184,1779991191.661026,0.
1779991191.7610261,169.505389184,1779991191.7610261,0.
1779991191.861026,169.505389184,1779991191.861026,0.
1779991191.961026,169.505389184,1779991191.961026,0.
1779991192.061026,169.505389184,1779991192.061026,0.
1779991192.161026,169.505389184,1779991192.161026,0.
1779991192.2610261,169.505389184,1779991192.2610261,0.
1779991192.361026,169.505389184,1779991192.361026,0.
1779991192.461026,169.505389184,1779991192.461026,0.
1779991192.561026,169.505389184,1779991192.561026,0.
1779991192.661026,169.505389184,1779991192.661026,0.
1779991192.7610261,169.505389184,1779991192.7610261,0.
1779991192.861026,169.505389184,1779991192.861026,0.
1779991192.961026,169.505389184,1779991192.961026,0.
1779991193.061026,169.505389184,1779991193.061026,0.
1779991193.161026,169.505389184,1779991193.161026,0.
1779991193.2610261,169.505389184,1779991193.2610261,0.
1779991193.361026,169.505389184,1779991193.361026,0.
1779991193.461026,169.505389184,1779991193.461026,0.
1779991193.561026,169.505389184,1779991193.561026,0.
1779991193.661026,169.505389184,1779991193.661026,0.
1779991193.7610261,169.505389184,1779991193.7610261,0.
1779991193.861026,169.505389184,1779991193.861026,0.
1779991193.961026,169.505389184,1779991193.961026,0.
1779991194.061026,169.505389184,1779991194.061026,0.
1779991194.161026,169.505389184,1779991194.161026,0.
1779991194.2610261,169.505389184,1779991194.2610261,0.
1779991194.361026,169.505389184,1779991194.361026,0.
1779991194.461026,169.505389184,1779991194.461026,0.
1779991194.561026,169.505389184,1779991194.561026,0.
1779991194.661026,169.505389184,1779991194.661026,0.
1779991194.7610261,169.505389184,1779991194.7610261,0.
1779991194.861026,169.505389184,1779991194.861026,0.
1779991194.961026,169.505389184,1779991194.961026,0.
1779991195.061026,169.505389184,1779991195.061026,0.
1779991195.161026,169.505389184,1779991195.161026,0.
1779991195.2610261,169.505389184,1779991195.2610261,0.
1779991195.361026,169.505389184,1779991195.361026,0.
1779991195.461026,169.505389184,1779991195.461026,0.
1779991195.561026,169.505389184,1779991195.561026,0.
1779991195.661026,169.505389184,1779991195.661026,0.
1779991195.7610261,169.505389184,1779991195.7610261,0.
1779991195.861026,169.505389184,1779991195.861026,0.
1779991195.961026,169.505389184,1779991195.961026,0.
1779991196.061026,169.505389184,1779991196.061026,0.
1779991196.161026,169.505389184,1779991196.161026,0.
1779991196.2610261,169.505389184,1779991196.2610261,0.
1779991196.361026,169.505389184,1779991196.361026,0.
1779991196.461026,169.505389184,1779991196.461026,0.
1779991196.561026,169.505389184,1779991196.561026,0.
1779991196.661026,169.505389184,1779991196.661026,0.
1779991196.7610261,169.505389184,1779991196.7610261,0.
1779991196.861026,169.505389184,1779991196.861026,0.
1779991196.961026,169.505389184,1779991196.961026,0.
1779991197.061026,169.505389184,1779991197.061026,0.
1779991197.161026,169.505389184,1779991197.161026,0.
1779991197.2610261,169.505389184,1779991197.2610261,0.
1779991197.361026,169.505389184,1779991197.361026,0.
1779991197.461026,169.505389184,1779991197.461026,0.
1779991197.561026,169.505389184,1779991197.561026,0.
1779991197.661026,169.505389184,1779991197.661026,0.
1779991197.7610261,169.505389184,1779991197.7610261,0.
1779991197.861026,169.505389184,1779991197.861026,0.
1779991197.961026,169.505389184,1779991197.961026,0.
1779991198.061026,169.505389184,1779991198.061026,0.
1779991198.161026,169.505389184,1779991198.161026,0.
1779991198.2610261,169.505389184,1779991198.2610261,0.
1779991198.361026,169.505389184,1779991198.361026,0.
1779991198.461026,169.505389184,1779991198.461026,0.
1779991198.561026,169.505389184,1779991198.561026,0.
1779991198.661026,169.505389184,1779991198.661026,0.
1779991198.7610261,169.505389184,1779991198.7610261,0.
1779991198.861026,169.505389184,1779991198.861026,0.
1779991198.961026,169.505389184,1779991198.961026,0.
1779991199.061026,169.505389184,1779991199.061026,0.
1779991199.161026,169.505389184,1779991199.161026,0.
1779991199.2610261,169.505389184,1779991199.2610261,0.
1779991199.361026,169.505389184,1779991199.361026,0.
1779991199.461026,169.505389184,1779991199.461026,0.
1779991199.561026,169.505389184,1779991199.561026,0.
1779991199.661026,169.505389184,1779991199.661026,0.
1779991199.7610261,169.505389184,1779991199.7610261,0.
1779991199.861026,169.505389184,1779991199.861026,0.
1779991199.961026,169.505389184,1779991199.961026,0.
1779991200.061026,169.505389184,1779991200.061026,0.
1779991200.161026,169.505389184,1779991200.161026,0.
1779991200.2610261,169.505389184,1779991200.2610261,0.
1779991200.361026,169.505389184,1779991200.361026,0.
1779991200.461026,169.505389184,1779991200.461026,0.
1779991200.561026,169.505389184,1779991200.561026,0.
1779991200.661026,169.505389184,1779991200.661026,0.
1779991200.7610261,169.505389184,1779991200.7610261,0.
1779991200.861026,169.505389184,1779991200.861026,0.
1779991200.961026,169.505389184,1779991200.961026,0.
1779991201.061026,169.505389184,1779991201.061026,0.
1779991201.161026,169.505389184,1779991201.161026,0.
1779991201.2610261,169.505389184,1779991201.2610261,0.
1779991201.361026,169.505389184,1779991201.361026,0.
1779991201.461026,169.505389184,1779991201.461026,0.
1779991201.561026,169.505389184,1779991201.561026,0.
1779991201.661026,169.505389184,1779991201.661026,0.
1779991201.7610261,169.505389184,1779991201.7610261,0.
1779991201.861026,169.505389184,1779991201.861026,0.
1779991201.961026,169.505389184,1779991201.961026,0.
1779991202.061026,169.505389184,1779991202.061026,0.
1779991202.161026,169.505389184,1779991202.161026,0.
1779991202.2610261,169.505389184,1779991202.2610261,0.
1779991202.361026,169.505389184,1779991202.361026,0.
1779991202.461026,169.505389184,1779991202.461026,0.
1779991202.561026,169.505389184,1779991202.561026,0.
1779991202.661026,169.505389184,1779991202.661026,0.
1779991202.7610261,169.505389184,1779991202.7610261,0.
1779991202.861026,169.505389184,1779991202.861026,0.
1779991202.961026,169.505389184,1779991202.961026,0.
1779991203.061026,169.505389184,1779991203.061026,0.
1779991203.161026,169.505389184,1779991203.161026,0.
1779991203.2610261,169.505389184,1779991203.2610261,0.
1779991203.361026,169.505389184,1779991203.361026,0.
1779991203.461026,169.505389184,1779991203.461026,0.
1779991203.561026,169.505389184,1779991203.561026,0.
1779991203.661026,169.505389184,1779991203.661026,0.
1779991203.7610261,169.505389184,1779991203.7610261,0.
1779991203.861026,169.505389184,1779991203.861026,0.
1779991203.961026,169.505389184,1779991203.961026,0.
1779991204.061026,169.505389184,1779991204.061026,0.
1779991204.161026,169.505389184,1779991204.161026,0.
1779991204.2610261,169.505389184,1779991204.2610261,0.
1779991204.361026,169.505389184,1779991204.361026,0.
1779991204.461026,169.505389184,1779991204.461026,0.
1779991204.561026,169.505389184,1779991204.561026,0.
1779991204.661026,169.505389184,1779991204.661026,0.
1779991204.7610261,169.505389184,1779991204.7610261,0.
1779991204.861026,169.505389184,1779991204.861026,0.
1779991204.961026,169.505389184,1779991204.961026,0.
1779991205.061026,169.505389184,1779991205.061026,0.
1779991205.161026,169.505389184,1779991205.161026,0.
1779991205.2610261,169.505389184,1779991205.2610261,0.
1779991205.361026,169.505389184,1779991205.361026,0.
1779991205.461026,169.505389184,1779991205.461026,0.
1779991205.561026,169.505389184,1779991205.561026,0.
1779991205.661026,169.505389184,1779991205.661026,0.
1779991205.7610261,169.505389184,1779991205.7610261,0.
1779991205.861026,169.505389184,1779991205.861026,0.
1779991205.961026,169.505389184,1779991205.961026,0.
1779991206.061026,169.505389184,1779991206.061026,0.
1779991206.161026,169.505389184,1779991206.161026,0.
1779991206.2610261,169.505389184,1779991206.2610261,0.
1779991206.361026,169.505389184,1779991206.361026,0.
1779991206.461026,169.505389184,1779991206.461026,0.
1779991206.561026,169.505389184,1779991206.561026,0.
1779991206.661026,169.505389184,1779991206.661026,0.
1779991206.7610261,169.505389184,1779991206.7610261,0.
1779991206.861026,169.505389184,1779991206.861026,0.
1779991206.961026,169.505389184,1779991206.961026,0.
1779991207.061026,169.505389184,1779991207.061026,0.
1779991207.161026,169.505389184,1779991207.161026,0.
1779991207.2610261,169.505389184,1779991207.2610261,0.
1779991207.361026,169.505389184,1779991207.361026,0.
1779991207.461026,169.505389184,1779991207.461026,0.
1779991207.561026,169.505389184,1779991207.561026,0.
1779991207.661026,169.505389184,1779991207.661026,0.
1779991207.7610261,169.505389184,1779991207.7610261,0.
1779991207.861026,169.505389184,1779991207.861026,0.
1779991207.961026,169.505389184,1779991207.961026,0.
1779991208.061026,169.505389184,1779991208.061026,0.
1779991208.161026,169.505389184,1779991208.161026,0.
1779991208.2610261,169.505389184,1779991208.2610261,0.
1779991208.361026,169.505389184,1779991208.361026,0.
1779991208.461026,169.505389184,1779991208.461026,0.
1779991208.561026,169.505389184,1779991208.561026,0.
1779991208.661026,169.505389184,1779991208.661026,0.
1779991208.7610261,169.505389184,1779991208.7610261,0.
1779991208.861026,169.505389184,1779991208.861026,0.
1779991208.961026,169.505389184,1779991208.961026,0.
1779991209.061026,169.505389184,1779991209.061026,0.
1779991209.161026,169.505389184,1779991209.161026,0.
1779991209.2610261,169.505389184,1779991209.2610261,0.
1779991209.361026,169.505389184,1779991209.361026,0.
1779991209.461026,169.505389184,1779991209.461026,0.
1779991209.561026,169.505389184,1779991209.561026,0.
1779991209.661026,169.505389184,1779991209.661026,0.
1779991209.7610261,169.505389184,1779991209.7610261,0.
1779991209.861026,169.505389184,1779991209.861026,0.
1779991209.961026,169.505389184,1779991209.961026,0.
1779991210.061026,169.505389184,1779991210.061026,0.
1779991210.161026,169.505389184,1779991210.161026,0.
1779991210.2610261,169.505389184,1779991210.2610261,0.
1779991210.361026,169.505389184,1779991210.361026,0.
1779991210.461026,169.505389184,1779991210.461026,0.
1779991210.561026,169.505389184,1779991210.561026,0.
1779991210.661026,169.505389184,1779991210.661026,0.
1779991210.7610261,169.505389184,1779991210.7610261,0.
1779991210.861026,169.505389184,1779991210.861026,0.
1779991210.961026,169.505389184,1779991210.961026,0.
1779991211.061026,169.505389184,1779991211.061026,0.
1779991211.161026,169.505389184,1779991211.161026,0.
1779991211.2610261,169.505389184,1779991211.2610261,0.
1779991211.361026,169.505389184,1779991211.361026,0.
1779991211.461026,169.505389184,1779991211.461026,0.
1779991211.561026,169.505389184,1779991211.561026,0.
1779991211.661026,169.505389184,1779991211.661026,0.
1779991211.7610261,169.505389184,1779991211.7610261,0.
1779991211.861026,169.505389184,1779991211.861026,0.
1779991211.961026,169.505389184,1779991211.961026,0.
1779991212.061026,169.505389184,1779991212.061026,0.
1779991212.161026,169.505389184,1779991212.161026,0.
1779991212.2610261,169.505389184,1779991212.2610261,0.
1779991212.361026,169.505389184,1779991212.361026,0.
1779991212.461026,169.505389184,1779991212.461026,0.
1779991212.561026,169.505389184,1779991212.561026,0.
1779991212.661026,169.505389184,1779991212.661026,0.
1779991212.7610261,169.505389184,1779991212.7610261,0.
1779991212.861026,169.505389184,1779991212.861026,0.
1779991212.961026,169.505389184,1779991212.961026,0.
1779991213.061026,169.505389184,1779991213.061026,0.
1779991213.161026,169.505389184,1779991213.161026,0.
1779991213.2610261,169.505389184,1779991213.2610261,0.
1779991213.361026,169.505389184,1779991213.361026,0.
1779991213.461026,169.505389184,1779991213.461026,0.
1779991213.561026,169.505389184,1779991213.561026,0.
1779991213.661026,169.505389184,1779991213.661026,0.
1779991213.7610261,169.505389184,1779991213.7610261,0.
1779991213.861026,169.505389184,1779991213.861026,0.
1779991213.961026,169.505389184,1779991213.961026,0.
1779991214.061026,169.505389184,1779991214.061026,0.
1779991214.161026,169.505389184,1779991214.161026,0.
1779991214.2610261,169.505389184,1779991214.2610261,0.
1779991214.361026,169.505389184,1779991214.361026,0.
1779991214.461026,169.505389184,1779991214.461026,0.
1779991214.561026,169.505389184,1779991214.561026,0.
1779991214.661026,169.505389184,1779991214.661026,0.
1779991214.7610261,169.505389184,1779991214.7610261,0.
1779991214.861026,169.505389184,1779991214.861026,0.
1779991214.961026,169.505389184,1779991214.961026,0.
1779991215.061026,169.505389184,1779991215.061026,0.
1779991215.161026,169.505389184,1779991215.161026,0.
1779991215.2610261,169.505389184,1779991215.2610261,0.
1779991215.361026,169.505389184,1779991215.361026,0.
1779991215.461026,169.505389184,1779991215.461026,0.
1779991215.561026,169.505389184,1779991215.561026,0.
1779991215.661026,169.505389184,1779991215.661026,0.
1779991215.7610261,169.505389184,1779991215.7610261,0.
1779991215.861026,169.505389184,1779991215.861026,0.
1779991215.961026,169.505389184,1779991215.961026,0.
1779991216.061026,169.505389184,1779991216.061026,0.
1779991216.161026,169.505389184,1779991216.161026,0.
1779991216.2610261,169.505389184,1779991216.2610261,0.
1779991216.361026,169.505389184,1779991216.361026,0.
1779991216.461026,169.505389184,1779991216.461026,0.
1779991216.561026,169.505389184,1779991216.561026,0.
1779991216.661026,169.505389184,1779991216.661026,0.
1779991216.7610261,169.505389184,1779991216.7610261,0.
1779991216.861026,169.505389184,1779991216.861026,0.
1779991216.961026,169.505389184,1779991216.961026,0.
1779991217.061026,169.505389184,1779991217.061026,0.
1779991217.161026,169.505389184,1779991217.161026,0.
1779991217.2610261,169.505389184,1779991217.2610261,0.
1779991217.361026,169.505389184,1779991217.361026,0.
1779991217.461026,169.505389184,1779991217.461026,0.
1779991217.561026,169.505389184,1779991217.561026,0.
1779991217.661026,169.505389184,1779991217.661026,0.
1779991217.7610261,169.505389184,1779991217.7610261,0.
1779991217.861026,169.505389184,1779991217.861026,0.
1779991217.961026,169.505389184,1779991217.961026,0.
1779991218.061026,169.505389184,1779991218.061026,0.
1779991218.161026,169.505389184,1779991218.161026,0.
1779991218.2610261,169.505389184,1779991218.2610261,0.
1779991218.361026,169.505389184,1779991218.361026,0.
1779991218.461026,169.505389184,1779991218.461026,0.
1779991218.561026,169.505389184,1779991218.561026,0.
1779991218.661026,169.505389184,1779991218.661026,0.
1779991218.7610261,169.505389184,1779991218.7610261,0.
1779991218.861026,169.505389184,1779991218.861026,0.
1779991218.961026,169.505389184,1779991218.961026,0.
1779991219.061026,169.505389184,1779991219.061026,0.
1779991219.161026,169.505389184,1779991219.161026,0.
1779991219.2610261,169.505389184,1779991219.2610261,0.
1779991219.361026,169.505389184,1779991219.361026,0.
1779991219.461026,169.505389184,1779991219.461026,0.
1779991219.561026,169.505389184,1779991219.561026,0.
1779991219.661026,169.505389184,1779991219.661026,0.
1779991219.7610261,169.505389184,1779991219.7610261,0.
1779991219.861026,169.505389184,1779991219.861026,0.
1779991219.961026,169.505389184,1779991219.961026,0.
1779991220.061026,169.505389184,1779991220.061026,0.
1779991220.161026,169.505389184,1779991220.161026,0.
1779991220.2610261,169.505389184,1779991220.2610261,0.
1779991220.361026,169.505389184,1779991220.361026,0.
1779991220.461026,169.505389184,1779991220.461026,0.
1779991220.561026,169.505389184,1779991220.561026,0.
1779991220.661026,169.505389184,1779991220.661026,0.
1779991220.7610261,169.505389184,1779991220.7610261,0.
1779991220.861026,169.505389184,1779991220.861026,0.
1779991220.961026,169.505389184,1779991220.961026,0.
1779991221.061026,169.505389184,1779991221.061026,0.
1779991221.161026,169.505389184,1779991221.161026,0.
1779991221.2610261,169.505389184,1779991221.2610261,0.
1779991221.361026,169.505389184,1779991221.361026,0.
1779991221.461026,169.505389184,1779991221.461026,0.
1779991221.561026,169.505389184,1779991221.561026,0.
1779991221.661026,169.505389184,1779991221.661026,0.
1779991221.7610261,169.505389184,1779991221.7610261,0.
1779991221.861026,169.505389184,1779991221.861026,0.
1779991221.961026,169.505389184,1779991221.961026,0.
1779991222.061026,169.505389184,1779991222.061026,0.
1779991222.161026,169.505389184,1779991222.161026,0.
1779991222.2610261,169.505389184,1779991222.2610261,0.
1779991222.361026,169.505389184,1779991222.361026,0.
1779991222.461026,169.505389184,1779991222.461026,0.
1779991222.561026,169.505389184,1779991222.561026,0.
1779991222.661026,169.505389184,1779991222.661026,0.
1779991222.7610261,169.505389184,1779991222.7610261,0.
1779991222.861026,169.505389184,1779991222.861026,0.
1779991222.961026,169.505389184,1779991222.961026,0.
1779991223.061026,169.505389184,1779991223.061026,0.
1779991223.161026,169.505389184,1779991223.161026,0.
1779991223.2610261,169.505389184,1779991223.2610261,0.
1779991223.361026,169.505389184,1779991223.361026,0.
1779991223.461026,169.505389184,1779991223.461026,0.
1779991223.561026,169.505389184,1779991223.561026,0.
1779991223.661026,169.505389184,1779991223.661026,0.
1779991223.7610261,169.505389184,1779991223.7610261,0.
1779991223.861026,169.505389184,1779991223.861026,0.
1779991223.961026,169.505389184,1779991223.961026,0.
1779991224.061026,169.505389184,1779991224.061026,0.
1779991224.161026,169.505389184,1779991224.161026,0.
1779991224.2610261,169.505389184,1779991224.2610261,0.
1779991224.361026,169.505389184,1779991224.361026,0.
1779991224.461026,169.505389184,1779991224.461026,0.
1779991224.561026,169.505389184,1779991224.561026,0.
1779991224.661026,169.505389184,1779991224.661026,0.
1779991224.7610261,169.505389184,1779991224.7610261,0.
1779991224.861026,169.505389184,1779991224.861026,0.
1779991224.961026,169.505389184,1779991224.961026,0.
1779991225.061026,169.505389184,1779991225.061026,0.
1779991225.161026,169.505389184,1779991225.161026,0.
1779991225.2610261,169.505389184,1779991225.2610261,0.
1779991225.361026,169.505389184,1779991225.361026,0.
1779991225.461026,169.505389184,1779991225.461026,0.
1779991225.561026,169.505389184,1779991225.561026,0.
1779991225.661026,169.505389184,1779991225.661026,0.
1779991225.7610261,169.505389184,1779991225.7610261,0.
1779991225.861026,169.505389184,1779991225.861026,0.
1779991225.961026,169.505389184,1779991225.961026,0.
1779991226.061026,169.505389184,1779991226.061026,0.
1779991226.161026,169.505389184,1779991226.161026,0.
1779991226.2610261,169.505389184,1779991226.2610261,0.
1779991226.361026,169.505389184,1779991226.361026,0.
1779991226.461026,169.505389184,1779991226.461026,0.
1779991226.561026,169.505389184,1779991226.561026,0.
1779991226.661026,169.505389184,1779991226.661026,0.
1779991226.7610261,169.505389184,1779991226.7610261,0.
1779991226.861026,169.505389184,1779991226.861026,0.
1779991226.961026,169.505389184,1779991226.961026,0.
1779991227.061026,169.505389184,1779991227.061026,0.
1779991227.161026,169.505389184,1779991227.161026,0.
1779991227.2610261,169.505389184,1779991227.2610261,0.
1779991227.361026,169.505389184,1779991227.361026,0.
1779991227.461026,169.505389184,1779991227.461026,0.
1779991227.561026,169.505389184,1779991227.561026,0.
1779991227.661026,169.505389184,1779991227.661026,0.
1779991227.7610261,169.505389184,1779991227.7610261,0.
1779991227.861026,169.505389184,1779991227.861026,0.
1779991227.961026,169.505389184,1779991227.961026,0.
1779991228.061026,169.505389184,1779991228.061026,0.
1779991228.161026,169.505389184,1779991228.161026,0.
1779991228.2610261,169.505389184,1779991228.2610261,0.
1779991228.361026,169.505389184,1779991228.361026,0.
1779991228.461026,169.505389184,1779991228.461026,0.
1779991228.561026,169.505389184,1779991228.561026,0.
1779991228.661026,169.505389184,1779991228.661026,0.
1779991228.7610261,169.505389184,1779991228.7610261,0.
1779991228.861026,169.505389184,1779991228.861026,0.
1779991228.961026,169.505389184,1779991228.961026,0.
1779991229.061026,169.505389184,1779991229.061026,0.
1779991229.161026,169.505389184,1779991229.161026,0.
1779991229.2610261,169.505389184,1779991229.2610261,0.
1779991229.361026,169.505389184,1779991229.361026,0.
1779991229.461026,169.505389184,1779991229.461026,0.
1779991229.561026,169.505389184,1779991229.561026,0.
1779991229.661026,169.505389184,1779991229.661026,0.
1779991229.7610261,169.505389184,1779991229.7610261,0.
1779991229.861026,169.505389184,1779991229.861026,0.
1779991229.961026,169.505389184,1779991229.961026,0.
1779991230.061026,169.505389184,1779991230.061026,0.
1779991230.161026,169.505389184,1779991230.161026,0.
1779991230.2610261,169.505389184,1779991230.2610261,0.
1779991230.361026,169.505389184,1779991230.361026,0.
1779991230.461026,169.505389184,1779991230.461026,0.
1779991230.561026,169.505389184,1779991230.561026,0.
1779991230.661026,169.505389184,1779991230.661026,0.
1779991230.7610261,169.505389184,1779991230.7610261,0.
1779991230.861026,169.505389184,1779991230.861026,0.
1779991230.961026,169.505389184,1779991230.961026,0.
1779991231.061026,169.505389184,1779991231.061026,0.
1779991231.161026,169.505389184,1779991231.161026,0.
1779991231.2610261,169.505389184,1779991231.2610261,0.
1779991231.361026,169.505389184,1779991231.361026,0.
1779991231.461026,169.505389184,1779991231.461026,0.
1779991231.561026,169.505389184,1779991231.561026,0.
1779991231.661026,169.505389184,1779991231.661026,0.
1779991231.7610261,169.505389184,1779991231.7610261,0.
1779991231.861026,169.505389184,1779991231.861026,0.
1779991231.961026,169.505389184,1779991231.961026,0.
1779991232.061026,169.505389184,1779991232.061026,0.
1779991232.161026,169.505389184,1779991232.161026,0.
1779991232.2610261,169.505389184,1779991232.2610261,0.
1779991232.361026,169.505389184,1779991232.361026,0.
1779991232.461026,169.505389184,1779991232.461026,0.
1779991232.561026,169.505389184,1779991232.561026,0.
1779991232.661026,169.505389184,1779991232.661026,0.
1779991232.7610261,169.505389184,1779991232.7610261,0.
1779991232.861026,169.505389184,1779991232.861026,0.
1779991232.961026,169.505389184,1779991232.961026,0.
1779991233.061026,169.505389184,1779991233.061026,0.
1779991233.161026,169.505389184,1779991233.161026,0.
1779991233.2610261,169.505389184,1779991233.2610261,0.
1779991233.361026,169.505389184,1779991233.361026,0.
1779991233.461026,169.505389184,1779991233.461026,0.
1779991233.561026,169.505389184,1779991233.561026,0.
1779991233.661026,169.505389184,1779991233.661026,0.
1779991233.7610261,169.505389184,1779991233.7610261,0.
1779991233.861026,169.505389184,1779991233.861026,0.
1779991233.961026,169.505389184,1779991233.961026,0.
1779991234.061026,169.505389184,1779991234.061026,0.
1779991234.161026,169.505389184,1779991234.161026,0.
1779991234.2610261,169.505389184,1779991234.2610261,0.
1779991234.361026,169.505389184,1779991234.361026,0.
1779991234.461026,169.505389184,1779991234.461026,0.
1779991234.561026,169.505389184,1779991234.561026,0.
1779991234.661026,169.505389184,1779991234.661026,0.
1779991234.7610261,169.505389184,1779991234.7610261,0.
1779991234.861026,169.505389184,1779991234.861026,0.
1779991234.961026,169.505389184,1779991234.961026,0.
1779991235.061026,169.505389184,1779991235.061026,0.
1779991235.161026,169.505389184,1779991235.161026,0.
1779991235.2610261,169.505389184,1779991235.2610261,0.
1779991235.361026,169.505389184,1779991235.361026,0.
1779991235.461026,169.505389184,1779991235.461026,0.
1779991235.561026,169.505389184,1779991235.561026,0.
1779991235.661026,169.505389184,1779991235.661026,0.
1779991235.7610261,169.505389184,1779991235.7610261,0.
1779991235.861026,169.505389184,1779991235.861026,0.
1779991235.961026,169.505389184,1779991235.961026,0.
1779991236.061026,169.505389184,1779991236.061026,0.
1779991236.161026,169.505389184,1779991236.161026,0.
1779991236.2610261,169.505389184,1779991236.2610261,0.
1779991236.361026,169.505389184,1779991236.361026,0.
1779991236.461026,169.505389184,1779991236.461026,0.
1779991236.561026,169.505389184,1779991236.561026,0.
1779991236.661026,169.505389184,1779991236.661026,0.
1779991236.7610261,169.505389184,1779991236.7610261,0.
1779991236.861026,169.505389184,1779991236.861026,0.
1779991236.961026,169.505389184,1779991236.961026,0.
1779991237.061026,169.505389184,1779991237.061026,0.
1779991237.161026,169.505389184,1779991237.161026,0.
1779991237.2610261,169.505389184,1779991237.2610261,0.
1779991237.361026,169.505389184,1779991237.361026,0.
1779991237.461026,169.505389184,1779991237.461026,0.
1779991237.561026,169.505389184,1779991237.561026,0.
1779991237.661026,169.505389184,1779991237.661026,0.
1779991237.7610261,169.505389184,1779991237.7610261,0.
1779991237.861026,169.505389184,1779991237.861026,0.
1779991237.961026,169.505389184,1779991237.961026,0.
1779991238.061026,169.505389184,1779991238.061026,0.
1779991238.161026,169.505389184,1779991238.161026,0.
1779991238.2610261,169.505389184,1779991238.2610261,0.
1779991238.361026,169.505389184,1779991238.361026,0.
1779991238.461026,169.505389184,1779991238.461026,0.
1779991238.561026,169.505389184,1779991238.561026,0.
1779991238.661026,169.505389184,1779991238.661026,0.
1779991238.7610261,169.505389184,1779991238.7610261,0.
1779991238.861026,169.505389184,1779991238.861026,0.
1779991238.961026,169.505389184,1779991238.961026,0.
1779991239.061026,169.505389184,1779991239.061026,0.
1779991239.161026,169.505389184,1779991239.161026,0.
1779991239.2610261,169.505389184,1779991239.2610261,0.
1779991239.361026,169.505389184,1779991239.361026,0.
1779991239.461026,169.505389184,1779991239.461026,0.
1779991239.561026,169.505389184,1779991239.561026,0.
1779991239.661026,169.505389184,1779991239.661026,0.
1779991239.7610261,169.505389184,1779991239.7610261,0.
1779991239.861026,169.505389184,1779991239.861026,0.
1779991239.961026,169.505389184,1779991239.961026,0.
1779991240.061026,169.505389184,1779991240.061026,0.
1779991240.161026,169.505389184,1779991240.161026,0.
1779991240.2610261,169.505389184,1779991240.2610261,0.
1779991240.361026,169.505389184,1779991240.361026,0.
1779991240.461026,169.505389184,1779991240.461026,0.
1779991240.561026,169.505389184,1779991240.561026,0.
1779991240.661026,169.505389184,1779991240.661026,0.
1779991240.7610261,169.505389184,1779991240.7610261,0.
1779991240.861026,169.505389184,1779991240.861026,0.
1779991240.961026,169.505389184,1779991240.961026,0.
1779991241.061026,169.505389184,1779991241.061026,0.
1779991241.161026,169.505389184,1779991241.161026,0.
1779991241.2610261,169.505389184,1779991241.2610261,0.
1779991241.361026,169.505389184,1779991241.361026,0.
1779991241.461026,169.505389184,1779991241.461026,0.
1779991241.561026,169.505389184,1779991241.561026,0.
1779991241.661026,169.505389184,1779991241.661026,0.
1779991241.7610261,169.505389184,1779991241.7610261,0.
1779991241.861026,169.505389184,1779991241.861026,0.
1779991241.961026,169.505389184,1779991241.961026,0.
1779991242.061026,169.505389184,1779991242.061026,0.
1779991242.161026,169.505389184,1779991242.161026,0.
1779991242.2610261,169.505389184,1779991242.2610261,0.
1779991242.361026,169.505389184,1779991242.361026,0.
1779991242.461026,169.505389184,1779991242.461026,0.
1779991242.561026,169.505389184,1779991242.561026,0.
1779991242.661026,169.505389184,1779991242.661026,0.
1779991242.7610261,169.505389184,1779991242.7610261,0.
1779991242.861026,169.505389184,1779991242.861026,0.
1779991242.961026,169.505389184,1779991242.961026,0.
1779991243.061026,169.505389184,1779991243.061026,0.
1779991243.161026,169.505389184,1779991243.161026,0.
1779991243.2610261,169.505389184,1779991243.2610261,0.
1779991243.361026,169.505389184,1779991243.361026,0.
1779991243.461026,169.505389184,1779991243.461026,0.
1779991243.561026,169.505389184,1779991243.561026,0.
1779991243.661026,169.505389184,1779991243.661026,0.
1779991243.7610261,169.505389184,1779991243.7610261,0.
1779991243.861026,169.505389184,1779991243.861026,0.
1779991243.961026,169.505389184,1779991243.961026,0.
1779991244.061026,169.505389184,1779991244.061026,0.
1779991244.161026,169.505389184,1779991244.161026,0.
1779991244.2610261,169.505389184,1779991244.2610261,0.
1779991244.361026,169.505389184,1779991244.361026,0.
1779991244.461026,169.505389184,1779991244.461026,0.
1779991244.561026,169.505389184,1779991244.561026,0.
1779991244.661026,169.505389184,1779991244.661026,0.
1779991244.7610261,169.505389184,1779991244.7610261,0.
1779991244.861026,169.505389184,1779991244.861026,0.
1779991244.961026,169.505389184,1779991244.961026,0.
1779991245.061026,169.505389184,1779991245.061026,0.
1779991245.161026,169.505389184,1779991245.161026,0.
1779991245.2610261,169.505389184,1779991245.2610261,0.
1779991245.361026,169.505389184,1779991245.361026,0.
1779991245.461026,169.505389184,1779991245.461026,0.
1779991245.561026,169.505389184,1779991245.561026,0.
1779991245.661026,169.505389184,1779991245.661026,0.
1779991245.7610261,169.505389184,1779991245.7610261,0.
1779991245.861026,169.505389184,1779991245.861026,0.
1779991245.961026,169.505389184,1779991245.961026,0.
1779991246.061026,169.505389184,1779991246.061026,0.
1779991246.161026,169.505389184,1779991246.161026,0.
1779991246.2610261,169.505389184,1779991246.2610261,0.
1779991246.361026,169.505389184,1779991246.361026,0.
1779991246.461026,169.505389184,1779991246.461026,0.
1779991246.561026,169.505389184,1779991246.561026,0.
1779991246.661026,169.505389184,1779991246.661026,0.
1779991246.7610261,169.505389184,1779991246.7610261,0.
1779991246.861026,169.505389184,1779991246.861026,0.
1779991246.961026,169.505389184,1779991246.961026,0.
1779991247.061026,169.505389184,1779991247.061026,0.
1779991247.161026,169.505389184,1779991247.161026,0.
1779991247.2610261,169.505389184,1779991247.2610261,0.
1779991247.361026,169.505389184,1779991247.361026,0.
1779991247.461026,169.505389184,1779991247.461026,0.
1779991247.561026,169.505389184,1779991247.561026,0.
1779991247.661026,169.505389184,1779991247.661026,0.
1779991247.7610261,169.505389184,1779991247.7610261,0.
1779991247.861026,169.505389184,1779991247.861026,0.
1779991247.961026,169.505389184,1779991247.961026,0.
1779991248.061026,169.505389184,1779991248.061026,0.
1779991248.161026,169.505389184,1779991248.161026,0.
1779991248.2610261,169.505389184,1779991248.2610261,0.
1779991248.361026,169.505389184,1779991248.361026,0.
1779991248.461026,169.505389184,1779991248.461026,0.
1779991248.561026,169.505389184,1779991248.561026,0.
1779991248.661026,169.505389184,1779991248.661026,0.
1779991248.7610261,169.505389184,1779991248.7610261,0.
1779991248.861026,169.505389184,1779991248.861026,0.
1779991248.961026,169.505389184,1779991248.961026,0.
1779991249.061026,169.505389184,1779991249.061026,0.
1779991249.161026,169.505389184,1779991249.161026,0.
1779991249.2610261,169.505389184,1779991249.2610261,0.
1779991249.361026,169.505389184,1779991249.361026,0.
1779991249.461026,169.505389184,1779991249.461026,0.
1779991249.561026,169.505389184,1779991249.561026,0.
1779991249.661026,169.505389184,1779991249.661026,0.
1779991249.7610261,169.505389184,1779991249.7610261,0.
1779991249.861026,169.505389184,1779991249.861026,0.
1779991249.961026,169.505389184,1779991249.961026,0.
1779991250.061026,169.505389184,1779991250.061026,0.
1779991250.161026,169.505389184,1779991250.161026,0.
1779991250.2610261,169.505389184,1779991250.2610261,0.
1779991250.361026,169.505389184,1779991250.361026,0.
1779991250.461026,169.505389184,1779991250.461026,0.
1779991250.561026,169.505389184,1779991250.561026,0.
1779991250.661026,169.505389184,1779991250.661026,0.
1779991250.7610261,169.505389184,1779991250.7610261,0.
1779991250.861026,169.505389184,1779991250.861026,0.
1779991250.961026,169.505389184,1779991250.961026,0.
1779991251.061026,169.505389184,1779991251.061026,0.
1779991251.161026,169.505389184,1779991251.161026,0.
1779991251.2610261,169.505389184,1779991251.2610261,0.
1779991251.361026,169.505389184,1779991251.361026,0.
1779991251.461026,169.505389184,1779991251.461026,0.
1779991251.561026,169.505389184,1779991251.561026,0.
1779991251.661026,169.505389184,1779991251.661026,0.
1779991251.7610261,169.505389184,1779991251.7610261,0.
1779991251.861026,169.505389184,1779991251.861026,0.
1779991251.961026,169.505389184,1779991251.961026,0.
1779991252.061026,169.505389184,1779991252.061026,0.
1779991252.161026,169.505389184,1779991252.161026,0.
1779991252.2610261,169.505389184,1779991252.2610261,0.
1779991252.361026,169.505389184,1779991252.361026,0.
1779991252.461026,169.505389184,1779991252.461026,0.
1779991252.561026,169.505389184,1779991252.561026,0.
1779991252.661026,169.505389184,1779991252.661026,0.
1779991252.7610261,169.505389184,1779991252.7610261,0.
1779991252.861026,169.505389184,1779991252.861026,0.
1779991252.961026,169.505389184,1779991252.961026,0.
1779991253.061026,169.505389184,1779991253.061026,0.
1779991253.161026,169.505389184,1779991253.161026,0.
1779991253.2610261,169.505389184,1779991253.2610261,0.
1779991253.361026,169.505389184,1779991253.361026,0.
1779991253.461026,169.505389184,1779991253.461026,0.
1779991253.561026,169.505389184,1779991253.561026,0.
1779991253.661026,169.505389184,1779991253.661026,0.
1779991253.7610261,169.505389184,1779991253.7610261,0.
1779991253.861026,169.505389184,1779991253.861026,0.
1779991253.961026,169.505389184,1779991253.961026,0.
1779991254.061026,169.505389184,1779991254.061026,0.
1779991254.161026,169.505389184,1779991254.161026,0.
1779991254.2610261,169.505389184,1779991254.2610261,0.
1779991254.361026,169.505389184,1779991254.361026,0.
1779991254.461026,169.505389184,1779991254.461026,0.
1779991254.561026,169.505389184,1779991254.561026,0.
1779991254.661026,169.505389184,1779991254.661026,0.
1779991254.7610261,169.505389184,1779991254.7610261,0.
1779991254.861026,169.505389184,1779991254.861026,0.
1779991254.961026,169.505389184,1779991254.961026,0.
1779991255.061026,169.505389184,1779991255.061026,0.
1779991255.161026,169.505389184,1779991255.161026,0.
1779991255.2610261,169.505389184,1779991255.2610261,0.
1779991255.361026,169.505389184,1779991255.361026,0.
1779991255.461026,169.505389184,1779991255.461026,0.
1779991255.561026,169.505389184,1779991255.561026,0.
1779991255.661026,169.505389184,1779991255.661026,0.
1779991255.7610261,169.505389184,1779991255.7610261,0.
1779991255.861026,169.505389184,1779991255.861026,0.
1779991255.961026,169.505389184,1779991255.961026,0.
1779991256.061026,169.505389184,1779991256.061026,0.
1779991256.161026,169.505389184,1779991256.161026,0.
1779991256.2610261,169.505389184,1779991256.2610261,0.
1779991256.361026,169.505389184,1779991256.361026,0.
1779991256.461026,169.505389184,1779991256.461026,0.
1779991256.561026,169.505389184,1779991256.561026,0.
1779991256.661026,169.505389184,1779991256.661026,0.
1779991256.7610261,169.505389184,1779991256.7610261,0.
1779991256.861026,169.505389184,1779991256.861026,0.
1779991256.961026,169.505389184,1779991256.961026,0.
1779991257.061026,169.505389184,1779991257.061026,0.
1779991257.161026,169.505389184,1779991257.161026,0.
1779991257.2610261,169.505389184,1779991257.2610261,0.
1779991257.361026,169.505389184,1779991257.361026,0.
1779991257.461026,169.505389184,1779991257.461026,0.
1779991257.561026,169.505389184,1779991257.561026,0.
1779991257.661026,169.505389184,1779991257.661026,0.
1779991257.7610261,169.505389184,1779991257.7610261,0.
1779991257.861026,169.505389184,1779991257.861026,0.
1779991257.961026,169.505389184,1779991257.961026,0.
1779991258.061026,169.505389184,1779991258.061026,0.
1779991258.161026,169.505389184,1779991258.161026,0.
1779991258.2610261,169.505389184,1779991258.2610261,0.
1779991258.361026,169.505389184,1779991258.361026,0.
1779991258.461026,169.505389184,1779991258.461026,0.
1779991258.561026,169.505389184,1779991258.561026,0.
1779991258.661026,169.505389184,1779991258.661026,0.
1779991258.7610261,169.505389184,1779991258.7610261,0.
1779991258.861026,169.505389184,1779991258.861026,0.
1779991258.961026,169.505389184,1779991258.961026,0.
1779991259.061026,169.505389184,1779991259.061026,0.
1779991259.161026,169.505389184,1779991259.161026,0.
1779991259.2610261,169.505389184,1779991259.2610261,0.
1779991259.361026,169.505389184,1779991259.361026,0.
1779991259.461026,169.505389184,1779991259.461026,0.
1779991259.561026,169.505389184,1779991259.561026,0.
1779991259.661026,169.505389184,1779991259.661026,0.
1779991259.7610261,169.505389184,1779991259.7610261,0.
1779991259.861026,169.505389184,1779991259.861026,0.
1779991259.961026,169.505389184,1779991259.961026,0.
1779991260.061026,169.505389184,1779991260.061026,0.
1779991260.161026,169.505389184,1779991260.161026,0.
1779991260.2610261,169.505389184,1779991260.2610261,0.
1779991260.361026,169.505389184,1779991260.361026,0.
1779991260.461026,169.505389184,1779991260.461026,0.
1779991260.561026,169.505389184,1779991260.561026,0.
1779991260.661026,169.505389184,1779991260.661026,0.
1779991260.7610261,169.505389184,1779991260.7610261,0.
1779991260.861026,169.505389184,1779991260.861026,0.
1779991260.961026,169.505389184,1779991260.961026,0.
1779991261.061026,169.505389184,1779991261.061026,0.
1779991261.161026,169.505389184,1779991261.161026,0.
1779991261.2610261,169.505389184,1779991261.2610261,0.
1779991261.361026,169.505389184,1779991261.361026,0.
1779991261.461026,169.505389184,1779991261.461026,0.
1779991261.561026,169.505389184,1779991261.561026,0.
1779991261.661026,169.505389184,1779991261.661026,0.
1779991261.7610261,169.505389184,1779991261.7610261,0.
1779991261.861026,169.505389184,1779991261.861026,0.
1779991261.961026,169.505389184,1779991261.961026,0.
1779991262.061026,169.505389184,1779991262.061026,0.
1779991262.161026,169.505389184,1779991262.161026,0.
1779991262.2610261,169.505389184,1779991262.2610261,0.
1779991262.361026,169.505389184,1779991262.361026,0.
1779991262.461026,169.505389184,1779991262.461026,0.
1779991262.561026,169.505389184,1779991262.561026,0.
1779991262.661026,169.505389184,1779991262.661026,0.
1779991262.7610261,169.505389184,1779991262.7610261,0.
1779991262.861026,169.505389184,1779991262.861026,0.
1779991262.961026,169.505389184,1779991262.961026,0.
1779991263.061026,169.505389184,1779991263.061026,0.
1779991263.161026,169.505389184,1779991263.161026,0.
1779991263.2610261,169.505389184,1779991263.2610261,0.
1779991263.361026,169.505389184,1779991263.361026,0.
1779991263.461026,169.505389184,1779991263.461026,0.
1779991263.561026,169.505389184,1779991263.561026,0.
1779991263.661026,169.505389184,1779991263.661026,0.
1779991263.7610261,169.505389184,1779991263.7610261,0.
1779991263.861026,169.505389184,1779991263.861026,0.
1779991263.961026,169.505389184,1779991263.961026,0.
1779991264.061026,169.505389184,1779991264.061026,0.
1779991264.161026,169.505389184,1779991264.161026,0.
1779991264.2610261,169.505389184,1779991264.2610261,0.
1779991264.361026,169.505389184,1779991264.361026,0.
1779991264.461026,169.505389184,1779991264.461026,0.
1779991264.561026,169.505389184,1779991264.561026,0.
1779991264.661026,169.505389184,1779991264.661026,0.
1779991264.7610261,169.505389184,1779991264.7610261,0.
1779991264.861026,169.505389184,1779991264.861026,0.
1779991264.961026,169.505389184,1779991264.961026,0.
1779991265.061026,169.505389184,1779991265.061026,0.
1779991265.161026,169.505389184,1779991265.161026,0.
1779991265.2610261,169.505389184,1779991265.2610261,0.
1779991265.361026,169.505389184,1779991265.361026,0.
1779991265.461026,169.505389184,1779991265.461026,0.
1779991265.561026,169.505389184,1779991265.561026,0.
1779991265.661026,169.505389184,1779991265.661026,0.
1779991265.7610261,169.505389184,1779991265.7610261,0.
1779991265.861026,169.505389184,1779991265.861026,0.
1779991265.961026,169.505389184,1779991265.961026,0.
1779991266.061026,169.505389184,1779991266.061026,0.
1779991266.161026,169.505389184,1779991266.161026,0.
1779991266.2610261,169.505389184,1779991266.2610261,0.
1779991266.361026,169.505389184,1779991266.361026,0.
1779991266.461026,169.505389184,1779991266.461026,0.
1779991266.561026,169.505389184,1779991266.561026,0.
1779991266.661026,169.505389184,1779991266.661026,0.
1779991266.7610261,169.505389184,1779991266.7610261,0.
1779991266.861026,169.505389184,1779991266.861026,0.
1779991266.961026,169.505389184,1779991266.961026,0.
1779991267.061026,169.505389184,1779991267.061026,0.
1779991267.161026,169.505389184,1779991267.161026,0.
1779991267.2610261,169.505389184,1779991267.2610261,0.
1779991267.361026,169.505389184,1779991267.361026,0.
1779991267.461026,169.505389184,1779991267.461026,0.
1779991267.561026,169.505389184,1779991267.561026,0.
1779991267.661026,169.505389184,1779991267.661026,0.
1779991267.7610261,169.505389184,1779991267.7610261,0.
1779991267.861026,169.505389184,1779991267.861026,0.
1779991267.961026,169.505389184,1779991267.961026,0.
1779991268.061026,169.505389184,1779991268.061026,0.
1779991268.161026,169.505389184,1779991268.161026,0.
1779991268.2610261,169.505389184,1779991268.2610261,0.
1779991268.361026,169.505389184,1779991268.361026,0.
1779991268.461026,169.505389184,1779991268.461026,0.
1779991268.561026,169.505389184,1779991268.561026,0.
1779991268.661026,169.505389184,1779991268.661026,0.
1779991268.7610261,169.505389184,1779991268.7610261,0.
1779991268.861026,169.505389184,1779991268.861026,0.
1779991268.961026,169.505389184,1779991268.961026,0.
1779991269.061026,169.505389184,1779991269.061026,0.
1779991269.161026,169.505389184,1779991269.161026,0.
1779991269.2610261,169.505389184,1779991269.2610261,0.
1779991269.361026,169.505389184,1779991269.361026,0.
1779991269.461026,169.505389184,1779991269.461026,0.
1779991269.561026,169.505389184,1779991269.561026,0.
1779991269.661026,169.505389184,1779991269.661026,0.
1779991269.7610261,169.505389184,1779991269.7610261,0.
1779991269.861026,169.505389184,1779991269.861026,0.
1779991269.961026,169.505389184,1779991269.961026,0.
1779991270.061026,169.505389184,1779991270.061026,0.
1779991270.161026,169.505389184,1779991270.161026,0.
1779991270.2610261,169.505389184,1779991270.2610261,0.
1779991270.361026,169.505389184,1779991270.361026,0.
1779991270.461026,169.505389184,1779991270.461026,0.
1779991270.561026,169.505389184,1779991270.561026,0.
1779991270.661026,169.505389184,1779991270.661026,0.
1779991270.7610261,169.505389184,1779991270.7610261,0.
1779991270.861026,169.505389184,1779991270.861026,0.
1779991270.961026,169.505389184,1779991270.961026,0.
1779991271.061026,169.505389184,1779991271.061026,0.
1779991271.161026,169.505389184,1779991271.161026,0.
1779991271.2610261,169.505389184,1779991271.2610261,0.
1779991271.361026,169.505389184,1779991271.361026,0.
1779991271.461026,169.505389184,1779991271.461026,0.
1779991271.561026,169.505389184,1779991271.561026,0.
1779991271.661026,169.505389184,1779991271.661026,0.
1779991271.7610261,169.505389184,1779991271.7610261,0.
1779991271.861026,169.505389184,1779991271.861026,0.
1779991271.961026,169.505389184,1779991271.961026,0.
1779991272.061026,169.505389184,1779991272.061026,0.
1779991272.161026,169.505389184,1779991272.161026,0.
1779991272.2610261,169.505389184,1779991272.2610261,0.
1779991272.361026,169.505389184,1779991272.361026,0.
1779991272.461026,169.505389184,1779991272.461026,0.
1779991272.561026,169.505389184,1779991272.561026,0.
1779991272.661026,169.505389184,1779991272.661026,0.
1779991272.7610261,169.505389184,1779991272.7610261,0.
1779991272.861026,169.505389184,1779991272.861026,0.
1779991272.961026,169.505389184,1779991272.961026,0.
1779991273.061026,169.505389184,1779991273.061026,0.
1779991273.161026,169.505389184,1779991273.161026,0.
1779991273.2610261,169.505389184,1779991273.2610261,0.
1779991273.361026,169.505389184,1779991273.361026,0.
1779991273.461026,169.505389184,1779991273.461026,0.
1779991273.561026,169.505389184,1779991273.561026,0.
1779991273.661026,169.505389184,1779991273.661026,0.
1779991273.7610261,169.505389184,1779991273.7610261,0.
1779991273.861026,169.505389184,1779991273.861026,0.
1779991273.961026,169.505389184,1779991273.961026,0.
1779991274.061026,169.505389184,1779991274.061026,0.
1779991274.161026,169.505389184,1779991274.161026,0.
1779991274.2610261,169.505389184,1779991274.2610261,0.
1779991274.361026,169.505389184,1779991274.361026,0.
1779991274.461026,169.505389184,1779991274.461026,0.
1779991274.561026,169.505389184,1779991274.561026,0.
1779991274.661026,169.505389184,1779991274.661026,0.
1779991274.7610261,169.505389184,1779991274.7610261,0.
1779991274.861026,169.505389184,1779991274.861026,0.
1779991274.961026,169.505389184,1779991274.961026,0.
1779991275.061026,169.505389184,1779991275.061026,0.
1779991275.161026,169.505389184,1779991275.161026,0.
1779991275.2610261,169.505389184,1779991275.2610261,0.
1779991275.361026,169.505389184,1779991275.361026,0.
1779991275.461026,169.505389184,1779991275.461026,0.
1779991275.561026,169.505389184,1779991275.561026,0.
1779991275.661026,169.505389184,1779991275.661026,0.
1779991275.7610261,169.505389184,1779991275.7610261,0.
1779991275.861026,169.505389184,1779991275.861026,0.
1779991275.961026,169.505389184,1779991275.961026,0.
1779991276.061026,169.505389184,1779991276.061026,0.
1779991276.161026,169.505389184,1779991276.161026,0.
1779991276.2610261,169.505389184,1779991276.2610261,0.
1779991276.361026,169.505389184,1779991276.361026,0.
1779991276.461026,169.505389184,1779991276.461026,0.
1779991276.561026,169.505389184,1779991276.561026,0.
1779991276.661026,169.505389184,1779991276.661026,0.
1779991276.7610261,169.505389184,1779991276.7610261,0.
1779991276.861026,169.505389184,1779991276.861026,0.
1779991276.961026,169.505389184,1779991276.961026,0.
1779991277.061026,169.505389184,1779991277.061026,0.
1779991277.161026,169.505389184,1779991277.161026,0.
1779991277.2610261,169.505389184,1779991277.2610261,0.
1779991277.361026,169.505389184,1779991277.361026,0.
1779991277.461026,169.505389184,1779991277.461026,0.
1779991277.561026,169.505389184,1779991277.561026,0.
1779991277.661026,169.505389184,1779991277.661026,0.
1779991277.7610261,169.505389184,1779991277.7610261,0.
1779991277.861026,169.505389184,1779991277.861026,0.
1779991277.961026,169.505389184,1779991277.961026,0.
1779991278.061026,169.505389184,1779991278.061026,0.
1779991278.161026,169.505389184,1779991278.161026,0.
1779991278.2610261,169.505389184,1779991278.2610261,0.
1779991278.361026,169.505389184,1779991278.361026,0.
1779991278.461026,169.505389184,1779991278.461026,0.
1779991278.561026,169.505389184,1779991278.561026,0.
1779991278.661026,169.505389184,1779991278.661026,0.
1779991278.7610261,169.505389184,1779991278.7610261,0.
1779991278.861026,169.505389184,1779991278.861026,0.
1779991278.961026,169.505389184,1779991278.961026,0.
1779991279.061026,169.505389184,1779991279.061026,0.
1779991279.161026,169.505389184,1779991279.161026,0.
1779991279.2610261,169.505389184,1779991279.2610261,0.
1779991279.361026,169.505389184,1779991279.361026,0.
1779991279.461026,169.505389184,1779991279.461026,0.
1779991279.561026,169.505389184,1779991279.561026,0.
1779991279.661026,169.505389184,1779991279.661026,0.
1779991279.7610261,169.505389184,1779991279.7610261,0.
1779991279.861026,169.505389184,1779991279.861026,0.
1779991279.961026,169.505389184,1779991279.961026,0.
1779991280.061026,169.505389184,1779991280.061026,0.
1779991280.161026,169.505389184,1779991280.161026,0.
1779991280.2610261,169.505389184,1779991280.2610261,0.
1779991280.361026,169.505389184,1779991280.361026,0.
1779991280.461026,169.505389184,1779991280.461026,0.
1779991280.561026,169.505389184,1779991280.561026,0.
1779991280.661026,169.505389184,1779991280.661026,0.
1779991280.7610261,169.505389184,1779991280.7610261,0.
1779991280.861026,169.505389184,1779991280.861026,0.
1779991280.961026,169.505389184,1779991280.961026,0.
1779991281.061026,169.505389184,1779991281.061026,0.
1779991281.161026,169.505389184,1779991281.161026,0.
1779991281.2610261,169.505389184,1779991281.2610261,0.
1779991281.361026,169.505389184,1779991281.361026,0.
1779991281.461026,169.505389184,1779991281.461026,0.
1779991281.561026,169.505389184,1779991281.561026,0.
1779991281.661026,169.505389184,1779991281.661026,0.
1779991281.7610261,169.505389184,1779991281.7610261,0.
1779991281.861026,169.505389184,1779991281.861026,0.
1779991281.961026,169.505389184,1779991281.961026,0.
1779991282.061026,169.505389184,1779991282.061026,0.
1779991282.161026,169.505389184,1779991282.161026,0.
1779991282.2610261,169.505389184,1779991282.2610261,0.
1779991282.361026,169.505389184,1779991282.361026,0.
1779991282.461026,169.505389184,1779991282.461026,0.
1779991282.561026,169.505389184,1779991282.561026,0.
1779991282.661026,169.505389184,1779991282.661026,0.
1779991282.7610261,169.505389184,1779991282.7610261,0.
1779991282.861026,169.505389184,1779991282.861026,0.
