Command_x,Command_y,Target_x,Target_y
1779990782.961026,199.9684185116,1779990782.961026,0.
1779990783.061026,199.9684185116,1779990783.061026,0.
1779990783.161026,199.9684185116,1779990783.161026,0.
1779990783.2610261,199.9684185116,1779990783.2610261,0.
1779990783.361026,199.9684185116,1779990783.361026,0.
1779990783.461026,199.9684185116,1779990783.461026,0.
1779990783.561026,199.9684185116,1779990783.561026,0.
1779990783.661026,199.9684185116,1779990783.661026,0.
1779990783.7610261,199.9684185116,1779990783.7610261,0.
1779990783.861026,199.9684185116,1779990783.861026,0.
1779990783.961026,199.9684185116,1779990783.961026,0.
1779990784.061026,199.9684185116,1779990784.061026,0.
1779990784.161026,199.9684185116,1779990784.161026,0.
1779990784.2610261,199.9684185116,1779990784.2610261,0.
1779990784.361026,199.9684185116,1779990784.361026,0.
1779990784.461026,199.9684185116,1779990784.461026,0.
1779990784.561026,199.9684185116,1779990784.561026,0.
1779990784.661026,199.9684185116,1779990784.661026,0.
1779990784.7610261,199.9684185116,1779990784.7610261,0.
1779990784.861026,199.9684185116,1779990784.861026,0.
1779990784.961026,199.9684185116,1779990784.961026,0.
1779990785.061026,199.9684185116,1779990785.061026,0.
1779990785.161026,199.9684185116,1779990785.161026,0.
1779990785.2610261,199.9684185116,1779990785.2610261,0.
1779990785.361026,199.9684185116,1779990785.361026,0.
1779990785.461026,199.9684185116,1779990785.461026,0.
1779990785.561026,199.9684185116,1779990785.561026,0.
1779990785.661026,199.9684185116,1779990785.661026,0.
1779990785.7610261,199.9684185116,1779990785.7610261,0.
1779990785.861026,199.9684185116,1779990785.861026,0.
1779990785.961026,199.9684185116,1779990785.961026,0.
1779990786.061026,199.9684185116,1779990786.061026,0.
1779990786.161026,199.9684185116,1779990786.161026,0.
1779990786.2610261,199.9684185116,1779990786.2610261,0.
1779990786.361026,199.9684185116,1779990786.361026,0.
1779990786.461026,199.9684185116,1779990786.461026,0.
1779990786.561026,199.9684185116,1779990786.561026,0.
1779990786.661026,199.9684185116,1779990786.661026,0.
1779990786.7610261,199.9684185116,1779990786.7610261,0.
1779990786.861026,199.9684185116,1779990786.861026,0.
1779990786.961026,199.9684185116,1779990786.961026,0.
1779990787.061026,199.9684185116,1779990787.061026,0.
1779990787.161026,199.9684185116,1779990787.161026,0.
1779990787.2610261,199.9684185116,1779990787.2610261,0.
1779990787.361026,199.9684185116,1779990787.361026,0.
1779990787.461026,199.9684185116,1779990787.461026,0.
1779990787.561026,199.9684185116,1779990787.561026,0.
1779990787.661026,199.9684185116,1779990787.661026,0.
1779990787.7610261,199.9684185116,1779990787.7610261,0.
1779990787.861026,199.9684185116,1779990787.861026,0.
1779990787.961026,199.9684185116,1779990787.961026,0.
1779990788.061026,199.9684185116,1779990788.061026,0.
1779990788.161026,199.9684185116,1779990788.161026,0.
1779990788.2610261,199.9684185116,1779990788.2610261,0.
1779990788.361026,199.9684185116,1779990788.361026,0.
1779990788.461026,199.9684185116,1779990788.461026,0.
1779990788.561026,199.9684185116,1779990788.561026,0.
1779990788.661026,199.9684185116,1779990788.661026,0.
1779990788.7610261,199.9684185116,1779990788.7610261,0.
1779990788.861026,199.9684185116,1779990788.861026,0.
1779990788.961026,199.9684185116,1779990788.961026,0.
1779990789.061026,199.9684185116,1779990789.061026,0.
1779990789.161026,199.9684185116,1779990789.161026,0.
1779990789.2610261,199.9684185116,1779990789.2610261,0.
1779990789.361026,199.9684185116,1779990789.361026,0.
1779990789.461026,199.9684185116,1779990789.461026,0.
1779990789.561026,199.9684185116,1779990789.561026,0.
1779990789.661026,199.9684185116,1779990789.661026,0.
1779990789.7610261,199.9684185116,1779990789.7610261,0.
1779990789.861026,199.9684185116,1779990789.861026,0.
1779990789.961026,199.9684185116,1779990789.961026,0.
1779990790.061026,199.9684185116,1779990790.061026,0.
1779990790.161026,199.9684185116,1779990790.161026,0.
1779990790.2610261,199.9684185116,1779990790.2610261,0.
1779990790.361026,199.9684185116,1779990790.361026,0.
1779990790.461026,199.9684185116,1779990790.461026,0.
1779990790.561026,199.9684185116,1779990790.561026,0.
1779990790.661026,199.9684185116,1779990790.661026,0.
1779990790.7610261,199.9684185116,1779990790.7610261,0.
1779990790.861026,199.9684185116,1779990790.861026,0.
1779990790.961026,199.9684185116,1779990790.961026,0.
1779990791.061026,199.9684185116,1779990791.061026,0.
1779990791.161026,199.9684185116,1779990791.161026,0.
1779990791.2610261,199.9684185116,1779990791.2610261,0.
1779990791.361026,199.9684185116,1779990791.361026,0.
1779990791.461026,0.,1779990791.461026,200.
1779990791.561026,0.,1779990791.561026,200.
1779990791.661026,0.,1779990791.661026,200.
1779990791.7610261,0.,1779990791.7610261,200.
1779990791.861026,0.,1779990791.861026,200.
1779990791.961026,0.,1779990791.961026,200.
1779990792.061026,0.,1779990792.061026,200.
1779990792.161026,0.,1779990792.161026,200.
1779990792.2610261,0.,1779990792.2610261,200.
1779990792.361026,0.,1779990792.361026,200.
1779990792.461026,0.,1779990792.461026,200.
1779990792.561026,0.,1779990792.561026,200.
1779990792.661026,0.,1779990792.661026,200.
1779990792.7610261,0.,1779990792.7610261,200.
1779990792.861026,0.,1779990792.861026,200.
1779990792.961026,0.,1779990792.961026,200.
1779990793.061026,0.,1779990793.061026,200.
1779990793.161026,0.,1779990793.161026,200.
1779990793.2610261,0.,1779990793.2610261,200.
1779990793.361026,0.,1779990793.361026,200.
1779990793.461026,0.,1779990793.461026,200.
1779990793.561026,0.,1779990793.561026,200.
1779990793.661026,0.,1779990793.661026,200.
1779990793.7610261,0.,1779990793.7610261,200.
1779990793.861026,0.,1779990793.861026,200.
1779990793.961026,0.,1779990793.961026,200.
1779990794.061026,0.,1779990794.061026,200.
1779990794.161026,0.,1779990794.161026,200.
1779990794.2610261,0.,1779990794.2610261,200.
1779990794.361026,0.,1779990794.361026,200.
1779990794.461026,0.,1779990794.461026,200.
1779990794.561026,0.,1779990794.561026,200.
1779990794.661026,0.,1779990794.661026,200.
1779990794.7610261,0.,1779990794.7610261,200.
1779990794.861026,0.,1779990794.861026,200.
1779990794.961026,0.,1779990794.961026,200.
1779990795.061026,0.,1779990795.061026,200.
1779990795.161026,0.,1779990795.161026,200.
1779990795.2610261,0.,1779990795.2610261,200.
1779990795.361026,0.,1779990795.361026,200.
1779990795.461026,0.,1779990795.461026,200.
1779990795.561026,0.,1779990795.561026,200.
1779990795.661026,0.,1779990795.661026,200.
1779990795.7610261,0.,1779990795.7610261,200.
1779990795.861026,0.,1779990795.861026,200.
1779990795.961026,0.,1779990795.961026,200.
1779990796.061026,0.,1779990796.061026,200.
1779990796.161026,0.,1779990796.161026,200.
1779990796.2610261,0.,1779990796.2610261,200.
1779990796.361026,0.,1779990796.361026,200.
1779990796.461026,0.,1779990796.461026,200.
1779990796.561026,0.,1779990796.561026,200.
1779990796.661026,0.,1779990796.661026,200.
1779990796.7610261,0.,1779990796.7610261,200.
1779990796.861026,0.,1779990796.861026,200.
1779990796.961026,0.,1779990796.961026,200.
1779990797.061026,0.,1779990797.061026,200.
1779990797.161026,0.,1779990797.161026,200.
1779990797.2610261,0.,1779990797.2610261,200.
1779990797.361026,0.,1779990797.361026,200.
1779990797.461026,0.,1779990797.461026,200.
1779990797.561026,0.,1779990797.561026,200.
1779990797.661026,0.,1779990797.661026,200.
1779990797.7610261,0.,1779990797.7610261,200.
1779990797.861026,0.,1779990797.861026,200.
1779990797.961026,0.,1779990797.961026,200.
1779990798.061026,0.,1779990798.061026,200.
1779990798.161026,0.,1779990798.161026,200.
1779990798.2610261,0.,1779990798.2610261,200.
1779990798.361026,0.,1779990798.361026,200.
1779990798.461026,0.,1779990798.461026,200.
1779990798.561026,0.,1779990798.561026,200.
1779990798.661026,0.,1779990798.661026,200.
1779990798.7610261,0.,1779990798.7610261,200.
1779990798.861026,0.,1779990798.861026,200.
1779990798.961026,0.,1779990798.961026,200.
1779990799.061026,0.,1779990799.061026,200.
1779990799.161026,0.,1779990799.161026,200.
1779990799.2610261,0.,1779990799.2610261,200.
1779990799.361026,0.,1779990799.361026,200.
1779990799.461026,0.,1779990799.461026,200.
1779990799.561026,0.,1779990799.561026,200.
1779990799.661026,0.,1779990799.661026,200.
1779990799.7610261,0.,1779990799.7610261,200.
1779990799.861026,0.,1779990799.861026,200.
1779990799.961026,0.,1779990799.961026,200.
1779990800.061026,0.,1779990800.061026,200.
1779990800.161026,0.,1779990800.161026,200.
1779990800.2610261,0.,1779990800.2610261,200.
1779990800.361026,0.,1779990800.361026,200.
1779990800.461026,0.,1779990800.461026,200.
1779990800.561026,0.,1779990800.561026,200.
1779990800.661026,0.,1779990800.661026,200.
1779990800.7610261,0.,1779990800.7610261,200.
1779990800.861026,0.,1779990800.861026,200.
1779990800.961026,0.,1779990800.961026,200.
1779990801.061026,0.,1779990801.061026,200.
1779990801.161026,0.,1779990801.161026,200.
1779990801.2610261,0.,1779990801.2610261,200.
1779990801.361026,0.,1779990801.361026,200.
1779990801.461026,0.,1779990801.461026,200.
1779990801.561026,0.,1779990801.561026,200.
1779990801.661026,0.,1779990801.661026,200.
1779990801.7610261,0.,1779990801.7610261,200.
1779990801.861026,0.,1779990801.861026,200.
1779990801.961026,0.,1779990801.961026,200.
1779990802.061026,0.,1779990802.061026,200.
1779990802.161026,0.,1779990802.161026,200.
1779990802.2610261,0.,1779990802.2610261,200.
1779990802.361026,0.,1779990802.361026,200.
1779990802.461026,0.,1779990802.461026,200.
1779990802.561026,0.,1779990802.561026,200.
1779990802.661026,0.,1779990802.661026,200.
1779990802.7610261,0.,1779990802.7610261,200.
1779990802.861026,0.,1779990802.861026,200.
1779990802.961026,0.,1779990802.961026,200.
1779990803.061026,0.,1779990803.061026,200.
1779990803.161026,0.,1779990803.161026,200.
1779990803.2610261,0.,1779990803.2610261,200.
1779990803.361026,0.,1779990803.361026,200.
1779990803.461026,0.,1779990803.461026,200.
1779990803.561026,0.,1779990803.561026,200.
1779990803.661026,0.,1779990803.661026,200.
1779990803.7610261,0.,1779990803.7610261,200.
1779990803.861026,0.,1779990803.861026,200.
1779990803.961026,0.,1779990803.961026,200.
1779990804.061026,0.,1779990804.061026,200.
1779990804.161026,0.,1779990804.161026,200.
1779990804.2610261,0.,1779990804.2610261,200.
1779990804.361026,0.,1779990804.361026,200.
1779990804.461026,0.,1779990804.461026,200.
1779990804.561026,0.,1779990804.561026,200.
1779990804.661026,0.,1779990804.661026,200.
1779990804.7610261,0.,1779990804.7610261,200.
1779990804.861026,0.,1779990804.861026,200.
1779990804.961026,0.,1779990804.961026,200.
1779990805.061026,0.,1779990805.061026,200.
1779990805.161026,0.,1779990805.161026,200.
1779990805.2610261,0.,1779990805.2610261,200.
1779990805.361026,0.,1779990805.361026,200.
1779990805.461026,0.,1779990805.461026,200.
1779990805.561026,0.,1779990805.561026,200.
1779990805.661026,0.,1779990805.661026,200.
1779990805.7610261,0.,1779990805.7610261,200.
1779990805.861026,0.,1779990805.861026,200.
1779990805.961026,0.,1779990805.961026,200.
1779990806.061026,0.,1779990806.061026,200.
1779990806.161026,0.,1779990806.161026,200.
1779990806.2610261,0.,1779990806.2610261,200.
1779990806.361026,0.,1779990806.361026,200.
1779990806.461026,0.,1779990806.461026,200.
1779990806.561026,0.,1779990806.561026,200.
1779990806.661026,0.,1779990806.661026,200.
1779990806.7610261,0.,1779990806.7610261,200.
1779990806.861026,0.,1779990806.861026,200.
1779990806.961026,0.,1779990806.961026,200.
1779990807.061026,0.,1779990807.061026,200.
1779990807.161026,0.,1779990807.161026,200.
1779990807.2610261,0.,1779990807.2610261,200.
1779990807.361026,0.,1779990807.361026,200.
1779990807.461026,0.,1779990807.461026,200.
1779990807.561026,0.,1779990807.561026,200.
1779990807.661026,0.,1779990807.661026,200.
1779990807.7610261,0.,1779990807.7610261,200.
1779990807.861026,0.,1779990807.861026,200.
1779990807.961026,0.,1779990807.961026,200.
1779990808.061026,0.,1779990808.061026,200.
1779990808.161026,0.,1779990808.161026,200.
1779990808.2610261,0.,1779990808.2610261,200.
1779990808.361026,0.,1779990808.361026,200.
1779990808.461026,0.,1779990808.461026,200.
1779990808.561026,0.,1779990808.561026,200.
1779990808.661026,0.,1779990808.661026,200.
1779990808.7610261,0.,1779990808.7610261,200.
1779990808.861026,0.,1779990808.861026,200.
1779990808.961026,0.,1779990808.961026,200.
1779990809.061026,0.,1779990809.061026,200.
1779990809.161026,0.,1779990809.161026,200.
1779990809.2610261,0.,1779990809.2610261,200.
1779990809.361026,0.,1779990809.361026,200.
1779990809.461026,0.,1779990809.461026,200.
1779990809.561026,0.,1779990809.561026,200.
1779990809.661026,0.,1779990809.661026,200.
1779990809.7610261,0.,1779990809.7610261,200.
1779990809.861026,0.,1779990809.861026,200.
1779990809.961026,0.,1779990809.961026,200.
1779990810.061026,0.,1779990810.061026,200.
1779990810.161026,0.,1779990810.161026,200.
1779990810.2610261,0.,1779990810.2610261,200.
1779990810.361026,0.,1779990810.361026,200.
1779990810.461026,0.,1779990810.461026,200.
1779990810.561026,0.,1779990810.561026,200.
1779990810.661026,0.,1779990810.661026,200.
1779990810.7610261,0.,1779990810.7610261,200.
1779990810.861026,0.,1779990810.861026,200.
1779990810.961026,0.,1779990810.961026,200.
1779990811.061026,0.,1779990811.061026,200.
1779990811.161026,0.,1779990811.161026,200.
1779990811.2610261,0.,1779990811.2610261,200.
1779990811.361026,0.,1779990811.361026,200.
1779990811.461026,0.,1779990811.461026,200.
1779990811.561026,0.,1779990811.561026,200.
1779990811.661026,0.,1779990811.661026,200.
1779990811.7610261,0.,1779990811.7610261,200.
1779990811.861026,0.,1779990811.861026,200.
1779990811.961026,0.,1779990811.961026,200.
1779990812.061026,0.,1779990812.061026,200.
1779990812.161026,0.,1779990812.161026,200.
1779990812.2610261,0.,1779990812.2610261,200.
1779990812.361026,0.,1779990812.361026,200.
1779990812.461026,0.,1779990812.461026,200.
1779990812.561026,0.,1779990812.561026,200.
1779990812.661026,0.,1779990812.661026,200.
1779990812.7610261,0.,1779990812.7610261,200.
1779990812.861026,51.1434573980,1779990812.861026,200.
1779990812.961026,76.4942419619,1779990812.961026,200.
1779990813.061026,93.8376562274,1779990813.061026,200.
1779990813.161026,140.9022688342,1779990813.161026,200.
1779990813.2610261,193.5400677342,1779990813.2610261,200.
1779990813.361026,212.1823415181,1779990813.361026,200.
1779990813.461026,211.9146878354,1779990813.461026,200.
1779990813.561026,229.3533164966,1779990813.561026,200.
1779990813.661026,205.1664940779,1779990813.661026,200.
1779990813.7610261,201.7274234727,1779990813.7610261,200.
1779990813.861026,212.3306153553,1779990813.861026,200.
1779990813.961026,204.8466208348,1779990813.961026,200.
1779990814.061026,186.1627870383,1779990814.061026,200.
1779990814.161026,203.8638483693,1779990814.161026,200.
1779990814.2610261,208.5142396872,1779990814.2610261,200.
1779990814.361026,225.8403158629,1779990814.361026,200.
1779990814.461026,233.0714911236,1779990814.461026,200.
1779990814.561026,218.6918199005,1779990814.561026,200.
1779990814.661026,225.9284584473,1779990814.661026,200.
1779990814.7610261,202.7556590398,1779990814.7610261,188.2652410205
1779990814.861026,208.777095452,1779990814.861026,189.5005487451
1779990814.961026,220.9935238408,1779990814.961026,188.3592637765
1779990815.061026,199.6807066241,1779990815.061026,187.7203197522
1779990815.161026,224.3302437780,1779990815.161026,186.8046967105
1779990815.2610261,212.1820687643,1779990815.2610261,190.7268874178
1779990815.361026,202.1336817452,1779990815.361026,193.9490278545
1779990815.461026,208.8034604445,1779990815.461026,199.4609688921
1779990815.561026,178.4988535539,1779990815.561026,208.990161276
1779990815.661026,201.765296199,1779990815.661026,208.2913087164
1779990815.7610261,204.0467126674,1779990815.7610261,207.5622596288
1779990815.861026,201.2119476483,1779990815.861026,206.8560745579
1779990815.961026,212.416834188,1779990815.961026,206.1954875481
1779990816.061026,211.2610698732,1779990816.061026,205.5884490163
1779990816.161026,234.3839358522,1779990816.161026,195.9342646958
1779990816.2610261,210.6291460993,1779990816.2610261,194.9682444217
1779990816.361026,203.1794008763,1779990816.361026,193.5060303056
1779990816.461026,219.0270890755,1779990816.461026,189.8038456091
1779990816.561026,179.6700379717,1779990816.561026,183.6218187277
1779990816.661026,228.4005589793,1779990816.661026,177.1876203372
1779990816.7610261,186.8656823076,1779990816.7610261,176.4967205884
1779990816.861026,202.7358854666,1779990816.861026,178.6884436816
1779990816.961026,202.9843515032,1779990816.961026,179.5916273097
1779990817.061026,182.8404254352,1779990817.061026,180.9741920121
1779990817.161026,202.7999592410,1779990817.161026,177.7216872914
1779990817.2610261,202.6301139664,1779990817.2610261,178.3559716611
1779990817.361026,209.5287526034,1779990817.361026,181.4278657744
1779990817.461026,205.7751995997,1779990817.461026,185.5775012324
1779990817.561026,208.2191667883,1779990817.561026,191.7102202985
1779990817.661026,208.4714012982,1779990817.661026,192.9128417468
1779990817.7610261,220.5839311458,1779990817.7610261,189.2555861904
1779990817.861026,220.3919707075,1779990817.861026,179.9315045368
1779990817.961026,212.3928570301,1779990817.961026,181.5391506658
1779990818.061026,215.1737246713,1779990818.061026,182.0688295957
1779990818.161026,221.3066004764,1779990818.161026,182.8529243562
1779990818.2610261,214.8043866753,1779990818.2610261,184.5531808148
1779990818.361026,181.6822110339,1779990818.361026,186.0185855673
1779990818.461026,202.7944798112,1779990818.461026,187.7687306859
1779990818.561026,192.0195154737,1779990818.561026,188.2733697879
1779990818.661026,193.2482299382,1779990818.661026,189.9643102369
1779990818.7610261,200.4073308110,1779990818.7610261,195.8434924461
1779990818.861026,186.0363393520,1779990818.861026,195.6004268086
1779990818.961026,237.7982648154,1779990818.961026,191.1891767894
1779990819.061026,203.0511217649,1779990819.061026,190.8353517786
1779990819.161026,212.2571951461,1779990819.161026,186.4963859927
1779990819.2610261,208.0588754530,1779990819.2610261,180.1271447635
1779990819.361026,201.4543220728,1779990819.361026,177.6127983153
1779990819.461026,231.6928861091,1779990819.461026,171.514781783
1779990819.561026,195.7930033108,1779990819.561026,166.4083395370
1779990819.661026,229.1414311851,1779990819.661026,165.4773147262
1779990819.7610261,204.4872354238,1779990819.7610261,169.9214175384
1779990819.861026,221.2374834418,1779990819.861026,179.0265681311
1779990819.961026,227.4750587002,1779990819.961026,181.9263655583
1779990820.061026,224.4215077275,1779990820.061026,183.5273938875
1779990820.161026,218.746714314,1779990820.161026,183.1576240776
1779990820.2610261,202.6904259721,1779990820.2610261,183.3998860981
1779990820.361026,201.0600044584,1779990820.361026,179.8532163488
1779990820.461026,193.5035191871,1779990820.461026,174.5747947498
1779990820.561026,210.9236540852,1779990820.561026,168.8483595732
1779990820.661026,207.3278772522,1779990820.661026,161.8515275827
1779990820.7610261,194.4538170064,1779990820.7610261,157.8561800960
1779990820.861026,189.0735924269,1779990820.861026,156.6243558075
1779990820.961026,181.8351310783,1779990820.961026,161.1755905767
1779990821.061026,190.5502141671,1779990821.061026,167.3619867373
1779990821.161026,230.4668970367,1779990821.161026,178.3414723734
1779990821.2610261,218.1751056226,1779990821.2610261,186.8315199542
1779990821.361026,239.3825262189,1779990821.361026,191.4006268157
1779990821.461026,186.3350107702,1779990821.461026,193.9904901091
1779990821.561026,247.3645864754,1779990821.561026,195.4156236709
1779990821.661026,212.8097095376,1779990821.661026,196.4019587081
1779990821.7610261,269.1066063209,1779990821.7610261,196.9674876475
1779990821.861026,211.173577351,1779990821.861026,192.6715091405
1779990821.961026,236.8964124025,1779990821.961026,191.2431878222
1779990822.061026,181.9036143147,1779990822.061026,190.2441412945
1779990822.161026,251.9287558663,1779990822.161026,188.1851552351
1779990822.2610261,267.6945443402,1779990822.2610261,183.3105347078
1779990822.361026,222.8567107052,1779990822.361026,185.6062273892
1779990822.461026,199.3709082865,1779990822.461026,186.2413617605
1779990822.561026,245.3372771382,1779990822.561026,186.4999840362
1779990822.661026,212.4016775309,1779990822.661026,188.426762863
1779990822.7610261,234.1641218205,1779990822.7610261,190.5810898475
1779990822.861026,205.1123856293,1779990822.861026,195.2864820312
1779990822.961026,203.5295688808,1779990822.961026,201.7922329406
1779990823.061026,190.2385801358,1779990823.061026,202.3438064029
1779990823.161026,253.4933935382,1779990823.161026,203.3818277735
1779990823.2610261,237.9875235311,1779990823.2610261,205.3469276182
1779990823.361026,203.3985611039,1779990823.361026,210.7658731337
1779990823.461026,237.9616293549,1779990823.461026,209.7625226136
1779990823.561026,194.9985962421,1779990823.561026,201.7361129723
1779990823.661026,275.2485591536,1779990823.661026,193.7486394347
1779990823.7610261,194.4978917706,1779990823.7610261,190.732755767
1779990823.861026,224.4130721346,1779990823.861026,186.8350831690
1779990823.961026,206.8093029325,1779990823.961026,181.4814822471
1779990824.061026,204.7910010078,1779990824.061026,176.3111026283
1779990824.161026,240.3948576681,1779990824.161026,168.8630992011
1779990824.2610261,200.8660115319,1779990824.2610261,166.5039953228
1779990824.361026,215.2713724764,1779990824.361026,163.459014386
1779990824.461026,184.3948414131,1779990824.461026,160.5201654439
1779990824.561026,208.9008758968,1779990824.561026,162.0447917587
1779990824.661026,205.8682516753,1779990824.661026,159.5874603289
1779990824.7610261,180.7027034175,1779990824.7610261,156.2579797105
1779990824.861026,204.7479834111,1779990824.861026,151.7654339196
1779990824.961026,175.2624079905,1779990824.961026,154.7947057778
1779990825.061026,228.5953118602,1779990825.061026,157.207704993
1779990825.161026,204.3782711312,1779990825.161026,162.5710664869
1779990825.2610261,229.9275637945,1779990825.2610261,170.6213360822
1779990825.361026,210.3932472175,1779990825.361026,173.8206272554
1779990825.461026,181.6631166717,1779990825.461026,176.8643087650
1779990825.561026,210.9142232859,1779990825.561026,180.1721138130
1779990825.661026,191.8949019632,1779990825.661026,184.3563914951
1779990825.7610261,220.8275476136,1779990825.7610261,187.9374652005
1779990825.861026,265.4288680162,1779990825.861026,191.9053367716
1779990825.961026,225.1907305969,1779990825.961026,188.6903181303
1779990826.061026,222.3750970869,1779990826.061026,184.4837600036
1779990826.161026,197.0463483091,1779990826.161026,184.3116634557
1779990826.2610261,276.3819694543,1779990826.2610261,184.9576756179
1779990826.361026,216.8507855544,1779990826.361026,190.0169914141
1779990826.461026,179.1899835541,1779990826.461026,193.4289627832
1779990826.561026,205.2565725511,1779990826.561026,192.0918227126
1779990826.661026,211.3077271809,1779990826.661026,190.6249455426
1779990826.7610261,182.3408029545,1779990826.7610261,194.980723694
1779990826.861026,205.4369711118,1779990826.861026,195.9973882364
1779990826.961026,240.8272893386,1779990826.961026,196.2708916533
1779990827.061026,181.4897825013,1779990827.061026,194.7909837438
1779990827.161026,174.8258404739,1779990827.161026,192.7899043119
1779990827.2610261,255.9649341738,1779990827.2610261,186.8587442131
1779990827.361026,191.22057522,1779990827.361026,183.8879685282
1779990827.461026,200.2729711544,1779990827.461026,181.2626010164
1779990827.561026,182.2550974941,1779990827.561026,178.1425954281
1779990827.661026,218.4627400416,1779990827.661026,181.6909736728
1779990827.7610261,173.7931764421,1779990827.7610261,187.7097385223
1779990827.861026,214.2850397338,1779990827.861026,194.4772436283
1779990827.961026,267.6349852554,1779990827.961026,198.2936656135
1779990828.061026,212.8097020478,1779990828.061026,206.3729827055
1779990828.161026,238.322355992,1779990828.161026,212.6803381712
1779990828.2610261,177.6883610351,1779990828.2610261,211.4853553640
1779990828.361026,190.3102980911,1779990828.361026,210.3733453326
1779990828.461026,226.8619795277,1779990828.461026,201.3472413027
1779990828.561026,234.3157635202,1779990828.561026,190.1410048848
1779990828.661026,251.0065816544,1779990828.661026,186.5293414767
1779990828.7610261,272.4029977309,1779990828.7610261,187.3174338860
1779990828.861026,286.3349491719,1779990828.861026,187.3550101376
1779990828.961026,226.3019673765,1779990828.961026,186.7313461900
1779990829.061026,235.9655711486,1779990829.061026,187.3074545793
1779990829.161026,179.5383890854,1779990829.161026,189.9913886408
1779990829.2610261,229.3896714849,1779990829.2610261,194.2615823557
1779990829.361026,215.410808316,1779990829.361026,197.2179684095
1779990829.461026,207.9629778073,1779990829.461026,203.2383744041
1779990829.561026,187.8873001223,1779990829.561026,208.2872997969
1779990829.661026,199.6383780686,1779990829.661026,199.4820019011
1779990829.7610261,237.9861720282,1779990829.7610261,193.4353208468
1779990829.861026,249.0403201008,1779990829.861026,186.3044061464
1779990829.961026,221.4094508468,1779990829.961026,183.6385466987
1779990830.061026,206.8958871821,1779990830.061026,182.1982154623
1779990830.161026,218.5221929236,1779990830.161026,173.2503773893
1779990830.2610261,195.3228212433,1779990830.2610261,162.3509489663
1779990830.361026,204.4293266692,1779990830.361026,151.5241208527
1779990830.461026,200.6723440382,1779990830.461026,146.2213247537
1779990830.561026,187.7141340665,1779990830.561026,147.3362634158
1779990830.661026,209.6375509951,1779990830.661026,152.7696544212
1779990830.7610261,186.4599287163,1779990830.7610261,153.6176156142
1779990830.861026,218.4836883011,1779990830.861026,151.2016505507
1779990830.961026,209.6040823402,1779990830.961026,152.5561844207
1779990831.061026,186.9637149674,1779990831.061026,156.5765708023
1779990831.161026,180.4116987993,1779990831.161026,159.9801195919
1779990831.2610261,228.8188494450,1779990831.2610261,157.2665341597
1779990831.361026,203.6535083896,1779990831.361026,151.3114777277
1779990831.461026,211.4098135246,1779990831.461026,149.0747667983
1779990831.561026,184.6545160393,1779990831.561026,147.7651331835
1779990831.661026,182.1225133566,1779990831.661026,151.8277751061
1779990831.7610261,149.1060608757,1779990831.7610261,162.0007645553
1779990831.861026,171.7656517249,1779990831.861026,170.8026319967
1779990831.961026,183.3065416313,1779990831.961026,177.6536375011
1779990832.061026,177.9110974722,1779990832.061026,185.1931437598
1779990832.161026,201.0279162019,1779990832.161026,189.1748568393
1779990832.2610261,220.2656957507,1779990832.2610261,192.0035444036
1779990832.361026,219.9099392544,1779990832.361026,198.8093859354
1779990832.461026,185.9522158584,1779990832.461026,203.0725579872
1779990832.561026,178.4215956509,1779990832.561026,209.1826191839
1779990832.661026,204.7115337934,1779990832.661026,206.4107884006
1779990832.7610261,200.2926948196,1779990832.7610261,202.9665399954
1779990832.861026,178.5642556611,1779990832.861026,202.3951336067
1779990832.961026,209.7832868035,1779990832.961026,202.7195191885
1779990833.061026,209.7931974771,1779990833.061026,202.0063211783
1779990833.161026,179.4345072901,1779990833.161026,204.2631464045
1779990833.2610261,207.0455214386,1779990833.2610261,198.9899301365
1779990833.361026,205.5349470569,1779990833.361026,190.1286605968
1779990833.461026,202.346084371,1779990833.461026,185.3911901026
1779990833.561026,187.2368786002,1779990833.561026,183.7260121877
1779990833.661026,200.7323572520,1779990833.661026,183.6432300930
1779990833.7610261,208.8909708039,1779990833.7610261,187.2831460077
1779990833.861026,179.3380843609,1779990833.861026,190.6071778916
1779990833.961026,252.3976836605,1779990833.961026,190.9904290915
1779990834.061026,185.981186868,1779990834.061026,187.7773667759
1779990834.161026,204.3580421639,1779990834.161026,185.2166769383
1779990834.2610261,207.0531488192,1779990834.2610261,185.1629543791
1779990834.361026,211.606055616,1779990834.361026,186.6995108067
1779990834.461026,185.8697029363,1779990834.461026,188.3913503617
1779990834.561026,215.5236972557,1779990834.561026,185.5152935937
1779990834.661026,194.1335333317,1779990834.661026,184.1830610081
1779990834.7610261,176.6909233945,1779990834.7610261,186.0509917327
1779990834.861026,198.4977695876,1779990834.861026,190.9552255685
1779990834.961026,185.0798541419,1779990834.961026,193.5942588041
1779990835.061026,253.9947582452,1779990835.061026,197.5699726633
1779990835.161026,218.7111031417,1779990835.161026,198.7738207361
1779990835.2610261,180.6520094618,1779990835.2610261,200.8682995256
1779990835.361026,217.8220527363,1779990835.361026,198.2473773237
1779990835.461026,191.8924058770,1779990835.461026,196.8833099651
1779990835.561026,199.1694369495,1779990835.561026,192.9179239701
1779990835.661026,208.0031286218,1779990835.661026,188.2190171903
1779990835.7610261,194.1703178719,1779990835.7610261,188.2516324103
1779990835.861026,197.1339573255,1779990835.861026,189.9841576892
1779990835.961026,231.5187796259,1779990835.961026,188.4437203043
1779990836.061026,209.0577167369,1779990836.061026,193.5376110939
1779990836.161026,182.4710685611,1779990836.161026,198.2388704916
1779990836.2610261,260.3807629171,1779990836.2610261,202.3090627792
1779990836.361026,228.908542028,1779990836.361026,208.9216128361
1779990836.461026,184.6609206272,1779990836.461026,208.1141236955
1779990836.561026,204.2200456948,1779990836.561026,213.8030631585
1779990836.661026,202.2096953091,1779990836.661026,215.4846750837
1779990836.7610261,257.6529573166,1779990836.7610261,217.0186459070
1779990836.861026,216.1794117965,1779990836.861026,219.2311902294
1779990836.961026,206.391839212,1779990836.961026,216.1192894324
1779990837.061026,217.8910476497,1779990837.061026,210.456461931
1779990837.161026,216.6671707816,1779990837.161026,201.5918801465
1779990837.2610261,221.7341334351,1779990837.2610261,201.4516587848
1779990837.361026,232.5915565139,1779990837.361026,201.3159762328
1779990837.461026,195.6725326096,1779990837.461026,201.1891202728
1779990837.561026,218.2966044546,1779990837.561026,201.0725790772
1779990837.661026,178.9038008582,1779990837.661026,189.4551667253
1779990837.7610261,228.9120646003,1779990837.7610261,184.1331818297
1779990837.861026,229.8913526228,1779990837.861026,180.8955072771
1779990837.961026,218.0632460474,1779990837.961026,184.1523533495
1779990838.061026,209.4950278032,1779990838.061026,190.5059155031
1779990838.161026,252.8516277002,1779990838.161026,187.5662540234
1779990838.2610261,216.7608368849,1779990838.2610261,186.5476186978
1779990838.361026,179.0588312460,1779990838.361026,187.0979025930
1779990838.461026,209.6310935729,1779990838.461026,193.1690871035
1779990838.561026,199.0414380282,1779990838.561026,198.1434083433
1779990838.661026,187.4373335971,1779990838.661026,196.2845464803
1779990838.7610261,196.8461038678,1779990838.7610261,191.3062427952
1779990838.861026,207.3925613122,1779990838.861026,186.2466580919
1779990838.961026,186.5906309755,1779990838.961026,181.2136935788
1779990839.061026,219.7602068394,1779990839.061026,179.5344207423
1779990839.161026,206.2054808461,1779990839.161026,182.1590223839
1779990839.2610261,206.2054808461,1779990839.2610261,0.
1779990839.361026,206.2054808461,1779990839.361026,0.
1779990839.461026,206.2054808461,1779990839.461026,0.
1779990839.561026,206.2054808461,1779990839.561026,0.
1779990839.661026,206.2054808461,1779990839.661026,0.
1779990839.7610261,206.2054808461,1779990839.7610261,0.
1779990839.861026,206.2054808461,1779990839.861026,0.
1779990839.961026,206.2054808461,1779990839.961026,0.
1779990840.061026,206.2054808461,1779990840.061026,0.
1779990840.161026,206.2054808461,1779990840.161026,0.
1779990840.2610261,206.2054808461,1779990840.2610261,0.
1779990840.361026,206.2054808461,1779990840.361026,0.
1779990840.461026,206.2054808461,1779990840.461026,0.
1779990840.561026,206.2054808461,1779990840.561026,0.
1779990840.661026,206.2054808461,1779990840.661026,0.
1779990840.7610261,206.2054808461,1779990840.7610261,0.
1779990840.861026,206.2054808461,1779990840.861026,0.
1779990840.961026,206.2054808461,1779990840.961026,0.
1779990841.061026,206.2054808461,1779990841.061026,0.
1779990841.161026,206.2054808461,1779990841.161026,0.
1779990841.2610261,206.2054808461,1779990841.2610261,0.
1779990841.361026,206.2054808461,1779990841.361026,0.
1779990841.461026,206.2054808461,1779990841.461026,0.
1779990841.561026,206.2054808461,1779990841.561026,0.
1779990841.661026,206.2054808461,1779990841.661026,0.
1779990841.7610261,206.2054808461,1779990841.7610261,0.
1779990841.861026,206.2054808461,1779990841.861026,0.
1779990841.961026,206.2054808461,1779990841.961026,0.
1779990842.061026,206.2054808461,1779990842.061026,0.
1779990842.161026,206.2054808461,1779990842.161026,0.
1779990842.2610261,206.2054808461,1779990842.2610261,0.
1779990842.361026,206.2054808461,1779990842.361026,0.
1779990842.461026,206.2054808461,1779990842.461026,0.
1779990842.561026,206.2054808461,1779990842.561026,0.
1779990842.661026,206.2054808461,1779990842.661026,0.
1779990842.7610261,206.2054808461,1779990842.7610261,0.
1779990842.861026,206.2054808461,1779990842.861026,0.
1779990842.961026,206.2054808461,1779990842.961026,0.
1779990843.061026,206.2054808461,1779990843.061026,0.
1779990843.161026,206.2054808461,1779990843.161026,0.
1779990843.2610261,206.2054808461,1779990843.2610261,0.
1779990843.361026,206.2054808461,1779990843.361026,0.
1779990843.461026,206.2054808461,1779990843.461026,0.
1779990843.561026,206.2054808461,1779990843.561026,0.
1779990843.661026,206.2054808461,1779990843.661026,0.
1779990843.7610261,206.2054808461,1779990843.7610261,0.
1779990843.861026,206.2054808461,1779990843.861026,0.
1779990843.961026,206.2054808461,1779990843.961026,0.
1779990844.061026,206.2054808461,1779990844.061026,0.
1779990844.161026,206.2054808461,1779990844.161026,0.
1779990844.2610261,206.2054808461,1779990844.2610261,0.
1779990844.361026,206.2054808461,1779990844.361026,0.
1779990844.461026,206.2054808461,1779990844.461026,0.
1779990844.561026,206.2054808461,1779990844.561026,0.
1779990844.661026,206.2054808461,1779990844.661026,0.
1779990844.7610261,206.2054808461,1779990844.7610261,0.
1779990844.861026,206.2054808461,1779990844.861026,0.
1779990844.961026,206.2054808461,1779990844.961026,0.
1779990845.061026,206.2054808461,1779990845.061026,0.
1779990845.161026,206.2054808461,1779990845.161026,0.
1779990845.2610261,206.2054808461,1779990845.2610261,0.
1779990845.361026,206.2054808461,1779990845.361026,0.
1779990845.461026,206.2054808461,1779990845.461026,0.
1779990845.561026,206.2054808461,1779990845.561026,0.
1779990845.661026,206.2054808461,1779990845.661026,0.
1779990845.7610261,206.2054808461,1779990845.7610261,0.
1779990845.861026,206.2054808461,1779990845.861026,0.
1779990845.961026,206.2054808461,1779990845.961026,0.
1779990846.061026,206.2054808461,1779990846.061026,0.
1779990846.161026,206.2054808461,1779990846.161026,0.
1779990846.2610261,206.2054808461,1779990846.2610261,0.
1779990846.361026,206.2054808461,1779990846.361026,0.
1779990846.461026,206.2054808461,1779990846.461026,0.
1779990846.561026,206.2054808461,1779990846.561026,0.
1779990846.661026,206.2054808461,1779990846.661026,0.
1779990846.7610261,206.2054808461,1779990846.7610261,0.
1779990846.861026,206.2054808461,1779990846.861026,0.
1779990846.961026,206.2054808461,1779990846.961026,0.
1779990847.061026,206.2054808461,1779990847.061026,0.
1779990847.161026,206.2054808461,1779990847.161026,0.
1779990847.2610261,206.2054808461,1779990847.2610261,0.
1779990847.361026,206.2054808461,1779990847.361026,0.
1779990847.461026,206.2054808461,1779990847.461026,0.
1779990847.561026,206.2054808461,1779990847.561026,0.
1779990847.661026,206.2054808461,1779990847.661026,0.
1779990847.7610261,206.2054808461,1779990847.7610261,0.
1779990847.861026,206.2054808461,1779990847.861026,0.
1779990847.961026,206.2054808461,1779990847.961026,0.
1779990848.061026,206.2054808461,1779990848.061026,0.
1779990848.161026,206.2054808461,1779990848.161026,0.
1779990848.2610261,206.2054808461,1779990848.2610261,0.
1779990848.361026,206.2054808461,1779990848.361026,0.
1779990848.461026,206.2054808461,1779990848.461026,0.
1779990848.561026,206.2054808461,1779990848.561026,0.
1779990848.661026,206.2054808461,1779990848.661026,0.
1779990848.7610261,206.2054808461,1779990848.7610261,0.
1779990848.861026,206.2054808461,1779990848.861026,0.
1779990848.961026,206.2054808461,1779990848.961026,0.
1779990849.061026,206.2054808461,1779990849.061026,0.
1779990849.161026,206.2054808461,1779990849.161026,0.
1779990849.2610261,206.2054808461,1779990849.2610261,0.
1779990849.361026,206.2054808461,1779990849.361026,0.
1779990849.461026,206.2054808461,1779990849.461026,0.
1779990849.561026,206.2054808461,1779990849.561026,0.
1779990849.661026,206.2054808461,1779990849.661026,0.
1779990849.7610261,206.2054808461,1779990849.7610261,0.
1779990849.861026,206.2054808461,1779990849.861026,0.
1779990849.961026,206.2054808461,1779990849.961026,0.
1779990850.061026,206.2054808461,1779990850.061026,0.
1779990850.161026,206.2054808461,1779990850.161026,0.
1779990850.2610261,206.2054808461,1779990850.2610261,0.
1779990850.361026,206.2054808461,1779990850.361026,0.
1779990850.461026,206.2054808461,1779990850.461026,0.
1779990850.561026,206.2054808461,1779990850.561026,0.
1779990850.661026,206.2054808461,1779990850.661026,0.
1779990850.7610261,206.2054808461,1779990850.7610261,0.
1779990850.861026,206.2054808461,1779990850.861026,0.
1779990850.961026,206.2054808461,1779990850.961026,0.
1779990851.061026,206.2054808461,1779990851.061026,0.
1779990851.161026,206.2054808461,1779990851.161026,0.
1779990851.2610261,206.2054808461,1779990851.2610261,0.
1779990851.361026,206.2054808461,1779990851.361026,0.
1779990851.461026,206.2054808461,1779990851.461026,0.
1779990851.561026,206.2054808461,1779990851.561026,0.
1779990851.661026,206.2054808461,1779990851.661026,0.
1779990851.7610261,206.2054808461,1779990851.7610261,0.
1779990851.861026,206.2054808461,1779990851.861026,0.
1779990851.961026,206.2054808461,1779990851.961026,0.
1779990852.061026,206.2054808461,1779990852.061026,0.
1779990852.161026,206.2054808461,1779990852.161026,0.
1779990852.2610261,206.2054808461,1779990852.2610261,0.
1779990852.361026,206.2054808461,1779990852.361026,0.
1779990852.461026,206.2054808461,1779990852.461026,0.
1779990852.561026,206.2054808461,1779990852.561026,0.
1779990852.661026,206.2054808461,1779990852.661026,0.
1779990852.7610261,206.2054808461,1779990852.7610261,0.
1779990852.861026,206.2054808461,1779990852.861026,0.
1779990852.961026,206.2054808461,1779990852.961026,0.
1779990853.061026,206.2054808461,1779990853.061026,0.
1779990853.161026,206.2054808461,1779990853.161026,0.
1779990853.2610261,206.2054808461,1779990853.2610261,0.
1779990853.361026,206.2054808461,1779990853.361026,0.
1779990853.461026,206.2054808461,1779990853.461026,0.
1779990853.561026,206.2054808461,1779990853.561026,0.
1779990853.661026,206.2054808461,1779990853.661026,0.
1779990853.7610261,206.2054808461,1779990853.7610261,0.
1779990853.861026,206.2054808461,1779990853.861026,0.
1779990853.961026,206.2054808461,1779990853.961026,0.
1779990854.061026,206.2054808461,1779990854.061026,0.
1779990854.161026,206.2054808461,1779990854.161026,0.
1779990854.2610261,206.2054808461,1779990854.2610261,0.
1779990854.361026,206.2054808461,1779990854.361026,0.
1779990854.461026,206.2054808461,1779990854.461026,0.
1779990854.561026,206.2054808461,1779990854.561026,0.
1779990854.661026,206.2054808461,1779990854.661026,0.
1779990854.7610261,206.2054808461,1779990854.7610261,0.
1779990854.861026,206.2054808461,1779990854.861026,0.
1779990854.961026,206.2054808461,1779990854.961026,0.
1779990855.061026,206.2054808461,1779990855.061026,0.
1779990855.161026,206.2054808461,1779990855.161026,0.
1779990855.2610261,206.2054808461,1779990855.2610261,0.
1779990855.361026,206.2054808461,1779990855.361026,0.
1779990855.461026,206.2054808461,1779990855.461026,0.
1779990855.561026,206.2054808461,1779990855.561026,0.
1779990855.661026,206.2054808461,1779990855.661026,0.
1779990855.7610261,206.2054808461,1779990855.7610261,0.
1779990855.861026,206.2054808461,1779990855.861026,0.
1779990855.961026,206.2054808461,1779990855.961026,0.
1779990856.061026,206.2054808461,1779990856.061026,0.
1779990856.161026,206.2054808461,1779990856.161026,0.
1779990856.2610261,206.2054808461,1779990856.2610261,0.
1779990856.361026,206.2054808461,1779990856.361026,0.
1779990856.461026,206.2054808461,1779990856.461026,0.
1779990856.561026,206.2054808461,1779990856.561026,0.
1779990856.661026,206.2054808461,1779990856.661026,0.
1779990856.7610261,206.2054808461,1779990856.7610261,0.
1779990856.861026,206.2054808461,1779990856.861026,0.
1779990856.961026,206.2054808461,1779990856.961026,0.
1779990857.061026,206.2054808461,1779990857.061026,0.
1779990857.161026,206.2054808461,1779990857.161026,0.
1779990857.2610261,206.2054808461,1779990857.2610261,0.
1779990857.361026,206.2054808461,1779990857.361026,0.
1779990857.461026,206.2054808461,1779990857.461026,0.
1779990857.561026,206.2054808461,1779990857.561026,0.
1779990857.661026,206.2054808461,1779990857.661026,0.
1779990857.7610261,206.2054808461,1779990857.7610261,0.
1779990857.861026,206.2054808461,1779990857.861026,0.
1779990857.961026,206.2054808461,1779990857.961026,0.
1779990858.061026,206.2054808461,1779990858.061026,0.
1779990858.161026,206.2054808461,1779990858.161026,0.
1779990858.2610261,206.2054808461,1779990858.2610261,0.
1779990858.361026,206.2054808461,1779990858.361026,0.
1779990858.461026,206.2054808461,1779990858.461026,0.
1779990858.561026,206.2054808461,1779990858.561026,0.
1779990858.661026,206.2054808461,1779990858.661026,0.
1779990858.7610261,206.2054808461,1779990858.7610261,0.
1779990858.861026,206.2054808461,1779990858.861026,0.
1779990858.961026,206.2054808461,1779990858.961026,0.
1779990859.061026,206.2054808461,1779990859.061026,0.
1779990859.161026,206.2054808461,1779990859.161026,0.
1779990859.2610261,206.2054808461,1779990859.2610261,0.
1779990859.361026,206.2054808461,1779990859.361026,0.
1779990859.461026,206.2054808461,1779990859.461026,0.
1779990859.561026,206.2054808461,1779990859.561026,0.
1779990859.661026,206.2054808461,1779990859.661026,0.
1779990859.7610261,206.2054808461,1779990859.7610261,0.
1779990859.861026,206.2054808461,1779990859.861026,0.
1779990859.961026,206.2054808461,1779990859.961026,0.
1779990860.061026,206.2054808461,1779990860.061026,0.
1779990860.161026,206.2054808461,1779990860.161026,0.
1779990860.2610261,206.2054808461,1779990860.2610261,0.
1779990860.361026,206.2054808461,1779990860.361026,0.
1779990860.461026,206.2054808461,1779990860.461026,0.
1779990860.561026,206.2054808461,1779990860.561026,0.
1779990860.661026,206.2054808461,1779990860.661026,0.
1779990860.7610261,206.2054808461,1779990860.7610261,0.
1779990860.861026,206.2054808461,1779990860.861026,0.
1779990860.961026,206.2054808461,1779990860.961026,0.
1779990861.061026,206.2054808461,1779990861.061026,0.
1779990861.161026,206.2054808461,1779990861.161026,0.
1779990861.2610261,206.2054808461,1779990861.2610261,0.
1779990861.361026,206.2054808461,1779990861.361026,0.
1779990861.461026,206.2054808461,1779990861.461026,0.
1779990861.561026,206.2054808461,1779990861.561026,0.
1779990861.661026,206.2054808461,1779990861.661026,0.
1779990861.7610261,206.2054808461,1779990861.7610261,0.
1779990861.861026,206.2054808461,1779990861.861026,0.
1779990861.961026,206.2054808461,1779990861.961026,0.
1779990862.061026,206.2054808461,1779990862.061026,0.
1779990862.161026,206.2054808461,1779990862.161026,0.
1779990862.2610261,206.2054808461,1779990862.2610261,0.
1779990862.361026,206.2054808461,1779990862.361026,0.
1779990862.461026,206.2054808461,1779990862.461026,0.
1779990862.561026,206.2054808461,1779990862.561026,0.
1779990862.661026,206.2054808461,1779990862.661026,0.
1779990862.7610261,206.2054808461,1779990862.7610261,0.
1779990862.861026,206.2054808461,1779990862.861026,0.
1779990862.961026,206.2054808461,1779990862.961026,0.
1779990863.061026,206.2054808461,1779990863.061026,0.
1779990863.161026,206.2054808461,1779990863.161026,0.
1779990863.2610261,206.2054808461,1779990863.2610261,0.
1779990863.361026,206.2054808461,1779990863.361026,0.
1779990863.461026,206.2054808461,1779990863.461026,0.
1779990863.561026,206.2054808461,1779990863.561026,0.
1779990863.661026,206.2054808461,1779990863.661026,0.
1779990863.7610261,206.2054808461,1779990863.7610261,0.
1779990863.861026,206.2054808461,1779990863.861026,0.
1779990863.961026,206.2054808461,1779990863.961026,0.
1779990864.061026,206.2054808461,1779990864.061026,0.
1779990864.161026,206.2054808461,1779990864.161026,0.
1779990864.2610261,206.2054808461,1779990864.2610261,0.
1779990864.361026,206.2054808461,1779990864.361026,0.
1779990864.461026,206.2054808461,1779990864.461026,0.
1779990864.561026,206.2054808461,1779990864.561026,0.
1779990864.661026,206.2054808461,1779990864.661026,0.
1779990864.7610261,206.2054808461,1779990864.7610261,0.
1779990864.861026,206.2054808461,1779990864.861026,0.
1779990864.961026,206.2054808461,1779990864.961026,0.
1779990865.061026,206.2054808461,1779990865.061026,0.
1779990865.161026,206.2054808461,1779990865.161026,0.
1779990865.2610261,206.2054808461,1779990865.2610261,0.
1779990865.361026,206.2054808461,1779990865.361026,0.
1779990865.461026,206.2054808461,1779990865.461026,0.
1779990865.561026,206.2054808461,1779990865.561026,0.
1779990865.661026,206.2054808461,1779990865.661026,0.
1779990865.7610261,206.2054808461,1779990865.7610261,0.
1779990865.861026,206.2054808461,1779990865.861026,0.
1779990865.961026,206.2054808461,1779990865.961026,0.
1779990866.061026,206.2054808461,1779990866.061026,0.
1779990866.161026,206.2054808461,1779990866.161026,0.
1779990866.2610261,206.2054808461,1779990866.2610261,0.
1779990866.361026,206.2054808461,1779990866.361026,0.
1779990866.461026,206.2054808461,1779990866.461026,0.
1779990866.561026,206.2054808461,1779990866.561026,0.
1779990866.661026,206.2054808461,1779990866.661026,0.
1779990866.7610261,206.2054808461,1779990866.7610261,0.
1779990866.861026,206.2054808461,1779990866.861026,0.
1779990866.961026,206.2054808461,1779990866.961026,0.
1779990867.061026,206.2054808461,1779990867.061026,0.
1779990867.161026,206.2054808461,1779990867.161026,0.
1779990867.2610261,206.2054808461,1779990867.2610261,0.
1779990867.361026,206.2054808461,1779990867.361026,0.
1779990867.461026,206.2054808461,1779990867.461026,0.
1779990867.561026,206.2054808461,1779990867.561026,0.
1779990867.661026,206.2054808461,1779990867.661026,0.
1779990867.7610261,206.2054808461,1779990867.7610261,0.
1779990867.861026,206.2054808461,1779990867.861026,0.
1779990867.961026,206.2054808461,1779990867.961026,0.
1779990868.061026,206.2054808461,1779990868.061026,0.
1779990868.161026,206.2054808461,1779990868.161026,0.
1779990868.2610261,206.2054808461,1779990868.2610261,0.
1779990868.361026,206.2054808461,1779990868.361026,0.
1779990868.461026,206.2054808461,1779990868.461026,0.
1779990868.561026,206.2054808461,1779990868.561026,0.
1779990868.661026,206.2054808461,1779990868.661026,0.
1779990868.7610261,206.2054808461,1779990868.7610261,0.
1779990868.861026,206.2054808461,1779990868.861026,0.
1779990868.961026,206.2054808461,1779990868.961026,0.
1779990869.061026,206.2054808461,1779990869.061026,0.
1779990869.161026,206.2054808461,1779990869.161026,0.
1779990869.2610261,206.2054808461,1779990869.2610261,0.
1779990869.361026,206.2054808461,1779990869.361026,0.
1779990869.461026,206.2054808461,1779990869.461026,0.
1779990869.561026,206.2054808461,1779990869.561026,0.
1779990869.661026,206.2054808461,1779990869.661026,0.
1779990869.7610261,206.2054808461,1779990869.7610261,0.
1779990869.861026,206.2054808461,1779990869.861026,0.
1779990869.961026,206.2054808461,1779990869.961026,0.
1779990870.061026,206.2054808461,1779990870.061026,0.
1779990870.161026,206.2054808461,1779990870.161026,0.
1779990870.2610261,206.2054808461,1779990870.2610261,0.
1779990870.361026,206.2054808461,1779990870.361026,0.
1779990870.461026,206.2054808461,1779990870.461026,0.
1779990870.561026,206.2054808461,1779990870.561026,0.
1779990870.661026,206.2054808461,1779990870.661026,0.
1779990870.7610261,206.2054808461,1779990870.7610261,0.
1779990870.861026,206.2054808461,1779990870.861026,0.
1779990870.961026,206.2054808461,1779990870.961026,0.
1779990871.061026,206.2054808461,1779990871.061026,0.
1779990871.161026,206.2054808461,1779990871.161026,0.
1779990871.2610261,206.2054808461,1779990871.2610261,0.
1779990871.361026,206.2054808461,1779990871.361026,0.
1779990871.461026,206.2054808461,1779990871.461026,0.
1779990871.561026,206.2054808461,1779990871.561026,0.
1779990871.661026,206.2054808461,1779990871.661026,0.
1779990871.7610261,206.2054808461,1779990871.7610261,0.
1779990871.861026,206.2054808461,1779990871.861026,0.
1779990871.961026,206.2054808461,1779990871.961026,0.
1779990872.061026,206.2054808461,1779990872.061026,0.
1779990872.161026,206.2054808461,1779990872.161026,0.
1779990872.2610261,206.2054808461,1779990872.2610261,0.
1779990872.361026,206.2054808461,1779990872.361026,0.
1779990872.461026,206.2054808461,1779990872.461026,0.
1779990872.561026,206.2054808461,1779990872.561026,0.
1779990872.661026,206.2054808461,1779990872.661026,0.
1779990872.7610261,206.2054808461,1779990872.7610261,0.
1779990872.861026,206.2054808461,1779990872.861026,0.
1779990872.961026,206.2054808461,1779990872.961026,0.
1779990873.061026,206.2054808461,1779990873.061026,0.
1779990873.161026,206.2054808461,1779990873.161026,0.
1779990873.2610261,206.2054808461,1779990873.2610261,0.
1779990873.361026,206.2054808461,1779990873.361026,0.
1779990873.461026,206.2054808461,1779990873.461026,0.
1779990873.561026,206.2054808461,1779990873.561026,0.
1779990873.661026,206.2054808461,1779990873.661026,0.
1779990873.7610261,206.2054808461,1779990873.7610261,0.
1779990873.861026,206.2054808461,1779990873.861026,0.
1779990873.961026,206.2054808461,1779990873.961026,0.
1779990874.061026,206.2054808461,1779990874.061026,0.
1779990874.161026,206.2054808461,1779990874.161026,0.
1779990874.2610261,206.2054808461,1779990874.2610261,0.
1779990874.361026,206.2054808461,1779990874.361026,0.
1779990874.461026,206.2054808461,1779990874.461026,0.
1779990874.561026,206.2054808461,1779990874.561026,0.
1779990874.661026,206.2054808461,1779990874.661026,0.
1779990874.7610261,206.2054808461,1779990874.7610261,0.
1779990874.861026,206.2054808461,1779990874.861026,0.
1779990874.961026,0.,1779990874.961026,200.
1779990875.061026,0.,1779990875.061026,200.
1779990875.161026,0.,1779990875.161026,200.
1779990875.2610261,0.,1779990875.2610261,200.
1779990875.361026,0.,1779990875.361026,200.
1779990875.461026,0.,1779990875.461026,200.
1779990875.561026,0.,1779990875.561026,200.
1779990875.661026,0.,1779990875.661026,200.
1779990875.7610261,0.,1779990875.7610261,200.
1779990875.861026,0.,1779990875.861026,200.
1779990875.961026,0.,1779990875.961026,200.
1779990876.061026,0.,1779990876.061026,200.
1779990876.161026,0.,1779990876.161026,200.
1779990876.2610261,0.,1779990876.2610261,200.
1779990876.361026,0.,1779990876.361026,200.
1779990876.461026,0.,1779990876.461026,200.
1779990876.561026,0.,1779990876.561026,200.
1779990876.661026,0.,1779990876.661026,200.
1779990876.7610261,0.,1779990876.7610261,200.
1779990876.861026,0.,1779990876.861026,200.
1779990876.961026,0.,1779990876.961026,200.
1779990877.061026,0.,1779990877.061026,200.
1779990877.161026,0.,1779990877.161026,200.
1779990877.2610261,0.,1779990877.2610261,200.
1779990877.361026,0.,1779990877.361026,200.
1779990877.461026,0.,1779990877.461026,200.
1779990877.561026,0.,1779990877.561026,200.
1779990877.661026,0.,1779990877.661026,200.
1779990877.7610261,0.,1779990877.7610261,200.
1779990877.861026,0.,1779990877.861026,200.
1779990877.961026,0.,1779990877.961026,200.
1779990878.061026,0.,1779990878.061026,200.
1779990878.161026,0.,1779990878.161026,200.
1779990878.2610261,0.,1779990878.2610261,200.
1779990878.361026,0.,1779990878.361026,200.
1779990878.461026,0.,1779990878.461026,200.
1779990878.561026,0.,1779990878.561026,200.
1779990878.661026,0.,1779990878.661026,200.
1779990878.7610261,0.,1779990878.7610261,200.
1779990878.861026,0.,1779990878.861026,200.
1779990878.961026,0.,1779990878.961026,200.
1779990879.061026,0.,1779990879.061026,200.
1779990879.161026,0.,1779990879.161026,200.
1779990879.2610261,0.,1779990879.2610261,200.
1779990879.361026,0.,1779990879.361026,200.
1779990879.461026,0.,1779990879.461026,200.
1779990879.561026,0.,1779990879.561026,200.
1779990879.661026,0.,1779990879.661026,200.
1779990879.7610261,0.,1779990879.7610261,200.
1779990879.861026,0.,1779990879.861026,200.
1779990879.961026,0.,1779990879.961026,200.
1779990880.061026,0.,1779990880.061026,200.
1779990880.161026,0.,1779990880.161026,200.
1779990880.2610261,0.,1779990880.2610261,200.
1779990880.361026,0.,1779990880.361026,200.
1779990880.461026,0.,1779990880.461026,200.
1779990880.561026,0.,1779990880.561026,200.
1779990880.661026,0.,1779990880.661026,200.
1779990880.7610261,0.,1779990880.7610261,200.
1779990880.861026,0.,1779990880.861026,200.
1779990880.961026,0.,1779990880.961026,200.
1779990881.061026,0.,1779990881.061026,200.
1779990881.161026,0.,1779990881.161026,200.
1779990881.2610261,0.,1779990881.2610261,200.
1779990881.361026,0.,1779990881.361026,200.
1779990881.461026,0.,1779990881.461026,200.
1779990881.561026,0.,1779990881.561026,200.
1779990881.661026,0.,1779990881.661026,200.
1779990881.7610261,0.,1779990881.7610261,200.
1779990881.861026,0.,1779990881.861026,200.
1779990881.961026,0.,1779990881.961026,200.
1779990882.061026,0.,1779990882.061026,200.
1779990882.161026,0.,1779990882.161026,200.
1779990882.2610261,0.,1779990882.2610261,200.
1779990882.361026,0.,1779990882.361026,200.
1779990882.461026,0.,1779990882.461026,200.
1779990882.561026,0.,1779990882.561026,200.
1779990882.661026,0.,1779990882.661026,200.
1779990882.7610261,0.,1779990882.7610261,200.
1779990882.861026,0.,1779990882.861026,200.
1779990882.961026,0.,1779990882.961026,200.
1779990883.061026,0.,1779990883.061026,200.
1779990883.161026,0.,1779990883.161026,200.
1779990883.2610261,0.,1779990883.2610261,200.
1779990883.361026,0.,1779990883.361026,200.
1779990883.461026,0.,1779990883.461026,200.
1779990883.561026,0.,1779990883.561026,200.
1779990883.661026,0.,1779990883.661026,200.
1779990883.7610261,0.,1779990883.7610261,200.
1779990883.861026,0.,1779990883.861026,200.
1779990883.961026,0.,1779990883.961026,200.
1779990884.061026,0.,1779990884.061026,200.
1779990884.161026,0.,1779990884.161026,200.
1779990884.2610261,0.,1779990884.2610261,200.
1779990884.361026,0.,1779990884.361026,200.
1779990884.461026,0.,1779990884.461026,200.
1779990884.561026,0.,1779990884.561026,200.
1779990884.661026,0.,1779990884.661026,200.
1779990884.7610261,0.,1779990884.7610261,200.
1779990884.861026,0.,1779990884.861026,200.
1779990884.961026,0.,1779990884.961026,200.
1779990885.061026,0.,1779990885.061026,200.
1779990885.161026,0.,1779990885.161026,200.
1779990885.2610261,0.,1779990885.2610261,200.
1779990885.361026,0.,1779990885.361026,200.
1779990885.461026,0.,1779990885.461026,200.
1779990885.561026,0.,1779990885.561026,200.
1779990885.661026,0.,1779990885.661026,200.
1779990885.7610261,0.,1779990885.7610261,200.
1779990885.861026,0.,1779990885.861026,200.
1779990885.961026,0.,1779990885.961026,200.
1779990886.061026,0.,1779990886.061026,200.
1779990886.161026,0.,1779990886.161026,200.
1779990886.2610261,0.,1779990886.2610261,200.
1779990886.361026,0.,1779990886.361026,200.
1779990886.461026,0.,1779990886.461026,200.
1779990886.561026,0.,1779990886.561026,200.
1779990886.661026,0.,1779990886.661026,200.
1779990886.7610261,0.,1779990886.7610261,200.
1779990886.861026,0.,1779990886.861026,200.
1779990886.961026,0.,1779990886.961026,200.
1779990887.061026,0.,1779990887.061026,200.
1779990887.161026,0.,1779990887.161026,200.
1779990887.2610261,0.,1779990887.2610261,200.
1779990887.361026,0.,1779990887.361026,200.
1779990887.461026,0.,1779990887.461026,200.
1779990887.561026,0.,1779990887.561026,200.
1779990887.661026,0.,1779990887.661026,200.
1779990887.7610261,0.,1779990887.7610261,200.
1779990887.861026,0.,1779990887.861026,200.
1779990887.961026,0.,1779990887.961026,200.
1779990888.061026,0.,1779990888.061026,200.
1779990888.161026,0.,1779990888.161026,200.
1779990888.2610261,0.,1779990888.2610261,200.
1779990888.361026,0.,1779990888.361026,200.
1779990888.461026,0.,1779990888.461026,200.
1779990888.561026,0.,1779990888.561026,200.
1779990888.661026,0.,1779990888.661026,200.
1779990888.7610261,0.,1779990888.7610261,200.
1779990888.861026,0.,1779990888.861026,200.
1779990888.961026,0.,1779990888.961026,200.
1779990889.061026,0.,1779990889.061026,200.
1779990889.161026,0.,1779990889.161026,200.
1779990889.2610261,0.,1779990889.2610261,200.
1779990889.361026,0.,1779990889.361026,200.
1779990889.461026,0.,1779990889.461026,200.
1779990889.561026,0.,1779990889.561026,200.
1779990889.661026,0.,1779990889.661026,200.
1779990889.7610261,0.,1779990889.7610261,200.
1779990889.861026,0.,1779990889.861026,200.
1779990889.961026,0.,1779990889.961026,200.
1779990890.061026,0.,1779990890.061026,200.
1779990890.161026,0.,1779990890.161026,200.
1779990890.2610261,0.,1779990890.2610261,200.
1779990890.361026,0.,1779990890.361026,200.
1779990890.461026,0.,1779990890.461026,200.
1779990890.561026,0.,1779990890.561026,200.
1779990890.661026,0.,1779990890.661026,200.
1779990890.7610261,0.,1779990890.7610261,200.
1779990890.861026,0.,1779990890.861026,200.
1779990890.961026,0.,1779990890.961026,200.
1779990891.061026,0.,1779990891.061026,200.
1779990891.161026,0.,1779990891.161026,200.
1779990891.2610261,0.,1779990891.2610261,200.
1779990891.361026,0.,1779990891.361026,200.
1779990891.461026,0.,1779990891.461026,200.
1779990891.561026,0.,1779990891.561026,200.
1779990891.661026,0.,1779990891.661026,200.
1779990891.7610261,0.,1779990891.7610261,200.
1779990891.861026,0.,1779990891.861026,200.
1779990891.961026,0.,1779990891.961026,200.
1779990892.061026,0.,1779990892.061026,200.
1779990892.161026,0.,1779990892.161026,200.
1779990892.2610261,0.,1779990892.2610261,200.
1779990892.361026,0.,1779990892.361026,200.
1779990892.461026,0.,1779990892.461026,200.
1779990892.561026,0.,1779990892.561026,200.
1779990892.661026,0.,1779990892.661026,200.
1779990892.7610261,0.,1779990892.7610261,200.
1779990892.861026,0.,1779990892.861026,200.
1779990892.961026,0.,1779990892.961026,200.
1779990893.061026,0.,1779990893.061026,200.
1779990893.161026,0.,1779990893.161026,200.
1779990893.2610261,0.,1779990893.2610261,200.
1779990893.361026,0.,1779990893.361026,200.
1779990893.461026,0.,1779990893.461026,200.
1779990893.561026,0.,1779990893.561026,200.
1779990893.661026,0.,1779990893.661026,200.
1779990893.7610261,0.,1779990893.7610261,200.
1779990893.861026,0.,1779990893.861026,200.
1779990893.961026,0.,1779990893.961026,200.
1779990894.061026,0.,1779990894.061026,200.
1779990894.161026,0.,1779990894.161026,200.
1779990894.2610261,0.,1779990894.2610261,200.
1779990894.361026,0.,1779990894.361026,200.
1779990894.461026,0.,1779990894.461026,200.
1779990894.561026,0.,1779990894.561026,200.
1779990894.661026,0.,1779990894.661026,200.
1779990894.7610261,0.,1779990894.7610261,200.
1779990894.861026,0.,1779990894.861026,200.
1779990894.961026,0.,1779990894.961026,200.
1779990895.061026,0.,1779990895.061026,200.
1779990895.161026,0.,1779990895.161026,200.
1779990895.2610261,0.,1779990895.2610261,200.
1779990895.361026,0.,1779990895.361026,200.
1779990895.461026,0.,1779990895.461026,200.
1779990895.561026,0.,1779990895.561026,200.
1779990895.661026,0.,1779990895.661026,200.
1779990895.7610261,0.,1779990895.7610261,200.
1779990895.861026,0.,1779990895.861026,200.
1779990895.961026,0.,1779990895.961026,200.
1779990896.061026,0.,1779990896.061026,200.
1779990896.161026,0.,1779990896.161026,200.
1779990896.2610261,0.,1779990896.2610261,200.
1779990896.361026,0.,1779990896.361026,200.
1779990896.461026,0.,1779990896.461026,200.
1779990896.561026,0.,1779990896.561026,200.
1779990896.661026,0.,1779990896.661026,200.
1779990896.7610261,0.,1779990896.7610261,200.
1779990896.861026,0.,1779990896.861026,200.
1779990896.961026,0.,1779990896.961026,200.
1779990897.061026,0.,1779990897.061026,200.
1779990897.161026,0.,1779990897.161026,200.
1779990897.2610261,0.,1779990897.2610261,200.
1779990897.361026,0.,1779990897.361026,200.
1779990897.461026,0.,1779990897.461026,200.
1779990897.561026,0.,1779990897.561026,200.
1779990897.661026,0.,1779990897.661026,200.
1779990897.7610261,0.,1779990897.7610261,200.
1779990897.861026,0.,1779990897.861026,200.
1779990897.961026,0.,1779990897.961026,200.
1779990898.061026,0.,1779990898.061026,200.
1779990898.161026,0.,1779990898.161026,200.
1779990898.2610261,0.,1779990898.2610261,200.
1779990898.361026,0.,1779990898.361026,200.
1779990898.461026,0.,1779990898.461026,200.
1779990898.561026,0.,1779990898.561026,200.
1779990898.661026,0.,1779990898.661026,200.
1779990898.7610261,0.,1779990898.7610261,200.
1779990898.861026,0.,1779990898.861026,200.
1779990898.961026,0.,1779990898.961026,200.
1779990899.061026,0.,1779990899.061026,200.
1779990899.161026,0.,1779990899.161026,200.
1779990899.2610261,0.,1779990899.2610261,200.
1779990899.361026,0.,1779990899.361026,200.
1779990899.461026,0.,1779990899.461026,200.
1779990899.561026,0.,1779990899.561026,200.
1779990899.661026,0.,1779990899.661026,200.
1779990899.7610261,0.,1779990899.7610261,200.
1779990899.861026,0.,1779990899.861026,200.
1779990899.961026,0.,1779990899.961026,200.
1779990900.061026,0.,1779990900.061026,200.
1779990900.161026,0.,1779990900.161026,200.
1779990900.2610261,0.,1779990900.2610261,200.
1779990900.361026,0.,1779990900.361026,200.
1779990900.461026,0.,1779990900.461026,200.
1779990900.561026,0.,1779990900.561026,200.
1779990900.661026,0.,1779990900.661026,200.
1779990900.7610261,0.,1779990900.7610261,200.
1779990900.861026,0.,1779990900.861026,200.
1779990900.961026,0.,1779990900.961026,200.
1779990901.061026,0.,1779990901.061026,200.
1779990901.161026,0.,1779990901.161026,200.
1779990901.2610261,0.,1779990901.2610261,200.
1779990901.361026,0.,1779990901.361026,200.
1779990901.461026,0.,1779990901.461026,200.
1779990901.561026,0.,1779990901.561026,200.
1779990901.661026,0.,1779990901.661026,200.
1779990901.7610261,0.,1779990901.7610261,200.
1779990901.861026,0.,1779990901.861026,200.
1779990901.961026,0.,1779990901.961026,200.
1779990902.061026,0.,1779990902.061026,200.
1779990902.161026,0.,1779990902.161026,200.
1779990902.2610261,0.,1779990902.2610261,200.
1779990902.361026,0.,1779990902.361026,200.
1779990902.461026,0.,1779990902.461026,200.
1779990902.561026,0.,1779990902.561026,200.
1779990902.661026,0.,1779990902.661026,200.
1779990902.7610261,0.,1779990902.7610261,200.
1779990902.861026,0.,1779990902.861026,200.
1779990902.961026,0.,1779990902.961026,200.
1779990903.061026,0.,1779990903.061026,200.
1779990903.161026,0.,1779990903.161026,200.
1779990903.2610261,0.,1779990903.2610261,200.
1779990903.361026,0.,1779990903.361026,200.
1779990903.461026,0.,1779990903.461026,200.
1779990903.561026,0.,1779990903.561026,200.
1779990903.661026,0.,1779990903.661026,200.
1779990903.7610261,0.,1779990903.7610261,200.
1779990903.861026,0.,1779990903.861026,200.
1779990903.961026,0.,1779990903.961026,200.
1779990904.061026,0.,1779990904.061026,200.
1779990904.161026,0.,1779990904.161026,200.
1779990904.2610261,0.,1779990904.2610261,200.
1779990904.361026,0.,1779990904.361026,200.
1779990904.461026,0.,1779990904.461026,200.
1779990904.561026,0.,1779990904.561026,200.
1779990904.661026,0.,1779990904.661026,200.
1779990904.7610261,0.,1779990904.7610261,200.
1779990904.861026,0.,1779990904.861026,200.
1779990904.961026,0.,1779990904.961026,200.
1779990905.061026,0.,1779990905.061026,200.
1779990905.161026,0.,1779990905.161026,200.
1779990905.2610261,0.,1779990905.2610261,200.
1779990905.361026,0.,1779990905.361026,200.
1779990905.461026,0.,1779990905.461026,200.
1779990905.561026,0.,1779990905.561026,200.
1779990905.661026,0.,1779990905.661026,200.
1779990905.7610261,0.,1779990905.7610261,200.
1779990905.861026,0.,1779990905.861026,200.
1779990905.961026,0.,1779990905.961026,200.
1779990906.061026,0.,1779990906.061026,200.
1779990906.161026,0.,1779990906.161026,200.
1779990906.2610261,0.,1779990906.2610261,200.
1779990906.361026,0.,1779990906.361026,200.
1779990906.461026,0.,1779990906.461026,200.
1779990906.561026,0.,1779990906.561026,200.
1779990906.661026,0.,1779990906.661026,200.
1779990906.7610261,0.,1779990906.7610261,200.
1779990906.861026,0.,1779990906.861026,200.
1779990906.961026,0.,1779990906.961026,200.
1779990907.061026,0.,1779990907.061026,200.
1779990907.161026,0.,1779990907.161026,200.
1779990907.2610261,0.,1779990907.2610261,200.
1779990907.361026,0.,1779990907.361026,200.
1779990907.461026,0.,1779990907.461026,200.
1779990907.561026,0.,1779990907.561026,200.
1779990907.661026,0.,1779990907.661026,200.
1779990907.7610261,0.,1779990907.7610261,200.
1779990907.861026,0.,1779990907.861026,200.
1779990907.961026,0.,1779990907.961026,200.
1779990908.061026,0.,1779990908.061026,200.
1779990908.161026,0.,1779990908.161026,200.
1779990908.2610261,0.,1779990908.2610261,200.
1779990908.361026,0.,1779990908.361026,200.
1779990908.461026,0.,1779990908.461026,200.
1779990908.561026,0.,1779990908.561026,200.
1779990908.661026,0.,1779990908.661026,200.
1779990908.7610261,0.,1779990908.7610261,200.
1779990908.861026,0.,1779990908.861026,200.
1779990908.961026,0.,1779990908.961026,200.
1779990909.061026,0.,1779990909.061026,200.
1779990909.161026,0.,1779990909.161026,200.
1779990909.2610261,0.,1779990909.2610261,200.
1779990909.361026,0.,1779990909.361026,200.
1779990909.461026,0.,1779990909.461026,200.
1779990909.561026,0.,1779990909.561026,200.
1779990909.661026,0.,1779990909.661026,200.
1779990909.7610261,0.,1779990909.7610261,200.
1779990909.861026,0.,1779990909.861026,200.
1779990909.961026,0.,1779990909.961026,200.
1779990910.061026,82.6287593428,1779990910.061026,200.
1779990910.161026,141.205275874,1779990910.161026,200.
1779990910.2610261,174.6502082866,1779990910.2610261,200.
1779990910.361026,206.1563646007,1779990910.361026,200.
1779990910.461026,197.329930874,1779990910.461026,200.
1779990910.561026,203.3418436768,1779990910.561026,200.
1779990910.661026,235.6048486277,1779990910.661026,200.
1779990910.7610261,208.9293581249,1779990910.7610261,200.
1779990910.861026,226.3544818244,1779990910.861026,200.
1779990910.961026,212.9608918697,1779990910.961026,200.
1779990911.061026,211.9427210173,1779990911.061026,200.
1779990911.161026,205.4339203622,1779990911.161026,200.
1779990911.2610261,224.5147832817,1779990911.2610261,200.
1779990911.361026,249.8781587171,1779990911.361026,200.
1779990911.461026,207.6905976522,1779990911.461026,200.
1779990911.561026,212.9726622744,1779990911.561026,200.
1779990911.661026,212.5159941824,1779990911.661026,200.
1779990911.7610261,220.5986835446,1779990911.7610261,200.
1779990911.861026,203.3573967046,1779990911.861026,153.5457285117
1779990911.961026,213.1823173566,1779990911.961026,159.0003089024
1779990912.061026,194.3397830741,1779990912.061026,165.5737428182
1779990912.161026,194.5788621174,1779990912.161026,171.9054199854
1779990912.2610261,203.5974803392,1779990912.2610261,176.092001328
1779990912.361026,205.7838437716,1779990912.361026,178.8617097479
1779990912.461026,197.1268598651,1779990912.461026,179.6887479808
1779990912.561026,190.0251589843,1779990912.561026,182.7379608710
1779990912.661026,200.8688542125,1779990912.661026,190.2727173065
1779990912.7610261,206.3224074645,1779990912.7610261,196.7175545871
1779990912.861026,202.8482643364,1779990912.861026,201.3318295962
1779990912.961026,203.9373761517,1779990912.961026,204.4907194102
1779990913.061026,211.0562453802,1779990913.061026,202.8086737861
1779990913.161026,234.4228130025,1779990913.161026,201.7662175218
1779990913.2610261,232.8079793731,1779990913.2610261,199.1193898692
1779990913.361026,215.9388884841,1779990913.361026,197.8731205536
1779990913.461026,230.1580184859,1779990913.461026,196.2832053907
1779990913.561026,213.6878031766,1779990913.561026,192.7399390007
1779990913.661026,198.4327864772,1779990913.661026,195.3614654078
1779990913.7610261,217.1699910027,1779990913.7610261,194.2857134274
1779990913.861026,228.6559541528,1779990913.861026,188.7036567410
1779990913.961026,210.5633847558,1779990913.961026,183.8844035847
1779990914.061026,210.6303666141,1779990914.061026,177.1361657239
1779990914.161026,215.7693202338,1779990914.161026,172.5855228531
1779990914.2610261,260.9308624205,1779990914.2610261,173.2609924423
1779990914.361026,241.4950785326,1779990914.361026,175.5883675894
1779990914.461026,235.4673334438,1779990914.461026,176.7021755503
1779990914.561026,227.7899783165,1779990914.561026,174.3243420059
1779990914.661026,240.0246336004,1779990914.661026,169.4893893542
1779990914.7610261,185.5198300443,1779990914.7610261,168.9159569479
1779990914.861026,179.723413657,1779990914.861026,168.7220733122
1779990914.961026,180.2279827696,1779990914.961026,167.9772992946
1779990915.061026,198.5081170048,1779990915.061026,165.0159565621
1779990915.161026,205.6565780746,1779990915.161026,163.5740022802
1779990915.2610261,233.2226712006,1779990915.2610261,159.2374764019
1779990915.361026,206.6498368741,1779990915.361026,166.0949039328
1779990915.461026,207.2892039119,1779990915.461026,173.391634064
1779990915.561026,272.1564175306,1779990915.561026,175.906382873
1779990915.661026,237.0743850579,1779990915.661026,180.869462845
1779990915.7610261,244.1061646993,1779990915.7610261,181.3537176623
1779990915.861026,217.5254986682,1779990915.861026,181.2280973674
1779990915.961026,238.6790617464,1779990915.961026,184.6918049135
1779990916.061026,222.1080903447,1779990916.061026,186.1101863694
1779990916.161026,229.0299063015,1779990916.161026,182.8946242602
1779990916.2610261,239.1709334624,1779990916.2610261,178.0398814314
1779990916.361026,233.5462277982,1779990916.361026,169.4302537649
1779990916.461026,182.6753498456,1779990916.461026,163.8043478881
1779990916.561026,202.0027504929,1779990916.561026,162.0898399934
1779990916.661026,286.2951055518,1779990916.661026,157.6387060863
1779990916.7610261,260.2221591769,1779990916.7610261,154.8101335142
1779990916.861026,191.3524012429,1779990916.861026,152.756684632
1779990916.961026,201.5322016012,1779990916.961026,148.7641478223
1779990917.061026,235.0564942696,1779990917.061026,147.5451474035
1779990917.161026,202.1801959511,1779990917.161026,148.2178238331
1779990917.2610261,214.5263972960,1779990917.2610261,150.8560603563
1779990917.361026,212.752242438,1779990917.361026,151.4283380648
1779990917.461026,219.0014786536,1779990917.461026,151.5001498211
1779990917.561026,259.9228988963,1779990917.561026,148.9028531247
1779990917.661026,280.9591098007,1779990917.661026,150.5043251550
1779990917.7610261,232.0560090176,1779990917.7610261,158.0420355356
1779990917.861026,194.3083479612,1779990917.861026,163.8898071270
1779990917.961026,196.1499076,1779990917.961026,167.4805465037
1779990918.061026,214.1905352676,1779990918.061026,166.3918291359
1779990918.161026,208.1205330495,1779990918.161026,170.1003943222
1779990918.2610261,234.1394776491,1779990918.2610261,170.2552677499
1779990918.361026,210.7359253899,1779990918.361026,171.1199283942
1779990918.461026,201.7469177021,1779990918.461026,172.8130175214
1779990918.561026,204.4282969417,1779990918.561026,172.5319578750
1779990918.661026,218.978853583,1779990918.661026,168.3649319676
1779990918.7610261,232.7396972176,1779990918.7610261,171.3080743397
1779990918.861026,198.4376193729,1779990918.861026,176.0620006314
1779990918.961026,205.4132562296,1779990918.961026,176.2611045032
1779990919.061026,210.1204040126,1779990919.061026,175.6736755399
1779990919.161026,208.6369600427,1779990919.161026,171.8242902658
1779990919.2610261,230.9978759344,1779990919.2610261,166.7324395552
1779990919.361026,197.6569014138,1779990919.361026,165.5051136652
1779990919.461026,214.5326177089,1779990919.461026,161.9911321444
1779990919.561026,208.2241717856,1779990919.561026,161.2690223072
1779990919.661026,203.2114924381,1779990919.661026,157.0561479896
1779990919.7610261,232.9561559614,1779990919.7610261,157.8403233031
1779990919.861026,213.1667477220,1779990919.861026,163.0287095415
1779990919.961026,206.0659027018,1779990919.961026,170.6441917921
1779990920.061026,215.1713229754,1779990920.061026,169.2454454877
1779990920.161026,210.6141701586,1779990920.161026,162.4766676870
1779990920.2610261,210.1059764133,1779990920.2610261,162.6455167821
1779990920.361026,211.7997711491,1779990920.361026,163.3748552924
1779990920.461026,200.6836751714,1779990920.461026,165.9675963918
1779990920.561026,184.1465133677,1779990920.561026,170.9009639310
1779990920.661026,203.0677261732,1779990920.661026,174.1527785349
1779990920.7610261,213.2520110785,1779990920.7610261,174.5853168381
1779990920.861026,195.5727328952,1779990920.861026,173.5967756132
1779990920.961026,215.1227812931,1779990920.961026,169.2274757923
1779990921.061026,202.9906894726,1779990921.061026,168.0376638887
1779990921.161026,228.2759874498,1779990921.161026,170.2288972278
1779990921.2610261,191.1306239779,1779990921.2610261,169.7541809398
1779990921.361026,175.4663685155,1779990921.361026,171.9307659902
1779990921.461026,203.8934177922,1779990921.461026,172.2102421735
1779990921.561026,210.9849368959,1779990921.561026,168.7910082249
1779990921.661026,237.3518519042,1779990921.661026,170.5172192753
1779990921.7610261,195.5881536587,1779990921.7610261,173.9877004386
1779990921.861026,253.0407636645,1779990921.861026,177.2652991760
1779990921.961026,162.692126678,1779990921.961026,177.4684290415
1779990922.061026,203.9926589543,1779990922.061026,182.2040808888
1779990922.161026,207.0071224547,1779990922.161026,181.4155712611
1779990922.2610261,186.7084274544,1779990922.2610261,179.3242992867
1779990922.361026,202.0678248654,1779990922.361026,181.2735995422
1779990922.461026,201.7084753534,1779990922.461026,178.1436618701
1779990922.561026,178.2394763899,1779990922.561026,176.0461725815
1779990922.661026,226.2182004059,1779990922.661026,172.3233650996
1779990922.7610261,218.2065769778,1779990922.7610261,175.7047015334
1779990922.861026,205.1142841408,1779990922.861026,177.3508252033
1779990922.961026,177.9129468014,1779990922.961026,182.1948464271
1779990923.061026,203.8246555780,1779990923.061026,186.7679004478
1779990923.161026,176.0854483247,1779990923.161026,186.8933051169
1779990923.2610261,181.9800499496,1779990923.2610261,187.8724982335
1779990923.361026,191.1546026654,1779990923.361026,190.6904817579
1779990923.461026,189.9172084445,1779990923.461026,192.3137938946
1779990923.561026,197.7211947606,1779990923.561026,195.1906520161
1779990923.661026,184.3201942400,1779990923.661026,199.4666440354
1779990923.7610261,178.2107951143,1779990923.7610261,200.0747653636
1779990923.861026,196.5953930515,1779990923.861026,198.7551631870
1779990923.961026,196.5953930515,1779990923.961026,0.
1779990924.061026,196.5953930515,1779990924.061026,0.
1779990924.161026,196.5953930515,1779990924.161026,0.
1779990924.2610261,196.5953930515,1779990924.2610261,0.
1779990924.361026,196.5953930515,1779990924.361026,0.
1779990924.461026,196.5953930515,1779990924.461026,0.
1779990924.561026,196.5953930515,1779990924.561026,0.
1779990924.661026,196.5953930515,1779990924.661026,0.
1779990924.7610261,196.5953930515,1779990924.7610261,0.
1779990924.861026,196.5953930515,1779990924.861026,0.
1779990924.961026,196.5953930515,1779990924.961026,0.
1779990925.061026,196.5953930515,1779990925.061026,0.
1779990925.161026,196.5953930515,1779990925.161026,0.
1779990925.2610261,196.5953930515,1779990925.2610261,0.
1779990925.361026,196.5953930515,1779990925.361026,0.
1779990925.461026,196.5953930515,1779990925.461026,0.
1779990925.561026,196.5953930515,1779990925.561026,0.
1779990925.661026,196.5953930515,1779990925.661026,0.
1779990925.7610261,196.5953930515,1779990925.7610261,0.
1779990925.861026,196.5953930515,1779990925.861026,0.
1779990925.961026,196.5953930515,1779990925.961026,0.
1779990926.061026,196.5953930515,1779990926.061026,0.
1779990926.161026,196.5953930515,1779990926.161026,0.
1779990926.2610261,196.5953930515,1779990926.2610261,0.
1779990926.361026,196.5953930515,1779990926.361026,0.
1779990926.461026,196.5953930515,1779990926.461026,0.
1779990926.561026,196.5953930515,1779990926.561026,0.
1779990926.661026,196.5953930515,1779990926.661026,0.
1779990926.7610261,196.5953930515,1779990926.7610261,0.
1779990926.861026,196.5953930515,1779990926.861026,0.
1779990926.961026,196.5953930515,1779990926.961026,0.
1779990927.061026,196.5953930515,1779990927.061026,0.
1779990927.161026,196.5953930515,1779990927.161026,0.
1779990927.2610261,196.5953930515,1779990927.2610261,0.
1779990927.361026,196.5953930515,1779990927.361026,0.
1779990927.461026,196.5953930515,1779990927.461026,0.
1779990927.561026,196.5953930515,1779990927.561026,0.
1779990927.661026,196.5953930515,1779990927.661026,0.
1779990927.7610261,196.5953930515,1779990927.7610261,0.
1779990927.861026,196.5953930515,1779990927.861026,0.
1779990927.961026,196.5953930515,1779990927.961026,0.
1779990928.061026,196.5953930515,1779990928.061026,0.
1779990928.161026,196.5953930515,1779990928.161026,0.
1779990928.2610261,196.5953930515,1779990928.2610261,0.
1779990928.361026,196.5953930515,1779990928.361026,0.
1779990928.461026,196.5953930515,1779990928.461026,0.
1779990928.561026,196.5953930515,1779990928.561026,0.
1779990928.661026,196.5953930515,1779990928.661026,0.
1779990928.7610261,196.5953930515,1779990928.7610261,0.
1779990928.861026,196.5953930515,1779990928.861026,0.
1779990928.961026,196.5953930515,1779990928.961026,0.
1779990929.061026,196.5953930515,1779990929.061026,0.
1779990929.161026,196.5953930515,1779990929.161026,0.
1779990929.2610261,196.5953930515,1779990929.2610261,0.
1779990929.361026,196.5953930515,1779990929.361026,0.
1779990929.461026,196.5953930515,1779990929.461026,0.
1779990929.561026,196.5953930515,1779990929.561026,0.
1779990929.661026,196.5953930515,1779990929.661026,0.
1779990929.7610261,196.5953930515,1779990929.7610261,0.
1779990929.861026,196.5953930515,1779990929.861026,0.
1779990929.961026,196.5953930515,1779990929.961026,0.
1779990930.061026,196.5953930515,1779990930.061026,0.
1779990930.161026,196.5953930515,1779990930.161026,0.
1779990930.2610261,196.5953930515,1779990930.2610261,0.
1779990930.361026,196.5953930515,1779990930.361026,0.
1779990930.461026,196.5953930515,1779990930.461026,0.
1779990930.561026,196.5953930515,1779990930.561026,0.
1779990930.661026,196.5953930515,1779990930.661026,0.
1779990930.7610261,196.5953930515,1779990930.7610261,0.
1779990930.861026,196.5953930515,1779990930.861026,0.
1779990930.961026,196.5953930515,1779990930.961026,0.
1779990931.061026,196.5953930515,1779990931.061026,0.
1779990931.161026,196.5953930515,1779990931.161026,0.
1779990931.2610261,196.5953930515,1779990931.2610261,0.
1779990931.361026,196.5953930515,1779990931.361026,0.
1779990931.461026,196.5953930515,1779990931.461026,0.
1779990931.561026,196.5953930515,1779990931.561026,0.
1779990931.661026,196.5953930515,1779990931.661026,0.
1779990931.7610261,196.5953930515,1779990931.7610261,0.
1779990931.861026,196.5953930515,1779990931.861026,0.
1779990931.961026,196.5953930515,1779990931.961026,0.
1779990932.061026,196.5953930515,1779990932.061026,0.
1779990932.161026,196.5953930515,1779990932.161026,0.
1779990932.2610261,196.5953930515,1779990932.2610261,0.
1779990932.361026,196.5953930515,1779990932.361026,0.
1779990932.461026,196.5953930515,1779990932.461026,0.
1779990932.561026,196.5953930515,1779990932.561026,0.
1779990932.661026,196.5953930515,1779990932.661026,0.
1779990932.7610261,196.5953930515,1779990932.7610261,0.
1779990932.861026,196.5953930515,1779990932.861026,0.
1779990932.961026,196.5953930515,1779990932.961026,0.
1779990933.061026,196.5953930515,1779990933.061026,0.
1779990933.161026,196.5953930515,1779990933.161026,0.
1779990933.2610261,196.5953930515,1779990933.2610261,0.
1779990933.361026,196.5953930515,1779990933.361026,0.
1779990933.461026,196.5953930515,1779990933.461026,0.
1779990933.561026,196.5953930515,1779990933.561026,0.
1779990933.661026,196.5953930515,1779990933.661026,0.
1779990933.7610261,196.5953930515,1779990933.7610261,0.
1779990933.861026,196.5953930515,1779990933.861026,0.
1779990933.961026,196.5953930515,1779990933.961026,0.
1779990934.061026,196.5953930515,1779990934.061026,0.
1779990934.161026,196.5953930515,1779990934.161026,0.
1779990934.2610261,196.5953930515,1779990934.2610261,0.
1779990934.361026,196.5953930515,1779990934.361026,0.
1779990934.461026,196.5953930515,1779990934.461026,0.
1779990934.561026,196.5953930515,1779990934.561026,0.
1779990934.661026,196.5953930515,1779990934.661026,0.
1779990934.7610261,196.5953930515,1779990934.7610261,0.
1779990934.861026,196.5953930515,1779990934.861026,0.
1779990934.961026,196.5953930515,1779990934.961026,0.
1779990935.061026,196.5953930515,1779990935.061026,0.
1779990935.161026,196.5953930515,1779990935.161026,0.
1779990935.2610261,196.5953930515,1779990935.2610261,0.
1779990935.361026,196.5953930515,1779990935.361026,0.
1779990935.461026,196.5953930515,1779990935.461026,0.
1779990935.561026,196.5953930515,1779990935.561026,0.
1779990935.661026,196.5953930515,1779990935.661026,0.
1779990935.7610261,196.5953930515,1779990935.7610261,0.
1779990935.861026,196.5953930515,1779990935.861026,0.
1779990935.961026,196.5953930515,1779990935.961026,0.
1779990936.061026,196.5953930515,1779990936.061026,0.
1779990936.161026,196.5953930515,1779990936.161026,0.
1779990936.2610261,196.5953930515,1779990936.2610261,0.
1779990936.361026,196.5953930515,1779990936.361026,0.
1779990936.461026,196.5953930515,1779990936.461026,0.
1779990936.561026,196.5953930515,1779990936.561026,0.
1779990936.661026,196.5953930515,1779990936.661026,0.
1779990936.7610261,196.5953930515,1779990936.7610261,0.
1779990936.861026,196.5953930515,1779990936.861026,0.
1779990936.961026,196.5953930515,1779990936.961026,0.
1779990937.061026,196.5953930515,1779990937.061026,0.
1779990937.161026,196.5953930515,1779990937.161026,0.
1779990937.2610261,196.5953930515,1779990937.2610261,0.
1779990937.361026,196.5953930515,1779990937.361026,0.
1779990937.461026,196.5953930515,1779990937.461026,0.
1779990937.561026,196.5953930515,1779990937.561026,0.
1779990937.661026,196.5953930515,1779990937.661026,0.
1779990937.7610261,196.5953930515,1779990937.7610261,0.
1779990937.861026,196.5953930515,1779990937.861026,0.
1779990937.961026,196.5953930515,1779990937.961026,0.
1779990938.061026,196.5953930515,1779990938.061026,0.
1779990938.161026,196.5953930515,1779990938.161026,0.
1779990938.2610261,196.5953930515,1779990938.2610261,0.
1779990938.361026,196.5953930515,1779990938.361026,0.
1779990938.461026,196.5953930515,1779990938.461026,0.
1779990938.561026,196.5953930515,1779990938.561026,0.
1779990938.661026,196.5953930515,1779990938.661026,0.
1779990938.7610261,196.5953930515,1779990938.7610261,0.
1779990938.861026,196.5953930515,1779990938.861026,0.
1779990938.961026,196.5953930515,1779990938.961026,0.
1779990939.061026,196.5953930515,1779990939.061026,0.
1779990939.161026,196.5953930515,1779990939.161026,0.
1779990939.2610261,196.5953930515,1779990939.2610261,0.
1779990939.361026,196.5953930515,1779990939.361026,0.
1779990939.461026,196.5953930515,1779990939.461026,0.
1779990939.561026,196.5953930515,1779990939.561026,0.
1779990939.661026,196.5953930515,1779990939.661026,0.
1779990939.7610261,196.5953930515,1779990939.7610261,0.
1779990939.861026,196.5953930515,1779990939.861026,0.
1779990939.961026,196.5953930515,1779990939.961026,0.
1779990940.061026,196.5953930515,1779990940.061026,0.
1779990940.161026,196.5953930515,1779990940.161026,0.
1779990940.2610261,196.5953930515,1779990940.2610261,0.
1779990940.361026,196.5953930515,1779990940.361026,0.
1779990940.461026,196.5953930515,1779990940.461026,0.
1779990940.561026,196.5953930515,1779990940.561026,0.
1779990940.661026,196.5953930515,1779990940.661026,0.
1779990940.7610261,196.5953930515,1779990940.7610261,0.
1779990940.861026,196.5953930515,1779990940.861026,0.
1779990940.961026,196.5953930515,1779990940.961026,0.
1779990941.061026,196.5953930515,1779990941.061026,0.
1779990941.161026,196.5953930515,1779990941.161026,0.
1779990941.2610261,196.5953930515,1779990941.2610261,0.
1779990941.361026,196.5953930515,1779990941.361026,0.
1779990941.461026,196.5953930515,1779990941.461026,0.
1779990941.561026,196.5953930515,1779990941.561026,0.
1779990941.661026,196.5953930515,1779990941.661026,0.
1779990941.7610261,196.5953930515,1779990941.7610261,0.
1779990941.861026,196.5953930515,1779990941.861026,0.
1779990941.961026,196.5953930515,1779990941.961026,0.
1779990942.061026,196.5953930515,1779990942.061026,0.
1779990942.161026,196.5953930515,1779990942.161026,0.
1779990942.2610261,196.5953930515,1779990942.2610261,0.
1779990942.361026,196.5953930515,1779990942.361026,0.
1779990942.461026,196.5953930515,1779990942.461026,0.
1779990942.561026,196.5953930515,1779990942.561026,0.
1779990942.661026,196.5953930515,1779990942.661026,0.
1779990942.7610261,196.5953930515,1779990942.7610261,0.
1779990942.861026,196.5953930515,1779990942.861026,0.
1779990942.961026,196.5953930515,1779990942.961026,0.
1779990943.061026,196.5953930515,1779990943.061026,0.
1779990943.161026,196.5953930515,1779990943.161026,0.
1779990943.2610261,196.5953930515,1779990943.2610261,0.
1779990943.361026,196.5953930515,1779990943.361026,0.
1779990943.461026,196.5953930515,1779990943.461026,0.
1779990943.561026,196.5953930515,1779990943.561026,0.
1779990943.661026,196.5953930515,1779990943.661026,0.
1779990943.7610261,196.5953930515,1779990943.7610261,0.
1779990943.861026,196.5953930515,1779990943.861026,0.
1779990943.961026,196.5953930515,1779990943.961026,0.
1779990944.061026,196.5953930515,1779990944.061026,0.
1779990944.161026,196.5953930515,1779990944.161026,0.
1779990944.2610261,196.5953930515,1779990944.2610261,0.
1779990944.361026,196.5953930515,1779990944.361026,0.
1779990944.461026,196.5953930515,1779990944.461026,0.
1779990944.561026,196.5953930515,1779990944.561026,0.
1779990944.661026,196.5953930515,1779990944.661026,0.
1779990944.7610261,196.5953930515,1779990944.7610261,0.
1779990944.861026,196.5953930515,1779990944.861026,0.
1779990944.961026,196.5953930515,1779990944.961026,0.
1779990945.061026,196.5953930515,1779990945.061026,0.
1779990945.161026,196.5953930515,1779990945.161026,0.
1779990945.2610261,196.5953930515,1779990945.2610261,0.
1779990945.361026,196.5953930515,1779990945.361026,0.
1779990945.461026,196.5953930515,1779990945.461026,0.
1779990945.561026,196.5953930515,1779990945.561026,0.
1779990945.661026,196.5953930515,1779990945.661026,0.
1779990945.7610261,196.5953930515,1779990945.7610261,0.
1779990945.861026,196.5953930515,1779990945.861026,0.
1779990945.961026,196.5953930515,1779990945.961026,0.
1779990946.061026,196.5953930515,1779990946.061026,0.
1779990946.161026,196.5953930515,1779990946.161026,0.
1779990946.2610261,196.5953930515,1779990946.2610261,0.
1779990946.361026,196.5953930515,1779990946.361026,0.
1779990946.461026,196.5953930515,1779990946.461026,0.
1779990946.561026,196.5953930515,1779990946.561026,0.
1779990946.661026,196.5953930515,1779990946.661026,0.
1779990946.7610261,196.5953930515,1779990946.7610261,0.
1779990946.861026,196.5953930515,1779990946.861026,0.
1779990946.961026,196.5953930515,1779990946.961026,0.
1779990947.061026,196.5953930515,1779990947.061026,0.
1779990947.161026,196.5953930515,1779990947.161026,0.
1779990947.2610261,196.5953930515,1779990947.2610261,0.
1779990947.361026,196.5953930515,1779990947.361026,0.
1779990947.461026,196.5953930515,1779990947.461026,0.
1779990947.561026,196.5953930515,1779990947.561026,0.
1779990947.661026,196.5953930515,1779990947.661026,0.
1779990947.7610261,196.5953930515,1779990947.7610261,0.
1779990947.861026,196.5953930515,1779990947.861026,0.
1779990947.961026,196.5953930515,1779990947.961026,0.
1779990948.061026,196.5953930515,1779990948.061026,0.
1779990948.161026,196.5953930515,1779990948.161026,0.
1779990948.2610261,196.5953930515,1779990948.2610261,0.
1779990948.361026,196.5953930515,1779990948.361026,0.
1779990948.461026,196.5953930515,1779990948.461026,0.
1779990948.561026,196.5953930515,1779990948.561026,0.
1779990948.661026,196.5953930515,1779990948.661026,0.
1779990948.7610261,196.5953930515,1779990948.7610261,0.
1779990948.861026,196.5953930515,1779990948.861026,0.
1779990948.961026,196.5953930515,1779990948.961026,0.
1779990949.061026,196.5953930515,1779990949.061026,0.
1779990949.161026,196.5953930515,1779990949.161026,0.
1779990949.2610261,196.5953930515,1779990949.2610261,0.
1779990949.361026,196.5953930515,1779990949.361026,0.
1779990949.461026,196.5953930515,1779990949.461026,0.
1779990949.561026,196.5953930515,1779990949.561026,0.
1779990949.661026,196.5953930515,1779990949.661026,0.
1779990949.7610261,196.5953930515,1779990949.7610261,0.
1779990949.861026,196.5953930515,1779990949.861026,0.
1779990949.961026,196.5953930515,1779990949.961026,0.
1779990950.061026,196.5953930515,1779990950.061026,0.
1779990950.161026,196.5953930515,1779990950.161026,0.
1779990950.2610261,196.5953930515,1779990950.2610261,0.
1779990950.361026,196.5953930515,1779990950.361026,0.
1779990950.461026,196.5953930515,1779990950.461026,0.
1779990950.561026,196.5953930515,1779990950.561026,0.
1779990950.661026,196.5953930515,1779990950.661026,0.
1779990950.7610261,196.5953930515,1779990950.7610261,0.
1779990950.861026,196.5953930515,1779990950.861026,0.
1779990950.961026,196.5953930515,1779990950.961026,0.
1779990951.061026,196.5953930515,1779990951.061026,0.
1779990951.161026,196.5953930515,1779990951.161026,0.
1779990951.2610261,196.5953930515,1779990951.2610261,0.
1779990951.361026,196.5953930515,1779990951.361026,0.
1779990951.461026,196.5953930515,1779990951.461026,0.
1779990951.561026,196.5953930515,1779990951.561026,0.
1779990951.661026,196.5953930515,1779990951.661026,0.
1779990951.7610261,196.5953930515,1779990951.7610261,0.
1779990951.861026,196.5953930515,1779990951.861026,0.
1779990951.961026,196.5953930515,1779990951.961026,0.
1779990952.061026,196.5953930515,1779990952.061026,0.
1779990952.161026,196.5953930515,1779990952.161026,0.
1779990952.2610261,196.5953930515,1779990952.2610261,0.
1779990952.361026,196.5953930515,1779990952.361026,0.
1779990952.461026,196.5953930515,1779990952.461026,0.
1779990952.561026,196.5953930515,1779990952.561026,0.
1779990952.661026,196.5953930515,1779990952.661026,0.
1779990952.7610261,196.5953930515,1779990952.7610261,0.
1779990952.861026,196.5953930515,1779990952.861026,0.
1779990952.961026,196.5953930515,1779990952.961026,0.
1779990953.061026,196.5953930515,1779990953.061026,0.
1779990953.161026,196.5953930515,1779990953.161026,0.
1779990953.2610261,196.5953930515,1779990953.2610261,0.
1779990953.361026,196.5953930515,1779990953.361026,0.
1779990953.461026,196.5953930515,1779990953.461026,0.
1779990953.561026,196.5953930515,1779990953.561026,0.
1779990953.661026,196.5953930515,1779990953.661026,0.
1779990953.7610261,196.5953930515,1779990953.7610261,0.
1779990953.861026,196.5953930515,1779990953.861026,0.
1779990953.961026,196.5953930515,1779990953.961026,0.
1779990954.061026,196.5953930515,1779990954.061026,0.
1779990954.161026,196.5953930515,1779990954.161026,0.
1779990954.2610261,196.5953930515,1779990954.2610261,0.
1779990954.361026,196.5953930515,1779990954.361026,0.
1779990954.461026,196.5953930515,1779990954.461026,0.
1779990954.561026,196.5953930515,1779990954.561026,0.
1779990954.661026,196.5953930515,1779990954.661026,0.
1779990954.7610261,196.5953930515,1779990954.7610261,0.
1779990954.861026,196.5953930515,1779990954.861026,0.
1779990954.961026,196.5953930515,1779990954.961026,0.
1779990955.061026,196.5953930515,1779990955.061026,0.
1779990955.161026,196.5953930515,1779990955.161026,0.
1779990955.2610261,196.5953930515,1779990955.2610261,0.
1779990955.361026,196.5953930515,1779990955.361026,0.
1779990955.461026,196.5953930515,1779990955.461026,0.
1779990955.561026,196.5953930515,1779990955.561026,0.
1779990955.661026,196.5953930515,1779990955.661026,0.
1779990955.7610261,196.5953930515,1779990955.7610261,0.
1779990955.861026,196.5953930515,1779990955.861026,0.
1779990955.961026,196.5953930515,1779990955.961026,0.
1779990956.061026,196.5953930515,1779990956.061026,0.
1779990956.161026,196.5953930515,1779990956.161026,0.
1779990956.2610261,196.5953930515,1779990956.2610261,0.
1779990956.361026,196.5953930515,1779990956.361026,0.
1779990956.461026,196.5953930515,1779990956.461026,0.
1779990956.561026,196.5953930515,1779990956.561026,0.
1779990956.661026,196.5953930515,1779990956.661026,0.
1779990956.7610261,196.5953930515,1779990956.7610261,0.
1779990956.861026,196.5953930515,1779990956.861026,0.
1779990956.961026,196.5953930515,1779990956.961026,0.
1779990957.061026,196.5953930515,1779990957.061026,0.
1779990957.161026,196.5953930515,1779990957.161026,0.
1779990957.2610261,196.5953930515,1779990957.2610261,0.
1779990957.361026,196.5953930515,1779990957.361026,0.
1779990957.461026,196.5953930515,1779990957.461026,0.
1779990957.561026,196.5953930515,1779990957.561026,0.
1779990957.661026,196.5953930515,1779990957.661026,0.
1779990957.7610261,196.5953930515,1779990957.7610261,0.
1779990957.861026,196.5953930515,1779990957.861026,0.
1779990957.961026,196.5953930515,1779990957.961026,0.
1779990958.061026,196.5953930515,1779990958.061026,0.
1779990958.161026,196.5953930515,1779990958.161026,0.
1779990958.2610261,196.5953930515,1779990958.2610261,0.
1779990958.361026,196.5953930515,1779990958.361026,0.
1779990958.461026,196.5953930515,1779990958.461026,0.
1779990958.561026,196.5953930515,1779990958.561026,0.
1779990958.661026,196.5953930515,1779990958.661026,0.
1779990958.7610261,196.5953930515,1779990958.7610261,0.
1779990958.861026,196.5953930515,1779990958.861026,0.
1779990958.961026,196.5953930515,1779990958.961026,0.
1779990959.061026,196.5953930515,1779990959.061026,0.
1779990959.161026,196.5953930515,1779990959.161026,0.
1779990959.2610261,196.5953930515,1779990959.2610261,0.
1779990959.361026,196.5953930515,1779990959.361026,0.
1779990959.461026,196.5953930515,1779990959.461026,0.
1779990959.561026,196.5953930515,1779990959.561026,0.
1779990959.661026,196.5953930515,1779990959.661026,0.
1779990959.7610261,196.5953930515,1779990959.7610261,0.
1779990959.861026,196.5953930515,1779990959.861026,0.
1779990959.961026,196.5953930515,1779990959.961026,0.
1779990960.061026,196.5953930515,1779990960.061026,0.
1779990960.161026,196.5953930515,1779990960.161026,0.
1779990960.2610261,196.5953930515,1779990960.2610261,0.
1779990960.361026,196.5953930515,1779990960.361026,0.
1779990960.461026,196.5953930515,1779990960.461026,0.
1779990960.561026,196.5953930515,1779990960.561026,0.
1779990960.661026,196.5953930515,1779990960.661026,0.
1779990960.7610261,196.5953930515,1779990960.7610261,0.
1779990960.861026,196.5953930515,1779990960.861026,0.
1779990960.961026,196.5953930515,1779990960.961026,0.
1779990961.061026,196.5953930515,1779990961.061026,0.
1779990961.161026,196.5953930515,1779990961.161026,0.
1779990961.2610261,196.5953930515,1779990961.2610261,0.
1779990961.361026,196.5953930515,1779990961.361026,0.
1779990961.461026,196.5953930515,1779990961.461026,0.
1779990961.561026,196.5953930515,1779990961.561026,0.
1779990961.661026,196.5953930515,1779990961.661026,0.
1779990961.7610261,196.5953930515,1779990961.7610261,0.
1779990961.861026,196.5953930515,1779990961.861026,0.
1779990961.961026,196.5953930515,1779990961.961026,0.
1779990962.061026,196.5953930515,1779990962.061026,0.
1779990962.161026,196.5953930515,1779990962.161026,0.
1779990962.2610261,196.5953930515,1779990962.2610261,0.
1779990962.361026,196.5953930515,1779990962.361026,0.
1779990962.461026,196.5953930515,1779990962.461026,0.
1779990962.561026,196.5953930515,1779990962.561026,0.
1779990962.661026,196.5953930515,1779990962.661026,0.
1779990962.7610261,196.5953930515,1779990962.7610261,0.
1779990962.861026,196.5953930515,1779990962.861026,0.
1779990962.961026,196.5953930515,1779990962.961026,0.
1779990963.061026,196.5953930515,1779990963.061026,0.
1779990963.161026,196.5953930515,1779990963.161026,0.
1779990963.2610261,196.5953930515,1779990963.2610261,0.
1779990963.361026,196.5953930515,1779990963.361026,0.
1779990963.461026,196.5953930515,1779990963.461026,0.
1779990963.561026,196.5953930515,1779990963.561026,0.
1779990963.661026,196.5953930515,1779990963.661026,0.
1779990963.7610261,196.5953930515,1779990963.7610261,0.
1779990963.861026,196.5953930515,1779990963.861026,0.
1779990963.961026,196.5953930515,1779990963.961026,0.
1779990964.061026,196.5953930515,1779990964.061026,0.
1779990964.161026,196.5953930515,1779990964.161026,0.
1779990964.2610261,196.5953930515,1779990964.2610261,0.
1779990964.361026,196.5953930515,1779990964.361026,0.
1779990964.461026,196.5953930515,1779990964.461026,0.
1779990964.561026,196.5953930515,1779990964.561026,0.
1779990964.661026,196.5953930515,1779990964.661026,0.
1779990964.7610261,196.5953930515,1779990964.7610261,0.
1779990964.861026,196.5953930515,1779990964.861026,0.
1779990964.961026,196.5953930515,1779990964.961026,0.
1779990965.061026,196.5953930515,1779990965.061026,0.
1779990965.161026,196.5953930515,1779990965.161026,0.
1779990965.2610261,196.5953930515,1779990965.2610261,0.
1779990965.361026,196.5953930515,1779990965.361026,0.
1779990965.461026,196.5953930515,1779990965.461026,0.
1779990965.561026,196.5953930515,1779990965.561026,0.
1779990965.661026,196.5953930515,1779990965.661026,0.
1779990965.7610261,196.5953930515,1779990965.7610261,0.
1779990965.861026,196.5953930515,1779990965.861026,0.
1779990965.961026,196.5953930515,1779990965.961026,0.
1779990966.061026,196.5953930515,1779990966.061026,0.
1779990966.161026,196.5953930515,1779990966.161026,0.
1779990966.2610261,196.5953930515,1779990966.2610261,0.
1779990966.361026,196.5953930515,1779990966.361026,0.
1779990966.461026,196.5953930515,1779990966.461026,0.
1779990966.561026,196.5953930515,1779990966.561026,0.
1779990966.661026,196.5953930515,1779990966.661026,0.
1779990966.7610261,196.5953930515,1779990966.7610261,0.
1779990966.861026,196.5953930515,1779990966.861026,0.
1779990966.961026,196.5953930515,1779990966.961026,0.
1779990967.061026,196.5953930515,1779990967.061026,0.
1779990967.161026,196.5953930515,1779990967.161026,0.
1779990967.2610261,196.5953930515,1779990967.2610261,0.
1779990967.361026,196.5953930515,1779990967.361026,0.
1779990967.461026,196.5953930515,1779990967.461026,0.
1779990967.561026,196.5953930515,1779990967.561026,0.
1779990967.661026,196.5953930515,1779990967.661026,0.
1779990967.7610261,196.5953930515,1779990967.7610261,0.
1779990967.861026,196.5953930515,1779990967.861026,0.
1779990967.961026,196.5953930515,1779990967.961026,0.
1779990968.061026,196.5953930515,1779990968.061026,0.
1779990968.161026,196.5953930515,1779990968.161026,0.
1779990968.2610261,196.5953930515,1779990968.2610261,0.
1779990968.361026,196.5953930515,1779990968.361026,0.
1779990968.461026,196.5953930515,1779990968.461026,0.
1779990968.561026,196.5953930515,1779990968.561026,0.
1779990968.661026,196.5953930515,1779990968.661026,0.
1779990968.7610261,196.5953930515,1779990968.7610261,0.
1779990968.861026,196.5953930515,1779990968.861026,0.
1779990968.961026,196.5953930515,1779990968.961026,0.
1779990969.061026,196.5953930515,1779990969.061026,0.
1779990969.161026,196.5953930515,1779990969.161026,0.
1779990969.2610261,196.5953930515,1779990969.2610261,0.
1779990969.361026,196.5953930515,1779990969.361026,0.
1779990969.461026,196.5953930515,1779990969.461026,0.
1779990969.561026,196.5953930515,1779990969.561026,0.
1779990969.661026,196.5953930515,1779990969.661026,0.
1779990969.7610261,196.5953930515,1779990969.7610261,0.
1779990969.861026,196.5953930515,1779990969.861026,0.
1779990969.961026,196.5953930515,1779990969.961026,0.
1779990970.061026,196.5953930515,1779990970.061026,0.
1779990970.161026,196.5953930515,1779990970.161026,0.
1779990970.2610261,196.5953930515,1779990970.2610261,0.
1779990970.361026,196.5953930515,1779990970.361026,0.
1779990970.461026,196.5953930515,1779990970.461026,0.
1779990970.561026,196.5953930515,1779990970.561026,0.
1779990970.661026,196.5953930515,1779990970.661026,0.
1779990970.7610261,196.5953930515,1779990970.7610261,0.
1779990970.861026,196.5953930515,1779990970.861026,0.
1779990970.961026,196.5953930515,1779990970.961026,0.
1779990971.061026,196.5953930515,1779990971.061026,0.
1779990971.161026,196.5953930515,1779990971.161026,0.
1779990971.2610261,196.5953930515,1779990971.2610261,0.
1779990971.361026,196.5953930515,1779990971.361026,0.
1779990971.461026,196.5953930515,1779990971.461026,0.
1779990971.561026,196.5953930515,1779990971.561026,0.
1779990971.661026,196.5953930515,1779990971.661026,0.
1779990971.7610261,196.5953930515,1779990971.7610261,0.
1779990971.861026,196.5953930515,1779990971.861026,0.
1779990971.961026,196.5953930515,1779990971.961026,0.
1779990972.061026,196.5953930515,1779990972.061026,0.
1779990972.161026,196.5953930515,1779990972.161026,0.
1779990972.2610261,196.5953930515,1779990972.2610261,0.
1779990972.361026,196.5953930515,1779990972.361026,0.
1779990972.461026,196.5953930515,1779990972.461026,0.
1779990972.561026,196.5953930515,1779990972.561026,0.
1779990972.661026,196.5953930515,1779990972.661026,0.
1779990972.7610261,196.5953930515,1779990972.7610261,0.
1779990972.861026,196.5953930515,1779990972.861026,0.
1779990972.961026,196.5953930515,1779990972.961026,0.
1779990973.061026,196.5953930515,1779990973.061026,0.
1779990973.161026,196.5953930515,1779990973.161026,0.
1779990973.2610261,196.5953930515,1779990973.2610261,0.
1779990973.361026,196.5953930515,1779990973.361026,0.
1779990973.461026,196.5953930515,1779990973.461026,0.
1779990973.561026,196.5953930515,1779990973.561026,0.
1779990973.661026,196.5953930515,1779990973.661026,0.
1779990973.7610261,196.5953930515,1779990973.7610261,0.
1779990973.861026,196.5953930515,1779990973.861026,0.
1779990973.961026,196.5953930515,1779990973.961026,0.
1779990974.061026,196.5953930515,1779990974.061026,0.
1779990974.161026,196.5953930515,1779990974.161026,0.
1779990974.2610261,196.5953930515,1779990974.2610261,0.
1779990974.361026,196.5953930515,1779990974.361026,0.
1779990974.461026,196.5953930515,1779990974.461026,0.
1779990974.561026,196.5953930515,1779990974.561026,0.
1779990974.661026,196.5953930515,1779990974.661026,0.
1779990974.7610261,196.5953930515,1779990974.7610261,0.
1779990974.861026,196.5953930515,1779990974.861026,0.
1779990974.961026,196.5953930515,1779990974.961026,0.
1779990975.061026,196.5953930515,1779990975.061026,0.
1779990975.161026,196.5953930515,1779990975.161026,0.
1779990975.2610261,196.5953930515,1779990975.2610261,0.
1779990975.361026,196.5953930515,1779990975.361026,0.
1779990975.461026,196.5953930515,1779990975.461026,0.
1779990975.561026,196.5953930515,1779990975.561026,0.
1779990975.661026,196.5953930515,1779990975.661026,0.
1779990975.7610261,196.5953930515,1779990975.7610261,0.
1779990975.861026,196.5953930515,1779990975.861026,0.
1779990975.961026,196.5953930515,1779990975.961026,0.
1779990976.061026,196.5953930515,1779990976.061026,0.
1779990976.161026,196.5953930515,1779990976.161026,0.
1779990976.2610261,196.5953930515,1779990976.2610261,0.
1779990976.361026,196.5953930515,1779990976.361026,0.
1779990976.461026,196.5953930515,1779990976.461026,0.
1779990976.561026,196.5953930515,1779990976.561026,0.
1779990976.661026,196.5953930515,1779990976.661026,0.
1779990976.7610261,196.5953930515,1779990976.7610261,0.
1779990976.861026,196.5953930515,1779990976.861026,0.
1779990976.961026,196.5953930515,1779990976.961026,0.
1779990977.061026,196.5953930515,1779990977.061026,0.
1779990977.161026,196.5953930515,1779990977.161026,0.
1779990977.2610261,196.5953930515,1779990977.2610261,0.
1779990977.361026,196.5953930515,1779990977.361026,0.
1779990977.461026,196.5953930515,1779990977.461026,0.
1779990977.561026,196.5953930515,1779990977.561026,0.
1779990977.661026,196.5953930515,1779990977.661026,0.
1779990977.7610261,196.5953930515,1779990977.7610261,0.
1779990977.861026,196.5953930515,1779990977.861026,0.
1779990977.961026,196.5953930515,1779990977.961026,0.
1779990978.061026,196.5953930515,1779990978.061026,0.
1779990978.161026,196.5953930515,1779990978.161026,0.
1779990978.2610261,196.5953930515,1779990978.2610261,0.
1779990978.361026,196.5953930515,1779990978.361026,0.
1779990978.461026,196.5953930515,1779990978.461026,0.
1779990978.561026,196.5953930515,1779990978.561026,0.
1779990978.661026,196.5953930515,1779990978.661026,0.
1779990978.7610261,196.5953930515,1779990978.7610261,0.
1779990978.861026,196.5953930515,1779990978.861026,0.
1779990978.961026,196.5953930515,1779990978.961026,0.
1779990979.061026,196.5953930515,1779990979.061026,0.
1779990979.161026,196.5953930515,1779990979.161026,0.
1779990979.2610261,196.5953930515,1779990979.2610261,0.
1779990979.361026,196.5953930515,1779990979.361026,0.
1779990979.461026,196.5953930515,1779990979.461026,0.
1779990979.561026,196.5953930515,1779990979.561026,0.
1779990979.661026,196.5953930515,1779990979.661026,0.
1779990979.7610261,196.5953930515,1779990979.7610261,0.
1779990979.861026,196.5953930515,1779990979.861026,0.
1779990979.961026,196.5953930515,1779990979.961026,0.
1779990980.061026,196.5953930515,1779990980.061026,0.
1779990980.161026,196.5953930515,1779990980.161026,0.
1779990980.2610261,196.5953930515,1779990980.2610261,0.
1779990980.361026,196.5953930515,1779990980.361026,0.
1779990980.461026,196.5953930515,1779990980.461026,0.
1779990980.561026,196.5953930515,1779990980.561026,0.
1779990980.661026,196.5953930515,1779990980.661026,0.
1779990980.7610261,196.5953930515,1779990980.7610261,0.
1779990980.861026,196.5953930515,1779990980.861026,0.
1779990980.961026,196.5953930515,1779990980.961026,0.
1779990981.061026,196.5953930515,1779990981.061026,0.
1779990981.161026,196.5953930515,1779990981.161026,0.
1779990981.2610261,196.5953930515,1779990981.2610261,0.
1779990981.361026,196.5953930515,1779990981.361026,0.
1779990981.461026,196.5953930515,1779990981.461026,0.
1779990981.561026,196.5953930515,1779990981.561026,0.
1779990981.661026,196.5953930515,1779990981.661026,0.
1779990981.7610261,196.5953930515,1779990981.7610261,0.
1779990981.861026,196.5953930515,1779990981.861026,0.
1779990981.961026,196.5953930515,1779990981.961026,0.
1779990982.061026,196.5953930515,1779990982.061026,0.
1779990982.161026,196.5953930515,1779990982.161026,0.
1779990982.2610261,196.5953930515,1779990982.2610261,0.
1779990982.361026,196.5953930515,1779990982.361026,0.
1779990982.461026,196.5953930515,1779990982.461026,0.
1779990982.561026,196.5953930515,1779990982.561026,0.
1779990982.661026,196.5953930515,1779990982.661026,0.
1779990982.7610261,196.5953930515,1779990982.7610261,0.
1779990982.861026,196.5953930515,1779990982.861026,0.
1779990982.961026,196.5953930515,1779990982.961026,0.
1779990983.061026,196.5953930515,1779990983.061026,0.
1779990983.161026,196.5953930515,1779990983.161026,0.
1779990983.2610261,196.5953930515,1779990983.2610261,0.
1779990983.361026,196.5953930515,1779990983.361026,0.
1779990983.461026,196.5953930515,1779990983.461026,0.
1779990983.561026,196.5953930515,1779990983.561026,0.
1779990983.661026,196.5953930515,1779990983.661026,0.
1779990983.7610261,196.5953930515,1779990983.7610261,0.
1779990983.861026,196.5953930515,1779990983.861026,0.
1779990983.961026,196.5953930515,1779990983.961026,0.
1779990984.061026,196.5953930515,1779990984.061026,0.
1779990984.161026,196.5953930515,1779990984.161026,0.
1779990984.2610261,196.5953930515,1779990984.2610261,0.
1779990984.361026,196.5953930515,1779990984.361026,0.
1779990984.461026,196.5953930515,1779990984.461026,0.
1779990984.561026,196.5953930515,1779990984.561026,0.
1779990984.661026,196.5953930515,1779990984.661026,0.
1779990984.7610261,196.5953930515,1779990984.7610261,0.
1779990984.861026,196.5953930515,1779990984.861026,0.
1779990984.961026,0.,1779990984.961026,200.
1779990985.061026,0.,1779990985.061026,200.
1779990985.161026,0.,1779990985.161026,200.
1779990985.2610261,0.,1779990985.2610261,200.
1779990985.361026,0.,1779990985.361026,200.
1779990985.461026,0.,1779990985.461026,200.
1779990985.561026,0.,1779990985.561026,200.
1779990985.661026,0.,1779990985.661026,200.
1779990985.7610261,0.,1779990985.7610261,200.
1779990985.861026,0.,1779990985.861026,200.
1779990985.961026,0.,1779990985.961026,200.
1779990986.061026,0.,1779990986.061026,200.
1779990986.161026,0.,1779990986.161026,200.
1779990986.2610261,0.,1779990986.2610261,200.
1779990986.361026,0.,1779990986.361026,200.
1779990986.461026,0.,1779990986.461026,200.
1779990986.561026,0.,1779990986.561026,200.
1779990986.661026,0.,1779990986.661026,200.
1779990986.7610261,0.,1779990986.7610261,200.
1779990986.861026,0.,1779990986.861026,200.
1779990986.961026,0.,1779990986.961026,200.
1779990987.061026,0.,1779990987.061026,200.
1779990987.161026,0.,1779990987.161026,200.
1779990987.2610261,0.,1779990987.2610261,200.
1779990987.361026,0.,1779990987.361026,200.
1779990987.461026,0.,1779990987.461026,200.
1779990987.561026,0.,1779990987.561026,200.
1779990987.661026,0.,1779990987.661026,200.
1779990987.7610261,0.,1779990987.7610261,200.
1779990987.861026,0.,1779990987.861026,200.
1779990987.961026,0.,1779990987.961026,200.
1779990988.061026,0.,1779990988.061026,200.
1779990988.161026,0.,1779990988.161026,200.
1779990988.2610261,0.,1779990988.2610261,200.
1779990988.361026,0.,1779990988.361026,200.
1779990988.461026,0.,1779990988.461026,200.
1779990988.561026,0.,1779990988.561026,200.
1779990988.661026,0.,1779990988.661026,200.
1779990988.7610261,0.,1779990988.7610261,200.
1779990988.861026,0.,1779990988.861026,200.
1779990988.961026,0.,1779990988.961026,200.
1779990989.061026,0.,1779990989.061026,200.
1779990989.161026,0.,1779990989.161026,200.
1779990989.2610261,0.,1779990989.2610261,200.
1779990989.361026,0.,1779990989.361026,200.
1779990989.461026,0.,1779990989.461026,200.
1779990989.561026,0.,1779990989.561026,200.
1779990989.661026,0.,1779990989.661026,200.
1779990989.7610261,0.,1779990989.7610261,200.
1779990989.861026,0.,1779990989.861026,200.
1779990989.961026,0.,1779990989.961026,200.
1779990990.061026,0.,1779990990.061026,200.
1779990990.161026,0.,1779990990.161026,200.
1779990990.2610261,0.,1779990990.2610261,200.
1779990990.361026,0.,1779990990.361026,200.
1779990990.461026,0.,1779990990.461026,200.
1779990990.561026,0.,1779990990.561026,200.
1779990990.661026,0.,1779990990.661026,200.
1779990990.7610261,0.,1779990990.7610261,200.
1779990990.861026,0.,1779990990.861026,200.
1779990990.961026,0.,1779990990.961026,200.
1779990991.061026,0.,1779990991.061026,200.
1779990991.161026,0.,1779990991.161026,200.
1779990991.2610261,0.,1779990991.2610261,200.
1779990991.361026,0.,1779990991.361026,200.
1779990991.461026,0.,1779990991.461026,200.
1779990991.561026,0.,1779990991.561026,200.
1779990991.661026,0.,1779990991.661026,200.
1779990991.7610261,0.,1779990991.7610261,200.
1779990991.861026,0.,1779990991.861026,200.
1779990991.961026,0.,1779990991.961026,200.
1779990992.061026,0.,1779990992.061026,200.
1779990992.161026,0.,1779990992.161026,200.
1779990992.2610261,0.,1779990992.2610261,200.
1779990992.361026,0.,1779990992.361026,200.
1779990992.461026,0.,1779990992.461026,200.
1779990992.561026,0.,1779990992.561026,200.
1779990992.661026,0.,1779990992.661026,200.
1779990992.7610261,0.,1779990992.7610261,200.
1779990992.861026,0.,1779990992.861026,200.
1779990992.961026,0.,1779990992.961026,200.
1779990993.061026,0.,1779990993.061026,200.
1779990993.161026,0.,1779990993.161026,200.
1779990993.2610261,0.,1779990993.2610261,200.
1779990993.361026,0.,1779990993.361026,200.
1779990993.461026,0.,1779990993.461026,200.
1779990993.561026,0.,1779990993.561026,200.
1779990993.661026,0.,1779990993.661026,200.
1779990993.7610261,0.,1779990993.7610261,200.
1779990993.861026,0.,1779990993.861026,200.
1779990993.961026,0.,1779990993.961026,200.
1779990994.061026,0.,1779990994.061026,200.
1779990994.161026,0.,1779990994.161026,200.
1779990994.2610261,0.,1779990994.2610261,200.
1779990994.361026,0.,1779990994.361026,200.
1779990994.461026,0.,1779990994.461026,200.
1779990994.561026,0.,1779990994.561026,200.
1779990994.661026,0.,1779990994.661026,200.
1779990994.7610261,0.,1779990994.7610261,200.
1779990994.861026,0.,1779990994.861026,200.
1779990994.961026,0.,1779990994.961026,200.
1779990995.061026,0.,1779990995.061026,200.
1779990995.161026,0.,1779990995.161026,200.
1779990995.2610261,0.,1779990995.2610261,200.
1779990995.361026,0.,1779990995.361026,200.
1779990995.461026,0.,1779990995.461026,200.
1779990995.561026,0.,1779990995.561026,200.
1779990995.661026,0.,1779990995.661026,200.
1779990995.7610261,0.,1779990995.7610261,200.
1779990995.861026,0.,1779990995.861026,200.
1779990995.961026,0.,1779990995.961026,200.
1779990996.061026,0.,1779990996.061026,200.
1779990996.161026,0.,1779990996.161026,200.
1779990996.2610261,0.,1779990996.2610261,200.
1779990996.361026,0.,1779990996.361026,200.
1779990996.461026,0.,1779990996.461026,200.
1779990996.561026,0.,1779990996.561026,200.
1779990996.661026,0.,1779990996.661026,200.
1779990996.7610261,0.,1779990996.7610261,200.
1779990996.861026,0.,1779990996.861026,200.
1779990996.961026,0.,1779990996.961026,200.
1779990997.061026,0.,1779990997.061026,200.
1779990997.161026,0.,1779990997.161026,200.
1779990997.2610261,0.,1779990997.2610261,200.
1779990997.361026,0.,1779990997.361026,200.
1779990997.461026,0.,1779990997.461026,200.
1779990997.561026,0.,1779990997.561026,200.
1779990997.661026,0.,1779990997.661026,200.
1779990997.7610261,0.,1779990997.7610261,200.
1779990997.861026,0.,1779990997.861026,200.
1779990997.961026,0.,1779990997.961026,200.
1779990998.061026,0.,1779990998.061026,200.
1779990998.161026,0.,1779990998.161026,200.
1779990998.2610261,0.,1779990998.2610261,200.
1779990998.361026,0.,1779990998.361026,200.
1779990998.461026,0.,1779990998.461026,200.
1779990998.561026,0.,1779990998.561026,200.
1779990998.661026,0.,1779990998.661026,200.
1779990998.7610261,0.,1779990998.7610261,200.
1779990998.861026,0.,1779990998.861026,200.
1779990998.961026,0.,1779990998.961026,200.
1779990999.061026,0.,1779990999.061026,200.
1779990999.161026,0.,1779990999.161026,200.
1779990999.2610261,0.,1779990999.2610261,200.
1779990999.361026,0.,1779990999.361026,200.
1779990999.461026,0.,1779990999.461026,200.
1779990999.561026,0.,1779990999.561026,200.
1779990999.661026,0.,1779990999.661026,200.
1779990999.7610261,0.,1779990999.7610261,200.
1779990999.861026,0.,1779990999.861026,200.
1779990999.961026,0.,1779990999.961026,200.
1779991000.061026,0.,1779991000.061026,200.
1779991000.161026,0.,1779991000.161026,200.
1779991000.2610261,0.,1779991000.2610261,200.
1779991000.361026,0.,1779991000.361026,200.
1779991000.461026,0.,1779991000.461026,200.
1779991000.561026,0.,1779991000.561026,200.
1779991000.661026,0.,1779991000.661026,200.
1779991000.7610261,0.,1779991000.7610261,200.
1779991000.861026,0.,1779991000.861026,200.
1779991000.961026,0.,1779991000.961026,200.
1779991001.061026,0.,1779991001.061026,200.
1779991001.161026,0.,1779991001.161026,200.
1779991001.2610261,0.,1779991001.2610261,200.
1779991001.361026,0.,1779991001.361026,200.
1779991001.461026,0.,1779991001.461026,200.
1779991001.561026,0.,1779991001.561026,200.
1779991001.661026,0.,1779991001.661026,200.
1779991001.7610261,0.,1779991001.7610261,200.
1779991001.861026,0.,1779991001.861026,200.
1779991001.961026,0.,1779991001.961026,200.
1779991002.061026,0.,1779991002.061026,200.
1779991002.161026,0.,1779991002.161026,200.
1779991002.2610261,0.,1779991002.2610261,200.
1779991002.361026,0.,1779991002.361026,200.
1779991002.461026,0.,1779991002.461026,200.
1779991002.561026,0.,1779991002.561026,200.
1779991002.661026,0.,1779991002.661026,200.
1779991002.7610261,0.,1779991002.7610261,200.
1779991002.861026,0.,1779991002.861026,200.
1779991002.961026,0.,1779991002.961026,200.
1779991003.061026,0.,1779991003.061026,200.
1779991003.161026,0.,1779991003.161026,200.
1779991003.2610261,0.,1779991003.2610261,200.
1779991003.361026,0.,1779991003.361026,200.
1779991003.461026,0.,1779991003.461026,200.
1779991003.561026,0.,1779991003.561026,200.
1779991003.661026,0.,1779991003.661026,200.
1779991003.7610261,0.,1779991003.7610261,200.
1779991003.861026,0.,1779991003.861026,200.
1779991003.961026,0.,1779991003.961026,200.
1779991004.061026,0.,1779991004.061026,200.
1779991004.161026,0.,1779991004.161026,200.
1779991004.2610261,0.,1779991004.2610261,200.
1779991004.361026,0.,1779991004.361026,200.
1779991004.461026,0.,1779991004.461026,200.
1779991004.561026,0.,1779991004.561026,200.
1779991004.661026,0.,1779991004.661026,200.
1779991004.7610261,0.,1779991004.7610261,200.
1779991004.861026,0.,1779991004.861026,200.
1779991004.961026,0.,1779991004.961026,200.
1779991005.061026,0.,1779991005.061026,200.
1779991005.161026,0.,1779991005.161026,200.
1779991005.2610261,0.,1779991005.2610261,200.
1779991005.361026,0.,1779991005.361026,200.
1779991005.461026,0.,1779991005.461026,200.
1779991005.561026,0.,1779991005.561026,200.
1779991005.661026,0.,1779991005.661026,200.
1779991005.7610261,0.,1779991005.7610261,200.
1779991005.861026,0.,1779991005.861026,200.
1779991005.961026,0.,1779991005.961026,200.
1779991006.061026,0.,1779991006.061026,200.
1779991006.161026,0.,1779991006.161026,200.
1779991006.2610261,0.,1779991006.2610261,200.
1779991006.361026,0.,1779991006.361026,200.
1779991006.461026,0.,1779991006.461026,200.
1779991006.561026,0.,1779991006.561026,200.
1779991006.661026,0.,1779991006.661026,200.
1779991006.7610261,0.,1779991006.7610261,200.
1779991006.861026,0.,1779991006.861026,200.
1779991006.961026,0.,1779991006.961026,200.
1779991007.061026,0.,1779991007.061026,200.
1779991007.161026,0.,1779991007.161026,200.
1779991007.2610261,0.,1779991007.2610261,200.
1779991007.361026,0.,1779991007.361026,200.
1779991007.461026,0.,1779991007.461026,200.
1779991007.561026,0.,1779991007.561026,200.
1779991007.661026,0.,1779991007.661026,200.
1779991007.7610261,0.,1779991007.7610261,200.
1779991007.861026,0.,1779991007.861026,200.
1779991007.961026,0.,1779991007.961026,200.
1779991008.061026,0.,1779991008.061026,200.
1779991008.161026,0.,1779991008.161026,200.
1779991008.2610261,0.,1779991008.2610261,200.
1779991008.361026,0.,1779991008.361026,200.
1779991008.461026,0.,1779991008.461026,200.
1779991008.561026,0.,1779991008.561026,200.
1779991008.661026,0.,1779991008.661026,200.
1779991008.7610261,0.,1779991008.7610261,200.
1779991008.861026,0.,1779991008.861026,200.
1779991008.961026,0.,1779991008.961026,200.
1779991009.061026,0.,1779991009.061026,200.
1779991009.161026,0.,1779991009.161026,200.
1779991009.2610261,0.,1779991009.2610261,200.
1779991009.361026,0.,1779991009.361026,200.
1779991009.461026,0.,1779991009.461026,200.
1779991009.561026,0.,1779991009.561026,200.
1779991009.661026,0.,1779991009.661026,200.
1779991009.7610261,0.,1779991009.7610261,200.
1779991009.861026,0.,1779991009.861026,200.
1779991009.961026,0.,1779991009.961026,200.
1779991010.061026,0.,1779991010.061026,200.
1779991010.161026,0.,1779991010.161026,200.
1779991010.2610261,0.,1779991010.2610261,200.
1779991010.361026,0.,1779991010.361026,200.
1779991010.461026,0.,1779991010.461026,200.
1779991010.561026,0.,1779991010.561026,200.
1779991010.661026,0.,1779991010.661026,200.
1779991010.7610261,0.,1779991010.7610261,200.
1779991010.861026,0.,1779991010.861026,200.
1779991010.961026,0.,1779991010.961026,200.
1779991011.061026,0.,1779991011.061026,200.
1779991011.161026,0.,1779991011.161026,200.
1779991011.2610261,0.,1779991011.2610261,200.
1779991011.361026,0.,1779991011.361026,200.
1779991011.461026,0.,1779991011.461026,200.
1779991011.561026,0.,1779991011.561026,200.
1779991011.661026,0.,1779991011.661026,200.
1779991011.7610261,0.,1779991011.7610261,200.
1779991011.861026,0.,1779991011.861026,200.
1779991011.961026,0.,1779991011.961026,200.
1779991012.061026,0.,1779991012.061026,200.
1779991012.161026,0.,1779991012.161026,200.
1779991012.2610261,0.,1779991012.2610261,200.
1779991012.361026,0.,1779991012.361026,200.
1779991012.461026,0.,1779991012.461026,200.
1779991012.561026,0.,1779991012.561026,200.
1779991012.661026,0.,1779991012.661026,200.
1779991012.7610261,0.,1779991012.7610261,200.
1779991012.861026,0.,1779991012.861026,200.
1779991012.961026,0.,1779991012.961026,200.
1779991013.061026,0.,1779991013.061026,200.
1779991013.161026,0.,1779991013.161026,200.
1779991013.2610261,0.,1779991013.2610261,200.
1779991013.361026,0.,1779991013.361026,200.
1779991013.461026,0.,1779991013.461026,200.
1779991013.561026,0.,1779991013.561026,200.
1779991013.661026,0.,1779991013.661026,200.
1779991013.7610261,0.,1779991013.7610261,200.
1779991013.861026,0.,1779991013.861026,200.
1779991013.961026,0.,1779991013.961026,200.
1779991014.061026,0.,1779991014.061026,200.
1779991014.161026,0.,1779991014.161026,200.
1779991014.2610261,0.,1779991014.2610261,200.
1779991014.361026,0.,1779991014.361026,200.
1779991014.461026,0.,1779991014.461026,200.
1779991014.561026,0.,1779991014.561026,200.
1779991014.661026,0.,1779991014.661026,200.
1779991014.7610261,0.,1779991014.7610261,200.
1779991014.861026,0.,1779991014.861026,200.
1779991014.961026,70.3602000770,1779991014.961026,200.
1779991015.061026,109.2946390415,1779991015.061026,200.
1779991015.161026,156.1457767344,1779991015.161026,200.
1779991015.2610261,216.4045233004,1779991015.2610261,200.
1779991015.361026,220.410687478,1779991015.361026,200.
1779991015.461026,222.9946211418,1779991015.461026,200.
1779991015.561026,203.6914056843,1779991015.561026,200.
1779991015.661026,259.8050144535,1779991015.661026,200.
1779991015.7610261,222.3584412014,1779991015.7610261,200.
1779991015.861026,198.5496266959,1779991015.861026,200.
1779991015.961026,236.0043697708,1779991015.961026,200.
1779991016.061026,255.2830416702,1779991016.061026,200.
1779991016.161026,192.3631908501,1779991016.161026,200.
1779991016.2610261,228.5306762665,1779991016.2610261,200.
1779991016.361026,244.3779778419,1779991016.361026,200.
1779991016.461026,179.8586098383,1779991016.461026,200.
1779991016.561026,236.3606420601,1779991016.561026,200.
1779991016.661026,216.8448260457,1779991016.661026,200.
1779991016.7610261,253.8853207348,1779991016.7610261,200.
1779991016.861026,211.4535279795,1779991016.861026,249.4487731179
1779991016.961026,203.8280007374,1779991016.961026,269.2237962512
1779991017.061026,223.5800850224,1779991017.061026,200.
1779991017.161026,220.7914340873,1779991017.161026,200.
1779991017.2610261,205.4863836737,1779991017.2610261,200.
1779991017.361026,236.7057952179,1779991017.361026,200.
1779991017.461026,251.1672393229,1779991017.461026,200.
1779991017.561026,221.3715521559,1779991017.561026,200.
1779991017.661026,240.8772108776,1779991017.661026,200.
1779991017.7610261,233.9147081286,1779991017.7610261,200.
1779991017.861026,252.9599066655,1779991017.861026,200.
1779991017.961026,228.3164221014,1779991017.961026,200.
1779991018.061026,197.0197273219,1779991018.061026,200.
1779991018.161026,185.7378724821,1779991018.161026,200.
1779991018.2610261,208.0775474885,1779991018.2610261,200.
1779991018.361026,199.855609268,1779991018.361026,200.
1779991018.461026,176.7704220938,1779991018.461026,200.
1779991018.561026,182.3602493556,1779991018.561026,200.
1779991018.661026,179.7939335903,1779991018.661026,200.
1779991018.7610261,177.8997462210,1779991018.7610261,200.
1779991018.861026,219.4356410182,1779991018.861026,200.
1779991018.961026,208.3469491745,1779991018.961026,200.
1779991019.061026,209.3730418575,1779991019.061026,200.
1779991019.161026,205.9139566346,1779991019.161026,200.
1779991019.2610261,227.7191604945,1779991019.2610261,200.
1779991019.361026,239.7689913864,1779991019.361026,200.
1779991019.461026,210.7320403148,1779991019.461026,200.
1779991019.561026,208.0808461461,1779991019.561026,200.
1779991019.661026,226.2373900072,1779991019.661026,200.
1779991019.7610261,230.9612305154,1779991019.7610261,200.
1779991019.861026,249.7584616645,1779991019.861026,200.
1779991019.961026,238.4762395013,1779991019.961026,200.
1779991020.061026,211.5994046580,1779991020.061026,200.
1779991020.161026,231.6399606740,1779991020.161026,200.
1779991020.2610261,210.0174294121,1779991020.2610261,200.
1779991020.361026,206.044553051,1779991020.361026,200.
1779991020.461026,185.7585392730,1779991020.461026,200.
1779991020.561026,201.8314092292,1779991020.561026,200.
1779991020.661026,223.4661507202,1779991020.661026,200.
1779991020.7610261,160.5456934858,1779991020.7610261,200.
1779991020.861026,202.0131003532,1779991020.861026,200.
1779991020.961026,187.5740876918,1779991020.961026,200.
1779991021.061026,202.3404910181,1779991021.061026,200.
1779991021.161026,206.5735288252,1779991021.161026,200.
1779991021.2610261,180.7552041899,1779991021.2610261,200.
1779991021.361026,181.1403841844,1779991021.361026,200.
1779991021.461026,175.4033583759,1779991021.461026,200.
1779991021.561026,221.4315908813,1779991021.561026,200.
1779991021.661026,221.4315908813,1779991021.661026,0.
1779991021.7610261,221.4315908813,1779991021.7610261,0.
1779991021.861026,221.4315908813,1779991021.861026,0.
1779991021.961026,221.4315908813,1779991021.961026,0.
1779991022.061026,221.4315908813,1779991022.061026,0.
1779991022.161026,221.4315908813,1779991022.161026,0.
1779991022.2610261,221.4315908813,1779991022.2610261,0.
1779991022.361026,221.4315908813,1779991022.361026,0.
1779991022.461026,221.4315908813,1779991022.461026,0.
1779991022.561026,221.4315908813,1779991022.561026,0.
1779991022.661026,221.4315908813,1779991022.661026,0.
1779991022.7610261,221.4315908813,1779991022.7610261,0.
1779991022.861026,221.4315908813,1779991022.861026,0.
1779991022.961026,221.4315908813,1779991022.961026,0.
1779991023.061026,221.4315908813,1779991023.061026,0.
1779991023.161026,221.4315908813,1779991023.161026,0.
1779991023.2610261,221.4315908813,1779991023.2610261,0.
1779991023.361026,221.4315908813,1779991023.361026,0.
1779991023.461026,221.4315908813,1779991023.461026,0.
1779991023.561026,221.4315908813,1779991023.561026,0.
1779991023.661026,221.4315908813,1779991023.661026,0.
1779991023.7610261,221.4315908813,1779991023.7610261,0.
1779991023.861026,221.4315908813,1779991023.861026,0.
1779991023.961026,221.4315908813,1779991023.961026,0.
1779991024.061026,221.4315908813,1779991024.061026,0.
1779991024.161026,221.4315908813,1779991024.161026,0.
1779991024.2610261,221.4315908813,1779991024.2610261,0.
1779991024.361026,221.4315908813,1779991024.361026,0.
1779991024.461026,221.4315908813,1779991024.461026,0.
1779991024.561026,221.4315908813,1779991024.561026,0.
1779991024.661026,221.4315908813,1779991024.661026,0.
1779991024.7610261,221.4315908813,1779991024.7610261,0.
1779991024.861026,221.4315908813,1779991024.861026,0.
1779991024.961026,221.4315908813,1779991024.961026,0.
1779991025.061026,221.4315908813,1779991025.061026,0.
1779991025.161026,221.4315908813,1779991025.161026,0.
1779991025.2610261,221.4315908813,1779991025.2610261,0.
1779991025.361026,221.4315908813,1779991025.361026,0.
1779991025.461026,221.4315908813,1779991025.461026,0.
1779991025.561026,221.4315908813,1779991025.561026,0.
1779991025.661026,221.4315908813,1779991025.661026,0.
1779991025.7610261,221.4315908813,1779991025.7610261,0.
1779991025.861026,221.4315908813,1779991025.861026,0.
1779991025.961026,221.4315908813,1779991025.961026,0.
1779991026.061026,221.4315908813,1779991026.061026,0.
1779991026.161026,221.4315908813,1779991026.161026,0.
1779991026.2610261,221.4315908813,1779991026.2610261,0.
1779991026.361026,221.4315908813,1779991026.361026,0.
1779991026.461026,221.4315908813,1779991026.461026,0.
1779991026.561026,221.4315908813,1779991026.561026,0.
1779991026.661026,221.4315908813,1779991026.661026,0.
1779991026.7610261,221.4315908813,1779991026.7610261,0.
1779991026.861026,221.4315908813,1779991026.861026,0.
1779991026.961026,221.4315908813,1779991026.961026,0.
1779991027.061026,221.4315908813,1779991027.061026,0.
1779991027.161026,221.4315908813,1779991027.161026,0.
1779991027.2610261,221.4315908813,1779991027.2610261,0.
1779991027.361026,221.4315908813,1779991027.361026,0.
1779991027.461026,221.4315908813,1779991027.461026,0.
1779991027.561026,221.4315908813,1779991027.561026,0.
1779991027.661026,221.4315908813,1779991027.661026,0.
1779991027.7610261,221.4315908813,1779991027.7610261,0.
1779991027.861026,221.4315908813,1779991027.861026,0.
1779991027.961026,221.4315908813,1779991027.961026,0.
1779991028.061026,221.4315908813,1779991028.061026,0.
1779991028.161026,221.4315908813,1779991028.161026,0.
1779991028.2610261,221.4315908813,1779991028.2610261,0.
1779991028.361026,221.4315908813,1779991028.361026,0.
1779991028.461026,221.4315908813,1779991028.461026,0.
1779991028.561026,221.4315908813,1779991028.561026,0.
1779991028.661026,221.4315908813,1779991028.661026,0.
1779991028.7610261,221.4315908813,1779991028.7610261,0.
1779991028.861026,221.4315908813,1779991028.861026,0.
1779991028.961026,221.4315908813,1779991028.961026,0.
1779991029.061026,221.4315908813,1779991029.061026,0.
1779991029.161026,221.4315908813,1779991029.161026,0.
1779991029.2610261,221.4315908813,1779991029.2610261,0.
1779991029.361026,221.4315908813,1779991029.361026,0.
1779991029.461026,221.4315908813,1779991029.461026,0.
1779991029.561026,221.4315908813,1779991029.561026,0.
1779991029.661026,221.4315908813,1779991029.661026,0.
1779991029.7610261,221.4315908813,1779991029.7610261,0.
1779991029.861026,221.4315908813,1779991029.861026,0.
1779991029.961026,221.4315908813,1779991029.961026,0.
1779991030.061026,221.4315908813,1779991030.061026,0.
1779991030.161026,221.4315908813,1779991030.161026,0.
1779991030.2610261,221.4315908813,1779991030.2610261,0.
1779991030.361026,221.4315908813,1779991030.361026,0.
1779991030.461026,221.4315908813,1779991030.461026,0.
1779991030.561026,221.4315908813,1779991030.561026,0.
1779991030.661026,221.4315908813,1779991030.661026,0.
1779991030.7610261,221.4315908813,1779991030.7610261,0.
1779991030.861026,221.4315908813,1779991030.861026,0.
1779991030.961026,221.4315908813,1779991030.961026,0.
1779991031.061026,221.4315908813,1779991031.061026,0.
1779991031.161026,221.4315908813,1779991031.161026,0.
1779991031.2610261,221.4315908813,1779991031.2610261,0.
1779991031.361026,221.4315908813,1779991031.361026,0.
1779991031.461026,221.4315908813,1779991031.461026,0.
1779991031.561026,221.4315908813,1779991031.561026,0.
1779991031.661026,221.4315908813,1779991031.661026,0.
1779991031.7610261,221.4315908813,1779991031.7610261,0.
1779991031.861026,221.4315908813,1779991031.861026,0.
1779991031.961026,221.4315908813,1779991031.961026,0.
1779991032.061026,221.4315908813,1779991032.061026,0.
1779991032.161026,221.4315908813,1779991032.161026,0.
1779991032.2610261,221.4315908813,1779991032.2610261,0.
1779991032.361026,221.4315908813,1779991032.361026,0.
1779991032.461026,221.4315908813,1779991032.461026,0.
1779991032.561026,221.4315908813,1779991032.561026,0.
1779991032.661026,221.4315908813,1779991032.661026,0.
1779991032.7610261,221.4315908813,1779991032.7610261,0.
1779991032.861026,221.4315908813,1779991032.861026,0.
1779991032.961026,221.4315908813,1779991032.961026,0.
1779991033.061026,221.4315908813,1779991033.061026,0.
1779991033.161026,221.4315908813,1779991033.161026,0.
1779991033.2610261,221.4315908813,1779991033.2610261,0.
1779991033.361026,221.4315908813,1779991033.361026,0.
1779991033.461026,221.4315908813,1779991033.461026,0.
1779991033.561026,221.4315908813,1779991033.561026,0.
1779991033.661026,221.4315908813,1779991033.661026,0.
1779991033.7610261,221.4315908813,1779991033.7610261,0.
1779991033.861026,221.4315908813,1779991033.861026,0.
1779991033.961026,221.4315908813,1779991033.961026,0.
1779991034.061026,221.4315908813,1779991034.061026,0.
1779991034.161026,221.4315908813,1779991034.161026,0.
1779991034.2610261,221.4315908813,1779991034.2610261,0.
1779991034.361026,221.4315908813,1779991034.361026,0.
1779991034.461026,221.4315908813,1779991034.461026,0.
1779991034.561026,221.4315908813,1779991034.561026,0.
1779991034.661026,221.4315908813,1779991034.661026,0.
1779991034.7610261,221.4315908813,1779991034.7610261,0.
1779991034.861026,221.4315908813,1779991034.861026,0.
1779991034.961026,221.4315908813,1779991034.961026,0.
1779991035.061026,221.4315908813,1779991035.061026,0.
1779991035.161026,221.4315908813,1779991035.161026,0.
1779991035.2610261,221.4315908813,1779991035.2610261,0.
1779991035.361026,221.4315908813,1779991035.361026,0.
1779991035.461026,221.4315908813,1779991035.461026,0.
1779991035.561026,221.4315908813,1779991035.561026,0.
1779991035.661026,221.4315908813,1779991035.661026,0.
1779991035.7610261,221.4315908813,1779991035.7610261,0.
1779991035.861026,221.4315908813,1779991035.861026,0.
1779991035.961026,221.4315908813,1779991035.961026,0.
1779991036.061026,221.4315908813,1779991036.061026,0.
1779991036.161026,221.4315908813,1779991036.161026,0.
1779991036.2610261,221.4315908813,1779991036.2610261,0.
1779991036.361026,221.4315908813,1779991036.361026,0.
1779991036.461026,221.4315908813,1779991036.461026,0.
1779991036.561026,221.4315908813,1779991036.561026,0.
1779991036.661026,221.4315908813,1779991036.661026,0.
1779991036.7610261,221.4315908813,1779991036.7610261,0.
1779991036.861026,221.4315908813,1779991036.861026,0.
1779991036.961026,221.4315908813,1779991036.961026,0.
1779991037.061026,221.4315908813,1779991037.061026,0.
1779991037.161026,221.4315908813,1779991037.161026,0.
1779991037.2610261,221.4315908813,1779991037.2610261,0.
1779991037.361026,221.4315908813,1779991037.361026,0.
1779991037.461026,221.4315908813,1779991037.461026,0.
1779991037.561026,221.4315908813,1779991037.561026,0.
1779991037.661026,221.4315908813,1779991037.661026,0.
1779991037.7610261,221.4315908813,1779991037.7610261,0.
1779991037.861026,221.4315908813,1779991037.861026,0.
1779991037.961026,221.4315908813,1779991037.961026,0.
1779991038.061026,221.4315908813,1779991038.061026,0.
1779991038.161026,221.4315908813,1779991038.161026,0.
1779991038.2610261,221.4315908813,1779991038.2610261,0.
1779991038.361026,221.4315908813,1779991038.361026,0.
1779991038.461026,221.4315908813,1779991038.461026,0.
1779991038.561026,221.4315908813,1779991038.561026,0.
1779991038.661026,221.4315908813,1779991038.661026,0.
1779991038.7610261,221.4315908813,1779991038.7610261,0.
1779991038.861026,221.4315908813,1779991038.861026,0.
1779991038.961026,221.4315908813,1779991038.961026,0.
1779991039.061026,221.4315908813,1779991039.061026,0.
1779991039.161026,221.4315908813,1779991039.161026,0.
1779991039.2610261,221.4315908813,1779991039.2610261,0.
1779991039.361026,221.4315908813,1779991039.361026,0.
1779991039.461026,221.4315908813,1779991039.461026,0.
1779991039.561026,221.4315908813,1779991039.561026,0.
1779991039.661026,221.4315908813,1779991039.661026,0.
1779991039.7610261,221.4315908813,1779991039.7610261,0.
1779991039.861026,221.4315908813,1779991039.861026,0.
1779991039.961026,221.4315908813,1779991039.961026,0.
1779991040.061026,221.4315908813,1779991040.061026,0.
1779991040.161026,221.4315908813,1779991040.161026,0.
1779991040.2610261,221.4315908813,1779991040.2610261,0.
1779991040.361026,221.4315908813,1779991040.361026,0.
1779991040.461026,221.4315908813,1779991040.461026,0.
1779991040.561026,221.4315908813,1779991040.561026,0.
1779991040.661026,221.4315908813,1779991040.661026,0.
1779991040.7610261,221.4315908813,1779991040.7610261,0.
1779991040.861026,221.4315908813,1779991040.861026,0.
1779991040.961026,221.4315908813,1779991040.961026,0.
1779991041.061026,221.4315908813,1779991041.061026,0.
1779991041.161026,221.4315908813,1779991041.161026,0.
1779991041.2610261,221.4315908813,1779991041.2610261,0.
1779991041.361026,221.4315908813,1779991041.361026,0.
1779991041.461026,221.4315908813,1779991041.461026,0.
1779991041.561026,221.4315908813,1779991041.561026,0.
1779991041.661026,221.4315908813,1779991041.661026,0.
1779991041.7610261,221.4315908813,1779991041.7610261,0.
1779991041.861026,221.4315908813,1779991041.861026,0.
1779991041.961026,221.4315908813,1779991041.961026,0.
1779991042.061026,221.4315908813,1779991042.061026,0.
1779991042.161026,221.4315908813,1779991042.161026,0.
1779991042.2610261,221.4315908813,1779991042.2610261,0.
1779991042.361026,221.4315908813,1779991042.361026,0.
1779991042.461026,221.4315908813,1779991042.461026,0.
1779991042.561026,221.4315908813,1779991042.561026,0.
1779991042.661026,221.4315908813,1779991042.661026,0.
1779991042.7610261,221.4315908813,1779991042.7610261,0.
1779991042.861026,221.4315908813,1779991042.861026,0.
1779991042.961026,221.4315908813,1779991042.961026,0.
1779991043.061026,221.4315908813,1779991043.061026,0.
1779991043.161026,221.4315908813,1779991043.161026,0.
1779991043.2610261,221.4315908813,1779991043.2610261,0.
1779991043.361026,221.4315908813,1779991043.361026,0.
1779991043.461026,221.4315908813,1779991043.461026,0.
1779991043.561026,221.4315908813,1779991043.561026,0.
1779991043.661026,221.4315908813,1779991043.661026,0.
1779991043.7610261,221.4315908813,1779991043.7610261,0.
1779991043.861026,221.4315908813,1779991043.861026,0.
1779991043.961026,221.4315908813,1779991043.961026,0.
1779991044.061026,221.4315908813,1779991044.061026,0.
1779991044.161026,221.4315908813,1779991044.161026,0.
1779991044.2610261,221.4315908813,1779991044.2610261,0.
1779991044.361026,221.4315908813,1779991044.361026,0.
1779991044.461026,221.4315908813,1779991044.461026,0.
1779991044.561026,221.4315908813,1779991044.561026,0.
1779991044.661026,221.4315908813,1779991044.661026,0.
1779991044.7610261,221.4315908813,1779991044.7610261,0.
1779991044.861026,221.4315908813,1779991044.861026,0.
1779991044.961026,221.4315908813,1779991044.961026,0.
1779991045.061026,221.4315908813,1779991045.061026,0.
1779991045.161026,221.4315908813,1779991045.161026,0.
1779991045.2610261,221.4315908813,1779991045.2610261,0.
1779991045.361026,221.4315908813,1779991045.361026,0.
1779991045.461026,221.4315908813,1779991045.461026,0.
1779991045.561026,221.4315908813,1779991045.561026,0.
1779991045.661026,221.4315908813,1779991045.661026,0.
1779991045.7610261,221.4315908813,1779991045.7610261,0.
1779991045.861026,221.4315908813,1779991045.861026,0.
1779991045.961026,221.4315908813,1779991045.961026,0.
1779991046.061026,221.4315908813,1779991046.061026,0.
1779991046.161026,221.4315908813,1779991046.161026,0.
1779991046.2610261,221.4315908813,1779991046.2610261,0.
1779991046.361026,221.4315908813,1779991046.361026,0.
1779991046.461026,221.4315908813,1779991046.461026,0.
1779991046.561026,221.4315908813,1779991046.561026,0.
1779991046.661026,221.4315908813,1779991046.661026,0.
1779991046.7610261,221.4315908813,1779991046.7610261,0.
1779991046.861026,221.4315908813,1779991046.861026,0.
1779991046.961026,221.4315908813,1779991046.961026,0.
1779991047.061026,221.4315908813,1779991047.061026,0.
1779991047.161026,221.4315908813,1779991047.161026,0.
1779991047.2610261,221.4315908813,1779991047.2610261,0.
1779991047.361026,221.4315908813,1779991047.361026,0.
1779991047.461026,221.4315908813,1779991047.461026,0.
1779991047.561026,221.4315908813,1779991047.561026,0.
1779991047.661026,221.4315908813,1779991047.661026,0.
1779991047.7610261,221.4315908813,1779991047.7610261,0.
1779991047.861026,221.4315908813,1779991047.861026,0.
1779991047.961026,221.4315908813,1779991047.961026,0.
1779991048.061026,221.4315908813,1779991048.061026,0.
1779991048.161026,221.4315908813,1779991048.161026,0.
1779991048.2610261,221.4315908813,1779991048.2610261,0.
1779991048.361026,221.4315908813,1779991048.361026,0.
1779991048.461026,221.4315908813,1779991048.461026,0.
1779991048.561026,221.4315908813,1779991048.561026,0.
1779991048.661026,221.4315908813,1779991048.661026,0.
1779991048.7610261,221.4315908813,1779991048.7610261,0.
1779991048.861026,221.4315908813,1779991048.861026,0.
1779991048.961026,221.4315908813,1779991048.961026,0.
1779991049.061026,221.4315908813,1779991049.061026,0.
1779991049.161026,221.4315908813,1779991049.161026,0.
1779991049.2610261,221.4315908813,1779991049.2610261,0.
1779991049.361026,221.4315908813,1779991049.361026,0.
1779991049.461026,221.4315908813,1779991049.461026,0.
1779991049.561026,221.4315908813,1779991049.561026,0.
1779991049.661026,221.4315908813,1779991049.661026,0.
1779991049.7610261,221.4315908813,1779991049.7610261,0.
1779991049.861026,221.4315908813,1779991049.861026,0.
1779991049.961026,221.4315908813,1779991049.961026,0.
1779991050.061026,221.4315908813,1779991050.061026,0.
1779991050.161026,221.4315908813,1779991050.161026,0.
1779991050.2610261,221.4315908813,1779991050.2610261,0.
1779991050.361026,221.4315908813,1779991050.361026,0.
1779991050.461026,221.4315908813,1779991050.461026,0.
1779991050.561026,221.4315908813,1779991050.561026,0.
1779991050.661026,221.4315908813,1779991050.661026,0.
1779991050.7610261,221.4315908813,1779991050.7610261,0.
1779991050.861026,221.4315908813,1779991050.861026,0.
1779991050.961026,221.4315908813,1779991050.961026,0.
1779991051.061026,221.4315908813,1779991051.061026,0.
1779991051.161026,221.4315908813,1779991051.161026,0.
1779991051.2610261,221.4315908813,1779991051.2610261,0.
1779991051.361026,221.4315908813,1779991051.361026,0.
1779991051.461026,221.4315908813,1779991051.461026,0.
1779991051.561026,221.4315908813,1779991051.561026,0.
1779991051.661026,221.4315908813,1779991051.661026,0.
1779991051.7610261,221.4315908813,1779991051.7610261,0.
1779991051.861026,221.4315908813,1779991051.861026,0.
1779991051.961026,221.4315908813,1779991051.961026,0.
1779991052.061026,221.4315908813,1779991052.061026,0.
1779991052.161026,221.4315908813,1779991052.161026,0.
1779991052.2610261,221.4315908813,1779991052.2610261,0.
1779991052.361026,221.4315908813,1779991052.361026,0.
1779991052.461026,221.4315908813,1779991052.461026,0.
1779991052.561026,221.4315908813,1779991052.561026,0.
1779991052.661026,221.4315908813,1779991052.661026,0.
1779991052.7610261,221.4315908813,1779991052.7610261,0.
1779991052.861026,221.4315908813,1779991052.861026,0.
1779991052.961026,221.4315908813,1779991052.961026,0.
1779991053.061026,221.4315908813,1779991053.061026,0.
1779991053.161026,221.4315908813,1779991053.161026,0.
1779991053.2610261,221.4315908813,1779991053.2610261,0.
1779991053.361026,221.4315908813,1779991053.361026,0.
1779991053.461026,221.4315908813,1779991053.461026,0.
1779991053.561026,221.4315908813,1779991053.561026,0.
1779991053.661026,221.4315908813,1779991053.661026,0.
1779991053.7610261,221.4315908813,1779991053.7610261,0.
1779991053.861026,221.4315908813,1779991053.861026,0.
1779991053.961026,221.4315908813,1779991053.961026,0.
1779991054.061026,221.4315908813,1779991054.061026,0.
1779991054.161026,221.4315908813,1779991054.161026,0.
1779991054.2610261,221.4315908813,1779991054.2610261,0.
1779991054.361026,221.4315908813,1779991054.361026,0.
1779991054.461026,221.4315908813,1779991054.461026,0.
1779991054.561026,221.4315908813,1779991054.561026,0.
1779991054.661026,221.4315908813,1779991054.661026,0.
1779991054.7610261,221.4315908813,1779991054.7610261,0.
1779991054.861026,221.4315908813,1779991054.861026,0.
1779991054.961026,221.4315908813,1779991054.961026,0.
1779991055.061026,221.4315908813,1779991055.061026,0.
1779991055.161026,221.4315908813,1779991055.161026,0.
1779991055.2610261,221.4315908813,1779991055.2610261,0.
1779991055.361026,221.4315908813,1779991055.361026,0.
1779991055.461026,221.4315908813,1779991055.461026,0.
1779991055.561026,221.4315908813,1779991055.561026,0.
1779991055.661026,221.4315908813,1779991055.661026,0.
1779991055.7610261,221.4315908813,1779991055.7610261,0.
1779991055.861026,221.4315908813,1779991055.861026,0.
1779991055.961026,221.4315908813,1779991055.961026,0.
1779991056.061026,221.4315908813,1779991056.061026,0.
1779991056.161026,221.4315908813,1779991056.161026,0.
1779991056.2610261,221.4315908813,1779991056.2610261,0.
1779991056.361026,221.4315908813,1779991056.361026,0.
1779991056.461026,221.4315908813,1779991056.461026,0.
1779991056.561026,221.4315908813,1779991056.561026,0.
1779991056.661026,221.4315908813,1779991056.661026,0.
1779991056.7610261,221.4315908813,1779991056.7610261,0.
1779991056.861026,221.4315908813,1779991056.861026,0.
1779991056.961026,221.4315908813,1779991056.961026,0.
1779991057.061026,221.4315908813,1779991057.061026,0.
1779991057.161026,221.4315908813,1779991057.161026,0.
1779991057.2610261,221.4315908813,1779991057.2610261,0.
1779991057.361026,221.4315908813,1779991057.361026,0.
1779991057.461026,221.4315908813,1779991057.461026,0.
1779991057.561026,221.4315908813,1779991057.561026,0.
1779991057.661026,221.4315908813,1779991057.661026,0.
1779991057.7610261,221.4315908813,1779991057.7610261,0.
1779991057.861026,221.4315908813,1779991057.861026,0.
1779991057.961026,221.4315908813,1779991057.961026,0.
1779991058.061026,221.4315908813,1779991058.061026,0.
1779991058.161026,221.4315908813,1779991058.161026,0.
1779991058.2610261,221.4315908813,1779991058.2610261,0.
1779991058.361026,221.4315908813,1779991058.361026,0.
1779991058.461026,221.4315908813,1779991058.461026,0.
1779991058.561026,221.4315908813,1779991058.561026,0.
1779991058.661026,221.4315908813,1779991058.661026,0.
1779991058.7610261,221.4315908813,1779991058.7610261,0.
1779991058.861026,221.4315908813,1779991058.861026,0.
1779991058.961026,0.,1779991058.961026,200.
1779991059.061026,0.,1779991059.061026,200.
1779991059.161026,0.,1779991059.161026,200.
1779991059.2610261,0.,1779991059.2610261,200.
1779991059.361026,0.,1779991059.361026,200.
1779991059.461026,0.,1779991059.461026,200.
1779991059.561026,0.,1779991059.561026,200.
1779991059.661026,0.,1779991059.661026,200.
1779991059.7610261,0.,1779991059.7610261,200.
1779991059.861026,0.,1779991059.861026,200.
1779991059.961026,0.,1779991059.961026,200.
1779991060.061026,0.,1779991060.061026,200.
1779991060.161026,0.,1779991060.161026,200.
1779991060.2610261,0.,1779991060.2610261,200.
1779991060.361026,0.,1779991060.361026,200.
1779991060.461026,0.,1779991060.461026,200.
1779991060.561026,0.,1779991060.561026,200.
1779991060.661026,0.,1779991060.661026,200.
1779991060.7610261,0.,1779991060.7610261,200.
1779991060.861026,0.,1779991060.861026,200.
1779991060.961026,0.,1779991060.961026,200.
1779991061.061026,0.,1779991061.061026,200.
1779991061.161026,0.,1779991061.161026,200.
1779991061.2610261,0.,1779991061.2610261,200.
1779991061.361026,0.,1779991061.361026,200.
1779991061.461026,0.,1779991061.461026,200.
1779991061.561026,0.,1779991061.561026,200.
1779991061.661026,0.,1779991061.661026,200.
1779991061.7610261,0.,1779991061.7610261,200.
1779991061.861026,0.,1779991061.861026,200.
1779991061.961026,0.,1779991061.961026,200.
1779991062.061026,0.,1779991062.061026,200.
1779991062.161026,0.,1779991062.161026,200.
1779991062.2610261,0.,1779991062.2610261,200.
1779991062.361026,0.,1779991062.361026,200.
1779991062.461026,0.,1779991062.461026,200.
1779991062.561026,0.,1779991062.561026,200.
1779991062.661026,0.,1779991062.661026,200.
1779991062.7610261,0.,1779991062.7610261,200.
1779991062.861026,0.,1779991062.861026,200.
1779991062.961026,0.,1779991062.961026,200.
1779991063.061026,0.,1779991063.061026,200.
1779991063.161026,0.,1779991063.161026,200.
1779991063.2610261,0.,1779991063.2610261,200.
1779991063.361026,0.,1779991063.361026,200.
1779991063.461026,0.,1779991063.461026,200.
1779991063.561026,0.,1779991063.561026,200.
1779991063.661026,0.,1779991063.661026,200.
1779991063.7610261,0.,1779991063.7610261,200.
1779991063.861026,0.,1779991063.861026,200.
1779991063.961026,0.,1779991063.961026,200.
1779991064.061026,0.,1779991064.061026,200.
1779991064.161026,0.,1779991064.161026,200.
1779991064.2610261,0.,1779991064.2610261,200.
1779991064.361026,0.,1779991064.361026,200.
1779991064.461026,0.,1779991064.461026,200.
1779991064.561026,0.,1779991064.561026,200.
1779991064.661026,0.,1779991064.661026,200.
1779991064.7610261,0.,1779991064.7610261,200.
1779991064.861026,0.,1779991064.861026,200.
1779991064.961026,0.,1779991064.961026,200.
1779991065.061026,0.,1779991065.061026,200.
1779991065.161026,0.,1779991065.161026,200.
1779991065.2610261,0.,1779991065.2610261,200.
1779991065.361026,0.,1779991065.361026,200.
1779991065.461026,0.,1779991065.461026,200.
1779991065.561026,0.,1779991065.561026,200.
1779991065.661026,0.,1779991065.661026,200.
1779991065.7610261,0.,1779991065.7610261,200.
1779991065.861026,0.,1779991065.861026,200.
1779991065.961026,0.,1779991065.961026,200.
1779991066.061026,0.,1779991066.061026,200.
1779991066.161026,0.,1779991066.161026,200.
1779991066.2610261,0.,1779991066.2610261,200.
1779991066.361026,0.,1779991066.361026,200.
1779991066.461026,0.,1779991066.461026,200.
1779991066.561026,0.,1779991066.561026,200.
1779991066.661026,0.,1779991066.661026,200.
1779991066.7610261,0.,1779991066.7610261,200.
1779991066.861026,0.,1779991066.861026,200.
1779991066.961026,0.,1779991066.961026,200.
1779991067.061026,0.,1779991067.061026,200.
1779991067.161026,0.,1779991067.161026,200.
1779991067.2610261,0.,1779991067.2610261,200.
1779991067.361026,0.,1779991067.361026,200.
1779991067.461026,0.,1779991067.461026,200.
1779991067.561026,0.,1779991067.561026,200.
1779991067.661026,0.,1779991067.661026,200.
1779991067.7610261,0.,1779991067.7610261,200.
1779991067.861026,0.,1779991067.861026,200.
1779991067.961026,0.,1779991067.961026,200.
1779991068.061026,0.,1779991068.061026,200.
1779991068.161026,0.,1779991068.161026,200.
1779991068.2610261,0.,1779991068.2610261,200.
1779991068.361026,0.,1779991068.361026,200.
1779991068.461026,0.,1779991068.461026,200.
1779991068.561026,0.,1779991068.561026,200.
1779991068.661026,0.,1779991068.661026,200.
1779991068.7610261,0.,1779991068.7610261,200.
1779991068.861026,0.,1779991068.861026,200.
1779991068.961026,0.,1779991068.961026,200.
1779991069.061026,0.,1779991069.061026,200.
1779991069.161026,0.,1779991069.161026,200.
1779991069.2610261,0.,1779991069.2610261,200.
1779991069.361026,0.,1779991069.361026,200.
1779991069.461026,0.,1779991069.461026,200.
1779991069.561026,0.,1779991069.561026,200.
1779991069.661026,0.,1779991069.661026,200.
1779991069.7610261,0.,1779991069.7610261,200.
1779991069.861026,0.,1779991069.861026,200.
1779991069.961026,0.,1779991069.961026,200.
1779991070.061026,0.,1779991070.061026,200.
1779991070.161026,0.,1779991070.161026,200.
1779991070.2610261,0.,1779991070.2610261,200.
1779991070.361026,0.,1779991070.361026,200.
1779991070.461026,0.,1779991070.461026,200.
1779991070.561026,0.,1779991070.561026,200.
1779991070.661026,0.,1779991070.661026,200.
1779991070.7610261,0.,1779991070.7610261,200.
1779991070.861026,0.,1779991070.861026,200.
1779991070.961026,0.,1779991070.961026,200.
1779991071.061026,0.,1779991071.061026,200.
1779991071.161026,0.,1779991071.161026,200.
1779991071.2610261,0.,1779991071.2610261,200.
1779991071.361026,0.,1779991071.361026,200.
1779991071.461026,0.,1779991071.461026,200.
1779991071.561026,0.,1779991071.561026,200.
1779991071.661026,0.,1779991071.661026,200.
1779991071.7610261,0.,1779991071.7610261,200.
1779991071.861026,0.,1779991071.861026,200.
1779991071.961026,0.,1779991071.961026,200.
1779991072.061026,0.,1779991072.061026,200.
1779991072.161026,0.,1779991072.161026,200.
1779991072.2610261,0.,1779991072.2610261,200.
1779991072.361026,0.,1779991072.361026,200.
1779991072.461026,0.,1779991072.461026,200.
1779991072.561026,0.,1779991072.561026,200.
1779991072.661026,0.,1779991072.661026,200.
1779991072.7610261,0.,1779991072.7610261,200.
1779991072.861026,0.,1779991072.861026,200.
1779991072.961026,0.,1779991072.961026,200.
1779991073.061026,0.,1779991073.061026,200.
1779991073.161026,0.,1779991073.161026,200.
1779991073.2610261,0.,1779991073.2610261,200.
1779991073.361026,0.,1779991073.361026,200.
1779991073.461026,0.,1779991073.461026,200.
1779991073.561026,0.,1779991073.561026,200.
1779991073.661026,0.,1779991073.661026,200.
1779991073.7610261,0.,1779991073.7610261,200.
1779991073.861026,0.,1779991073.861026,200.
1779991073.961026,0.,1779991073.961026,200.
1779991074.061026,0.,1779991074.061026,200.
1779991074.161026,0.,1779991074.161026,200.
1779991074.2610261,0.,1779991074.2610261,200.
1779991074.361026,0.,1779991074.361026,200.
1779991074.461026,0.,1779991074.461026,200.
1779991074.561026,0.,1779991074.561026,200.
1779991074.661026,0.,1779991074.661026,200.
1779991074.7610261,0.,1779991074.7610261,200.
1779991074.861026,0.,1779991074.861026,200.
1779991074.961026,0.,1779991074.961026,200.
1779991075.061026,0.,1779991075.061026,200.
1779991075.161026,0.,1779991075.161026,200.
1779991075.2610261,0.,1779991075.2610261,200.
1779991075.361026,0.,1779991075.361026,200.
1779991075.461026,0.,1779991075.461026,200.
1779991075.561026,0.,1779991075.561026,200.
1779991075.661026,0.,1779991075.661026,200.
1779991075.7610261,0.,1779991075.7610261,200.
1779991075.861026,0.,1779991075.861026,200.
1779991075.961026,0.,1779991075.961026,200.
1779991076.061026,0.,1779991076.061026,200.
1779991076.161026,0.,1779991076.161026,200.
1779991076.2610261,0.,1779991076.2610261,200.
1779991076.361026,0.,1779991076.361026,200.
1779991076.461026,0.,1779991076.461026,200.
1779991076.561026,0.,1779991076.561026,200.
1779991076.661026,0.,1779991076.661026,200.
1779991076.7610261,0.,1779991076.7610261,200.
1779991076.861026,0.,1779991076.861026,200.
1779991076.961026,0.,1779991076.961026,200.
1779991077.061026,0.,1779991077.061026,200.
1779991077.161026,0.,1779991077.161026,200.
1779991077.2610261,0.,1779991077.2610261,200.
1779991077.361026,0.,1779991077.361026,200.
1779991077.461026,0.,1779991077.461026,200.
1779991077.561026,0.,1779991077.561026,200.
1779991077.661026,0.,1779991077.661026,200.
1779991077.7610261,0.,1779991077.7610261,200.
1779991077.861026,0.,1779991077.861026,200.
1779991077.961026,0.,1779991077.961026,200.
1779991078.061026,0.,1779991078.061026,200.
1779991078.161026,0.,1779991078.161026,200.
1779991078.2610261,0.,1779991078.2610261,200.
1779991078.361026,0.,1779991078.361026,200.
1779991078.461026,0.,1779991078.461026,200.
1779991078.561026,0.,1779991078.561026,200.
1779991078.661026,0.,1779991078.661026,200.
1779991078.7610261,0.,1779991078.7610261,200.
1779991078.861026,0.,1779991078.861026,200.
1779991078.961026,0.,1779991078.961026,200.
1779991079.061026,0.,1779991079.061026,200.
1779991079.161026,0.,1779991079.161026,200.
1779991079.2610261,0.,1779991079.2610261,200.
1779991079.361026,0.,1779991079.361026,200.
1779991079.461026,0.,1779991079.461026,200.
1779991079.561026,0.,1779991079.561026,200.
1779991079.661026,0.,1779991079.661026,200.
1779991079.7610261,0.,1779991079.7610261,200.
1779991079.861026,0.,1779991079.861026,200.
1779991079.961026,0.,1779991079.961026,200.
1779991080.061026,0.,1779991080.061026,200.
1779991080.161026,0.,1779991080.161026,200.
1779991080.2610261,0.,1779991080.2610261,200.
1779991080.361026,0.,1779991080.361026,200.
1779991080.461026,0.,1779991080.461026,200.
1779991080.561026,0.,1779991080.561026,200.
1779991080.661026,0.,1779991080.661026,200.
1779991080.7610261,0.,1779991080.7610261,200.
1779991080.861026,0.,1779991080.861026,200.
1779991080.961026,0.,1779991080.961026,200.
1779991081.061026,0.,1779991081.061026,200.
1779991081.161026,0.,1779991081.161026,200.
1779991081.2610261,0.,1779991081.2610261,200.
1779991081.361026,0.,1779991081.361026,200.
1779991081.461026,0.,1779991081.461026,200.
1779991081.561026,0.,1779991081.561026,200.
1779991081.661026,0.,1779991081.661026,200.
1779991081.7610261,0.,1779991081.7610261,200.
1779991081.861026,0.,1779991081.861026,200.
1779991081.961026,0.,1779991081.961026,200.
1779991082.061026,0.,1779991082.061026,200.
1779991082.161026,0.,1779991082.161026,200.
1779991082.2610261,0.,1779991082.2610261,200.
1779991082.361026,0.,1779991082.361026,200.
1779991082.461026,104.0407202319,1779991082.461026,200.
1779991082.561026,168.2552973009,1779991082.561026,200.
1779991082.661026,178.7062290697,1779991082.661026,200.
1779991082.7610261,185.6963031299,1779991082.7610261,200.
1779991082.861026,236.3612043853,1779991082.861026,200.
1779991082.961026,242.4255611427,1779991082.961026,200.
1779991083.061026,242.9354211343,1779991083.061026,200.
1779991083.161026,232.8644880955,1779991083.161026,200.
1779991083.2610261,215.0590769661,1779991083.2610261,200.
1779991083.361026,202.2568231893,1779991083.361026,200.
1779991083.461026,207.7046272972,1779991083.461026,200.
1779991083.561026,204.668706292,1779991083.561026,200.
1779991083.661026,223.8828686833,1779991083.661026,200.
1779991083.7610261,193.1051682993,1779991083.7610261,200.
1779991083.861026,230.5947675014,1779991083.861026,200.
1779991083.961026,203.5551260479,1779991083.961026,200.
1779991084.061026,205.2389839821,1779991084.061026,200.
1779991084.161026,253.7140490573,1779991084.161026,200.
1779991084.2610261,220.7640011918,1779991084.2610261,180.4882206818
1779991084.361026,234.4661065826,1779991084.361026,185.7814427005
1779991084.461026,289.3748195392,1779991084.461026,189.1421771603
1779991084.561026,187.2888350331,1779991084.561026,195.3811381495
1779991084.661026,234.6628602255,1779991084.661026,199.3618380207
1779991084.7610261,225.1059054009,1779991084.7610261,197.8652136239
1779991084.861026,200.6904217902,1779991084.861026,191.0134734232
1779991084.961026,178.0310484423,1779991084.961026,168.209188716
1779991085.061026,203.4622200986,1779991085.061026,146.3956580023
1779991085.161026,182.4191560139,1779991085.161026,143.199371317
1779991085.2610261,172.1381877916,1779991085.2610261,150.4541967900
1779991085.361026,217.4939078099,1779991085.361026,168.6619880363
1779991085.461026,204.578758804,1779991085.461026,209.8628511166
1779991085.561026,241.6401086576,1779991085.561026,233.7325493274
1779991085.661026,223.5262271346,1779991085.661026,236.4911147385
1779991085.7610261,210.7486861757,1779991085.7610261,223.3337034032
1779991085.861026,185.6152331486,1779991085.861026,209.6950578742
1779991085.961026,210.8847209782,1779991085.961026,195.2643311918
1779991086.061026,210.7952440375,1779991086.061026,185.0040118784
1779991086.161026,225.7192195271,1779991086.161026,185.3747749565
1779991086.2610261,211.9648276185,1779991086.2610261,184.9771187450
1779991086.361026,179.8049959398,1779991086.361026,179.3798073385
1779991086.461026,216.4672165906,1779991086.461026,169.6372089543
1779991086.561026,220.3600943913,1779991086.561026,162.5533930386
1779991086.661026,226.0619278246,1779991086.661026,169.7130469138
1779991086.7610261,192.1065681084,1779991086.7610261,178.7412034057
1779991086.861026,200.7779898010,1779991086.861026,184.0845453007
1779991086.961026,200.6690232404,1779991086.961026,186.9381140122
1779991087.061026,183.6982471106,1779991087.061026,188.6099418809
1779991087.161026,215.6916234646,1779991087.161026,178.436401607
1779991087.2610261,202.2785027256,1779991087.2610261,156.1406117709
1779991087.361026,214.0730815587,1779991087.361026,131.8119023868
1779991087.461026,188.8119191668,1779991087.461026,120.0031786959
1779991087.561026,208.0769118504,1779991087.561026,128.1863893667
1779991087.661026,187.6576984066,1779991087.661026,156.0378561042
1779991087.7610261,249.9269103085,1779991087.7610261,183.2520242596
1779991087.861026,207.0429627736,1779991087.861026,209.6226323905
1779991087.961026,107.5194454993,1779991087.961026,238.1400827398
1779991088.061026,116.3859702422,1779991088.061026,269.428960341
1779991088.161026,147.4501115002,1779991088.161026,263.5023105078
1779991088.2610261,146.1998971105,1779991088.2610261,248.9705948022
1779991088.361026,249.2535298386,1779991088.361026,236.3149203192
1779991088.461026,214.3434703723,1779991088.461026,228.5870727063
1779991088.561026,180.7719514065,1779991088.561026,214.5612997917
1779991088.661026,212.7180708286,1779991088.661026,188.8243942182
1779991088.7610261,257.1094847904,1779991088.7610261,175.7726957815
1779991088.861026,250.5177778046,1779991088.861026,181.6096021061
1779991088.961026,194.3223857877,1779991088.961026,192.5750511319
1779991089.061026,195.4311023642,1779991089.061026,204.2912529828
1779991089.161026,206.8278888713,1779991089.161026,204.0654460305
1779991089.2610261,261.1914128113,1779991089.2610261,164.7547238108
1779991089.361026,238.6535884413,1779991089.361026,150.3319284134
1779991089.461026,186.0311883328,1779991089.461026,155.7907400883
1779991089.561026,235.7172704093,1779991089.561026,171.6004073059
1779991089.661026,209.3795224725,1779991089.661026,191.4432275981
1779991089.7610261,279.9400493415,1779991089.7610261,209.9193636739
1779991089.861026,219.449000683,1779991089.861026,216.0441252501
1779991089.961026,237.3913146176,1779991089.961026,215.2064248162
1779991090.061026,230.8658062990,1779991090.061026,206.4044412945
1779991090.161026,269.704715548,1779991090.161026,185.4019163608
1779991090.2610261,265.4451923828,1779991090.2610261,173.3307348636
1779991090.361026,223.0581850588,1779991090.361026,168.1736551902
1779991090.461026,220.8258781514,1779991090.461026,176.2516204855
1779991090.561026,189.9518195804,1779991090.561026,185.4015738564
1779991090.661026,198.8075990816,1779991090.661026,193.1525388668
1779991090.7610261,211.3951552596,1779991090.7610261,198.6847491684
1779991090.861026,193.9549601056,1779991090.861026,198.3453813690
1779991090.961026,229.9669046160,1779991090.961026,191.1309165833
1779991091.061026,207.3544112785,1779991091.061026,188.7408768271
1779991091.161026,288.6699096361,1779991091.161026,186.8589534131
1779991091.2610261,199.3411398697,1779991091.2610261,183.133477243
1779991091.361026,232.5467124974,1779991091.361026,180.5218925422
1779991091.461026,184.4039325064,1779991091.461026,177.718965225
1779991091.561026,205.8126002102,1779991091.561026,170.0483845693
1779991091.661026,193.3377715134,1779991091.661026,165.2795929878
1779991091.7610261,213.7756577135,1779991091.7610261,170.5074788550
1779991091.861026,253.6196034032,1779991091.861026,176.8305714604
1779991091.961026,225.0595472735,1779991091.961026,181.8387130243
1779991092.061026,216.2145348937,1779991092.061026,187.1204964151
1779991092.161026,233.4351159110,1779991092.161026,182.8519683729
1779991092.2610261,253.4644871427,1779991092.2610261,179.7399161550
1779991092.361026,251.9707763717,1779991092.361026,167.2816898573
1779991092.461026,210.4823740646,1779991092.461026,158.4405922371
1779991092.561026,233.8329152997,1779991092.561026,158.7545957863
1779991092.661026,211.5545719665,1779991092.661026,162.4765136757
1779991092.7610261,207.9387601488,1779991092.7610261,163.6233792486
1779991092.861026,221.6223553259,1779991092.861026,162.0429913819
1779991092.961026,257.8260741995,1779991092.961026,163.5645580812
1779991093.061026,192.5212685284,1779991093.061026,168.6506651611
1779991093.161026,217.9797203363,1779991093.161026,176.0754945624
1779991093.2610261,255.0867860822,1779991093.2610261,182.9186786442
1779991093.361026,293.1758734038,1779991093.361026,188.3354347299
1779991093.461026,220.5297494723,1779991093.461026,193.7391270134
1779991093.561026,226.3084844777,1779991093.561026,197.3936252698
1779991093.661026,223.2061148569,1779991093.661026,193.8913216709
1779991093.7610261,207.0789902479,1779991093.7610261,192.6770345669
1779991093.861026,212.7498682626,1779991093.861026,188.4079804141
1779991093.961026,221.5059070810,1779991093.961026,181.6206364036
1779991094.061026,215.1110731417,1779991094.061026,176.3665231115
1779991094.161026,209.9181123660,1779991094.161026,176.2273312118
1779991094.2610261,214.0525222476,1779991094.2610261,180.0431805936
1779991094.361026,207.2932416269,1779991094.361026,184.236629537
1779991094.461026,258.2818431708,1779991094.461026,189.2061829913
1779991094.561026,212.2016764074,1779991094.561026,197.0544958369
1779991094.661026,206.6369409697,1779991094.661026,193.7150625032
1779991094.7610261,227.5288061059,1779991094.7610261,175.3594755643
1779991094.861026,200.7834239479,1779991094.861026,156.351243819
1779991094.961026,215.4357860973,1779991094.961026,146.0894961818
1779991095.061026,236.1748923932,1779991095.061026,158.8097305600
1779991095.161026,205.1779840502,1779991095.161026,179.4882392041
1779991095.2610261,198.3861777721,1779991095.2610261,190.7541104960
1779991095.361026,192.6323394112,1779991095.361026,187.0921923869
1779991095.461026,205.9117449582,1779991095.461026,176.9621551328
1779991095.561026,201.5406929815,1779991095.561026,175.9507024488
1779991095.661026,225.7272053474,1779991095.661026,178.805984037
1779991095.7610261,189.1808839246,1779991095.7610261,186.2380220964
1779991095.861026,200.1156580372,1779991095.861026,195.3581988369
1779991095.961026,228.5937505866,1779991095.961026,197.763493894
1779991096.061026,198.7180790975,1779991096.061026,194.3945071827
1779991096.161026,224.7690566008,1779991096.161026,194.3254918799
1779991096.2610261,249.1574071789,1779991096.2610261,192.3865014523
1779991096.361026,240.2344722836,1779991096.361026,190.4858417753
1779991096.461026,212.1873546443,1779991096.461026,190.2668422657
1779991096.561026,227.764382836,1779991096.561026,185.1576311132
1779991096.661026,186.8293035776,1779991096.661026,184.53807276
1779991096.7610261,226.9851979071,1779991096.7610261,190.5436741609
1779991096.861026,223.5478660115,1779991096.861026,196.2287515963
1779991096.961026,218.5341058902,1779991096.961026,199.8337981559
1779991097.061026,206.5929317508,1779991097.061026,204.2650848344
1779991097.161026,210.5562356949,1779991097.161026,197.5404097451
1779991097.2610261,204.0095645955,1779991097.2610261,186.2921812764
1779991097.361026,228.8652231443,1779991097.361026,174.5251306262
1779991097.461026,236.999556363,1779991097.461026,176.5637877698
1779991097.561026,215.2180095174,1779991097.561026,189.4021011660
1779991097.661026,210.1400423834,1779991097.661026,199.1676783551
1779991097.7610261,202.5539312016,1779991097.7610261,212.2311764367
1779991097.861026,212.9555379313,1779991097.861026,211.1072825672
1779991097.961026,230.7496623895,1779991097.961026,210.0461661976
1779991098.061026,239.2666982958,1779991098.061026,209.0663555214
1779991098.161026,241.7138251681,1779991098.161026,208.172122941
1779991098.2610261,249.7202507593,1779991098.2610261,193.3665270042
1779991098.361026,191.2990077384,1779991098.361026,181.6658489446
1779991098.461026,231.6605905237,1779991098.461026,177.410574939
1779991098.561026,189.9461612126,1779991098.561026,180.3475697284
1779991098.661026,193.9227648025,1779991098.661026,188.2877610276
1779991098.7610261,184.5295319747,1779991098.7610261,188.969325919
1779991098.861026,208.0787678352,1779991098.861026,180.6543004478
1779991098.961026,182.2320784616,1779991098.961026,170.8386478003
1779991099.061026,215.0100880568,1779991099.061026,167.3204818706
1779991099.161026,246.5582777313,1779991099.161026,171.0986427915
1779991099.2610261,210.1400429655,1779991099.2610261,183.8790367289
1779991099.361026,187.2846284911,1779991099.361026,197.4462086628
1779991099.461026,176.9739755125,1779991099.461026,201.6876491621
1779991099.561026,251.2828436669,1779991099.561026,191.9152875434
1779991099.661026,191.0448810964,1779991099.661026,166.9771382579
1779991099.7610261,181.8465466009,1779991099.7610261,142.7507357263
1779991099.861026,175.5680006908,1779991099.861026,121.9092264450
1779991099.961026,168.2323037249,1779991099.961026,115.3348616700
1779991100.061026,180.7112093355,1779991100.061026,128.8605376139
1779991100.161026,173.7102335458,1779991100.161026,141.1109438496
1779991100.2610261,206.8857820969,1779991100.2610261,146.9352595646
1779991100.361026,229.6560638924,1779991100.361026,148.7936425259
1779991100.461026,185.3645385461,1779991100.461026,145.9131468301
1779991100.561026,148.8789968337,1779991100.561026,139.3973182103
1779991100.661026,151.2359503334,1779991100.661026,137.8692764545
1779991100.7610261,170.8284397862,1779991100.7610261,143.1669348291
1779991100.861026,175.9832657691,1779991100.861026,151.9772647411
1779991100.961026,178.8149169273,1779991100.961026,156.5900384241
1779991101.061026,179.1719298305,1779991101.061026,156.1849915074
1779991101.161026,219.2740330143,1779991101.161026,161.4380941027
1779991101.2610261,160.5150431114,1779991101.2610261,167.6338138485
1779991101.361026,180.390991987,1779991101.361026,169.2525548955
1779991101.461026,181.4809055793,1779991101.461026,161.4091884775
1779991101.561026,162.9808545820,1779991101.561026,157.2277528232
1779991101.661026,162.6095581165,1779991101.661026,159.8258827728
1779991101.7610261,191.4550613450,1779991101.7610261,165.0814934564
1779991101.861026,190.6973292203,1779991101.861026,179.9929486217
1779991101.961026,198.4631702839,1779991101.961026,196.0762390617
1779991102.061026,199.8193519809,1779991102.061026,208.0869787375
1779991102.161026,232.4872715642,1779991102.161026,212.1283349097
1779991102.2610261,212.1462294325,1779991102.2610261,206.5861184356
1779991102.361026,206.8615002211,1779991102.361026,197.1775748956
1779991102.461026,232.6817656266,1779991102.461026,191.9004381489
1779991102.561026,189.7654987449,1779991102.561026,186.8575254310
1779991102.661026,178.6701702446,1779991102.661026,176.1306632843
1779991102.7610261,175.02814608,1779991102.7610261,173.4676508201
1779991102.861026,196.3018773630,1779991102.861026,176.2935113146
1779991102.961026,206.5204451927,1779991102.961026,187.4504608055
1779991103.061026,190.9652396979,1779991103.061026,201.7429411545
1779991103.161026,225.1582063185,1779991103.161026,207.2094226178
1779991103.2610261,185.8679823042,1779991103.2610261,206.0571747279
1779991103.361026,207.0639500029,1779991103.361026,192.3534112413
1779991103.461026,177.8838387540,1779991103.461026,165.6778341826
1779991103.561026,207.4408815128,1779991103.561026,157.7648693420
1779991103.661026,249.7119665022,1779991103.661026,172.8650816599
1779991103.7610261,182.0864847399,1779991103.7610261,191.719325436
1779991103.861026,191.560295986,1779991103.861026,194.8510333964
1779991103.961026,203.4858129378,1779991103.961026,181.1745796599
1779991104.061026,180.2876472733,1779991104.061026,171.323180694
1779991104.161026,233.2231584526,1779991104.161026,174.8987836201
1779991104.2610261,206.2217039328,1779991104.2610261,181.5460113380
1779991104.361026,205.0453402884,1779991104.361026,181.7055067498
1779991104.461026,184.9915644577,1779991104.461026,174.6555625098
1779991104.561026,155.9713885714,1779991104.561026,173.5838930301
1779991104.661026,181.3194958397,1779991104.661026,174.6486678605
1779991104.7610261,161.1974212326,1779991104.7610261,158.0423527974
1779991104.861026,149.8171770146,1779991104.861026,140.6922041588
1779991104.961026,204.5212773646,1779991104.961026,131.2620309630
1779991105.061026,177.4667528994,1779991105.061026,143.0794525202
1779991105.161026,175.9809181222,1779991105.161026,160.0474301461
1779991105.2610261,236.6850967713,1779991105.2610261,162.7094354252
1779991105.361026,203.7356082720,1779991105.361026,161.0891838622
1779991105.461026,161.6225882117,1779991105.461026,162.9353334930
1779991105.561026,221.537083534,1779991105.561026,169.0293567631
1779991105.661026,187.4646076332,1779991105.661026,179.5675502039
1779991105.7610261,195.6644361986,1779991105.7610261,191.8099200832
1779991105.861026,211.7900045770,1779991105.861026,197.1781123381
1779991105.961026,213.0183637969,1779991105.961026,201.7228704217
1779991106.061026,177.3354044591,1779991106.061026,204.5718019728
1779991106.161026,228.9925291485,1779991106.161026,196.2657678455
1779991106.2610261,191.921790213,1779991106.2610261,183.6773918619
1779991106.361026,172.9439200027,1779991106.361026,181.7942173317
1779991106.461026,183.0174151242,1779991106.461026,186.3146550691
1779991106.561026,171.9668681181,1779991106.561026,190.6829157403
1779991106.661026,181.7697281857,1779991106.661026,195.6792535436
1779991106.7610261,179.2567432331,1779991106.7610261,202.0192795853
1779991106.861026,211.7567071217,1779991106.861026,206.1699770594
1779991106.961026,189.4462158075,1779991106.961026,216.7561840589
1779991107.061026,208.1603922326,1779991107.061026,221.3771053029
1779991107.161026,206.0306850032,1779991107.161026,221.5672205323
1779991107.2610261,228.3084270023,1779991107.2610261,211.4823230032
1779991107.361026,213.7029692819,1779991107.361026,210.4064409402
1779991107.461026,212.9932805543,1779991107.461026,193.483407992
1779991107.561026,206.7447774821,1779991107.561026,182.6594401329
1779991107.661026,203.1958743025,1779991107.661026,176.2893568135
1779991107.7610261,186.0216337156,1779991107.7610261,174.0820999013
1779991107.861026,180.0041598183,1779991107.861026,175.7198297801
1779991107.961026,174.2090882177,1779991107.961026,179.1185821941
1779991108.061026,203.4738058811,1779991108.061026,182.7502141531
1779991108.161026,230.9745922016,1779991108.161026,188.5781061193
1779991108.2610261,212.5427902428,1779991108.2610261,185.549118484
1779991108.361026,185.4659505151,1779991108.361026,170.1834499967
1779991108.461026,203.4395337669,1779991108.461026,147.0322284200
1779991108.561026,149.8453771894,1779991108.561026,124.6375056471
1779991108.661026,157.0209925614,1779991108.661026,110.4277905660
1779991108.7610261,145.8992731328,1779991108.7610261,200.
1779991108.861026,175.8350482476,1779991108.861026,200.
1779991108.961026,165.8737415859,1779991108.961026,200.
1779991109.061026,158.5173426063,1779991109.061026,200.
1779991109.161026,202.7710595051,1779991109.161026,200.
1779991109.2610261,181.1966928564,1779991109.2610261,200.
1779991109.361026,230.1158919944,1779991109.361026,200.
1779991109.461026,199.1687120595,1779991109.461026,200.
1779991109.561026,208.5154070935,1779991109.561026,200.
1779991109.661026,188.6232353896,1779991109.661026,200.
1779991109.7610261,173.4527607543,1779991109.7610261,200.
1779991109.861026,211.482022772,1779991109.861026,200.
1779991109.961026,201.3524080087,1779991109.961026,200.
1779991110.061026,249.4284107919,1779991110.061026,200.
1779991110.161026,241.9448282272,1779991110.161026,200.
1779991110.2610261,238.6064807517,1779991110.2610261,200.
1779991110.361026,238.6381611094,1779991110.361026,200.
1779991110.461026,216.8122227717,1779991110.461026,200.
1779991110.561026,228.2513192235,1779991110.561026,200.
1779991110.661026,216.1621231959,1779991110.661026,200.
1779991110.7610261,211.3580341228,1779991110.7610261,200.
1779991110.861026,199.9561058898,1779991110.861026,200.
1779991110.961026,209.1715711577,1779991110.961026,200.
1779991111.061026,190.2173109169,1779991111.061026,200.
1779991111.161026,198.2727777676,1779991111.161026,200.
1779991111.2610261,207.3494214321,1779991111.2610261,200.
1779991111.361026,203.7400850122,1779991111.361026,200.
1779991111.461026,184.9587990701,1779991111.461026,200.
1779991111.561026,210.2950366242,1779991111.561026,200.
1779991111.661026,198.522508882,1779991111.661026,200.
1779991111.7610261,217.9161981325,1779991111.7610261,200.
1779991111.861026,189.9502427076,1779991111.861026,200.
1779991111.961026,195.6823025423,1779991111.961026,200.
1779991112.061026,191.2990300557,1779991112.061026,200.
1779991112.161026,177.2828374736,1779991112.161026,200.
1779991112.2610261,206.2189497752,1779991112.2610261,200.
1779991112.361026,209.3662618193,1779991112.361026,200.
1779991112.461026,190.6697863012,1779991112.461026,200.
1779991112.561026,194.6703846175,1779991112.561026,200.
1779991112.661026,200.2713959704,1779991112.661026,200.
1779991112.7610261,182.4801560142,1779991112.7610261,200.
1779991112.861026,176.2932903043,1779991112.861026,200.
1779991112.961026,198.3413209388,1779991112.961026,200.
1779991113.061026,182.6183733801,1779991113.061026,200.
1779991113.161026,174.8553981309,1779991113.161026,200.
1779991113.2610261,180.3143311108,1779991113.2610261,200.
1779991113.361026,152.1874442049,1779991113.361026,200.
1779991113.461026,195.0714415828,1779991113.461026,200.
1779991113.561026,188.5604918967,1779991113.561026,200.
1779991113.661026,202.6816600672,1779991113.661026,200.
1779991113.7610261,196.342364466,1779991113.7610261,200.
1779991113.861026,210.5507687327,1779991113.861026,200.
1779991113.961026,104.8646649388,1779991113.961026,200.
1779991114.061026,15.7296997408,1779991114.061026,200.
1779991114.161026,104.0412661369,1779991114.161026,200.
1779991114.2610261,142.1373132713,1779991114.2610261,200.
1779991114.361026,194.6762994580,1779991114.361026,200.
1779991114.461026,194.6762994580,1779991114.461026,0.
1779991114.561026,194.6762994580,1779991114.561026,0.
1779991114.661026,194.6762994580,1779991114.661026,0.
1779991114.7610261,194.6762994580,1779991114.7610261,0.
1779991114.861026,194.6762994580,1779991114.861026,0.
1779991114.961026,194.6762994580,1779991114.961026,0.
1779991115.061026,194.6762994580,1779991115.061026,0.
1779991115.161026,194.6762994580,1779991115.161026,0.
1779991115.2610261,194.6762994580,1779991115.2610261,0.
1779991115.361026,194.6762994580,1779991115.361026,0.
1779991115.461026,194.6762994580,1779991115.461026,0.
1779991115.561026,194.6762994580,1779991115.561026,0.
1779991115.661026,194.6762994580,1779991115.661026,0.
1779991115.7610261,194.6762994580,1779991115.7610261,0.
1779991115.861026,194.6762994580,1779991115.861026,0.
1779991115.961026,194.6762994580,1779991115.961026,0.
1779991116.061026,194.6762994580,1779991116.061026,0.
1779991116.161026,194.6762994580,1779991116.161026,0.
1779991116.2610261,194.6762994580,1779991116.2610261,0.
1779991116.361026,194.6762994580,1779991116.361026,0.
1779991116.461026,194.6762994580,1779991116.461026,0.
1779991116.561026,194.6762994580,1779991116.561026,0.
1779991116.661026,194.6762994580,1779991116.661026,0.
1779991116.7610261,194.6762994580,1779991116.7610261,0.
1779991116.861026,194.6762994580,1779991116.861026,0.
1779991116.961026,194.6762994580,1779991116.961026,0.
1779991117.061026,194.6762994580,1779991117.061026,0.
1779991117.161026,194.6762994580,1779991117.161026,0.
1779991117.2610261,194.6762994580,1779991117.2610261,0.
1779991117.361026,194.6762994580,1779991117.361026,0.
1779991117.461026,194.6762994580,1779991117.461026,0.
1779991117.561026,194.6762994580,1779991117.561026,0.
1779991117.661026,194.6762994580,1779991117.661026,0.
1779991117.7610261,194.6762994580,1779991117.7610261,0.
1779991117.861026,194.6762994580,1779991117.861026,0.
1779991117.961026,194.6762994580,1779991117.961026,0.
1779991118.061026,194.6762994580,1779991118.061026,0.
1779991118.161026,194.6762994580,1779991118.161026,0.
1779991118.2610261,194.6762994580,1779991118.2610261,0.
1779991118.361026,194.6762994580,1779991118.361026,0.
1779991118.461026,194.6762994580,1779991118.461026,0.
1779991118.561026,194.6762994580,1779991118.561026,0.
1779991118.661026,194.6762994580,1779991118.661026,0.
1779991118.7610261,194.6762994580,1779991118.7610261,0.
1779991118.861026,194.6762994580,1779991118.861026,0.
1779991118.961026,194.6762994580,1779991118.961026,0.
1779991119.061026,194.6762994580,1779991119.061026,0.
1779991119.161026,194.6762994580,1779991119.161026,0.
1779991119.2610261,194.6762994580,1779991119.2610261,0.
1779991119.361026,194.6762994580,1779991119.361026,0.
1779991119.461026,194.6762994580,1779991119.461026,0.
1779991119.561026,194.6762994580,1779991119.561026,0.
1779991119.661026,194.6762994580,1779991119.661026,0.
1779991119.7610261,194.6762994580,1779991119.7610261,0.
1779991119.861026,194.6762994580,1779991119.861026,0.
1779991119.961026,194.6762994580,1779991119.961026,0.
1779991120.061026,194.6762994580,1779991120.061026,0.
1779991120.161026,194.6762994580,1779991120.161026,0.
1779991120.2610261,194.6762994580,1779991120.2610261,0.
1779991120.361026,194.6762994580,1779991120.361026,0.
1779991120.461026,194.6762994580,1779991120.461026,0.
1779991120.561026,194.6762994580,1779991120.561026,0.
1779991120.661026,194.6762994580,1779991120.661026,0.
1779991120.7610261,194.6762994580,1779991120.7610261,0.
1779991120.861026,194.6762994580,1779991120.861026,0.
1779991120.961026,194.6762994580,1779991120.961026,0.
1779991121.061026,194.6762994580,1779991121.061026,0.
1779991121.161026,194.6762994580,1779991121.161026,0.
1779991121.2610261,194.6762994580,1779991121.2610261,0.
1779991121.361026,194.6762994580,1779991121.361026,0.
1779991121.461026,194.6762994580,1779991121.461026,0.
1779991121.561026,194.6762994580,1779991121.561026,0.
1779991121.661026,194.6762994580,1779991121.661026,0.
1779991121.7610261,194.6762994580,1779991121.7610261,0.
1779991121.861026,194.6762994580,1779991121.861026,0.
1779991121.961026,194.6762994580,1779991121.961026,0.
1779991122.061026,194.6762994580,1779991122.061026,0.
1779991122.161026,194.6762994580,1779991122.161026,0.
1779991122.2610261,194.6762994580,1779991122.2610261,0.
1779991122.361026,194.6762994580,1779991122.361026,0.
1779991122.461026,194.6762994580,1779991122.461026,0.
1779991122.561026,194.6762994580,1779991122.561026,0.
1779991122.661026,194.6762994580,1779991122.661026,0.
1779991122.7610261,194.6762994580,1779991122.7610261,0.
1779991122.861026,194.6762994580,1779991122.861026,0.
1779991122.961026,194.6762994580,1779991122.961026,0.
1779991123.061026,194.6762994580,1779991123.061026,0.
1779991123.161026,194.6762994580,1779991123.161026,0.
1779991123.2610261,194.6762994580,1779991123.2610261,0.
1779991123.361026,194.6762994580,1779991123.361026,0.
1779991123.461026,194.6762994580,1779991123.461026,0.
1779991123.561026,194.6762994580,1779991123.561026,0.
1779991123.661026,194.6762994580,1779991123.661026,0.
1779991123.7610261,194.6762994580,1779991123.7610261,0.
1779991123.861026,194.6762994580,1779991123.861026,0.
1779991123.961026,194.6762994580,1779991123.961026,0.
1779991124.061026,194.6762994580,1779991124.061026,0.
1779991124.161026,194.6762994580,1779991124.161026,0.
1779991124.2610261,194.6762994580,1779991124.2610261,0.
1779991124.361026,194.6762994580,1779991124.361026,0.
1779991124.461026,194.6762994580,1779991124.461026,0.
1779991124.561026,194.6762994580,1779991124.561026,0.
1779991124.661026,194.6762994580,1779991124.661026,0.
1779991124.7610261,194.6762994580,1779991124.7610261,0.
1779991124.861026,194.6762994580,1779991124.861026,0.
1779991124.961026,194.6762994580,1779991124.961026,0.
1779991125.061026,194.6762994580,1779991125.061026,0.
1779991125.161026,194.6762994580,1779991125.161026,0.
1779991125.2610261,194.6762994580,1779991125.2610261,0.
1779991125.361026,194.6762994580,1779991125.361026,0.
1779991125.461026,194.6762994580,1779991125.461026,0.
1779991125.561026,194.6762994580,1779991125.561026,0.
1779991125.661026,194.6762994580,1779991125.661026,0.
1779991125.7610261,194.6762994580,1779991125.7610261,0.
1779991125.861026,194.6762994580,1779991125.861026,0.
1779991125.961026,194.6762994580,1779991125.961026,0.
1779991126.061026,194.6762994580,1779991126.061026,0.
1779991126.161026,194.6762994580,1779991126.161026,0.
1779991126.2610261,194.6762994580,1779991126.2610261,0.
1779991126.361026,194.6762994580,1779991126.361026,0.
1779991126.461026,194.6762994580,1779991126.461026,0.
1779991126.561026,194.6762994580,1779991126.561026,0.
1779991126.661026,194.6762994580,1779991126.661026,0.
1779991126.7610261,194.6762994580,1779991126.7610261,0.
1779991126.861026,194.6762994580,1779991126.861026,0.
1779991126.961026,194.6762994580,1779991126.961026,0.
1779991127.061026,194.6762994580,1779991127.061026,0.
1779991127.161026,194.6762994580,1779991127.161026,0.
1779991127.2610261,194.6762994580,1779991127.2610261,0.
1779991127.361026,194.6762994580,1779991127.361026,0.
1779991127.461026,194.6762994580,1779991127.461026,0.
1779991127.561026,194.6762994580,1779991127.561026,0.
1779991127.661026,194.6762994580,1779991127.661026,0.
1779991127.7610261,194.6762994580,1779991127.7610261,0.
1779991127.861026,194.6762994580,1779991127.861026,0.
1779991127.961026,194.6762994580,1779991127.961026,0.
1779991128.061026,194.6762994580,1779991128.061026,0.
1779991128.161026,194.6762994580,1779991128.161026,0.
1779991128.2610261,194.6762994580,1779991128.2610261,0.
1779991128.361026,194.6762994580,1779991128.361026,0.
1779991128.461026,194.6762994580,1779991128.461026,0.
1779991128.561026,194.6762994580,1779991128.561026,0.
1779991128.661026,194.6762994580,1779991128.661026,0.
1779991128.7610261,194.6762994580,1779991128.7610261,0.
1779991128.861026,194.6762994580,1779991128.861026,0.
1779991128.961026,194.6762994580,1779991128.961026,0.
1779991129.061026,194.6762994580,1779991129.061026,0.
1779991129.161026,194.6762994580,1779991129.161026,0.
1779991129.2610261,194.6762994580,1779991129.2610261,0.
1779991129.361026,194.6762994580,1779991129.361026,0.
1779991129.461026,194.6762994580,1779991129.461026,0.
1779991129.561026,194.6762994580,1779991129.561026,0.
1779991129.661026,194.6762994580,1779991129.661026,0.
1779991129.7610261,194.6762994580,1779991129.7610261,0.
1779991129.861026,194.6762994580,1779991129.861026,0.
1779991129.961026,194.6762994580,1779991129.961026,0.
1779991130.061026,194.6762994580,1779991130.061026,0.
1779991130.161026,194.6762994580,1779991130.161026,0.
1779991130.2610261,194.6762994580,1779991130.2610261,0.
1779991130.361026,194.6762994580,1779991130.361026,0.
1779991130.461026,194.6762994580,1779991130.461026,0.
1779991130.561026,194.6762994580,1779991130.561026,0.
1779991130.661026,194.6762994580,1779991130.661026,0.
1779991130.7610261,194.6762994580,1779991130.7610261,0.
1779991130.861026,194.6762994580,1779991130.861026,0.
1779991130.961026,194.6762994580,1779991130.961026,0.
1779991131.061026,194.6762994580,1779991131.061026,0.
1779991131.161026,194.6762994580,1779991131.161026,0.
1779991131.2610261,194.6762994580,1779991131.2610261,0.
1779991131.361026,194.6762994580,1779991131.361026,0.
1779991131.461026,194.6762994580,1779991131.461026,0.
1779991131.561026,194.6762994580,1779991131.561026,0.
1779991131.661026,194.6762994580,1779991131.661026,0.
1779991131.7610261,194.6762994580,1779991131.7610261,0.
1779991131.861026,194.6762994580,1779991131.861026,0.
1779991131.961026,194.6762994580,1779991131.961026,0.
1779991132.061026,194.6762994580,1779991132.061026,0.
1779991132.161026,194.6762994580,1779991132.161026,0.
1779991132.2610261,194.6762994580,1779991132.2610261,0.
1779991132.361026,194.6762994580,1779991132.361026,0.
1779991132.461026,194.6762994580,1779991132.461026,0.
1779991132.561026,194.6762994580,1779991132.561026,0.
1779991132.661026,194.6762994580,1779991132.661026,0.
1779991132.7610261,194.6762994580,1779991132.7610261,0.
1779991132.861026,194.6762994580,1779991132.861026,0.
1779991132.961026,194.6762994580,1779991132.961026,0.
1779991133.061026,194.6762994580,1779991133.061026,0.
1779991133.161026,194.6762994580,1779991133.161026,0.
1779991133.2610261,194.6762994580,1779991133.2610261,0.
1779991133.361026,194.6762994580,1779991133.361026,0.
1779991133.461026,194.6762994580,1779991133.461026,0.
1779991133.561026,194.6762994580,1779991133.561026,0.
1779991133.661026,194.6762994580,1779991133.661026,0.
1779991133.7610261,194.6762994580,1779991133.7610261,0.
1779991133.861026,194.6762994580,1779991133.861026,0.
1779991133.961026,194.6762994580,1779991133.961026,0.
1779991134.061026,194.6762994580,1779991134.061026,0.
1779991134.161026,194.6762994580,1779991134.161026,0.
1779991134.2610261,194.6762994580,1779991134.2610261,0.
1779991134.361026,194.6762994580,1779991134.361026,0.
1779991134.461026,194.6762994580,1779991134.461026,0.
1779991134.561026,194.6762994580,1779991134.561026,0.
1779991134.661026,194.6762994580,1779991134.661026,0.
1779991134.7610261,194.6762994580,1779991134.7610261,0.
1779991134.861026,194.6762994580,1779991134.861026,0.
1779991134.961026,194.6762994580,1779991134.961026,0.
1779991135.061026,194.6762994580,1779991135.061026,0.
1779991135.161026,194.6762994580,1779991135.161026,0.
1779991135.2610261,194.6762994580,1779991135.2610261,0.
1779991135.361026,194.6762994580,1779991135.361026,0.
1779991135.461026,194.6762994580,1779991135.461026,0.
1779991135.561026,194.6762994580,1779991135.561026,0.
1779991135.661026,194.6762994580,1779991135.661026,0.
1779991135.7610261,194.6762994580,1779991135.7610261,0.
1779991135.861026,194.6762994580,1779991135.861026,0.
1779991135.961026,194.6762994580,1779991135.961026,0.
1779991136.061026,194.6762994580,1779991136.061026,0.
1779991136.161026,194.6762994580,1779991136.161026,0.
1779991136.2610261,194.6762994580,1779991136.2610261,0.
1779991136.361026,194.6762994580,1779991136.361026,0.
1779991136.461026,194.6762994580,1779991136.461026,0.
1779991136.561026,194.6762994580,1779991136.561026,0.
1779991136.661026,194.6762994580,1779991136.661026,0.
1779991136.7610261,194.6762994580,1779991136.7610261,0.
1779991136.861026,194.6762994580,1779991136.861026,0.
1779991136.961026,194.6762994580,1779991136.961026,0.
1779991137.061026,194.6762994580,1779991137.061026,0.
1779991137.161026,194.6762994580,1779991137.161026,0.
1779991137.2610261,194.6762994580,1779991137.2610261,0.
1779991137.361026,194.6762994580,1779991137.361026,0.
1779991137.461026,194.6762994580,1779991137.461026,0.
1779991137.561026,194.6762994580,1779991137.561026,0.
1779991137.661026,194.6762994580,1779991137.661026,0.
1779991137.7610261,194.6762994580,1779991137.7610261,0.
1779991137.861026,194.6762994580,1779991137.861026,0.
1779991137.961026,194.6762994580,1779991137.961026,0.
1779991138.061026,194.6762994580,1779991138.061026,0.
1779991138.161026,194.6762994580,1779991138.161026,0.
1779991138.2610261,194.6762994580,1779991138.2610261,0.
1779991138.361026,194.6762994580,1779991138.361026,0.
1779991138.461026,194.6762994580,1779991138.461026,0.
1779991138.561026,194.6762994580,1779991138.561026,0.
1779991138.661026,194.6762994580,1779991138.661026,0.
1779991138.7610261,194.6762994580,1779991138.7610261,0.
1779991138.861026,194.6762994580,1779991138.861026,0.
1779991138.961026,194.6762994580,1779991138.961026,0.
1779991139.061026,194.6762994580,1779991139.061026,0.
1779991139.161026,194.6762994580,1779991139.161026,0.
1779991139.2610261,194.6762994580,1779991139.2610261,0.
1779991139.361026,194.6762994580,1779991139.361026,0.
1779991139.461026,194.6762994580,1779991139.461026,0.
1779991139.561026,194.6762994580,1779991139.561026,0.
1779991139.661026,194.6762994580,1779991139.661026,0.
1779991139.7610261,194.6762994580,1779991139.7610261,0.
1779991139.861026,194.6762994580,1779991139.861026,0.
1779991139.961026,194.6762994580,1779991139.961026,0.
1779991140.061026,194.6762994580,1779991140.061026,0.
1779991140.161026,194.6762994580,1779991140.161026,0.
1779991140.2610261,194.6762994580,1779991140.2610261,0.
1779991140.361026,194.6762994580,1779991140.361026,0.
1779991140.461026,194.6762994580,1779991140.461026,0.
1779991140.561026,194.6762994580,1779991140.561026,0.
1779991140.661026,194.6762994580,1779991140.661026,0.
1779991140.7610261,194.6762994580,1779991140.7610261,0.
1779991140.861026,194.6762994580,1779991140.861026,0.
1779991140.961026,194.6762994580,1779991140.961026,0.
1779991141.061026,194.6762994580,1779991141.061026,0.
1779991141.161026,194.6762994580,1779991141.161026,0.
1779991141.2610261,194.6762994580,1779991141.2610261,0.
1779991141.361026,194.6762994580,1779991141.361026,0.
1779991141.461026,194.6762994580,1779991141.461026,0.
1779991141.561026,194.6762994580,1779991141.561026,0.
1779991141.661026,194.6762994580,1779991141.661026,0.
1779991141.7610261,194.6762994580,1779991141.7610261,0.
1779991141.861026,194.6762994580,1779991141.861026,0.
1779991141.961026,194.6762994580,1779991141.961026,0.
1779991142.061026,194.6762994580,1779991142.061026,0.
1779991142.161026,194.6762994580,1779991142.161026,0.
1779991142.2610261,194.6762994580,1779991142.2610261,0.
1779991142.361026,194.6762994580,1779991142.361026,0.
1779991142.461026,194.6762994580,1779991142.461026,0.
1779991142.561026,194.6762994580,1779991142.561026,0.
1779991142.661026,194.6762994580,1779991142.661026,0.
1779991142.7610261,194.6762994580,1779991142.7610261,0.
1779991142.861026,194.6762994580,1779991142.861026,0.
1779991142.961026,194.6762994580,1779991142.961026,0.
1779991143.061026,194.6762994580,1779991143.061026,0.
1779991143.161026,194.6762994580,1779991143.161026,0.
1779991143.2610261,194.6762994580,1779991143.2610261,0.
1779991143.361026,194.6762994580,1779991143.361026,0.
1779991143.461026,194.6762994580,1779991143.461026,0.
1779991143.561026,194.6762994580,1779991143.561026,0.
1779991143.661026,194.6762994580,1779991143.661026,0.
1779991143.7610261,194.6762994580,1779991143.7610261,0.
1779991143.861026,194.6762994580,1779991143.861026,0.
1779991143.961026,194.6762994580,1779991143.961026,0.
1779991144.061026,194.6762994580,1779991144.061026,0.
1779991144.161026,194.6762994580,1779991144.161026,0.
1779991144.2610261,194.6762994580,1779991144.2610261,0.
1779991144.361026,194.6762994580,1779991144.361026,0.
1779991144.461026,194.6762994580,1779991144.461026,0.
1779991144.561026,194.6762994580,1779991144.561026,0.
1779991144.661026,194.6762994580,1779991144.661026,0.
1779991144.7610261,194.6762994580,1779991144.7610261,0.
1779991144.861026,194.6762994580,1779991144.861026,0.
1779991144.961026,194.6762994580,1779991144.961026,0.
1779991145.061026,194.6762994580,1779991145.061026,0.
1779991145.161026,194.6762994580,1779991145.161026,0.
1779991145.2610261,194.6762994580,1779991145.2610261,0.
1779991145.361026,194.6762994580,1779991145.361026,0.
1779991145.461026,194.6762994580,1779991145.461026,0.
1779991145.561026,194.6762994580,1779991145.561026,0.
1779991145.661026,194.6762994580,1779991145.661026,0.
1779991145.7610261,194.6762994580,1779991145.7610261,0.
1779991145.861026,194.6762994580,1779991145.861026,0.
1779991145.961026,194.6762994580,1779991145.961026,0.
1779991146.061026,194.6762994580,1779991146.061026,0.
1779991146.161026,194.6762994580,1779991146.161026,0.
1779991146.2610261,194.6762994580,1779991146.2610261,0.
1779991146.361026,194.6762994580,1779991146.361026,0.
1779991146.461026,194.6762994580,1779991146.461026,0.
1779991146.561026,194.6762994580,1779991146.561026,0.
1779991146.661026,194.6762994580,1779991146.661026,0.
1779991146.7610261,194.6762994580,1779991146.7610261,0.
1779991146.861026,194.6762994580,1779991146.861026,0.
1779991146.961026,194.6762994580,1779991146.961026,0.
1779991147.061026,194.6762994580,1779991147.061026,0.
1779991147.161026,194.6762994580,1779991147.161026,0.
1779991147.2610261,194.6762994580,1779991147.2610261,0.
1779991147.361026,194.6762994580,1779991147.361026,0.
1779991147.461026,194.6762994580,1779991147.461026,0.
1779991147.561026,194.6762994580,1779991147.561026,0.
1779991147.661026,194.6762994580,1779991147.661026,0.
1779991147.7610261,194.6762994580,1779991147.7610261,0.
1779991147.861026,194.6762994580,1779991147.861026,0.
1779991147.961026,194.6762994580,1779991147.961026,0.
1779991148.061026,194.6762994580,1779991148.061026,0.
1779991148.161026,194.6762994580,1779991148.161026,0.
1779991148.2610261,194.6762994580,1779991148.2610261,0.
1779991148.361026,194.6762994580,1779991148.361026,0.
1779991148.461026,194.6762994580,1779991148.461026,0.
1779991148.561026,194.6762994580,1779991148.561026,0.
1779991148.661026,194.6762994580,1779991148.661026,0.
1779991148.7610261,194.6762994580,1779991148.7610261,0.
1779991148.861026,194.6762994580,1779991148.861026,0.
1779991148.961026,194.6762994580,1779991148.961026,0.
1779991149.061026,194.6762994580,1779991149.061026,0.
1779991149.161026,194.6762994580,1779991149.161026,0.
1779991149.2610261,194.6762994580,1779991149.2610261,0.
1779991149.361026,194.6762994580,1779991149.361026,0.
1779991149.461026,194.6762994580,1779991149.461026,0.
1779991149.561026,194.6762994580,1779991149.561026,0.
1779991149.661026,194.6762994580,1779991149.661026,0.
1779991149.7610261,194.6762994580,1779991149.7610261,0.
1779991149.861026,194.6762994580,1779991149.861026,0.
1779991149.961026,194.6762994580,1779991149.961026,0.
1779991150.061026,194.6762994580,1779991150.061026,0.
1779991150.161026,194.6762994580,1779991150.161026,0.
1779991150.2610261,194.6762994580,1779991150.2610261,0.
1779991150.361026,194.6762994580,1779991150.361026,0.
1779991150.461026,194.6762994580,1779991150.461026,0.
1779991150.561026,194.6762994580,1779991150.561026,0.
1779991150.661026,194.6762994580,1779991150.661026,0.
1779991150.7610261,194.6762994580,1779991150.7610261,0.
1779991150.861026,194.6762994580,1779991150.861026,0.
1779991150.961026,194.6762994580,1779991150.961026,0.
1779991151.061026,194.6762994580,1779991151.061026,0.
1779991151.161026,194.6762994580,1779991151.161026,0.
1779991151.2610261,194.6762994580,1779991151.2610261,0.
1779991151.361026,194.6762994580,1779991151.361026,0.
1779991151.461026,194.6762994580,1779991151.461026,0.
1779991151.561026,194.6762994580,1779991151.561026,0.
1779991151.661026,194.6762994580,1779991151.661026,0.
1779991151.7610261,194.6762994580,1779991151.7610261,0.
1779991151.861026,194.6762994580,1779991151.861026,0.
1779991151.961026,194.6762994580,1779991151.961026,0.
1779991152.061026,194.6762994580,1779991152.061026,0.
1779991152.161026,194.6762994580,1779991152.161026,0.
1779991152.2610261,194.6762994580,1779991152.2610261,0.
1779991152.361026,194.6762994580,1779991152.361026,0.
1779991152.461026,194.6762994580,1779991152.461026,0.
1779991152.561026,194.6762994580,1779991152.561026,0.
1779991152.661026,194.6762994580,1779991152.661026,0.
1779991152.7610261,194.6762994580,1779991152.7610261,0.
1779991152.861026,194.6762994580,1779991152.861026,0.
1779991152.961026,194.6762994580,1779991152.961026,0.
1779991153.061026,194.6762994580,1779991153.061026,0.
1779991153.161026,194.6762994580,1779991153.161026,0.
1779991153.2610261,194.6762994580,1779991153.2610261,0.
1779991153.361026,194.6762994580,1779991153.361026,0.
1779991153.461026,194.6762994580,1779991153.461026,0.
1779991153.561026,194.6762994580,1779991153.561026,0.
1779991153.661026,194.6762994580,1779991153.661026,0.
1779991153.7610261,194.6762994580,1779991153.7610261,0.
1779991153.861026,194.6762994580,1779991153.861026,0.
1779991153.961026,194.6762994580,1779991153.961026,0.
1779991154.061026,194.6762994580,1779991154.061026,0.
1779991154.161026,194.6762994580,1779991154.161026,0.
1779991154.2610261,194.6762994580,1779991154.2610261,0.
1779991154.361026,194.6762994580,1779991154.361026,0.
1779991154.461026,194.6762994580,1779991154.461026,0.
1779991154.561026,194.6762994580,1779991154.561026,0.
1779991154.661026,194.6762994580,1779991154.661026,0.
1779991154.7610261,194.6762994580,1779991154.7610261,0.
1779991154.861026,194.6762994580,1779991154.861026,0.
1779991154.961026,194.6762994580,1779991154.961026,0.
1779991155.061026,194.6762994580,1779991155.061026,0.
1779991155.161026,194.6762994580,1779991155.161026,0.
1779991155.2610261,194.6762994580,1779991155.2610261,0.
1779991155.361026,194.6762994580,1779991155.361026,0.
1779991155.461026,194.6762994580,1779991155.461026,0.
1779991155.561026,194.6762994580,1779991155.561026,0.
1779991155.661026,194.6762994580,1779991155.661026,0.
1779991155.7610261,194.6762994580,1779991155.7610261,0.
1779991155.861026,194.6762994580,1779991155.861026,0.
1779991155.961026,194.6762994580,1779991155.961026,0.
1779991156.061026,194.6762994580,1779991156.061026,0.
1779991156.161026,194.6762994580,1779991156.161026,0.
1779991156.2610261,194.6762994580,1779991156.2610261,0.
1779991156.361026,194.6762994580,1779991156.361026,0.
1779991156.461026,194.6762994580,1779991156.461026,0.
1779991156.561026,194.6762994580,1779991156.561026,0.
1779991156.661026,194.6762994580,1779991156.661026,0.
1779991156.7610261,194.6762994580,1779991156.7610261,0.
1779991156.861026,194.6762994580,1779991156.861026,0.
1779991156.961026,194.6762994580,1779991156.961026,0.
1779991157.061026,194.6762994580,1779991157.061026,0.
1779991157.161026,194.6762994580,1779991157.161026,0.
1779991157.2610261,194.6762994580,1779991157.2610261,0.
1779991157.361026,194.6762994580,1779991157.361026,0.
1779991157.461026,194.6762994580,1779991157.461026,0.
1779991157.561026,194.6762994580,1779991157.561026,0.
1779991157.661026,194.6762994580,1779991157.661026,0.
1779991157.7610261,194.6762994580,1779991157.7610261,0.
1779991157.861026,194.6762994580,1779991157.861026,0.
1779991157.961026,194.6762994580,1779991157.961026,0.
1779991158.061026,194.6762994580,1779991158.061026,0.
1779991158.161026,194.6762994580,1779991158.161026,0.
1779991158.2610261,194.6762994580,1779991158.2610261,0.
1779991158.361026,194.6762994580,1779991158.361026,0.
1779991158.461026,194.6762994580,1779991158.461026,0.
1779991158.561026,194.6762994580,1779991158.561026,0.
1779991158.661026,194.6762994580,1779991158.661026,0.
1779991158.7610261,194.6762994580,1779991158.7610261,0.
1779991158.861026,194.6762994580,1779991158.861026,0.
1779991158.961026,194.6762994580,1779991158.961026,0.
1779991159.061026,194.6762994580,1779991159.061026,0.
1779991159.161026,194.6762994580,1779991159.161026,0.
1779991159.2610261,194.6762994580,1779991159.2610261,0.
1779991159.361026,194.6762994580,1779991159.361026,0.
1779991159.461026,194.6762994580,1779991159.461026,0.
1779991159.561026,194.6762994580,1779991159.561026,0.
1779991159.661026,194.6762994580,1779991159.661026,0.
1779991159.7610261,194.6762994580,1779991159.7610261,0.
1779991159.861026,194.6762994580,1779991159.861026,0.
1779991159.961026,194.6762994580,1779991159.961026,0.
1779991160.061026,194.6762994580,1779991160.061026,0.
1779991160.161026,194.6762994580,1779991160.161026,0.
1779991160.2610261,194.6762994580,1779991160.2610261,0.
1779991160.361026,194.6762994580,1779991160.361026,0.
1779991160.461026,194.6762994580,1779991160.461026,0.
1779991160.561026,194.6762994580,1779991160.561026,0.
1779991160.661026,194.6762994580,1779991160.661026,0.
1779991160.7610261,194.6762994580,1779991160.7610261,0.
1779991160.861026,194.6762994580,1779991160.861026,0.
1779991160.961026,194.6762994580,1779991160.961026,0.
1779991161.061026,194.6762994580,1779991161.061026,0.
1779991161.161026,194.6762994580,1779991161.161026,0.
1779991161.2610261,194.6762994580,1779991161.2610261,0.
1779991161.361026,194.6762994580,1779991161.361026,0.
1779991161.461026,194.6762994580,1779991161.461026,0.
1779991161.561026,194.6762994580,1779991161.561026,0.
1779991161.661026,194.6762994580,1779991161.661026,0.
1779991161.7610261,194.6762994580,1779991161.7610261,0.
1779991161.861026,194.6762994580,1779991161.861026,0.
1779991161.961026,194.6762994580,1779991161.961026,0.
1779991162.061026,194.6762994580,1779991162.061026,0.
1779991162.161026,194.6762994580,1779991162.161026,0.
1779991162.2610261,194.6762994580,1779991162.2610261,0.
1779991162.361026,194.6762994580,1779991162.361026,0.
1779991162.461026,194.6762994580,1779991162.461026,0.
1779991162.561026,194.6762994580,1779991162.561026,0.
1779991162.661026,194.6762994580,1779991162.661026,0.
1779991162.7610261,194.6762994580,1779991162.7610261,0.
1779991162.861026,194.6762994580,1779991162.861026,0.
1779991162.961026,194.6762994580,1779991162.961026,0.
1779991163.061026,194.6762994580,1779991163.061026,0.
1779991163.161026,194.6762994580,1779991163.161026,0.
1779991163.2610261,194.6762994580,1779991163.2610261,0.
1779991163.361026,194.6762994580,1779991163.361026,0.
1779991163.461026,194.6762994580,1779991163.461026,0.
1779991163.561026,194.6762994580,1779991163.561026,0.
1779991163.661026,194.6762994580,1779991163.661026,0.
1779991163.7610261,194.6762994580,1779991163.7610261,0.
1779991163.861026,194.6762994580,1779991163.861026,0.
1779991163.961026,194.6762994580,1779991163.961026,0.
1779991164.061026,194.6762994580,1779991164.061026,0.
1779991164.161026,194.6762994580,1779991164.161026,0.
1779991164.2610261,194.6762994580,1779991164.2610261,0.
1779991164.361026,194.6762994580,1779991164.361026,0.
1779991164.461026,194.6762994580,1779991164.461026,0.
1779991164.561026,194.6762994580,1779991164.561026,0.
1779991164.661026,194.6762994580,1779991164.661026,0.
1779991164.7610261,194.6762994580,1779991164.7610261,0.
1779991164.861026,194.6762994580,1779991164.861026,0.
1779991164.961026,194.6762994580,1779991164.961026,0.
1779991165.061026,194.6762994580,1779991165.061026,0.
1779991165.161026,194.6762994580,1779991165.161026,0.
1779991165.2610261,194.6762994580,1779991165.2610261,0.
1779991165.361026,194.6762994580,1779991165.361026,0.
1779991165.461026,194.6762994580,1779991165.461026,0.
1779991165.561026,194.6762994580,1779991165.561026,0.
1779991165.661026,194.6762994580,1779991165.661026,0.
1779991165.7610261,194.6762994580,1779991165.7610261,0.
1779991165.861026,194.6762994580,1779991165.861026,0.
1779991165.961026,194.6762994580,1779991165.961026,0.
1779991166.061026,194.6762994580,1779991166.061026,0.
1779991166.161026,194.6762994580,1779991166.161026,0.
1779991166.2610261,194.6762994580,1779991166.2610261,0.
1779991166.361026,194.6762994580,1779991166.361026,0.
1779991166.461026,194.6762994580,1779991166.461026,0.
1779991166.561026,194.6762994580,1779991166.561026,0.
1779991166.661026,194.6762994580,1779991166.661026,0.
1779991166.7610261,194.6762994580,1779991166.7610261,0.
1779991166.861026,194.6762994580,1779991166.861026,0.
1779991166.961026,194.6762994580,1779991166.961026,0.
1779991167.061026,194.6762994580,1779991167.061026,0.
1779991167.161026,194.6762994580,1779991167.161026,0.
1779991167.2610261,194.6762994580,1779991167.2610261,0.
1779991167.361026,194.6762994580,1779991167.361026,0.
1779991167.461026,194.6762994580,1779991167.461026,0.
1779991167.561026,194.6762994580,1779991167.561026,0.
1779991167.661026,194.6762994580,1779991167.661026,0.
1779991167.7610261,194.6762994580,1779991167.7610261,0.
1779991167.861026,194.6762994580,1779991167.861026,0.
1779991167.961026,194.6762994580,1779991167.961026,0.
1779991168.061026,194.6762994580,1779991168.061026,0.
1779991168.161026,194.6762994580,1779991168.161026,0.
1779991168.2610261,194.6762994580,1779991168.2610261,0.
1779991168.361026,194.6762994580,1779991168.361026,0.
1779991168.461026,194.6762994580,1779991168.461026,0.
1779991168.561026,194.6762994580,1779991168.561026,0.
1779991168.661026,194.6762994580,1779991168.661026,0.
1779991168.7610261,194.6762994580,1779991168.7610261,0.
1779991168.861026,194.6762994580,1779991168.861026,0.
1779991168.961026,194.6762994580,1779991168.961026,0.
1779991169.061026,194.6762994580,1779991169.061026,0.
1779991169.161026,194.6762994580,1779991169.161026,0.
1779991169.2610261,194.6762994580,1779991169.2610261,0.
1779991169.361026,194.6762994580,1779991169.361026,0.
1779991169.461026,194.6762994580,1779991169.461026,0.
1779991169.561026,194.6762994580,1779991169.561026,0.
1779991169.661026,194.6762994580,1779991169.661026,0.
1779991169.7610261,194.6762994580,1779991169.7610261,0.
1779991169.861026,194.6762994580,1779991169.861026,0.
1779991169.961026,194.6762994580,1779991169.961026,0.
1779991170.061026,194.6762994580,1779991170.061026,0.
1779991170.161026,194.6762994580,1779991170.161026,0.
1779991170.2610261,194.6762994580,1779991170.2610261,0.
1779991170.361026,194.6762994580,1779991170.361026,0.
1779991170.461026,194.6762994580,1779991170.461026,0.
1779991170.561026,194.6762994580,1779991170.561026,0.
1779991170.661026,194.6762994580,1779991170.661026,0.
1779991170.7610261,194.6762994580,1779991170.7610261,0.
1779991170.861026,194.6762994580,1779991170.861026,0.
1779991170.961026,194.6762994580,1779991170.961026,0.
1779991171.061026,194.6762994580,1779991171.061026,0.
1779991171.161026,194.6762994580,1779991171.161026,0.
1779991171.2610261,194.6762994580,1779991171.2610261,0.
1779991171.361026,194.6762994580,1779991171.361026,0.
1779991171.461026,194.6762994580,1779991171.461026,0.
1779991171.561026,194.6762994580,1779991171.561026,0.
1779991171.661026,194.6762994580,1779991171.661026,0.
1779991171.7610261,194.6762994580,1779991171.7610261,0.
1779991171.861026,194.6762994580,1779991171.861026,0.
1779991171.961026,194.6762994580,1779991171.961026,0.
1779991172.061026,194.6762994580,1779991172.061026,0.
1779991172.161026,194.6762994580,1779991172.161026,0.
1779991172.2610261,194.6762994580,1779991172.2610261,0.
1779991172.361026,194.6762994580,1779991172.361026,0.
1779991172.461026,194.6762994580,1779991172.461026,0.
1779991172.561026,194.6762994580,1779991172.561026,0.
1779991172.661026,194.6762994580,1779991172.661026,0.
1779991172.7610261,194.6762994580,1779991172.7610261,0.
1779991172.861026,194.6762994580,1779991172.861026,0.
1779991172.961026,194.6762994580,1779991172.961026,0.
1779991173.061026,194.6762994580,1779991173.061026,0.
1779991173.161026,194.6762994580,1779991173.161026,0.
1779991173.2610261,194.6762994580,1779991173.2610261,0.
1779991173.361026,194.6762994580,1779991173.361026,0.
1779991173.461026,194.6762994580,1779991173.461026,0.
1779991173.561026,194.6762994580,1779991173.561026,0.
1779991173.661026,194.6762994580,1779991173.661026,0.
1779991173.7610261,194.6762994580,1779991173.7610261,0.
1779991173.861026,194.6762994580,1779991173.861026,0.
1779991173.961026,194.6762994580,1779991173.961026,0.
1779991174.061026,194.6762994580,1779991174.061026,0.
1779991174.161026,194.6762994580,1779991174.161026,0.
1779991174.2610261,194.6762994580,1779991174.2610261,0.
1779991174.361026,194.6762994580,1779991174.361026,0.
1779991174.461026,194.6762994580,1779991174.461026,0.
1779991174.561026,194.6762994580,1779991174.561026,0.
1779991174.661026,194.6762994580,1779991174.661026,0.
1779991174.7610261,194.6762994580,1779991174.7610261,0.
1779991174.861026,194.6762994580,1779991174.861026,0.
1779991174.961026,194.6762994580,1779991174.961026,0.
1779991175.061026,194.6762994580,1779991175.061026,0.
1779991175.161026,194.6762994580,1779991175.161026,0.
1779991175.2610261,194.6762994580,1779991175.2610261,0.
1779991175.361026,194.6762994580,1779991175.361026,0.
1779991175.461026,194.6762994580,1779991175.461026,0.
1779991175.561026,194.6762994580,1779991175.561026,0.
1779991175.661026,194.6762994580,1779991175.661026,0.
1779991175.7610261,194.6762994580,1779991175.7610261,0.
1779991175.861026,194.6762994580,1779991175.861026,0.
1779991175.961026,194.6762994580,1779991175.961026,0.
1779991176.061026,194.6762994580,1779991176.061026,0.
1779991176.161026,194.6762994580,1779991176.161026,0.
1779991176.2610261,194.6762994580,1779991176.2610261,0.
1779991176.361026,194.6762994580,1779991176.361026,0.
1779991176.461026,194.6762994580,1779991176.461026,0.
1779991176.561026,194.6762994580,1779991176.561026,0.
1779991176.661026,194.6762994580,1779991176.661026,0.
1779991176.7610261,194.6762994580,1779991176.7610261,0.
1779991176.861026,194.6762994580,1779991176.861026,0.
1779991176.961026,194.6762994580,1779991176.961026,0.
1779991177.061026,194.6762994580,1779991177.061026,0.
1779991177.161026,194.6762994580,1779991177.161026,0.
1779991177.2610261,194.6762994580,1779991177.2610261,0.
1779991177.361026,194.6762994580,1779991177.361026,0.
1779991177.461026,194.6762994580,1779991177.461026,0.
1779991177.561026,194.6762994580,1779991177.561026,0.
1779991177.661026,194.6762994580,1779991177.661026,0.
1779991177.7610261,194.6762994580,1779991177.7610261,0.
1779991177.861026,194.6762994580,1779991177.861026,0.
1779991177.961026,194.6762994580,1779991177.961026,0.
1779991178.061026,194.6762994580,1779991178.061026,0.
1779991178.161026,194.6762994580,1779991178.161026,0.
1779991178.2610261,194.6762994580,1779991178.2610261,0.
1779991178.361026,194.6762994580,1779991178.361026,0.
1779991178.461026,194.6762994580,1779991178.461026,0.
1779991178.561026,194.6762994580,1779991178.561026,0.
1779991178.661026,194.6762994580,1779991178.661026,0.
1779991178.7610261,194.6762994580,1779991178.7610261,0.
1779991178.861026,194.6762994580,1779991178.861026,0.
1779991178.961026,194.6762994580,1779991178.961026,0.
1779991179.061026,194.6762994580,1779991179.061026,0.
1779991179.161026,194.6762994580,1779991179.161026,0.
1779991179.2610261,194.6762994580,1779991179.2610261,0.
1779991179.361026,194.6762994580,1779991179.361026,0.
1779991179.461026,194.6762994580,1779991179.461026,0.
1779991179.561026,194.6762994580,1779991179.561026,0.
1779991179.661026,194.6762994580,1779991179.661026,0.
1779991179.7610261,194.6762994580,1779991179.7610261,0.
1779991179.861026,194.6762994580,1779991179.861026,0.
1779991179.961026,194.6762994580,1779991179.961026,0.
1779991180.061026,194.6762994580,1779991180.061026,0.
1779991180.161026,194.6762994580,1779991180.161026,0.
1779991180.2610261,194.6762994580,1779991180.2610261,0.
1779991180.361026,194.6762994580,1779991180.361026,0.
1779991180.461026,194.6762994580,1779991180.461026,0.
1779991180.561026,194.6762994580,1779991180.561026,0.
1779991180.661026,194.6762994580,1779991180.661026,0.
1779991180.7610261,194.6762994580,1779991180.7610261,0.
1779991180.861026,194.6762994580,1779991180.861026,0.
1779991180.961026,194.6762994580,1779991180.961026,0.
1779991181.061026,194.6762994580,1779991181.061026,0.
1779991181.161026,194.6762994580,1779991181.161026,0.
1779991181.2610261,194.6762994580,1779991181.2610261,0.
1779991181.361026,194.6762994580,1779991181.361026,0.
1779991181.461026,194.6762994580,1779991181.461026,0.
1779991181.561026,194.6762994580,1779991181.561026,0.
1779991181.661026,194.6762994580,1779991181.661026,0.
1779991181.7610261,194.6762994580,1779991181.7610261,0.
1779991181.861026,194.6762994580,1779991181.861026,0.
1779991181.961026,194.6762994580,1779991181.961026,0.
1779991182.061026,194.6762994580,1779991182.061026,0.
1779991182.161026,194.6762994580,1779991182.161026,0.
1779991182.2610261,194.6762994580,1779991182.2610261,0.
1779991182.361026,194.6762994580,1779991182.361026,0.
1779991182.461026,194.6762994580,1779991182.461026,0.
1779991182.561026,194.6762994580,1779991182.561026,0.
1779991182.661026,194.6762994580,1779991182.661026,0.
1779991182.7610261,194.6762994580,1779991182.7610261,0.
1779991182.861026,194.6762994580,1779991182.861026,0.
1779991182.961026,194.6762994580,1779991182.961026,0.
1779991183.061026,194.6762994580,1779991183.061026,0.
1779991183.161026,194.6762994580,1779991183.161026,0.
1779991183.2610261,194.6762994580,1779991183.2610261,0.
1779991183.361026,194.6762994580,1779991183.361026,0.
1779991183.461026,194.6762994580,1779991183.461026,0.
1779991183.561026,194.6762994580,1779991183.561026,0.
1779991183.661026,194.6762994580,1779991183.661026,0.
1779991183.7610261,194.6762994580,1779991183.7610261,0.
1779991183.861026,194.6762994580,1779991183.861026,0.
1779991183.961026,194.6762994580,1779991183.961026,0.
1779991184.061026,194.6762994580,1779991184.061026,0.
1779991184.161026,194.6762994580,1779991184.161026,0.
1779991184.2610261,194.6762994580,1779991184.2610261,0.
1779991184.361026,194.6762994580,1779991184.361026,0.
1779991184.461026,194.6762994580,1779991184.461026,0.
1779991184.561026,194.6762994580,1779991184.561026,0.
1779991184.661026,194.6762994580,1779991184.661026,0.
1779991184.7610261,194.6762994580,1779991184.7610261,0.
1779991184.861026,194.6762994580,1779991184.861026,0.
1779991184.961026,194.6762994580,1779991184.961026,0.
1779991185.061026,194.6762994580,1779991185.061026,0.
1779991185.161026,194.6762994580,1779991185.161026,0.
1779991185.2610261,194.6762994580,1779991185.2610261,0.
1779991185.361026,194.6762994580,1779991185.361026,0.
1779991185.461026,194.6762994580,1779991185.461026,0.
1779991185.561026,194.6762994580,1779991185.561026,0.
1779991185.661026,194.6762994580,1779991185.661026,0.
1779991185.7610261,194.6762994580,1779991185.7610261,0.
1779991185.861026,194.6762994580,1779991185.861026,0.
1779991185.961026,194.6762994580,1779991185.961026,0.
1779991186.061026,194.6762994580,1779991186.061026,0.
1779991186.161026,194.6762994580,1779991186.161026,0.
1779991186.2610261,194.6762994580,1779991186.2610261,0.
1779991186.361026,194.6762994580,1779991186.361026,0.
1779991186.461026,194.6762994580,1779991186.461026,0.
1779991186.561026,194.6762994580,1779991186.561026,0.
1779991186.661026,194.6762994580,1779991186.661026,0.
1779991186.7610261,194.6762994580,1779991186.7610261,0.
1779991186.861026,194.6762994580,1779991186.861026,0.
1779991186.961026,194.6762994580,1779991186.961026,0.
1779991187.061026,194.6762994580,1779991187.061026,0.
1779991187.161026,194.6762994580,1779991187.161026,0.
1779991187.2610261,194.6762994580,1779991187.2610261,0.
1779991187.361026,194.6762994580,1779991187.361026,0.
1779991187.461026,194.6762994580,1779991187.461026,0.
1779991187.561026,194.6762994580,1779991187.561026,0.
1779991187.661026,194.6762994580,1779991187.661026,0.
1779991187.7610261,194.6762994580,1779991187.7610261,0.
1779991187.861026,194.6762994580,1779991187.861026,0.
1779991187.961026,194.6762994580,1779991187.961026,0.
1779991188.061026,194.6762994580,1779991188.061026,0.
1779991188.161026,194.6762994580,1779991188.161026,0.
1779991188.2610261,194.6762994580,1779991188.2610261,0.
1779991188.361026,194.6762994580,1779991188.361026,0.
1779991188.461026,194.6762994580,1779991188.461026,0.
1779991188.561026,194.6762994580,1779991188.561026,0.
1779991188.661026,194.6762994580,1779991188.661026,0.
1779991188.7610261,194.6762994580,1779991188.7610261,0.
1779991188.861026,194.6762994580,1779991188.861026,0.
1779991188.961026,194.6762994580,1779991188.961026,0.
1779991189.061026,194.6762994580,1779991189.061026,0.
1779991189.161026,194.6762994580,1779991189.161026,0.
1779991189.2610261,194.6762994580,1779991189.2610261,0.
1779991189.361026,194.6762994580,1779991189.361026,0.
1779991189.461026,194.6762994580,1779991189.461026,0.
1779991189.561026,194.6762994580,1779991189.561026,0.
1779991189.661026,194.6762994580,1779991189.661026,0.
1779991189.7610261,194.6762994580,1779991189.7610261,0.
1779991189.861026,194.6762994580,1779991189.861026,0.
1779991189.961026,194.6762994580,1779991189.961026,0.
1779991190.061026,194.6762994580,1779991190.061026,0.
1779991190.161026,194.6762994580,1779991190.161026,0.
1779991190.2610261,194.6762994580,1779991190.2610261,0.
1779991190.361026,194.6762994580,1779991190.361026,0.
1779991190.461026,194.6762994580,1779991190.461026,0.
1779991190.561026,194.6762994580,1779991190.561026,0.
1779991190.661026,194.6762994580,1779991190.661026,0.
1779991190.7610261,194.6762994580,1779991190.7610261,0.
1779991190.861026,194.6762994580,1779991190.861026,0.
1779991190.961026,194.6762994580,1779991190.961026,0.
1779991191.061026,194.6762994580,1779991191.061026,0.
1779991191.161026,194.6762994580,1779991191.161026,0.
1779991191.2610261,194.6762994580,1779991191.2610261,0.
1779991191.361026,194.6762994580,1779991191.361026,0.
1779991191.461026,194.6762994580,1779991191.461026,0.
1779991191.561026,194.6762994580,1779991191.561026,0.
1779991191.661026,194.6762994580,1779991191.661026,0.
1779991191.7610261,194.6762994580,1779991191.7610261,0.
1779991191.861026,194.6762994580,1779991191.861026,0.
1779991191.961026,194.6762994580,1779991191.961026,0.
1779991192.061026,194.6762994580,1779991192.061026,0.
1779991192.161026,194.6762994580,1779991192.161026,0.
1779991192.2610261,194.6762994580,1779991192.2610261,0.
1779991192.361026,194.6762994580,1779991192.361026,0.
1779991192.461026,194.6762994580,1779991192.461026,0.
1779991192.561026,194.6762994580,1779991192.561026,0.
1779991192.661026,194.6762994580,1779991192.661026,0.
1779991192.7610261,194.6762994580,1779991192.7610261,0.
1779991192.861026,194.6762994580,1779991192.861026,0.
1779991192.961026,194.6762994580,1779991192.961026,0.
1779991193.061026,194.6762994580,1779991193.061026,0.
1779991193.161026,194.6762994580,1779991193.161026,0.
1779991193.2610261,194.6762994580,1779991193.2610261,0.
1779991193.361026,194.6762994580,1779991193.361026,0.
1779991193.461026,194.6762994580,1779991193.461026,0.
1779991193.561026,194.6762994580,1779991193.561026,0.
1779991193.661026,194.6762994580,1779991193.661026,0.
1779991193.7610261,194.6762994580,1779991193.7610261,0.
1779991193.861026,194.6762994580,1779991193.861026,0.
1779991193.961026,194.6762994580,1779991193.961026,0.
1779991194.061026,194.6762994580,1779991194.061026,0.
1779991194.161026,194.6762994580,1779991194.161026,0.
1779991194.2610261,194.6762994580,1779991194.2610261,0.
1779991194.361026,194.6762994580,1779991194.361026,0.
1779991194.461026,194.6762994580,1779991194.461026,0.
1779991194.561026,194.6762994580,1779991194.561026,0.
1779991194.661026,194.6762994580,1779991194.661026,0.
1779991194.7610261,194.6762994580,1779991194.7610261,0.
1779991194.861026,194.6762994580,1779991194.861026,0.
1779991194.961026,194.6762994580,1779991194.961026,0.
1779991195.061026,194.6762994580,1779991195.061026,0.
1779991195.161026,194.6762994580,1779991195.161026,0.
1779991195.2610261,194.6762994580,1779991195.2610261,0.
1779991195.361026,194.6762994580,1779991195.361026,0.
1779991195.461026,194.6762994580,1779991195.461026,0.
1779991195.561026,194.6762994580,1779991195.561026,0.
1779991195.661026,194.6762994580,1779991195.661026,0.
1779991195.7610261,194.6762994580,1779991195.7610261,0.
1779991195.861026,194.6762994580,1779991195.861026,0.
1779991195.961026,194.6762994580,1779991195.961026,0.
1779991196.061026,194.6762994580,1779991196.061026,0.
1779991196.161026,194.6762994580,1779991196.161026,0.
1779991196.2610261,194.6762994580,1779991196.2610261,0.
1779991196.361026,194.6762994580,1779991196.361026,0.
1779991196.461026,194.6762994580,1779991196.461026,0.
1779991196.561026,194.6762994580,1779991196.561026,0.
1779991196.661026,194.6762994580,1779991196.661026,0.
1779991196.7610261,194.6762994580,1779991196.7610261,0.
1779991196.861026,194.6762994580,1779991196.861026,0.
1779991196.961026,194.6762994580,1779991196.961026,0.
1779991197.061026,194.6762994580,1779991197.061026,0.
1779991197.161026,194.6762994580,1779991197.161026,0.
1779991197.2610261,194.6762994580,1779991197.2610261,0.
1779991197.361026,194.6762994580,1779991197.361026,0.
1779991197.461026,194.6762994580,1779991197.461026,0.
1779991197.561026,194.6762994580,1779991197.561026,0.
1779991197.661026,194.6762994580,1779991197.661026,0.
1779991197.7610261,194.6762994580,1779991197.7610261,0.
1779991197.861026,194.6762994580,1779991197.861026,0.
1779991197.961026,194.6762994580,1779991197.961026,0.
1779991198.061026,194.6762994580,1779991198.061026,0.
1779991198.161026,194.6762994580,1779991198.161026,0.
1779991198.2610261,194.6762994580,1779991198.2610261,0.
1779991198.361026,194.6762994580,1779991198.361026,0.
1779991198.461026,194.6762994580,1779991198.461026,0.
1779991198.561026,194.6762994580,1779991198.561026,0.
1779991198.661026,194.6762994580,1779991198.661026,0.
1779991198.7610261,194.6762994580,1779991198.7610261,0.
1779991198.861026,194.6762994580,1779991198.861026,0.
1779991198.961026,194.6762994580,1779991198.961026,0.
1779991199.061026,194.6762994580,1779991199.061026,0.
1779991199.161026,194.6762994580,1779991199.161026,0.
1779991199.2610261,194.6762994580,1779991199.2610261,0.
1779991199.361026,194.6762994580,1779991199.361026,0.
1779991199.461026,194.6762994580,1779991199.461026,0.
1779991199.561026,194.6762994580,1779991199.561026,0.
1779991199.661026,194.6762994580,1779991199.661026,0.
1779991199.7610261,194.6762994580,1779991199.7610261,0.
1779991199.861026,194.6762994580,1779991199.861026,0.
1779991199.961026,194.6762994580,1779991199.961026,0.
1779991200.061026,194.6762994580,1779991200.061026,0.
1779991200.161026,194.6762994580,1779991200.161026,0.
1779991200.2610261,194.6762994580,1779991200.2610261,0.
1779991200.361026,194.6762994580,1779991200.361026,0.
1779991200.461026,194.6762994580,1779991200.461026,0.
1779991200.561026,194.6762994580,1779991200.561026,0.
1779991200.661026,194.6762994580,1779991200.661026,0.
1779991200.7610261,194.6762994580,1779991200.7610261,0.
1779991200.861026,194.6762994580,1779991200.861026,0.
1779991200.961026,194.6762994580,1779991200.961026,0.
1779991201.061026,194.6762994580,1779991201.061026,0.
1779991201.161026,194.6762994580,1779991201.161026,0.
1779991201.2610261,194.6762994580,1779991201.2610261,0.
1779991201.361026,194.6762994580,1779991201.361026,0.
1779991201.461026,194.6762994580,1779991201.461026,0.
1779991201.561026,194.6762994580,1779991201.561026,0.
1779991201.661026,194.6762994580,1779991201.661026,0.
1779991201.7610261,194.6762994580,1779991201.7610261,0.
1779991201.861026,194.6762994580,1779991201.861026,0.
1779991201.961026,194.6762994580,1779991201.961026,0.
1779991202.061026,194.6762994580,1779991202.061026,0.
1779991202.161026,194.6762994580,1779991202.161026,0.
1779991202.2610261,194.6762994580,1779991202.2610261,0.
1779991202.361026,194.6762994580,1779991202.361026,0.
1779991202.461026,194.6762994580,1779991202.461026,0.
1779991202.561026,194.6762994580,1779991202.561026,0.
1779991202.661026,194.6762994580,1779991202.661026,0.
1779991202.7610261,194.6762994580,1779991202.7610261,0.
1779991202.861026,194.6762994580,1779991202.861026,0.
1779991202.961026,194.6762994580,1779991202.961026,0.
1779991203.061026,194.6762994580,1779991203.061026,0.
1779991203.161026,194.6762994580,1779991203.161026,0.
1779991203.2610261,194.6762994580,1779991203.2610261,0.
1779991203.361026,194.6762994580,1779991203.361026,0.
1779991203.461026,194.6762994580,1779991203.461026,0.
1779991203.561026,194.6762994580,1779991203.561026,0.
1779991203.661026,194.6762994580,1779991203.661026,0.
1779991203.7610261,194.6762994580,1779991203.7610261,0.
1779991203.861026,194.6762994580,1779991203.861026,0.
1779991203.961026,194.6762994580,1779991203.961026,0.
1779991204.061026,194.6762994580,1779991204.061026,0.
1779991204.161026,194.6762994580,1779991204.161026,0.
1779991204.2610261,194.6762994580,1779991204.2610261,0.
1779991204.361026,194.6762994580,1779991204.361026,0.
1779991204.461026,194.6762994580,1779991204.461026,0.
1779991204.561026,194.6762994580,1779991204.561026,0.
1779991204.661026,194.6762994580,1779991204.661026,0.
1779991204.7610261,194.6762994580,1779991204.7610261,0.
1779991204.861026,194.6762994580,1779991204.861026,0.
1779991204.961026,194.6762994580,1779991204.961026,0.
1779991205.061026,194.6762994580,1779991205.061026,0.
1779991205.161026,194.6762994580,1779991205.161026,0.
1779991205.2610261,194.6762994580,1779991205.2610261,0.
1779991205.361026,194.6762994580,1779991205.361026,0.
1779991205.461026,194.6762994580,1779991205.461026,0.
1779991205.561026,194.6762994580,1779991205.561026,0.
1779991205.661026,194.6762994580,1779991205.661026,0.
1779991205.7610261,194.6762994580,1779991205.7610261,0.
1779991205.861026,194.6762994580,1779991205.861026,0.
1779991205.961026,194.6762994580,1779991205.961026,0.
1779991206.061026,194.6762994580,1779991206.061026,0.
1779991206.161026,194.6762994580,1779991206.161026,0.
1779991206.2610261,194.6762994580,1779991206.2610261,0.
1779991206.361026,194.6762994580,1779991206.361026,0.
1779991206.461026,194.6762994580,1779991206.461026,0.
1779991206.561026,194.6762994580,1779991206.561026,0.
1779991206.661026,194.6762994580,1779991206.661026,0.
1779991206.7610261,194.6762994580,1779991206.7610261,0.
1779991206.861026,194.6762994580,1779991206.861026,0.
1779991206.961026,194.6762994580,1779991206.961026,0.
1779991207.061026,194.6762994580,1779991207.061026,0.
1779991207.161026,194.6762994580,1779991207.161026,0.
1779991207.2610261,194.6762994580,1779991207.2610261,0.
1779991207.361026,194.6762994580,1779991207.361026,0.
1779991207.461026,194.6762994580,1779991207.461026,0.
1779991207.561026,194.6762994580,1779991207.561026,0.
1779991207.661026,194.6762994580,1779991207.661026,0.
1779991207.7610261,194.6762994580,1779991207.7610261,0.
1779991207.861026,194.6762994580,1779991207.861026,0.
1779991207.961026,194.6762994580,1779991207.961026,0.
1779991208.061026,194.6762994580,1779991208.061026,0.
1779991208.161026,194.6762994580,1779991208.161026,0.
1779991208.2610261,194.6762994580,1779991208.2610261,0.
1779991208.361026,194.6762994580,1779991208.361026,0.
1779991208.461026,194.6762994580,1779991208.461026,0.
1779991208.561026,194.6762994580,1779991208.561026,0.
1779991208.661026,194.6762994580,1779991208.661026,0.
1779991208.7610261,194.6762994580,1779991208.7610261,0.
1779991208.861026,194.6762994580,1779991208.861026,0.
1779991208.961026,194.6762994580,1779991208.961026,0.
1779991209.061026,194.6762994580,1779991209.061026,0.
1779991209.161026,194.6762994580,1779991209.161026,0.
1779991209.2610261,194.6762994580,1779991209.2610261,0.
1779991209.361026,194.6762994580,1779991209.361026,0.
1779991209.461026,194.6762994580,1779991209.461026,0.
1779991209.561026,194.6762994580,1779991209.561026,0.
1779991209.661026,194.6762994580,1779991209.661026,0.
1779991209.7610261,194.6762994580,1779991209.7610261,0.
1779991209.861026,194.6762994580,1779991209.861026,0.
1779991209.961026,194.6762994580,1779991209.961026,0.
1779991210.061026,194.6762994580,1779991210.061026,0.
1779991210.161026,194.6762994580,1779991210.161026,0.
1779991210.2610261,194.6762994580,1779991210.2610261,0.
1779991210.361026,194.6762994580,1779991210.361026,0.
1779991210.461026,194.6762994580,1779991210.461026,0.
1779991210.561026,194.6762994580,1779991210.561026,0.
1779991210.661026,194.6762994580,1779991210.661026,0.
1779991210.7610261,194.6762994580,1779991210.7610261,0.
1779991210.861026,194.6762994580,1779991210.861026,0.
1779991210.961026,194.6762994580,1779991210.961026,0.
1779991211.061026,194.6762994580,1779991211.061026,0.
1779991211.161026,194.6762994580,1779991211.161026,0.
1779991211.2610261,194.6762994580,1779991211.2610261,0.
1779991211.361026,194.6762994580,1779991211.361026,0.
1779991211.461026,194.6762994580,1779991211.461026,0.
1779991211.561026,194.6762994580,1779991211.561026,0.
1779991211.661026,194.6762994580,1779991211.661026,0.
1779991211.7610261,194.6762994580,1779991211.7610261,0.
1779991211.861026,194.6762994580,1779991211.861026,0.
1779991211.961026,194.6762994580,1779991211.961026,0.
1779991212.061026,194.6762994580,1779991212.061026,0.
1779991212.161026,194.6762994580,1779991212.161026,0.
1779991212.2610261,194.6762994580,1779991212.2610261,0.
1779991212.361026,194.6762994580,1779991212.361026,0.
1779991212.461026,194.6762994580,1779991212.461026,0.
1779991212.561026,194.6762994580,1779991212.561026,0.
1779991212.661026,194.6762994580,1779991212.661026,0.
1779991212.7610261,194.6762994580,1779991212.7610261,0.
1779991212.861026,194.6762994580,1779991212.861026,0.
1779991212.961026,194.6762994580,1779991212.961026,0.
1779991213.061026,194.6762994580,1779991213.061026,0.
1779991213.161026,194.6762994580,1779991213.161026,0.
1779991213.2610261,194.6762994580,1779991213.2610261,0.
1779991213.361026,194.6762994580,1779991213.361026,0.
1779991213.461026,194.6762994580,1779991213.461026,0.
1779991213.561026,194.6762994580,1779991213.561026,0.
1779991213.661026,194.6762994580,1779991213.661026,0.
1779991213.7610261,194.6762994580,1779991213.7610261,0.
1779991213.861026,194.6762994580,1779991213.861026,0.
1779991213.961026,194.6762994580,1779991213.961026,0.
1779991214.061026,194.6762994580,1779991214.061026,0.
1779991214.161026,194.6762994580,1779991214.161026,0.
1779991214.2610261,194.6762994580,1779991214.2610261,0.
1779991214.361026,194.6762994580,1779991214.361026,0.
1779991214.461026,194.6762994580,1779991214.461026,0.
1779991214.561026,194.6762994580,1779991214.561026,0.
1779991214.661026,194.6762994580,1779991214.661026,0.
1779991214.7610261,194.6762994580,1779991214.7610261,0.
1779991214.861026,194.6762994580,1779991214.861026,0.
1779991214.961026,194.6762994580,1779991214.961026,0.
1779991215.061026,194.6762994580,1779991215.061026,0.
1779991215.161026,194.6762994580,1779991215.161026,0.
1779991215.2610261,194.6762994580,1779991215.2610261,0.
1779991215.361026,194.6762994580,1779991215.361026,0.
1779991215.461026,194.6762994580,1779991215.461026,0.
1779991215.561026,194.6762994580,1779991215.561026,0.
1779991215.661026,194.6762994580,1779991215.661026,0.
1779991215.7610261,194.6762994580,1779991215.7610261,0.
1779991215.861026,194.6762994580,1779991215.861026,0.
1779991215.961026,194.6762994580,1779991215.961026,0.
1779991216.061026,194.6762994580,1779991216.061026,0.
1779991216.161026,194.6762994580,1779991216.161026,0.
1779991216.2610261,194.6762994580,1779991216.2610261,0.
1779991216.361026,194.6762994580,1779991216.361026,0.
1779991216.461026,194.6762994580,1779991216.461026,0.
1779991216.561026,194.6762994580,1779991216.561026,0.
1779991216.661026,194.6762994580,1779991216.661026,0.
1779991216.7610261,194.6762994580,1779991216.7610261,0.
1779991216.861026,194.6762994580,1779991216.861026,0.
1779991216.961026,194.6762994580,1779991216.961026,0.
1779991217.061026,194.6762994580,1779991217.061026,0.
1779991217.161026,194.6762994580,1779991217.161026,0.
1779991217.2610261,194.6762994580,1779991217.2610261,0.
1779991217.361026,194.6762994580,1779991217.361026,0.
1779991217.461026,194.6762994580,1779991217.461026,0.
1779991217.561026,194.6762994580,1779991217.561026,0.
1779991217.661026,194.6762994580,1779991217.661026,0.
1779991217.7610261,194.6762994580,1779991217.7610261,0.
1779991217.861026,194.6762994580,1779991217.861026,0.
1779991217.961026,194.6762994580,1779991217.961026,0.
1779991218.061026,194.6762994580,1779991218.061026,0.
1779991218.161026,194.6762994580,1779991218.161026,0.
1779991218.2610261,194.6762994580,1779991218.2610261,0.
1779991218.361026,194.6762994580,1779991218.361026,0.
1779991218.461026,194.6762994580,1779991218.461026,0.
1779991218.561026,194.6762994580,1779991218.561026,0.
1779991218.661026,194.6762994580,1779991218.661026,0.
1779991218.7610261,194.6762994580,1779991218.7610261,0.
1779991218.861026,194.6762994580,1779991218.861026,0.
1779991218.961026,194.6762994580,1779991218.961026,0.
1779991219.061026,194.6762994580,1779991219.061026,0.
1779991219.161026,194.6762994580,1779991219.161026,0.
1779991219.2610261,194.6762994580,1779991219.2610261,0.
1779991219.361026,194.6762994580,1779991219.361026,0.
1779991219.461026,194.6762994580,1779991219.461026,0.
1779991219.561026,194.6762994580,1779991219.561026,0.
1779991219.661026,194.6762994580,1779991219.661026,0.
1779991219.7610261,194.6762994580,1779991219.7610261,0.
1779991219.861026,194.6762994580,1779991219.861026,0.
1779991219.961026,194.6762994580,1779991219.961026,0.
1779991220.061026,194.6762994580,1779991220.061026,0.
1779991220.161026,194.6762994580,1779991220.161026,0.
1779991220.2610261,194.6762994580,1779991220.2610261,0.
1779991220.361026,194.6762994580,1779991220.361026,0.
1779991220.461026,194.6762994580,1779991220.461026,0.
1779991220.561026,194.6762994580,1779991220.561026,0.
1779991220.661026,194.6762994580,1779991220.661026,0.
1779991220.7610261,194.6762994580,1779991220.7610261,0.
1779991220.861026,194.6762994580,1779991220.861026,0.
1779991220.961026,194.6762994580,1779991220.961026,0.
1779991221.061026,194.6762994580,1779991221.061026,0.
1779991221.161026,194.6762994580,1779991221.161026,0.
1779991221.2610261,194.6762994580,1779991221.2610261,0.
1779991221.361026,194.6762994580,1779991221.361026,0.
1779991221.461026,194.6762994580,1779991221.461026,0.
1779991221.561026,194.6762994580,1779991221.561026,0.
1779991221.661026,194.6762994580,1779991221.661026,0.
1779991221.7610261,194.6762994580,1779991221.7610261,0.
1779991221.861026,194.6762994580,1779991221.861026,0.
1779991221.961026,194.6762994580,1779991221.961026,0.
1779991222.061026,194.6762994580,1779991222.061026,0.
1779991222.161026,194.6762994580,1779991222.161026,0.
1779991222.2610261,194.6762994580,1779991222.2610261,0.
1779991222.361026,194.6762994580,1779991222.361026,0.
1779991222.461026,194.6762994580,1779991222.461026,0.
1779991222.561026,194.6762994580,1779991222.561026,0.
1779991222.661026,194.6762994580,1779991222.661026,0.
1779991222.7610261,194.6762994580,1779991222.7610261,0.
1779991222.861026,194.6762994580,1779991222.861026,0.
1779991222.961026,194.6762994580,1779991222.961026,0.
1779991223.061026,194.6762994580,1779991223.061026,0.
1779991223.161026,194.6762994580,1779991223.161026,0.
1779991223.2610261,194.6762994580,1779991223.2610261,0.
1779991223.361026,194.6762994580,1779991223.361026,0.
1779991223.461026,194.6762994580,1779991223.461026,0.
1779991223.561026,194.6762994580,1779991223.561026,0.
1779991223.661026,194.6762994580,1779991223.661026,0.
1779991223.7610261,194.6762994580,1779991223.7610261,0.
1779991223.861026,194.6762994580,1779991223.861026,0.
1779991223.961026,194.6762994580,1779991223.961026,0.
1779991224.061026,194.6762994580,1779991224.061026,0.
1779991224.161026,194.6762994580,1779991224.161026,0.
1779991224.2610261,194.6762994580,1779991224.2610261,0.
1779991224.361026,194.6762994580,1779991224.361026,0.
1779991224.461026,194.6762994580,1779991224.461026,0.
1779991224.561026,194.6762994580,1779991224.561026,0.
1779991224.661026,194.6762994580,1779991224.661026,0.
1779991224.7610261,194.6762994580,1779991224.7610261,0.
1779991224.861026,194.6762994580,1779991224.861026,0.
1779991224.961026,194.6762994580,1779991224.961026,0.
1779991225.061026,194.6762994580,1779991225.061026,0.
1779991225.161026,194.6762994580,1779991225.161026,0.
1779991225.2610261,194.6762994580,1779991225.2610261,0.
1779991225.361026,194.6762994580,1779991225.361026,0.
1779991225.461026,194.6762994580,1779991225.461026,0.
1779991225.561026,194.6762994580,1779991225.561026,0.
1779991225.661026,194.6762994580,1779991225.661026,0.
1779991225.7610261,194.6762994580,1779991225.7610261,0.
1779991225.861026,194.6762994580,1779991225.861026,0.
1779991225.961026,194.6762994580,1779991225.961026,0.
1779991226.061026,194.6762994580,1779991226.061026,0.
1779991226.161026,194.6762994580,1779991226.161026,0.
1779991226.2610261,194.6762994580,1779991226.2610261,0.
1779991226.361026,194.6762994580,1779991226.361026,0.
1779991226.461026,194.6762994580,1779991226.461026,0.
1779991226.561026,194.6762994580,1779991226.561026,0.
1779991226.661026,194.6762994580,1779991226.661026,0.
1779991226.7610261,194.6762994580,1779991226.7610261,0.
1779991226.861026,194.6762994580,1779991226.861026,0.
1779991226.961026,194.6762994580,1779991226.961026,0.
1779991227.061026,194.6762994580,1779991227.061026,0.
1779991227.161026,194.6762994580,1779991227.161026,0.
1779991227.2610261,194.6762994580,1779991227.2610261,0.
1779991227.361026,194.6762994580,1779991227.361026,0.
1779991227.461026,194.6762994580,1779991227.461026,0.
1779991227.561026,194.6762994580,1779991227.561026,0.
1779991227.661026,194.6762994580,1779991227.661026,0.
1779991227.7610261,194.6762994580,1779991227.7610261,0.
1779991227.861026,194.6762994580,1779991227.861026,0.
1779991227.961026,194.6762994580,1779991227.961026,0.
1779991228.061026,194.6762994580,1779991228.061026,0.
1779991228.161026,194.6762994580,1779991228.161026,0.
1779991228.2610261,194.6762994580,1779991228.2610261,0.
1779991228.361026,194.6762994580,1779991228.361026,0.
1779991228.461026,194.6762994580,1779991228.461026,0.
1779991228.561026,194.6762994580,1779991228.561026,0.
1779991228.661026,194.6762994580,1779991228.661026,0.
1779991228.7610261,194.6762994580,1779991228.7610261,0.
1779991228.861026,194.6762994580,1779991228.861026,0.
1779991228.961026,194.6762994580,1779991228.961026,0.
1779991229.061026,194.6762994580,1779991229.061026,0.
1779991229.161026,194.6762994580,1779991229.161026,0.
1779991229.2610261,194.6762994580,1779991229.2610261,0.
1779991229.361026,194.6762994580,1779991229.361026,0.
1779991229.461026,194.6762994580,1779991229.461026,0.
1779991229.561026,194.6762994580,1779991229.561026,0.
1779991229.661026,194.6762994580,1779991229.661026,0.
1779991229.7610261,194.6762994580,1779991229.7610261,0.
1779991229.861026,194.6762994580,1779991229.861026,0.
1779991229.961026,194.6762994580,1779991229.961026,0.
1779991230.061026,194.6762994580,1779991230.061026,0.
1779991230.161026,194.6762994580,1779991230.161026,0.
1779991230.2610261,194.6762994580,1779991230.2610261,0.
1779991230.361026,194.6762994580,1779991230.361026,0.
1779991230.461026,194.6762994580,1779991230.461026,0.
1779991230.561026,194.6762994580,1779991230.561026,0.
1779991230.661026,194.6762994580,1779991230.661026,0.
1779991230.7610261,194.6762994580,1779991230.7610261,0.
1779991230.861026,194.6762994580,1779991230.861026,0.
1779991230.961026,194.6762994580,1779991230.961026,0.
1779991231.061026,194.6762994580,1779991231.061026,0.
1779991231.161026,194.6762994580,1779991231.161026,0.
1779991231.2610261,194.6762994580,1779991231.2610261,0.
1779991231.361026,194.6762994580,1779991231.361026,0.
1779991231.461026,194.6762994580,1779991231.461026,0.
1779991231.561026,194.6762994580,1779991231.561026,0.
1779991231.661026,194.6762994580,1779991231.661026,0.
1779991231.7610261,194.6762994580,1779991231.7610261,0.
1779991231.861026,194.6762994580,1779991231.861026,0.
1779991231.961026,194.6762994580,1779991231.961026,0.
1779991232.061026,194.6762994580,1779991232.061026,0.
1779991232.161026,194.6762994580,1779991232.161026,0.
1779991232.2610261,194.6762994580,1779991232.2610261,0.
1779991232.361026,194.6762994580,1779991232.361026,0.
1779991232.461026,194.6762994580,1779991232.461026,0.
1779991232.561026,194.6762994580,1779991232.561026,0.
1779991232.661026,194.6762994580,1779991232.661026,0.
1779991232.7610261,194.6762994580,1779991232.7610261,0.
1779991232.861026,194.6762994580,1779991232.861026,0.
1779991232.961026,194.6762994580,1779991232.961026,0.
1779991233.061026,194.6762994580,1779991233.061026,0.
1779991233.161026,194.6762994580,1779991233.161026,0.
1779991233.2610261,194.6762994580,1779991233.2610261,0.
1779991233.361026,194.6762994580,1779991233.361026,0.
1779991233.461026,194.6762994580,1779991233.461026,0.
1779991233.561026,194.6762994580,1779991233.561026,0.
1779991233.661026,194.6762994580,1779991233.661026,0.
1779991233.7610261,194.6762994580,1779991233.7610261,0.
1779991233.861026,194.6762994580,1779991233.861026,0.
1779991233.961026,194.6762994580,1779991233.961026,0.
1779991234.061026,194.6762994580,1779991234.061026,0.
1779991234.161026,194.6762994580,1779991234.161026,0.
1779991234.2610261,194.6762994580,1779991234.2610261,0.
1779991234.361026,194.6762994580,1779991234.361026,0.
1779991234.461026,194.6762994580,1779991234.461026,0.
1779991234.561026,194.6762994580,1779991234.561026,0.
1779991234.661026,194.6762994580,1779991234.661026,0.
1779991234.7610261,194.6762994580,1779991234.7610261,0.
1779991234.861026,194.6762994580,1779991234.861026,0.
1779991234.961026,194.6762994580,1779991234.961026,0.
1779991235.061026,194.6762994580,1779991235.061026,0.
1779991235.161026,194.6762994580,1779991235.161026,0.
1779991235.2610261,194.6762994580,1779991235.2610261,0.
1779991235.361026,194.6762994580,1779991235.361026,0.
1779991235.461026,194.6762994580,1779991235.461026,0.
1779991235.561026,194.6762994580,1779991235.561026,0.
1779991235.661026,194.6762994580,1779991235.661026,0.
1779991235.7610261,194.6762994580,1779991235.7610261,0.
1779991235.861026,194.6762994580,1779991235.861026,0.
1779991235.961026,194.6762994580,1779991235.961026,0.
1779991236.061026,194.6762994580,1779991236.061026,0.
1779991236.161026,194.6762994580,1779991236.161026,0.
1779991236.2610261,194.6762994580,1779991236.2610261,0.
1779991236.361026,194.6762994580,1779991236.361026,0.
1779991236.461026,194.6762994580,1779991236.461026,0.
1779991236.561026,194.6762994580,1779991236.561026,0.
1779991236.661026,194.6762994580,1779991236.661026,0.
1779991236.7610261,194.6762994580,1779991236.7610261,0.
1779991236.861026,194.6762994580,1779991236.861026,0.
1779991236.961026,194.6762994580,1779991236.961026,0.
1779991237.061026,194.6762994580,1779991237.061026,0.
1779991237.161026,194.6762994580,1779991237.161026,0.
1779991237.2610261,194.6762994580,1779991237.2610261,0.
1779991237.361026,194.6762994580,1779991237.361026,0.
1779991237.461026,194.6762994580,1779991237.461026,0.
1779991237.561026,194.6762994580,1779991237.561026,0.
1779991237.661026,194.6762994580,1779991237.661026,0.
1779991237.7610261,194.6762994580,1779991237.7610261,0.
1779991237.861026,194.6762994580,1779991237.861026,0.
1779991237.961026,194.6762994580,1779991237.961026,0.
1779991238.061026,194.6762994580,1779991238.061026,0.
1779991238.161026,194.6762994580,1779991238.161026,0.
1779991238.2610261,194.6762994580,1779991238.2610261,0.
1779991238.361026,194.6762994580,1779991238.361026,0.
1779991238.461026,194.6762994580,1779991238.461026,0.
1779991238.561026,194.6762994580,1779991238.561026,0.
1779991238.661026,194.6762994580,1779991238.661026,0.
1779991238.7610261,194.6762994580,1779991238.7610261,0.
1779991238.861026,194.6762994580,1779991238.861026,0.
1779991238.961026,194.6762994580,1779991238.961026,0.
1779991239.061026,194.6762994580,1779991239.061026,0.
1779991239.161026,194.6762994580,1779991239.161026,0.
1779991239.2610261,194.6762994580,1779991239.2610261,0.
1779991239.361026,194.6762994580,1779991239.361026,0.
1779991239.461026,194.6762994580,1779991239.461026,0.
1779991239.561026,194.6762994580,1779991239.561026,0.
1779991239.661026,194.6762994580,1779991239.661026,0.
1779991239.7610261,194.6762994580,1779991239.7610261,0.
1779991239.861026,194.6762994580,1779991239.861026,0.
1779991239.961026,194.6762994580,1779991239.961026,0.
1779991240.061026,194.6762994580,1779991240.061026,0.
1779991240.161026,194.6762994580,1779991240.161026,0.
1779991240.2610261,194.6762994580,1779991240.2610261,0.
1779991240.361026,194.6762994580,1779991240.361026,0.
1779991240.461026,194.6762994580,1779991240.461026,0.
1779991240.561026,194.6762994580,1779991240.561026,0.
1779991240.661026,194.6762994580,1779991240.661026,0.
1779991240.7610261,194.6762994580,1779991240.7610261,0.
1779991240.861026,194.6762994580,1779991240.861026,0.
1779991240.961026,194.6762994580,1779991240.961026,0.
1779991241.061026,194.6762994580,1779991241.061026,0.
1779991241.161026,194.6762994580,1779991241.161026,0.
1779991241.2610261,194.6762994580,1779991241.2610261,0.
1779991241.361026,194.6762994580,1779991241.361026,0.
1779991241.461026,194.6762994580,1779991241.461026,0.
1779991241.561026,194.6762994580,1779991241.561026,0.
1779991241.661026,194.6762994580,1779991241.661026,0.
1779991241.7610261,194.6762994580,1779991241.7610261,0.
1779991241.861026,194.6762994580,1779991241.861026,0.
1779991241.961026,194.6762994580,1779991241.961026,0.
1779991242.061026,194.6762994580,1779991242.061026,0.
1779991242.161026,194.6762994580,1779991242.161026,0.
1779991242.2610261,194.6762994580,1779991242.2610261,0.
1779991242.361026,194.6762994580,1779991242.361026,0.
1779991242.461026,194.6762994580,1779991242.461026,0.
1779991242.561026,194.6762994580,1779991242.561026,0.
1779991242.661026,194.6762994580,1779991242.661026,0.
1779991242.7610261,194.6762994580,1779991242.7610261,0.
1779991242.861026,194.6762994580,1779991242.861026,0.
1779991242.961026,194.6762994580,1779991242.961026,0.
1779991243.061026,194.6762994580,1779991243.061026,0.
1779991243.161026,194.6762994580,1779991243.161026,0.
1779991243.2610261,194.6762994580,1779991243.2610261,0.
1779991243.361026,194.6762994580,1779991243.361026,0.
1779991243.461026,194.6762994580,1779991243.461026,0.
1779991243.561026,194.6762994580,1779991243.561026,0.
1779991243.661026,194.6762994580,1779991243.661026,0.
1779991243.7610261,194.6762994580,1779991243.7610261,0.
1779991243.861026,194.6762994580,1779991243.861026,0.
1779991243.961026,194.6762994580,1779991243.961026,0.
1779991244.061026,194.6762994580,1779991244.061026,0.
1779991244.161026,194.6762994580,1779991244.161026,0.
1779991244.2610261,194.6762994580,1779991244.2610261,0.
1779991244.361026,194.6762994580,1779991244.361026,0.
1779991244.461026,194.6762994580,1779991244.461026,0.
1779991244.561026,194.6762994580,1779991244.561026,0.
1779991244.661026,194.6762994580,1779991244.661026,0.
1779991244.7610261,194.6762994580,1779991244.7610261,0.
1779991244.861026,194.6762994580,1779991244.861026,0.
1779991244.961026,194.6762994580,1779991244.961026,0.
1779991245.061026,194.6762994580,1779991245.061026,0.
1779991245.161026,194.6762994580,1779991245.161026,0.
1779991245.2610261,194.6762994580,1779991245.2610261,0.
1779991245.361026,194.6762994580,1779991245.361026,0.
1779991245.461026,194.6762994580,1779991245.461026,0.
1779991245.561026,194.6762994580,1779991245.561026,0.
1779991245.661026,194.6762994580,1779991245.661026,0.
1779991245.7610261,194.6762994580,1779991245.7610261,0.
1779991245.861026,194.6762994580,1779991245.861026,0.
1779991245.961026,194.6762994580,1779991245.961026,0.
1779991246.061026,194.6762994580,1779991246.061026,0.
1779991246.161026,194.6762994580,1779991246.161026,0.
1779991246.2610261,194.6762994580,1779991246.2610261,0.
1779991246.361026,194.6762994580,1779991246.361026,0.
1779991246.461026,194.6762994580,1779991246.461026,0.
1779991246.561026,194.6762994580,1779991246.561026,0.
1779991246.661026,194.6762994580,1779991246.661026,0.
1779991246.7610261,194.6762994580,1779991246.7610261,0.
1779991246.861026,194.6762994580,1779991246.861026,0.
1779991246.961026,194.6762994580,1779991246.961026,0.
1779991247.061026,194.6762994580,1779991247.061026,0.
1779991247.161026,194.6762994580,1779991247.161026,0.
1779991247.2610261,194.6762994580,1779991247.2610261,0.
1779991247.361026,194.6762994580,1779991247.361026,0.
1779991247.461026,194.6762994580,1779991247.461026,0.
1779991247.561026,194.6762994580,1779991247.561026,0.
1779991247.661026,194.6762994580,1779991247.661026,0.
1779991247.7610261,194.6762994580,1779991247.7610261,0.
1779991247.861026,194.6762994580,1779991247.861026,0.
1779991247.961026,194.6762994580,1779991247.961026,0.
1779991248.061026,194.6762994580,1779991248.061026,0.
1779991248.161026,194.6762994580,1779991248.161026,0.
1779991248.2610261,194.6762994580,1779991248.2610261,0.
1779991248.361026,194.6762994580,1779991248.361026,0.
1779991248.461026,194.6762994580,1779991248.461026,0.
1779991248.561026,194.6762994580,1779991248.561026,0.
1779991248.661026,194.6762994580,1779991248.661026,0.
1779991248.7610261,194.6762994580,1779991248.7610261,0.
1779991248.861026,194.6762994580,1779991248.861026,0.
1779991248.961026,194.6762994580,1779991248.961026,0.
1779991249.061026,194.6762994580,1779991249.061026,0.
1779991249.161026,194.6762994580,1779991249.161026,0.
1779991249.2610261,194.6762994580,1779991249.2610261,0.
1779991249.361026,194.6762994580,1779991249.361026,0.
1779991249.461026,194.6762994580,1779991249.461026,0.
1779991249.561026,194.6762994580,1779991249.561026,0.
1779991249.661026,194.6762994580,1779991249.661026,0.
1779991249.7610261,194.6762994580,1779991249.7610261,0.
1779991249.861026,194.6762994580,1779991249.861026,0.
1779991249.961026,194.6762994580,1779991249.961026,0.
1779991250.061026,194.6762994580,1779991250.061026,0.
1779991250.161026,194.6762994580,1779991250.161026,0.
1779991250.2610261,194.6762994580,1779991250.2610261,0.
1779991250.361026,194.6762994580,1779991250.361026,0.
1779991250.461026,194.6762994580,1779991250.461026,0.
1779991250.561026,194.6762994580,1779991250.561026,0.
1779991250.661026,194.6762994580,1779991250.661026,0.
1779991250.7610261,194.6762994580,1779991250.7610261,0.
1779991250.861026,194.6762994580,1779991250.861026,0.
1779991250.961026,194.6762994580,1779991250.961026,0.
1779991251.061026,194.6762994580,1779991251.061026,0.
1779991251.161026,194.6762994580,1779991251.161026,0.
1779991251.2610261,194.6762994580,1779991251.2610261,0.
1779991251.361026,194.6762994580,1779991251.361026,0.
1779991251.461026,194.6762994580,1779991251.461026,0.
1779991251.561026,194.6762994580,1779991251.561026,0.
1779991251.661026,194.6762994580,1779991251.661026,0.
1779991251.7610261,194.6762994580,1779991251.7610261,0.
1779991251.861026,194.6762994580,1779991251.861026,0.
1779991251.961026,194.6762994580,1779991251.961026,0.
1779991252.061026,194.6762994580,1779991252.061026,0.
1779991252.161026,194.6762994580,1779991252.161026,0.
1779991252.2610261,194.6762994580,1779991252.2610261,0.
1779991252.361026,194.6762994580,1779991252.361026,0.
1779991252.461026,194.6762994580,1779991252.461026,0.
1779991252.561026,194.6762994580,1779991252.561026,0.
1779991252.661026,194.6762994580,1779991252.661026,0.
1779991252.7610261,194.6762994580,1779991252.7610261,0.
1779991252.861026,194.6762994580,1779991252.861026,0.
1779991252.961026,194.6762994580,1779991252.961026,0.
1779991253.061026,194.6762994580,1779991253.061026,0.
1779991253.161026,194.6762994580,1779991253.161026,0.
1779991253.2610261,194.6762994580,1779991253.2610261,0.
1779991253.361026,194.6762994580,1779991253.361026,0.
1779991253.461026,194.6762994580,1779991253.461026,0.
1779991253.561026,194.6762994580,1779991253.561026,0.
1779991253.661026,194.6762994580,1779991253.661026,0.
1779991253.7610261,194.6762994580,1779991253.7610261,0.
1779991253.861026,194.6762994580,1779991253.861026,0.
1779991253.961026,194.6762994580,1779991253.961026,0.
1779991254.061026,194.6762994580,1779991254.061026,0.
1779991254.161026,194.6762994580,1779991254.161026,0.
1779991254.2610261,194.6762994580,1779991254.2610261,0.
1779991254.361026,194.6762994580,1779991254.361026,0.
1779991254.461026,194.6762994580,1779991254.461026,0.
1779991254.561026,194.6762994580,1779991254.561026,0.
1779991254.661026,194.6762994580,1779991254.661026,0.
1779991254.7610261,194.6762994580,1779991254.7610261,0.
1779991254.861026,194.6762994580,1779991254.861026,0.
1779991254.961026,194.6762994580,1779991254.961026,0.
1779991255.061026,194.6762994580,1779991255.061026,0.
1779991255.161026,194.6762994580,1779991255.161026,0.
1779991255.2610261,194.6762994580,1779991255.2610261,0.
1779991255.361026,194.6762994580,1779991255.361026,0.
1779991255.461026,194.6762994580,1779991255.461026,0.
1779991255.561026,194.6762994580,1779991255.561026,0.
1779991255.661026,194.6762994580,1779991255.661026,0.
1779991255.7610261,194.6762994580,1779991255.7610261,0.
1779991255.861026,194.6762994580,1779991255.861026,0.
1779991255.961026,194.6762994580,1779991255.961026,0.
1779991256.061026,194.6762994580,1779991256.061026,0.
1779991256.161026,194.6762994580,1779991256.161026,0.
1779991256.2610261,194.6762994580,1779991256.2610261,0.
1779991256.361026,194.6762994580,1779991256.361026,0.
1779991256.461026,194.6762994580,1779991256.461026,0.
1779991256.561026,194.6762994580,1779991256.561026,0.
1779991256.661026,194.6762994580,1779991256.661026,0.
1779991256.7610261,194.6762994580,1779991256.7610261,0.
1779991256.861026,194.6762994580,1779991256.861026,0.
1779991256.961026,194.6762994580,1779991256.961026,0.
1779991257.061026,194.6762994580,1779991257.061026,0.
1779991257.161026,194.6762994580,1779991257.161026,0.
1779991257.2610261,194.6762994580,1779991257.2610261,0.
1779991257.361026,194.6762994580,1779991257.361026,0.
1779991257.461026,194.6762994580,1779991257.461026,0.
1779991257.561026,194.6762994580,1779991257.561026,0.
1779991257.661026,194.6762994580,1779991257.661026,0.
1779991257.7610261,194.6762994580,1779991257.7610261,0.
1779991257.861026,194.6762994580,1779991257.861026,0.
1779991257.961026,194.6762994580,1779991257.961026,0.
1779991258.061026,194.6762994580,1779991258.061026,0.
1779991258.161026,194.6762994580,1779991258.161026,0.
1779991258.2610261,194.6762994580,1779991258.2610261,0.
1779991258.361026,194.6762994580,1779991258.361026,0.
1779991258.461026,194.6762994580,1779991258.461026,0.
1779991258.561026,194.6762994580,1779991258.561026,0.
1779991258.661026,194.6762994580,1779991258.661026,0.
1779991258.7610261,194.6762994580,1779991258.7610261,0.
1779991258.861026,194.6762994580,1779991258.861026,0.
1779991258.961026,194.6762994580,1779991258.961026,0.
1779991259.061026,194.6762994580,1779991259.061026,0.
1779991259.161026,194.6762994580,1779991259.161026,0.
1779991259.2610261,194.6762994580,1779991259.2610261,0.
1779991259.361026,194.6762994580,1779991259.361026,0.
1779991259.461026,194.6762994580,1779991259.461026,0.
1779991259.561026,194.6762994580,1779991259.561026,0.
1779991259.661026,194.6762994580,1779991259.661026,0.
1779991259.7610261,194.6762994580,1779991259.7610261,0.
1779991259.861026,194.6762994580,1779991259.861026,0.
1779991259.961026,194.6762994580,1779991259.961026,0.
1779991260.061026,194.6762994580,1779991260.061026,0.
1779991260.161026,194.6762994580,1779991260.161026,0.
1779991260.2610261,194.6762994580,1779991260.2610261,0.
1779991260.361026,194.6762994580,1779991260.361026,0.
1779991260.461026,194.6762994580,1779991260.461026,0.
1779991260.561026,194.6762994580,1779991260.561026,0.
1779991260.661026,194.6762994580,1779991260.661026,0.
1779991260.7610261,194.6762994580,1779991260.7610261,0.
1779991260.861026,194.6762994580,1779991260.861026,0.
1779991260.961026,194.6762994580,1779991260.961026,0.
1779991261.061026,194.6762994580,1779991261.061026,0.
1779991261.161026,194.6762994580,1779991261.161026,0.
1779991261.2610261,194.6762994580,1779991261.2610261,0.
1779991261.361026,194.6762994580,1779991261.361026,0.
1779991261.461026,194.6762994580,1779991261.461026,0.
1779991261.561026,194.6762994580,1779991261.561026,0.
1779991261.661026,194.6762994580,1779991261.661026,0.
1779991261.7610261,194.6762994580,1779991261.7610261,0.
1779991261.861026,194.6762994580,1779991261.861026,0.
1779991261.961026,194.6762994580,1779991261.961026,0.
1779991262.061026,194.6762994580,1779991262.061026,0.
1779991262.161026,194.6762994580,1779991262.161026,0.
1779991262.2610261,194.6762994580,1779991262.2610261,0.
1779991262.361026,194.6762994580,1779991262.361026,0.
1779991262.461026,194.6762994580,1779991262.461026,0.
1779991262.561026,194.6762994580,1779991262.561026,0.
1779991262.661026,194.6762994580,1779991262.661026,0.
1779991262.7610261,194.6762994580,1779991262.7610261,0.
1779991262.861026,194.6762994580,1779991262.861026,0.
1779991262.961026,194.6762994580,1779991262.961026,0.
1779991263.061026,194.6762994580,1779991263.061026,0.
1779991263.161026,194.6762994580,1779991263.161026,0.
1779991263.2610261,194.6762994580,1779991263.2610261,0.
1779991263.361026,194.6762994580,1779991263.361026,0.
1779991263.461026,194.6762994580,1779991263.461026,0.
1779991263.561026,194.6762994580,1779991263.561026,0.
1779991263.661026,194.6762994580,1779991263.661026,0.
1779991263.7610261,194.6762994580,1779991263.7610261,0.
1779991263.861026,194.6762994580,1779991263.861026,0.
1779991263.961026,194.6762994580,1779991263.961026,0.
1779991264.061026,194.6762994580,1779991264.061026,0.
1779991264.161026,194.6762994580,1779991264.161026,0.
1779991264.2610261,194.6762994580,1779991264.2610261,0.
1779991264.361026,194.6762994580,1779991264.361026,0.
1779991264.461026,194.6762994580,1779991264.461026,0.
1779991264.561026,194.6762994580,1779991264.561026,0.
1779991264.661026,194.6762994580,1779991264.661026,0.
1779991264.7610261,194.6762994580,1779991264.7610261,0.
1779991264.861026,194.6762994580,1779991264.861026,0.
1779991264.961026,194.6762994580,1779991264.961026,0.
1779991265.061026,194.6762994580,1779991265.061026,0.
1779991265.161026,194.6762994580,1779991265.161026,0.
1779991265.2610261,194.6762994580,1779991265.2610261,0.
1779991265.361026,194.6762994580,1779991265.361026,0.
1779991265.461026,194.6762994580,1779991265.461026,0.
1779991265.561026,194.6762994580,1779991265.561026,0.
1779991265.661026,194.6762994580,1779991265.661026,0.
1779991265.7610261,194.6762994580,1779991265.7610261,0.
1779991265.861026,194.6762994580,1779991265.861026,0.
1779991265.961026,194.6762994580,1779991265.961026,0.
1779991266.061026,194.6762994580,1779991266.061026,0.
1779991266.161026,194.6762994580,1779991266.161026,0.
1779991266.2610261,194.6762994580,1779991266.2610261,0.
1779991266.361026,194.6762994580,1779991266.361026,0.
1779991266.461026,194.6762994580,1779991266.461026,0.
1779991266.561026,194.6762994580,1779991266.561026,0.
1779991266.661026,194.6762994580,1779991266.661026,0.
1779991266.7610261,194.6762994580,1779991266.7610261,0.
1779991266.861026,194.6762994580,1779991266.861026,0.
1779991266.961026,194.6762994580,1779991266.961026,0.
1779991267.061026,194.6762994580,1779991267.061026,0.
1779991267.161026,194.6762994580,1779991267.161026,0.
1779991267.2610261,194.6762994580,1779991267.2610261,0.
1779991267.361026,194.6762994580,1779991267.361026,0.
1779991267.461026,194.6762994580,1779991267.461026,0.
1779991267.561026,194.6762994580,1779991267.561026,0.
1779991267.661026,194.6762994580,1779991267.661026,0.
1779991267.7610261,194.6762994580,1779991267.7610261,0.
1779991267.861026,194.6762994580,1779991267.861026,0.
1779991267.961026,194.6762994580,1779991267.961026,0.
1779991268.061026,194.6762994580,1779991268.061026,0.
1779991268.161026,194.6762994580,1779991268.161026,0.
1779991268.2610261,194.6762994580,1779991268.2610261,0.
1779991268.361026,194.6762994580,1779991268.361026,0.
1779991268.461026,194.6762994580,1779991268.461026,0.
1779991268.561026,194.6762994580,1779991268.561026,0.
1779991268.661026,194.6762994580,1779991268.661026,0.
1779991268.7610261,194.6762994580,1779991268.7610261,0.
1779991268.861026,194.6762994580,1779991268.861026,0.
1779991268.961026,194.6762994580,1779991268.961026,0.
1779991269.061026,194.6762994580,1779991269.061026,0.
1779991269.161026,194.6762994580,1779991269.161026,0.
1779991269.2610261,194.6762994580,1779991269.2610261,0.
1779991269.361026,194.6762994580,1779991269.361026,0.
1779991269.461026,194.6762994580,1779991269.461026,0.
1779991269.561026,194.6762994580,1779991269.561026,0.
1779991269.661026,194.6762994580,1779991269.661026,0.
1779991269.7610261,194.6762994580,1779991269.7610261,0.
1779991269.861026,194.6762994580,1779991269.861026,0.
1779991269.961026,194.6762994580,1779991269.961026,0.
1779991270.061026,194.6762994580,1779991270.061026,0.
1779991270.161026,194.6762994580,1779991270.161026,0.
1779991270.2610261,194.6762994580,1779991270.2610261,0.
1779991270.361026,194.6762994580,1779991270.361026,0.
1779991270.461026,194.6762994580,1779991270.461026,0.
1779991270.561026,194.6762994580,1779991270.561026,0.
1779991270.661026,194.6762994580,1779991270.661026,0.
1779991270.7610261,194.6762994580,1779991270.7610261,0.
1779991270.861026,194.6762994580,1779991270.861026,0.
1779991270.961026,194.6762994580,1779991270.961026,0.
1779991271.061026,194.6762994580,1779991271.061026,0.
1779991271.161026,194.6762994580,1779991271.161026,0.
1779991271.2610261,194.6762994580,1779991271.2610261,0.
1779991271.361026,194.6762994580,1779991271.361026,0.
1779991271.461026,194.6762994580,1779991271.461026,0.
1779991271.561026,194.6762994580,1779991271.561026,0.
1779991271.661026,194.6762994580,1779991271.661026,0.
1779991271.7610261,194.6762994580,1779991271.7610261,0.
1779991271.861026,194.6762994580,1779991271.861026,0.
1779991271.961026,194.6762994580,1779991271.961026,0.
1779991272.061026,194.6762994580,1779991272.061026,0.
1779991272.161026,194.6762994580,1779991272.161026,0.
1779991272.2610261,194.6762994580,1779991272.2610261,0.
1779991272.361026,194.6762994580,1779991272.361026,0.
1779991272.461026,194.6762994580,1779991272.461026,0.
1779991272.561026,194.6762994580,1779991272.561026,0.
1779991272.661026,194.6762994580,1779991272.661026,0.
1779991272.7610261,194.6762994580,1779991272.7610261,0.
1779991272.861026,194.6762994580,1779991272.861026,0.
1779991272.961026,194.6762994580,1779991272.961026,0.
1779991273.061026,194.6762994580,1779991273.061026,0.
1779991273.161026,194.6762994580,1779991273.161026,0.
1779991273.2610261,194.6762994580,1779991273.2610261,0.
1779991273.361026,194.6762994580,1779991273.361026,0.
1779991273.461026,194.6762994580,1779991273.461026,0.
1779991273.561026,194.6762994580,1779991273.561026,0.
1779991273.661026,194.6762994580,1779991273.661026,0.
1779991273.7610261,194.6762994580,1779991273.7610261,0.
1779991273.861026,194.6762994580,1779991273.861026,0.
1779991273.961026,194.6762994580,1779991273.961026,0.
1779991274.061026,194.6762994580,1779991274.061026,0.
1779991274.161026,194.6762994580,1779991274.161026,0.
1779991274.2610261,194.6762994580,1779991274.2610261,0.
1779991274.361026,194.6762994580,1779991274.361026,0.
1779991274.461026,194.6762994580,1779991274.461026,0.
1779991274.561026,194.6762994580,1779991274.561026,0.
1779991274.661026,194.6762994580,1779991274.661026,0.
1779991274.7610261,194.6762994580,1779991274.7610261,0.
1779991274.861026,194.6762994580,1779991274.861026,0.
1779991274.961026,194.6762994580,1779991274.961026,0.
1779991275.061026,194.6762994580,1779991275.061026,0.
1779991275.161026,194.6762994580,1779991275.161026,0.
1779991275.2610261,194.6762994580,1779991275.2610261,0.
1779991275.361026,194.6762994580,1779991275.361026,0.
1779991275.461026,194.6762994580,1779991275.461026,0.
1779991275.561026,194.6762994580,1779991275.561026,0.
1779991275.661026,194.6762994580,1779991275.661026,0.
1779991275.7610261,194.6762994580,1779991275.7610261,0.
1779991275.861026,194.6762994580,1779991275.861026,0.
1779991275.961026,194.6762994580,1779991275.961026,0.
1779991276.061026,194.6762994580,1779991276.061026,0.
1779991276.161026,194.6762994580,1779991276.161026,0.
1779991276.2610261,194.6762994580,1779991276.2610261,0.
1779991276.361026,194.6762994580,1779991276.361026,0.
1779991276.461026,194.6762994580,1779991276.461026,0.
1779991276.561026,194.6762994580,1779991276.561026,0.
1779991276.661026,194.6762994580,1779991276.661026,0.
1779991276.7610261,194.6762994580,1779991276.7610261,0.
1779991276.861026,194.6762994580,1779991276.861026,0.
1779991276.961026,194.6762994580,1779991276.961026,0.
1779991277.061026,194.6762994580,1779991277.061026,0.
1779991277.161026,194.6762994580,1779991277.161026,0.
1779991277.2610261,194.6762994580,1779991277.2610261,0.
1779991277.361026,194.6762994580,1779991277.361026,0.
1779991277.461026,194.6762994580,1779991277.461026,0.
1779991277.561026,194.6762994580,1779991277.561026,0.
1779991277.661026,194.6762994580,1779991277.661026,0.
1779991277.7610261,194.6762994580,1779991277.7610261,0.
1779991277.861026,194.6762994580,1779991277.861026,0.
1779991277.961026,194.6762994580,1779991277.961026,0.
1779991278.061026,194.6762994580,1779991278.061026,0.
1779991278.161026,194.6762994580,1779991278.161026,0.
1779991278.2610261,194.6762994580,1779991278.2610261,0.
1779991278.361026,194.6762994580,1779991278.361026,0.
1779991278.461026,194.6762994580,1779991278.461026,0.
1779991278.561026,194.6762994580,1779991278.561026,0.
1779991278.661026,194.6762994580,1779991278.661026,0.
1779991278.7610261,194.6762994580,1779991278.7610261,0.
1779991278.861026,194.6762994580,1779991278.861026,0.
1779991278.961026,194.6762994580,1779991278.961026,0.
1779991279.061026,194.6762994580,1779991279.061026,0.
1779991279.161026,194.6762994580,1779991279.161026,0.
1779991279.2610261,194.6762994580,1779991279.2610261,0.
1779991279.361026,194.6762994580,1779991279.361026,0.
1779991279.461026,194.6762994580,1779991279.461026,0.
1779991279.561026,194.6762994580,1779991279.561026,0.
1779991279.661026,194.6762994580,1779991279.661026,0.
1779991279.7610261,194.6762994580,1779991279.7610261,0.
1779991279.861026,194.6762994580,1779991279.861026,0.
1779991279.961026,194.6762994580,1779991279.961026,0.
1779991280.061026,194.6762994580,1779991280.061026,0.
1779991280.161026,194.6762994580,1779991280.161026,0.
1779991280.2610261,194.6762994580,1779991280.2610261,0.
1779991280.361026,194.6762994580,1779991280.361026,0.
1779991280.461026,194.6762994580,1779991280.461026,0.
1779991280.561026,194.6762994580,1779991280.561026,0.
1779991280.661026,194.6762994580,1779991280.661026,0.
1779991280.7610261,194.6762994580,1779991280.7610261,0.
1779991280.861026,194.6762994580,1779991280.861026,0.
1779991280.961026,194.6762994580,1779991280.961026,0.
1779991281.061026,194.6762994580,1779991281.061026,0.
1779991281.161026,194.6762994580,1779991281.161026,0.
1779991281.2610261,194.6762994580,1779991281.2610261,0.
1779991281.361026,194.6762994580,1779991281.361026,0.
1779991281.461026,194.6762994580,1779991281.461026,0.
1779991281.561026,194.6762994580,1779991281.561026,0.
1779991281.661026,194.6762994580,1779991281.661026,0.
1779991281.7610261,194.6762994580,1779991281.7610261,0.
1779991281.861026,194.6762994580,1779991281.861026,0.
1779991281.961026,194.6762994580,1779991281.961026,0.
1779991282.061026,194.6762994580,1779991282.061026,0.
1779991282.161026,194.6762994580,1779991282.161026,0.
1779991282.2610261,194.6762994580,1779991282.2610261,0.
1779991282.361026,194.6762994580,1779991282.361026,0.
1779991282.461026,194.6762994580,1779991282.461026,0.
1779991282.561026,194.6762994580,1779991282.561026,0.
1779991282.661026,194.6762994580,1779991282.661026,0.
1779991282.7610261,194.6762994580,1779991282.7610261,0.
1779991282.861026,194.6762994580,1779991282.861026,0.
