Command_x,Command_y,Target_x,Target_y
1779904156.5508988,199.5485947405,1779904156.5508988,0.
1779904156.650899,199.5485947405,1779904156.650899,0.
1779904156.7508988,199.5485947405,1779904156.7508988,0.
1779904156.850899,199.5485947405,1779904156.850899,0.
1779904156.950899,199.5485947405,1779904156.950899,0.
1779904157.0508988,199.5485947405,1779904157.0508988,0.
1779904157.150899,199.5485947405,1779904157.150899,0.
1779904157.2508988,199.5485947405,1779904157.2508988,0.
1779904157.350899,199.5485947405,1779904157.350899,0.
1779904157.450899,199.5485947405,1779904157.450899,0.
1779904157.5508988,199.5485947405,1779904157.5508988,0.
1779904157.650899,199.5485947405,1779904157.650899,0.
1779904157.7508988,199.5485947405,1779904157.7508988,0.
1779904157.850899,199.5485947405,1779904157.850899,0.
1779904157.950899,199.5485947405,1779904157.950899,0.
1779904158.0508988,199.5485947405,1779904158.0508988,0.
1779904158.150899,199.5485947405,1779904158.150899,0.
1779904158.2508988,199.5485947405,1779904158.2508988,0.
1779904158.350899,199.5485947405,1779904158.350899,0.
1779904158.450899,199.5485947405,1779904158.450899,0.
1779904158.5508988,199.5485947405,1779904158.5508988,0.
1779904158.650899,199.5485947405,1779904158.650899,0.
1779904158.7508988,199.5485947405,1779904158.7508988,0.
1779904158.850899,199.5485947405,1779904158.850899,0.
1779904158.950899,199.5485947405,1779904158.950899,0.
1779904159.0508988,199.5485947405,1779904159.0508988,0.
1779904159.150899,199.5485947405,1779904159.150899,0.
1779904159.2508988,199.5485947405,1779904159.2508988,0.
1779904159.350899,199.5485947405,1779904159.350899,0.
1779904159.450899,199.5485947405,1779904159.450899,0.
1779904159.5508988,199.5485947405,1779904159.5508988,0.
1779904159.650899,199.5485947405,1779904159.650899,0.
1779904159.7508988,199.5485947405,1779904159.7508988,0.
1779904159.850899,199.5485947405,1779904159.850899,0.
1779904159.950899,199.5485947405,1779904159.950899,0.
1779904160.0508988,199.5485947405,1779904160.0508988,0.
1779904160.150899,199.5485947405,1779904160.150899,0.
1779904160.2508988,199.5485947405,1779904160.2508988,0.
1779904160.350899,199.5485947405,1779904160.350899,0.
1779904160.450899,199.5485947405,1779904160.450899,0.
1779904160.5508988,199.5485947405,1779904160.5508988,0.
1779904160.650899,199.5485947405,1779904160.650899,0.
1779904160.7508988,199.5485947405,1779904160.7508988,0.
1779904160.850899,199.5485947405,1779904160.850899,0.
1779904160.950899,199.5485947405,1779904160.950899,0.
1779904161.0508988,199.5485947405,1779904161.0508988,0.
1779904161.150899,199.5485947405,1779904161.150899,0.
1779904161.2508988,199.5485947405,1779904161.2508988,0.
1779904161.350899,199.5485947405,1779904161.350899,0.
1779904161.450899,199.5485947405,1779904161.450899,0.
1779904161.5508988,199.5485947405,1779904161.5508988,0.
1779904161.650899,199.5485947405,1779904161.650899,0.
1779904161.7508988,199.5485947405,1779904161.7508988,0.
1779904161.850899,199.5485947405,1779904161.850899,0.
1779904161.950899,199.5485947405,1779904161.950899,0.
1779904162.0508988,199.5485947405,1779904162.0508988,0.
1779904162.150899,199.5485947405,1779904162.150899,0.
1779904162.2508988,199.5485947405,1779904162.2508988,0.
1779904162.350899,199.5485947405,1779904162.350899,0.
1779904162.450899,199.5485947405,1779904162.450899,0.
1779904162.5508988,0.,1779904162.5508988,200.
1779904162.650899,0.,1779904162.650899,200.
1779904162.7508988,0.,1779904162.7508988,200.
1779904162.850899,0.,1779904162.850899,200.
1779904162.950899,0.,1779904162.950899,200.
1779904163.0508988,0.,1779904163.0508988,200.
1779904163.150899,0.,1779904163.150899,200.
1779904163.2508988,0.,1779904163.2508988,200.
1779904163.350899,0.,1779904163.350899,200.
1779904163.450899,0.,1779904163.450899,200.
1779904163.5508988,0.,1779904163.5508988,200.
1779904163.650899,0.,1779904163.650899,200.
1779904163.7508988,0.,1779904163.7508988,200.
1779904163.850899,0.,1779904163.850899,200.
1779904163.950899,0.,1779904163.950899,200.
1779904164.0508988,0.,1779904164.0508988,200.
1779904164.150899,0.,1779904164.150899,200.
1779904164.2508988,0.,1779904164.2508988,200.
1779904164.350899,0.,1779904164.350899,200.
1779904164.450899,0.,1779904164.450899,200.
1779904164.5508988,0.,1779904164.5508988,200.
1779904164.650899,0.,1779904164.650899,200.
1779904164.7508988,0.,1779904164.7508988,200.
1779904164.850899,0.,1779904164.850899,200.
1779904164.950899,0.,1779904164.950899,200.
1779904165.0508988,0.,1779904165.0508988,200.
1779904165.150899,0.,1779904165.150899,200.
1779904165.2508988,0.,1779904165.2508988,200.
1779904165.350899,0.,1779904165.350899,200.
1779904165.450899,0.,1779904165.450899,200.
1779904165.5508988,0.,1779904165.5508988,200.
1779904165.650899,0.,1779904165.650899,200.
1779904165.7508988,0.,1779904165.7508988,200.
1779904165.850899,0.,1779904165.850899,200.
1779904165.950899,0.,1779904165.950899,200.
1779904166.0508988,0.,1779904166.0508988,200.
1779904166.150899,0.,1779904166.150899,200.
1779904166.2508988,0.,1779904166.2508988,200.
1779904166.350899,0.,1779904166.350899,200.
1779904166.450899,0.,1779904166.450899,200.
1779904166.5508988,0.,1779904166.5508988,200.
1779904166.650899,0.,1779904166.650899,200.
1779904166.7508988,0.,1779904166.7508988,200.
1779904166.850899,0.,1779904166.850899,200.
1779904166.950899,0.,1779904166.950899,200.
1779904167.0508988,0.,1779904167.0508988,200.
1779904167.150899,0.,1779904167.150899,200.
1779904167.2508988,0.,1779904167.2508988,200.
1779904167.350899,0.,1779904167.350899,200.
1779904167.450899,0.,1779904167.450899,200.
1779904167.5508988,0.,1779904167.5508988,200.
1779904167.650899,0.,1779904167.650899,200.
1779904167.7508988,0.,1779904167.7508988,200.
1779904167.850899,0.,1779904167.850899,200.
1779904167.950899,0.,1779904167.950899,200.
1779904168.0508988,0.,1779904168.0508988,200.
1779904168.150899,0.,1779904168.150899,200.
1779904168.2508988,0.,1779904168.2508988,200.
1779904168.350899,0.,1779904168.350899,200.
1779904168.450899,0.,1779904168.450899,200.
1779904168.5508988,0.,1779904168.5508988,200.
1779904168.650899,0.,1779904168.650899,200.
1779904168.7508988,0.,1779904168.7508988,200.
1779904168.850899,0.,1779904168.850899,200.
1779904168.950899,0.,1779904168.950899,200.
1779904169.0508988,0.,1779904169.0508988,200.
1779904169.150899,0.,1779904169.150899,200.
1779904169.2508988,0.,1779904169.2508988,200.
1779904169.350899,0.,1779904169.350899,200.
1779904169.450899,0.,1779904169.450899,200.
1779904169.5508988,0.,1779904169.5508988,200.
1779904169.650899,0.,1779904169.650899,200.
1779904169.7508988,0.,1779904169.7508988,200.
1779904169.850899,0.,1779904169.850899,200.
1779904169.950899,0.,1779904169.950899,200.
1779904170.0508988,0.,1779904170.0508988,200.
1779904170.150899,0.,1779904170.150899,200.
1779904170.2508988,0.,1779904170.2508988,200.
1779904170.350899,0.,1779904170.350899,158.8079605815
1779904170.450899,0.,1779904170.450899,288.0042670427
1779904170.5508988,0.,1779904170.5508988,200.
1779904170.650899,0.,1779904170.650899,200.
1779904170.7508988,0.,1779904170.7508988,200.
1779904170.850899,0.,1779904170.850899,200.
1779904170.950899,0.,1779904170.950899,200.
1779904171.0508988,0.,1779904171.0508988,200.
1779904171.150899,0.,1779904171.150899,200.
1779904171.2508988,0.,1779904171.2508988,200.
1779904171.350899,0.,1779904171.350899,200.
1779904171.450899,0.,1779904171.450899,200.
1779904171.5508988,0.,1779904171.5508988,200.
1779904171.650899,0.,1779904171.650899,200.
1779904171.7508988,0.,1779904171.7508988,200.
1779904171.850899,0.,1779904171.850899,200.
1779904171.950899,0.,1779904171.950899,200.
1779904172.0508988,0.,1779904172.0508988,200.
1779904172.150899,0.,1779904172.150899,200.
1779904172.2508988,0.,1779904172.2508988,200.
1779904172.350899,0.,1779904172.350899,200.
1779904172.450899,0.,1779904172.450899,198.9835570573
1779904172.5508988,0.,1779904172.5508988,241.877694516
1779904172.650899,0.,1779904172.650899,275.4807812459
1779904172.7508988,0.,1779904172.7508988,298.1600341976
1779904172.850899,0.,1779904172.850899,308.5173366922
1779904172.950899,0.,1779904172.950899,303.8023961794
1779904173.0508988,0.,1779904173.0508988,295.3894267156
1779904173.150899,0.,1779904173.150899,287.6596705262
1779904173.2508988,0.,1779904173.2508988,280.7013177637
1779904173.350899,0.,1779904173.350899,274.4119479134
1779904173.450899,0.,1779904173.450899,271.239341119
1779904173.5508988,0.,1779904173.5508988,281.9536083467
1779904173.650899,0.,1779904173.650899,294.5059059186
1779904173.7508988,0.,1779904173.7508988,302.3266739152
1779904173.850899,0.,1779904173.850899,303.7461630653
1779904173.950899,0.,1779904173.950899,299.7053132433
1779904174.0508988,0.,1779904174.0508988,294.6051491879
1779904174.150899,0.,1779904174.150899,289.8350692514
1779904174.2508988,0.,1779904174.2508988,285.7074487649
1779904174.350899,0.,1779904174.350899,281.8426907281
1779904174.450899,0.,1779904174.450899,278.4157983159
1779904174.5508988,0.,1779904174.5508988,275.3335814785
1779904174.650899,0.,1779904174.650899,272.4959143449
1779904174.7508988,0.,1779904174.7508988,269.9415415056
1779904174.850899,0.,1779904174.850899,267.7161431297
1779904174.950899,0.,1779904174.950899,265.7171019897
1779904175.0508988,0.,1779904175.0508988,263.9467259641
1779904175.150899,0.,1779904175.150899,262.3356391545
1779904175.2508988,0.,1779904175.2508988,260.8299695412
1779904175.350899,0.,1779904175.350899,259.5228392142
1779904175.450899,0.,1779904175.450899,258.3423858856
1779904175.5508988,0.,1779904175.5508988,257.255961614
1779904175.650899,0.,1779904175.650899,256.2556657399
1779904175.7508988,0.,1779904175.7508988,255.3889067577
1779904175.850899,0.,1779904175.850899,258.2452978420
1779904175.950899,0.,1779904175.950899,262.8851314257
1779904176.0508988,0.,1779904176.0508988,200.
1779904176.150899,0.,1779904176.150899,200.
1779904176.2508988,0.,1779904176.2508988,200.
1779904176.350899,0.,1779904176.350899,200.
1779904176.450899,0.,1779904176.450899,200.
1779904176.5508988,0.,1779904176.5508988,200.
1779904176.650899,0.,1779904176.650899,200.
1779904176.7508988,0.,1779904176.7508988,200.
1779904176.850899,0.,1779904176.850899,200.
1779904176.950899,0.,1779904176.950899,200.
1779904177.0508988,0.,1779904177.0508988,200.
1779904177.150899,0.,1779904177.150899,200.
1779904177.2508988,0.,1779904177.2508988,200.
1779904177.350899,0.,1779904177.350899,200.
1779904177.450899,0.,1779904177.450899,200.
1779904177.5508988,0.,1779904177.5508988,200.
1779904177.650899,0.,1779904177.650899,200.
1779904177.7508988,0.,1779904177.7508988,200.
1779904177.850899,0.,1779904177.850899,200.
1779904177.950899,0.,1779904177.950899,200.
1779904178.0508988,0.,1779904178.0508988,200.
1779904178.150899,0.,1779904178.150899,200.
1779904178.2508988,0.,1779904178.2508988,200.
1779904178.350899,0.,1779904178.350899,200.
1779904178.450899,0.,1779904178.450899,147.636400899
1779904178.5508988,0.,1779904178.5508988,204.7960826535
1779904178.650899,0.,1779904178.650899,269.6489685588
1779904178.7508988,0.,1779904178.7508988,320.7450898686
1779904178.850899,0.,1779904178.850899,200.
1779904178.950899,0.,1779904178.950899,200.
1779904179.0508988,0.,1779904179.0508988,200.
1779904179.150899,0.,1779904179.150899,200.
1779904179.2508988,0.,1779904179.2508988,200.
1779904179.350899,0.,1779904179.350899,200.
1779904179.450899,0.,1779904179.450899,200.
1779904179.5508988,0.,1779904179.5508988,200.
1779904179.650899,0.,1779904179.650899,200.
1779904179.7508988,0.,1779904179.7508988,200.
1779904179.850899,0.,1779904179.850899,200.
1779904179.950899,0.,1779904179.950899,200.
1779904180.0508988,0.,1779904180.0508988,200.
1779904180.150899,0.,1779904180.150899,200.
1779904180.2508988,0.,1779904180.2508988,200.
1779904180.350899,0.,1779904180.350899,200.
1779904180.450899,0.,1779904180.450899,200.
1779904180.5508988,0.,1779904180.5508988,200.
1779904180.650899,0.,1779904180.650899,200.
1779904180.7508988,0.,1779904180.7508988,200.
1779904180.850899,0.,1779904180.850899,200.
1779904180.950899,0.,1779904180.950899,200.
1779904181.0508988,0.,1779904181.0508988,200.
1779904181.150899,0.,1779904181.150899,200.
1779904181.2508988,0.,1779904181.2508988,200.
1779904181.350899,0.,1779904181.350899,200.
1779904181.450899,0.,1779904181.450899,200.
1779904181.5508988,0.,1779904181.5508988,200.
1779904181.650899,0.,1779904181.650899,200.
1779904181.7508988,0.,1779904181.7508988,200.
1779904181.850899,0.,1779904181.850899,200.
1779904181.950899,0.,1779904181.950899,200.
1779904182.0508988,0.,1779904182.0508988,200.
1779904182.150899,0.,1779904182.150899,200.
1779904182.2508988,0.,1779904182.2508988,226.6169232036
1779904182.350899,0.,1779904182.350899,0.
1779904182.450899,0.,1779904182.450899,0.
1779904182.5508988,0.,1779904182.5508988,0.
1779904182.650899,0.,1779904182.650899,0.
1779904182.7508988,0.,1779904182.7508988,0.
1779904182.850899,0.,1779904182.850899,0.
1779904182.950899,0.,1779904182.950899,0.
1779904183.0508988,0.,1779904183.0508988,0.
1779904183.150899,0.,1779904183.150899,0.
1779904183.2508988,0.,1779904183.2508988,0.
1779904183.350899,0.,1779904183.350899,0.
1779904183.450899,0.,1779904183.450899,0.
1779904183.5508988,0.,1779904183.5508988,0.
1779904183.650899,0.,1779904183.650899,0.
1779904183.7508988,0.,1779904183.7508988,0.
1779904183.850899,0.,1779904183.850899,0.
1779904183.950899,0.,1779904183.950899,0.
1779904184.0508988,0.,1779904184.0508988,0.
1779904184.150899,0.,1779904184.150899,0.
1779904184.2508988,0.,1779904184.2508988,0.
1779904184.350899,0.,1779904184.350899,0.
1779904184.450899,0.,1779904184.450899,0.
1779904184.5508988,0.,1779904184.5508988,0.
1779904184.650899,0.,1779904184.650899,0.
1779904184.7508988,0.,1779904184.7508988,0.
1779904184.850899,0.,1779904184.850899,0.
1779904184.950899,0.,1779904184.950899,0.
1779904185.0508988,0.,1779904185.0508988,0.
1779904185.150899,0.,1779904185.150899,0.
1779904185.2508988,0.,1779904185.2508988,0.
1779904185.350899,0.,1779904185.350899,0.
1779904185.450899,0.,1779904185.450899,0.
1779904185.5508988,0.,1779904185.5508988,0.
1779904185.650899,0.,1779904185.650899,0.
1779904185.7508988,0.,1779904185.7508988,0.
1779904185.850899,0.,1779904185.850899,0.
1779904185.950899,0.,1779904185.950899,0.
1779904186.0508988,0.,1779904186.0508988,0.
1779904186.150899,0.,1779904186.150899,0.
1779904186.2508988,0.,1779904186.2508988,0.
1779904186.350899,0.,1779904186.350899,0.
1779904186.450899,0.,1779904186.450899,0.
1779904186.5508988,0.,1779904186.5508988,0.
1779904186.650899,0.,1779904186.650899,0.
1779904186.7508988,0.,1779904186.7508988,0.
1779904186.850899,0.,1779904186.850899,0.
1779904186.950899,0.,1779904186.950899,0.
1779904187.0508988,0.,1779904187.0508988,0.
1779904187.150899,0.,1779904187.150899,0.
1779904187.2508988,0.,1779904187.2508988,0.
1779904187.350899,0.,1779904187.350899,192.6949694664
1779904187.450899,0.,1779904187.450899,206.6130450834
1779904187.5508988,0.,1779904187.5508988,235.9732738159
1779904187.650899,0.,1779904187.650899,278.2463950489
1779904187.7508988,0.,1779904187.7508988,200.
1779904187.850899,0.,1779904187.850899,200.
1779904187.950899,0.,1779904187.950899,200.
1779904188.0508988,0.,1779904188.0508988,200.
1779904188.150899,0.,1779904188.150899,200.
1779904188.2508988,0.,1779904188.2508988,200.
1779904188.350899,0.,1779904188.350899,200.
1779904188.450899,0.,1779904188.450899,200.
1779904188.5508988,0.,1779904188.5508988,200.
1779904188.650899,0.,1779904188.650899,200.
1779904188.7508988,0.,1779904188.7508988,0.
1779904188.850899,0.,1779904188.850899,0.
1779904188.950899,0.,1779904188.950899,0.
1779904189.0508988,0.,1779904189.0508988,0.
1779904189.150899,0.,1779904189.150899,0.
1779904189.2508988,0.,1779904189.2508988,0.
1779904189.350899,0.,1779904189.350899,0.
1779904189.450899,0.,1779904189.450899,0.
1779904189.5508988,0.,1779904189.5508988,0.
1779904189.650899,0.,1779904189.650899,0.
1779904189.7508988,0.,1779904189.7508988,0.
1779904189.850899,0.,1779904189.850899,0.
1779904189.950899,0.,1779904189.950899,0.
1779904190.0508988,0.,1779904190.0508988,0.
1779904190.150899,0.,1779904190.150899,0.
1779904190.2508988,0.,1779904190.2508988,0.
1779904190.350899,0.,1779904190.350899,0.
1779904190.450899,0.,1779904190.450899,0.
1779904190.5508988,0.,1779904190.5508988,0.
1779904190.650899,0.,1779904190.650899,0.
1779904190.7508988,0.,1779904190.7508988,0.
1779904190.850899,0.,1779904190.850899,0.
1779904190.950899,0.,1779904190.950899,0.
1779904191.0508988,0.,1779904191.0508988,0.
1779904191.150899,0.,1779904191.150899,0.
1779904191.2508988,0.,1779904191.2508988,0.
1779904191.350899,0.,1779904191.350899,0.
1779904191.450899,0.,1779904191.450899,0.
1779904191.5508988,0.,1779904191.5508988,0.
1779904191.650899,0.,1779904191.650899,0.
1779904191.7508988,0.,1779904191.7508988,0.
1779904191.850899,0.,1779904191.850899,0.
1779904191.950899,0.,1779904191.950899,0.
1779904192.0508988,0.,1779904192.0508988,200.
1779904192.150899,0.,1779904192.150899,200.
1779904192.2508988,0.,1779904192.2508988,200.
1779904192.350899,0.,1779904192.350899,200.
1779904192.450899,0.,1779904192.450899,200.
1779904192.5508988,0.,1779904192.5508988,200.
1779904192.650899,0.,1779904192.650899,200.
1779904192.7508988,0.,1779904192.7508988,200.
1779904192.850899,0.,1779904192.850899,200.
1779904192.950899,0.,1779904192.950899,200.
1779904193.0508988,0.,1779904193.0508988,200.
1779904193.150899,0.,1779904193.150899,200.
1779904193.2508988,0.,1779904193.2508988,200.
1779904193.350899,0.,1779904193.350899,200.
1779904193.450899,0.,1779904193.450899,200.
1779904193.5508988,0.,1779904193.5508988,200.
1779904193.650899,0.,1779904193.650899,200.
1779904193.7508988,0.,1779904193.7508988,200.
1779904193.850899,0.,1779904193.850899,200.
1779904193.950899,0.,1779904193.950899,200.
1779904194.0508988,0.,1779904194.0508988,200.
1779904194.150899,0.,1779904194.150899,200.
1779904194.2508988,0.,1779904194.2508988,200.
1779904194.350899,0.,1779904194.350899,200.
1779904194.450899,0.,1779904194.450899,200.
1779904194.5508988,0.,1779904194.5508988,200.
1779904194.650899,0.,1779904194.650899,200.
1779904194.7508988,0.,1779904194.7508988,200.
1779904194.850899,0.,1779904194.850899,200.
1779904194.950899,0.,1779904194.950899,200.
1779904195.0508988,0.,1779904195.0508988,200.
1779904195.150899,0.,1779904195.150899,200.
1779904195.2508988,0.,1779904195.2508988,200.
1779904195.350899,0.,1779904195.350899,200.
1779904195.450899,0.,1779904195.450899,200.
1779904195.5508988,0.,1779904195.5508988,200.
1779904195.650899,0.,1779904195.650899,200.
1779904195.7508988,0.,1779904195.7508988,200.
1779904195.850899,0.,1779904195.850899,200.
1779904195.950899,0.,1779904195.950899,200.
1779904196.0508988,0.,1779904196.0508988,200.
1779904196.150899,0.,1779904196.150899,200.
1779904196.2508988,0.,1779904196.2508988,200.
1779904196.350899,0.,1779904196.350899,200.
1779904196.450899,0.,1779904196.450899,200.
1779904196.5508988,0.,1779904196.5508988,200.
1779904196.650899,0.,1779904196.650899,200.
1779904196.7508988,0.,1779904196.7508988,200.
1779904196.850899,0.,1779904196.850899,200.
1779904196.950899,0.,1779904196.950899,200.
1779904197.0508988,0.,1779904197.0508988,200.
1779904197.150899,0.,1779904197.150899,200.
1779904197.2508988,0.,1779904197.2508988,200.
1779904197.350899,0.,1779904197.350899,200.
1779904197.450899,0.,1779904197.450899,200.
1779904197.5508988,0.,1779904197.5508988,200.
1779904197.650899,0.,1779904197.650899,200.
1779904197.7508988,0.,1779904197.7508988,200.
1779904197.850899,0.,1779904197.850899,200.
1779904197.950899,0.,1779904197.950899,200.
1779904198.0508988,0.,1779904198.0508988,200.
1779904198.150899,0.,1779904198.150899,200.
1779904198.2508988,0.,1779904198.2508988,200.
1779904198.350899,0.,1779904198.350899,200.
1779904198.450899,0.,1779904198.450899,200.
1779904198.5508988,0.,1779904198.5508988,200.
1779904198.650899,0.,1779904198.650899,200.
1779904198.7508988,0.,1779904198.7508988,200.
1779904198.850899,0.,1779904198.850899,200.
1779904198.950899,0.,1779904198.950899,200.
1779904199.0508988,0.,1779904199.0508988,200.
1779904199.150899,0.,1779904199.150899,200.
1779904199.2508988,0.,1779904199.2508988,200.
1779904199.350899,0.,1779904199.350899,200.
1779904199.450899,0.,1779904199.450899,200.
1779904199.5508988,0.,1779904199.5508988,200.
1779904199.650899,0.,1779904199.650899,200.
1779904199.7508988,0.,1779904199.7508988,200.
1779904199.850899,51.4046015061,1779904199.850899,200.
1779904199.950899,152.4971936785,1779904199.950899,200.
1779904200.0508988,152.3503547895,1779904200.0508988,200.
1779904200.150899,154.3640607887,1779904200.150899,200.
1779904200.2508988,186.5636105388,1779904200.2508988,200.
1779904200.350899,192.8033310778,1779904200.350899,200.
1779904200.450899,216.1987058064,1779904200.450899,200.
1779904200.5508988,194.9920814341,1779904200.5508988,200.
1779904200.650899,196.5935820372,1779904200.650899,200.
1779904200.7508988,158.3465463313,1779904200.7508988,200.
1779904200.850899,220.2559017258,1779904200.850899,200.
1779904200.950899,236.6963173232,1779904200.950899,200.
1779904201.0508988,190.0074746762,1779904201.0508988,200.
1779904201.150899,176.967001428,1779904201.150899,200.
1779904201.2508988,216.5093940927,1779904201.2508988,200.
1779904201.350899,182.6134621643,1779904201.350899,200.
1779904201.450899,176.1533941984,1779904201.450899,200.
1779904201.5508988,211.2679503714,1779904201.5508988,200.
1779904201.650899,229.3219824426,1779904201.650899,200.
1779904201.7508988,186.3572101394,1779904201.7508988,200.
1779904201.850899,211.7650877229,1779904201.850899,200.
1779904201.950899,197.1079369684,1779904201.950899,200.
1779904202.0508988,199.8738261484,1779904202.0508988,200.
1779904202.150899,187.8565007583,1779904202.150899,200.
1779904202.2508988,193.8460210748,1779904202.2508988,200.
1779904202.350899,203.8765245282,1779904202.350899,200.
1779904202.450899,236.014066943,1779904202.450899,235.2825325628
1779904202.5508988,211.8896299114,1779904202.5508988,144.5083351196
1779904202.650899,233.4166058833,1779904202.650899,67.4933192642
1779904202.7508988,182.7635260235,1779904202.7508988,200.
1779904202.850899,174.1793361414,1779904202.850899,200.
1779904202.950899,258.0529615924,1779904202.950899,200.
1779904203.0508988,217.8693166539,1779904203.0508988,200.
1779904203.150899,167.3188800249,1779904203.150899,200.
1779904203.2508988,225.7765405124,1779904203.2508988,200.
1779904203.350899,151.615273771,1779904203.350899,200.
1779904203.450899,195.9743677103,1779904203.450899,200.
1779904203.5508988,201.8662488426,1779904203.5508988,200.
1779904203.650899,181.6833055371,1779904203.650899,200.
1779904203.7508988,201.5385807269,1779904203.7508988,200.
1779904203.850899,182.9231395034,1779904203.850899,200.
1779904203.950899,217.5323968936,1779904203.950899,200.
1779904204.0508988,161.5972700761,1779904204.0508988,200.
1779904204.150899,153.0656877079,1779904204.150899,200.
1779904204.2508988,226.9328471319,1779904204.2508988,200.
1779904204.350899,183.8145188267,1779904204.350899,200.
1779904204.450899,235.6938236544,1779904204.450899,200.
1779904204.5508988,187.0843716546,1779904204.5508988,200.
1779904204.650899,205.2232244105,1779904204.650899,200.
1779904204.7508988,213.9405189209,1779904204.7508988,200.
1779904204.850899,218.238639545,1779904204.850899,200.
1779904204.950899,187.2365701014,1779904204.950899,200.
1779904205.0508988,196.1531523265,1779904205.0508988,200.
1779904205.150899,177.2773664219,1779904205.150899,200.
1779904205.2508988,211.8703545714,1779904205.2508988,178.7251118137
1779904205.350899,270.9197028876,1779904205.350899,85.2823539815
1779904205.450899,189.5497489245,1779904205.450899,60.
1779904205.5508988,203.6024166934,1779904205.5508988,200.
1779904205.650899,198.2678467806,1779904205.650899,200.
1779904205.7508988,156.5264879975,1779904205.7508988,200.
1779904205.850899,178.6267348629,1779904205.850899,200.
1779904205.950899,160.6255432529,1779904205.950899,200.
1779904206.0508988,177.4420162094,1779904206.0508988,200.
1779904206.150899,187.7650583948,1779904206.150899,200.
1779904206.2508988,175.3172456100,1779904206.2508988,200.
1779904206.350899,167.9775674912,1779904206.350899,200.
1779904206.450899,180.6132768696,1779904206.450899,200.
1779904206.5508988,214.640842884,1779904206.5508988,200.
1779904206.650899,181.5306814068,1779904206.650899,200.
1779904206.7508988,156.2802411351,1779904206.7508988,200.
1779904206.850899,156.2802411351,1779904206.850899,0.
1779904206.950899,156.2802411351,1779904206.950899,0.
1779904207.0508988,156.2802411351,1779904207.0508988,0.
1779904207.150899,156.2802411351,1779904207.150899,0.
1779904207.2508988,156.2802411351,1779904207.2508988,0.
1779904207.350899,156.2802411351,1779904207.350899,0.
1779904207.450899,156.2802411351,1779904207.450899,0.
1779904207.5508988,156.2802411351,1779904207.5508988,0.
1779904207.650899,156.2802411351,1779904207.650899,0.
1779904207.7508988,156.2802411351,1779904207.7508988,0.
1779904207.850899,156.2802411351,1779904207.850899,0.
1779904207.950899,156.2802411351,1779904207.950899,0.
1779904208.0508988,156.2802411351,1779904208.0508988,0.
1779904208.150899,156.2802411351,1779904208.150899,0.
1779904208.2508988,156.2802411351,1779904208.2508988,0.
1779904208.350899,156.2802411351,1779904208.350899,0.
1779904208.450899,156.2802411351,1779904208.450899,0.
1779904208.5508988,156.2802411351,1779904208.5508988,0.
1779904208.650899,156.2802411351,1779904208.650899,0.
1779904208.7508988,156.2802411351,1779904208.7508988,0.
1779904208.850899,156.2802411351,1779904208.850899,0.
1779904208.950899,156.2802411351,1779904208.950899,0.
1779904209.0508988,156.2802411351,1779904209.0508988,0.
1779904209.150899,156.2802411351,1779904209.150899,0.
1779904209.2508988,156.2802411351,1779904209.2508988,0.
1779904209.350899,156.2802411351,1779904209.350899,0.
1779904209.450899,156.2802411351,1779904209.450899,0.
1779904209.5508988,156.2802411351,1779904209.5508988,0.
1779904209.650899,156.2802411351,1779904209.650899,0.
1779904209.7508988,156.2802411351,1779904209.7508988,0.
1779904209.850899,156.2802411351,1779904209.850899,0.
1779904209.950899,156.2802411351,1779904209.950899,0.
1779904210.0508988,156.2802411351,1779904210.0508988,0.
1779904210.150899,156.2802411351,1779904210.150899,0.
1779904210.2508988,156.2802411351,1779904210.2508988,0.
1779904210.350899,156.2802411351,1779904210.350899,0.
1779904210.450899,156.2802411351,1779904210.450899,0.
1779904210.5508988,156.2802411351,1779904210.5508988,0.
1779904210.650899,156.2802411351,1779904210.650899,0.
1779904210.7508988,156.2802411351,1779904210.7508988,0.
1779904210.850899,156.2802411351,1779904210.850899,0.
1779904210.950899,156.2802411351,1779904210.950899,0.
1779904211.0508988,156.2802411351,1779904211.0508988,0.
1779904211.150899,156.2802411351,1779904211.150899,0.
1779904211.2508988,156.2802411351,1779904211.2508988,0.
1779904211.350899,156.2802411351,1779904211.350899,0.
1779904211.450899,156.2802411351,1779904211.450899,0.
1779904211.5508988,156.2802411351,1779904211.5508988,0.
1779904211.650899,156.2802411351,1779904211.650899,0.
1779904211.7508988,156.2802411351,1779904211.7508988,0.
1779904211.850899,156.2802411351,1779904211.850899,0.
1779904211.950899,156.2802411351,1779904211.950899,0.
1779904212.0508988,156.2802411351,1779904212.0508988,0.
1779904212.150899,156.2802411351,1779904212.150899,0.
1779904212.2508988,156.2802411351,1779904212.2508988,0.
1779904212.350899,156.2802411351,1779904212.350899,0.
1779904212.450899,156.2802411351,1779904212.450899,0.
1779904212.5508988,156.2802411351,1779904212.5508988,0.
1779904212.650899,156.2802411351,1779904212.650899,0.
1779904212.7508988,156.2802411351,1779904212.7508988,0.
1779904212.850899,156.2802411351,1779904212.850899,0.
1779904212.950899,156.2802411351,1779904212.950899,0.
1779904213.0508988,156.2802411351,1779904213.0508988,0.
1779904213.150899,156.2802411351,1779904213.150899,0.
1779904213.2508988,156.2802411351,1779904213.2508988,0.
1779904213.350899,156.2802411351,1779904213.350899,0.
1779904213.450899,156.2802411351,1779904213.450899,0.
1779904213.5508988,156.2802411351,1779904213.5508988,0.
1779904213.650899,156.2802411351,1779904213.650899,0.
1779904213.7508988,156.2802411351,1779904213.7508988,0.
1779904213.850899,156.2802411351,1779904213.850899,0.
1779904213.950899,156.2802411351,1779904213.950899,0.
1779904214.0508988,156.2802411351,1779904214.0508988,0.
1779904214.150899,156.2802411351,1779904214.150899,0.
1779904214.2508988,156.2802411351,1779904214.2508988,0.
1779904214.350899,156.2802411351,1779904214.350899,0.
1779904214.450899,156.2802411351,1779904214.450899,0.
1779904214.5508988,156.2802411351,1779904214.5508988,0.
1779904214.650899,156.2802411351,1779904214.650899,0.
1779904214.7508988,156.2802411351,1779904214.7508988,0.
1779904214.850899,156.2802411351,1779904214.850899,0.
1779904214.950899,156.2802411351,1779904214.950899,0.
1779904215.0508988,156.2802411351,1779904215.0508988,0.
1779904215.150899,156.2802411351,1779904215.150899,0.
1779904215.2508988,156.2802411351,1779904215.2508988,0.
1779904215.350899,156.2802411351,1779904215.350899,0.
1779904215.450899,156.2802411351,1779904215.450899,0.
1779904215.5508988,156.2802411351,1779904215.5508988,0.
1779904215.650899,156.2802411351,1779904215.650899,0.
1779904215.7508988,156.2802411351,1779904215.7508988,0.
1779904215.850899,156.2802411351,1779904215.850899,0.
1779904215.950899,156.2802411351,1779904215.950899,0.
1779904216.0508988,156.2802411351,1779904216.0508988,0.
1779904216.150899,156.2802411351,1779904216.150899,0.
1779904216.2508988,156.2802411351,1779904216.2508988,0.
1779904216.350899,156.2802411351,1779904216.350899,0.
1779904216.450899,156.2802411351,1779904216.450899,0.
1779904216.5508988,156.2802411351,1779904216.5508988,0.
1779904216.650899,156.2802411351,1779904216.650899,0.
1779904216.7508988,156.2802411351,1779904216.7508988,0.
1779904216.850899,156.2802411351,1779904216.850899,0.
1779904216.950899,156.2802411351,1779904216.950899,0.
1779904217.0508988,156.2802411351,1779904217.0508988,0.
1779904217.150899,156.2802411351,1779904217.150899,0.
1779904217.2508988,156.2802411351,1779904217.2508988,0.
1779904217.350899,156.2802411351,1779904217.350899,0.
1779904217.450899,156.2802411351,1779904217.450899,0.
1779904217.5508988,156.2802411351,1779904217.5508988,0.
1779904217.650899,156.2802411351,1779904217.650899,0.
1779904217.7508988,156.2802411351,1779904217.7508988,0.
1779904217.850899,156.2802411351,1779904217.850899,0.
1779904217.950899,156.2802411351,1779904217.950899,0.
1779904218.0508988,156.2802411351,1779904218.0508988,0.
1779904218.150899,156.2802411351,1779904218.150899,0.
1779904218.2508988,156.2802411351,1779904218.2508988,0.
1779904218.350899,156.2802411351,1779904218.350899,0.
1779904218.450899,156.2802411351,1779904218.450899,0.
1779904218.5508988,156.2802411351,1779904218.5508988,0.
1779904218.650899,156.2802411351,1779904218.650899,0.
1779904218.7508988,156.2802411351,1779904218.7508988,0.
1779904218.850899,156.2802411351,1779904218.850899,0.
1779904218.950899,156.2802411351,1779904218.950899,0.
1779904219.0508988,156.2802411351,1779904219.0508988,0.
1779904219.150899,156.2802411351,1779904219.150899,0.
1779904219.2508988,156.2802411351,1779904219.2508988,0.
1779904219.350899,156.2802411351,1779904219.350899,0.
1779904219.450899,156.2802411351,1779904219.450899,0.
1779904219.5508988,156.2802411351,1779904219.5508988,0.
1779904219.650899,156.2802411351,1779904219.650899,0.
1779904219.7508988,156.2802411351,1779904219.7508988,0.
1779904219.850899,156.2802411351,1779904219.850899,0.
1779904219.950899,156.2802411351,1779904219.950899,0.
1779904220.0508988,156.2802411351,1779904220.0508988,0.
1779904220.150899,156.2802411351,1779904220.150899,0.
1779904220.2508988,156.2802411351,1779904220.2508988,0.
1779904220.350899,156.2802411351,1779904220.350899,0.
1779904220.450899,156.2802411351,1779904220.450899,0.
1779904220.5508988,156.2802411351,1779904220.5508988,0.
1779904220.650899,156.2802411351,1779904220.650899,0.
1779904220.7508988,156.2802411351,1779904220.7508988,0.
1779904220.850899,156.2802411351,1779904220.850899,0.
1779904220.950899,156.2802411351,1779904220.950899,0.
1779904221.0508988,156.2802411351,1779904221.0508988,0.
1779904221.150899,156.2802411351,1779904221.150899,0.
1779904221.2508988,156.2802411351,1779904221.2508988,0.
1779904221.350899,156.2802411351,1779904221.350899,0.
1779904221.450899,156.2802411351,1779904221.450899,0.
1779904221.5508988,156.2802411351,1779904221.5508988,0.
1779904221.650899,156.2802411351,1779904221.650899,0.
1779904221.7508988,156.2802411351,1779904221.7508988,0.
1779904221.850899,156.2802411351,1779904221.850899,0.
1779904221.950899,156.2802411351,1779904221.950899,0.
1779904222.0508988,156.2802411351,1779904222.0508988,0.
1779904222.150899,156.2802411351,1779904222.150899,0.
1779904222.2508988,156.2802411351,1779904222.2508988,0.
1779904222.350899,156.2802411351,1779904222.350899,0.
1779904222.450899,156.2802411351,1779904222.450899,0.
1779904222.5508988,156.2802411351,1779904222.5508988,0.
1779904222.650899,156.2802411351,1779904222.650899,0.
1779904222.7508988,156.2802411351,1779904222.7508988,0.
1779904222.850899,156.2802411351,1779904222.850899,0.
1779904222.950899,156.2802411351,1779904222.950899,0.
1779904223.0508988,156.2802411351,1779904223.0508988,0.
1779904223.150899,156.2802411351,1779904223.150899,0.
1779904223.2508988,156.2802411351,1779904223.2508988,0.
1779904223.350899,156.2802411351,1779904223.350899,0.
1779904223.450899,156.2802411351,1779904223.450899,0.
1779904223.5508988,156.2802411351,1779904223.5508988,0.
1779904223.650899,156.2802411351,1779904223.650899,0.
1779904223.7508988,156.2802411351,1779904223.7508988,0.
1779904223.850899,156.2802411351,1779904223.850899,0.
1779904223.950899,156.2802411351,1779904223.950899,0.
1779904224.0508988,156.2802411351,1779904224.0508988,0.
1779904224.150899,156.2802411351,1779904224.150899,0.
1779904224.2508988,156.2802411351,1779904224.2508988,0.
1779904224.350899,156.2802411351,1779904224.350899,0.
1779904224.450899,156.2802411351,1779904224.450899,0.
1779904224.5508988,156.2802411351,1779904224.5508988,0.
1779904224.650899,156.2802411351,1779904224.650899,0.
1779904224.7508988,156.2802411351,1779904224.7508988,0.
1779904224.850899,156.2802411351,1779904224.850899,0.
1779904224.950899,156.2802411351,1779904224.950899,0.
1779904225.0508988,156.2802411351,1779904225.0508988,0.
1779904225.150899,156.2802411351,1779904225.150899,0.
1779904225.2508988,156.2802411351,1779904225.2508988,0.
1779904225.350899,156.2802411351,1779904225.350899,0.
1779904225.450899,156.2802411351,1779904225.450899,0.
1779904225.5508988,156.2802411351,1779904225.5508988,0.
1779904225.650899,156.2802411351,1779904225.650899,0.
1779904225.7508988,156.2802411351,1779904225.7508988,0.
1779904225.850899,156.2802411351,1779904225.850899,0.
1779904225.950899,156.2802411351,1779904225.950899,0.
1779904226.0508988,156.2802411351,1779904226.0508988,0.
1779904226.150899,156.2802411351,1779904226.150899,0.
1779904226.2508988,156.2802411351,1779904226.2508988,0.
1779904226.350899,156.2802411351,1779904226.350899,0.
1779904226.450899,156.2802411351,1779904226.450899,0.
1779904226.5508988,156.2802411351,1779904226.5508988,0.
1779904226.650899,156.2802411351,1779904226.650899,0.
1779904226.7508988,156.2802411351,1779904226.7508988,0.
1779904226.850899,156.2802411351,1779904226.850899,0.
1779904226.950899,156.2802411351,1779904226.950899,0.
1779904227.0508988,156.2802411351,1779904227.0508988,0.
1779904227.150899,156.2802411351,1779904227.150899,0.
1779904227.2508988,156.2802411351,1779904227.2508988,0.
1779904227.350899,156.2802411351,1779904227.350899,0.
1779904227.450899,156.2802411351,1779904227.450899,0.
1779904227.5508988,156.2802411351,1779904227.5508988,0.
1779904227.650899,156.2802411351,1779904227.650899,0.
1779904227.7508988,156.2802411351,1779904227.7508988,0.
1779904227.850899,156.2802411351,1779904227.850899,0.
1779904227.950899,156.2802411351,1779904227.950899,0.
1779904228.0508988,156.2802411351,1779904228.0508988,0.
1779904228.150899,156.2802411351,1779904228.150899,0.
1779904228.2508988,156.2802411351,1779904228.2508988,0.
1779904228.350899,156.2802411351,1779904228.350899,0.
1779904228.450899,156.2802411351,1779904228.450899,0.
1779904228.5508988,156.2802411351,1779904228.5508988,0.
1779904228.650899,156.2802411351,1779904228.650899,0.
1779904228.7508988,156.2802411351,1779904228.7508988,0.
1779904228.850899,156.2802411351,1779904228.850899,0.
1779904228.950899,156.2802411351,1779904228.950899,0.
1779904229.0508988,156.2802411351,1779904229.0508988,0.
1779904229.150899,156.2802411351,1779904229.150899,0.
1779904229.2508988,156.2802411351,1779904229.2508988,0.
1779904229.350899,156.2802411351,1779904229.350899,0.
1779904229.450899,156.2802411351,1779904229.450899,0.
1779904229.5508988,156.2802411351,1779904229.5508988,0.
1779904229.650899,156.2802411351,1779904229.650899,0.
1779904229.7508988,156.2802411351,1779904229.7508988,0.
1779904229.850899,156.2802411351,1779904229.850899,0.
1779904229.950899,156.2802411351,1779904229.950899,0.
1779904230.0508988,156.2802411351,1779904230.0508988,0.
1779904230.150899,156.2802411351,1779904230.150899,0.
1779904230.2508988,156.2802411351,1779904230.2508988,0.
1779904230.350899,156.2802411351,1779904230.350899,0.
1779904230.450899,156.2802411351,1779904230.450899,0.
1779904230.5508988,156.2802411351,1779904230.5508988,0.
1779904230.650899,156.2802411351,1779904230.650899,0.
1779904230.7508988,156.2802411351,1779904230.7508988,0.
1779904230.850899,156.2802411351,1779904230.850899,0.
1779904230.950899,156.2802411351,1779904230.950899,0.
1779904231.0508988,156.2802411351,1779904231.0508988,0.
1779904231.150899,156.2802411351,1779904231.150899,0.
1779904231.2508988,156.2802411351,1779904231.2508988,0.
1779904231.350899,156.2802411351,1779904231.350899,0.
1779904231.450899,156.2802411351,1779904231.450899,0.
1779904231.5508988,156.2802411351,1779904231.5508988,0.
1779904231.650899,156.2802411351,1779904231.650899,0.
1779904231.7508988,156.2802411351,1779904231.7508988,0.
1779904231.850899,156.2802411351,1779904231.850899,0.
1779904231.950899,156.2802411351,1779904231.950899,0.
1779904232.0508988,156.2802411351,1779904232.0508988,0.
1779904232.150899,156.2802411351,1779904232.150899,0.
1779904232.2508988,156.2802411351,1779904232.2508988,0.
1779904232.350899,156.2802411351,1779904232.350899,0.
1779904232.450899,156.2802411351,1779904232.450899,0.
1779904232.5508988,156.2802411351,1779904232.5508988,0.
1779904232.650899,156.2802411351,1779904232.650899,0.
1779904232.7508988,156.2802411351,1779904232.7508988,0.
1779904232.850899,156.2802411351,1779904232.850899,0.
1779904232.950899,156.2802411351,1779904232.950899,0.
1779904233.0508988,156.2802411351,1779904233.0508988,0.
1779904233.150899,156.2802411351,1779904233.150899,0.
1779904233.2508988,156.2802411351,1779904233.2508988,0.
1779904233.350899,156.2802411351,1779904233.350899,0.
1779904233.450899,156.2802411351,1779904233.450899,0.
1779904233.5508988,156.2802411351,1779904233.5508988,0.
1779904233.650899,156.2802411351,1779904233.650899,0.
1779904233.7508988,156.2802411351,1779904233.7508988,0.
1779904233.850899,156.2802411351,1779904233.850899,0.
1779904233.950899,156.2802411351,1779904233.950899,0.
1779904234.0508988,156.2802411351,1779904234.0508988,0.
1779904234.150899,156.2802411351,1779904234.150899,0.
1779904234.2508988,156.2802411351,1779904234.2508988,0.
1779904234.350899,156.2802411351,1779904234.350899,0.
1779904234.450899,156.2802411351,1779904234.450899,0.
1779904234.5508988,156.2802411351,1779904234.5508988,0.
1779904234.650899,156.2802411351,1779904234.650899,0.
1779904234.7508988,156.2802411351,1779904234.7508988,0.
1779904234.850899,156.2802411351,1779904234.850899,0.
1779904234.950899,156.2802411351,1779904234.950899,0.
1779904235.0508988,156.2802411351,1779904235.0508988,0.
1779904235.150899,156.2802411351,1779904235.150899,0.
1779904235.2508988,156.2802411351,1779904235.2508988,0.
1779904235.350899,156.2802411351,1779904235.350899,0.
1779904235.450899,156.2802411351,1779904235.450899,0.
1779904235.5508988,156.2802411351,1779904235.5508988,0.
1779904235.650899,156.2802411351,1779904235.650899,0.
1779904235.7508988,156.2802411351,1779904235.7508988,0.
1779904235.850899,156.2802411351,1779904235.850899,0.
1779904235.950899,156.2802411351,1779904235.950899,0.
1779904236.0508988,156.2802411351,1779904236.0508988,0.
1779904236.150899,156.2802411351,1779904236.150899,0.
1779904236.2508988,156.2802411351,1779904236.2508988,0.
1779904236.350899,156.2802411351,1779904236.350899,0.
1779904236.450899,156.2802411351,1779904236.450899,0.
1779904236.5508988,156.2802411351,1779904236.5508988,0.
1779904236.650899,156.2802411351,1779904236.650899,0.
1779904236.7508988,156.2802411351,1779904236.7508988,0.
1779904236.850899,156.2802411351,1779904236.850899,0.
1779904236.950899,156.2802411351,1779904236.950899,0.
1779904237.0508988,156.2802411351,1779904237.0508988,0.
1779904237.150899,156.2802411351,1779904237.150899,0.
1779904237.2508988,156.2802411351,1779904237.2508988,0.
1779904237.350899,156.2802411351,1779904237.350899,0.
1779904237.450899,156.2802411351,1779904237.450899,0.
1779904237.5508988,156.2802411351,1779904237.5508988,0.
1779904237.650899,156.2802411351,1779904237.650899,0.
1779904237.7508988,156.2802411351,1779904237.7508988,0.
1779904237.850899,156.2802411351,1779904237.850899,0.
1779904237.950899,156.2802411351,1779904237.950899,0.
1779904238.0508988,156.2802411351,1779904238.0508988,0.
1779904238.150899,156.2802411351,1779904238.150899,0.
1779904238.2508988,156.2802411351,1779904238.2508988,0.
1779904238.350899,156.2802411351,1779904238.350899,0.
1779904238.450899,156.2802411351,1779904238.450899,0.
1779904238.5508988,156.2802411351,1779904238.5508988,0.
1779904238.650899,156.2802411351,1779904238.650899,0.
1779904238.7508988,156.2802411351,1779904238.7508988,0.
1779904238.850899,156.2802411351,1779904238.850899,0.
1779904238.950899,156.2802411351,1779904238.950899,0.
1779904239.0508988,156.2802411351,1779904239.0508988,0.
1779904239.150899,156.2802411351,1779904239.150899,0.
1779904239.2508988,156.2802411351,1779904239.2508988,0.
1779904239.350899,156.2802411351,1779904239.350899,0.
1779904239.450899,156.2802411351,1779904239.450899,0.
1779904239.5508988,156.2802411351,1779904239.5508988,0.
1779904239.650899,156.2802411351,1779904239.650899,0.
1779904239.7508988,156.2802411351,1779904239.7508988,0.
1779904239.850899,156.2802411351,1779904239.850899,0.
1779904239.950899,156.2802411351,1779904239.950899,0.
1779904240.0508988,156.2802411351,1779904240.0508988,0.
1779904240.150899,156.2802411351,1779904240.150899,0.
1779904240.2508988,156.2802411351,1779904240.2508988,0.
1779904240.350899,156.2802411351,1779904240.350899,0.
1779904240.450899,156.2802411351,1779904240.450899,0.
1779904240.5508988,156.2802411351,1779904240.5508988,0.
1779904240.650899,156.2802411351,1779904240.650899,0.
1779904240.7508988,156.2802411351,1779904240.7508988,0.
1779904240.850899,156.2802411351,1779904240.850899,0.
1779904240.950899,156.2802411351,1779904240.950899,0.
1779904241.0508988,156.2802411351,1779904241.0508988,0.
1779904241.150899,156.2802411351,1779904241.150899,0.
1779904241.2508988,156.2802411351,1779904241.2508988,0.
1779904241.350899,156.2802411351,1779904241.350899,0.
1779904241.450899,156.2802411351,1779904241.450899,0.
1779904241.5508988,156.2802411351,1779904241.5508988,0.
1779904241.650899,156.2802411351,1779904241.650899,0.
1779904241.7508988,156.2802411351,1779904241.7508988,0.
1779904241.850899,156.2802411351,1779904241.850899,0.
1779904241.950899,156.2802411351,1779904241.950899,0.
1779904242.0508988,156.2802411351,1779904242.0508988,0.
1779904242.150899,156.2802411351,1779904242.150899,0.
1779904242.2508988,156.2802411351,1779904242.2508988,0.
1779904242.350899,156.2802411351,1779904242.350899,0.
1779904242.450899,156.2802411351,1779904242.450899,0.
1779904242.5508988,156.2802411351,1779904242.5508988,0.
1779904242.650899,156.2802411351,1779904242.650899,0.
1779904242.7508988,156.2802411351,1779904242.7508988,0.
1779904242.850899,156.2802411351,1779904242.850899,0.
1779904242.950899,156.2802411351,1779904242.950899,0.
1779904243.0508988,156.2802411351,1779904243.0508988,0.
1779904243.150899,156.2802411351,1779904243.150899,0.
1779904243.2508988,156.2802411351,1779904243.2508988,0.
1779904243.350899,156.2802411351,1779904243.350899,0.
1779904243.450899,156.2802411351,1779904243.450899,0.
1779904243.5508988,156.2802411351,1779904243.5508988,0.
1779904243.650899,156.2802411351,1779904243.650899,0.
1779904243.7508988,156.2802411351,1779904243.7508988,0.
1779904243.850899,156.2802411351,1779904243.850899,0.
1779904243.950899,156.2802411351,1779904243.950899,0.
1779904244.0508988,156.2802411351,1779904244.0508988,0.
1779904244.150899,156.2802411351,1779904244.150899,0.
1779904244.2508988,156.2802411351,1779904244.2508988,0.
1779904244.350899,156.2802411351,1779904244.350899,0.
1779904244.450899,156.2802411351,1779904244.450899,0.
1779904244.5508988,156.2802411351,1779904244.5508988,0.
1779904244.650899,156.2802411351,1779904244.650899,0.
1779904244.7508988,156.2802411351,1779904244.7508988,0.
1779904244.850899,156.2802411351,1779904244.850899,0.
1779904244.950899,156.2802411351,1779904244.950899,0.
1779904245.0508988,156.2802411351,1779904245.0508988,0.
1779904245.150899,156.2802411351,1779904245.150899,0.
1779904245.2508988,156.2802411351,1779904245.2508988,0.
1779904245.350899,156.2802411351,1779904245.350899,0.
1779904245.450899,156.2802411351,1779904245.450899,0.
1779904245.5508988,156.2802411351,1779904245.5508988,0.
1779904245.650899,156.2802411351,1779904245.650899,0.
1779904245.7508988,156.2802411351,1779904245.7508988,0.
1779904245.850899,156.2802411351,1779904245.850899,0.
1779904245.950899,156.2802411351,1779904245.950899,0.
1779904246.0508988,156.2802411351,1779904246.0508988,0.
1779904246.150899,156.2802411351,1779904246.150899,0.
1779904246.2508988,156.2802411351,1779904246.2508988,0.
1779904246.350899,156.2802411351,1779904246.350899,0.
1779904246.450899,156.2802411351,1779904246.450899,0.
1779904246.5508988,156.2802411351,1779904246.5508988,0.
1779904246.650899,156.2802411351,1779904246.650899,0.
1779904246.7508988,156.2802411351,1779904246.7508988,0.
1779904246.850899,156.2802411351,1779904246.850899,0.
1779904246.950899,156.2802411351,1779904246.950899,0.
1779904247.0508988,156.2802411351,1779904247.0508988,0.
1779904247.150899,156.2802411351,1779904247.150899,0.
1779904247.2508988,156.2802411351,1779904247.2508988,0.
1779904247.350899,156.2802411351,1779904247.350899,0.
1779904247.450899,156.2802411351,1779904247.450899,0.
1779904247.5508988,156.2802411351,1779904247.5508988,0.
1779904247.650899,156.2802411351,1779904247.650899,0.
1779904247.7508988,156.2802411351,1779904247.7508988,0.
1779904247.850899,156.2802411351,1779904247.850899,0.
1779904247.950899,156.2802411351,1779904247.950899,0.
1779904248.0508988,156.2802411351,1779904248.0508988,0.
1779904248.150899,156.2802411351,1779904248.150899,0.
1779904248.2508988,156.2802411351,1779904248.2508988,0.
1779904248.350899,156.2802411351,1779904248.350899,0.
1779904248.450899,156.2802411351,1779904248.450899,0.
1779904248.5508988,156.2802411351,1779904248.5508988,0.
1779904248.650899,156.2802411351,1779904248.650899,0.
1779904248.7508988,156.2802411351,1779904248.7508988,0.
1779904248.850899,156.2802411351,1779904248.850899,0.
1779904248.950899,156.2802411351,1779904248.950899,0.
1779904249.0508988,156.2802411351,1779904249.0508988,0.
1779904249.150899,156.2802411351,1779904249.150899,0.
1779904249.2508988,156.2802411351,1779904249.2508988,0.
1779904249.350899,156.2802411351,1779904249.350899,0.
1779904249.450899,156.2802411351,1779904249.450899,0.
1779904249.5508988,156.2802411351,1779904249.5508988,0.
1779904249.650899,156.2802411351,1779904249.650899,0.
1779904249.7508988,156.2802411351,1779904249.7508988,0.
1779904249.850899,156.2802411351,1779904249.850899,0.
1779904249.950899,156.2802411351,1779904249.950899,0.
1779904250.0508988,156.2802411351,1779904250.0508988,0.
1779904250.150899,156.2802411351,1779904250.150899,0.
1779904250.2508988,156.2802411351,1779904250.2508988,0.
1779904250.350899,156.2802411351,1779904250.350899,0.
1779904250.450899,156.2802411351,1779904250.450899,0.
1779904250.5508988,156.2802411351,1779904250.5508988,0.
1779904250.650899,156.2802411351,1779904250.650899,0.
1779904250.7508988,156.2802411351,1779904250.7508988,0.
1779904250.850899,156.2802411351,1779904250.850899,0.
1779904250.950899,156.2802411351,1779904250.950899,0.
1779904251.0508988,156.2802411351,1779904251.0508988,0.
1779904251.150899,156.2802411351,1779904251.150899,0.
1779904251.2508988,156.2802411351,1779904251.2508988,0.
1779904251.350899,156.2802411351,1779904251.350899,0.
1779904251.450899,156.2802411351,1779904251.450899,0.
1779904251.5508988,156.2802411351,1779904251.5508988,0.
1779904251.650899,156.2802411351,1779904251.650899,0.
1779904251.7508988,156.2802411351,1779904251.7508988,0.
1779904251.850899,156.2802411351,1779904251.850899,0.
1779904251.950899,156.2802411351,1779904251.950899,0.
1779904252.0508988,156.2802411351,1779904252.0508988,0.
1779904252.150899,156.2802411351,1779904252.150899,0.
1779904252.2508988,156.2802411351,1779904252.2508988,0.
1779904252.350899,156.2802411351,1779904252.350899,0.
1779904252.450899,156.2802411351,1779904252.450899,0.
1779904252.5508988,156.2802411351,1779904252.5508988,0.
1779904252.650899,156.2802411351,1779904252.650899,0.
1779904252.7508988,156.2802411351,1779904252.7508988,0.
1779904252.850899,156.2802411351,1779904252.850899,0.
1779904252.950899,156.2802411351,1779904252.950899,0.
1779904253.0508988,156.2802411351,1779904253.0508988,0.
1779904253.150899,156.2802411351,1779904253.150899,0.
1779904253.2508988,156.2802411351,1779904253.2508988,0.
1779904253.350899,156.2802411351,1779904253.350899,0.
1779904253.450899,156.2802411351,1779904253.450899,0.
1779904253.5508988,156.2802411351,1779904253.5508988,0.
1779904253.650899,156.2802411351,1779904253.650899,0.
1779904253.7508988,156.2802411351,1779904253.7508988,0.
1779904253.850899,156.2802411351,1779904253.850899,0.
1779904253.950899,156.2802411351,1779904253.950899,0.
1779904254.0508988,156.2802411351,1779904254.0508988,0.
1779904254.150899,156.2802411351,1779904254.150899,0.
1779904254.2508988,156.2802411351,1779904254.2508988,0.
1779904254.350899,156.2802411351,1779904254.350899,0.
1779904254.450899,156.2802411351,1779904254.450899,0.
1779904254.5508988,156.2802411351,1779904254.5508988,0.
1779904254.650899,156.2802411351,1779904254.650899,0.
1779904254.7508988,156.2802411351,1779904254.7508988,0.
1779904254.850899,156.2802411351,1779904254.850899,0.
1779904254.950899,156.2802411351,1779904254.950899,0.
1779904255.0508988,156.2802411351,1779904255.0508988,0.
1779904255.150899,156.2802411351,1779904255.150899,0.
1779904255.2508988,156.2802411351,1779904255.2508988,0.
1779904255.350899,156.2802411351,1779904255.350899,0.
1779904255.450899,156.2802411351,1779904255.450899,0.
1779904255.5508988,156.2802411351,1779904255.5508988,0.
1779904255.650899,156.2802411351,1779904255.650899,0.
1779904255.7508988,156.2802411351,1779904255.7508988,0.
1779904255.850899,156.2802411351,1779904255.850899,0.
1779904255.950899,156.2802411351,1779904255.950899,0.
1779904256.0508988,0.,1779904256.0508988,200.
1779904256.150899,0.,1779904256.150899,200.
1779904256.2508988,0.,1779904256.2508988,200.
1779904256.350899,0.,1779904256.350899,200.
1779904256.450899,0.,1779904256.450899,200.
1779904256.5508988,0.,1779904256.5508988,200.
1779904256.650899,0.,1779904256.650899,200.
1779904256.7508988,0.,1779904256.7508988,200.
1779904256.850899,0.,1779904256.850899,200.
1779904256.950899,0.,1779904256.950899,200.
1779904257.0508988,0.,1779904257.0508988,200.
1779904257.150899,0.,1779904257.150899,200.
1779904257.2508988,0.,1779904257.2508988,200.
1779904257.350899,0.,1779904257.350899,200.
1779904257.450899,0.,1779904257.450899,200.
1779904257.5508988,0.,1779904257.5508988,200.
1779904257.650899,0.,1779904257.650899,200.
1779904257.7508988,0.,1779904257.7508988,200.
1779904257.850899,0.,1779904257.850899,200.
1779904257.950899,0.,1779904257.950899,200.
1779904258.0508988,0.,1779904258.0508988,200.
1779904258.150899,0.,1779904258.150899,200.
1779904258.2508988,0.,1779904258.2508988,200.
1779904258.350899,0.,1779904258.350899,200.
1779904258.450899,0.,1779904258.450899,200.
1779904258.5508988,0.,1779904258.5508988,200.
1779904258.650899,0.,1779904258.650899,200.
1779904258.7508988,0.,1779904258.7508988,200.
1779904258.850899,0.,1779904258.850899,200.
1779904258.950899,0.,1779904258.950899,200.
1779904259.0508988,0.,1779904259.0508988,200.
1779904259.150899,0.,1779904259.150899,200.
1779904259.2508988,0.,1779904259.2508988,200.
1779904259.350899,0.,1779904259.350899,200.
1779904259.450899,0.,1779904259.450899,200.
1779904259.5508988,0.,1779904259.5508988,200.
1779904259.650899,0.,1779904259.650899,200.
1779904259.7508988,0.,1779904259.7508988,200.
1779904259.850899,0.,1779904259.850899,200.
1779904259.950899,0.,1779904259.950899,200.
1779904260.0508988,0.,1779904260.0508988,200.
1779904260.150899,0.,1779904260.150899,200.
1779904260.2508988,0.,1779904260.2508988,200.
1779904260.350899,0.,1779904260.350899,200.
1779904260.450899,0.,1779904260.450899,200.
1779904260.5508988,0.,1779904260.5508988,200.
1779904260.650899,0.,1779904260.650899,200.
1779904260.7508988,0.,1779904260.7508988,200.
1779904260.850899,0.,1779904260.850899,200.
1779904260.950899,0.,1779904260.950899,200.
1779904261.0508988,0.,1779904261.0508988,200.
1779904261.150899,0.,1779904261.150899,200.
1779904261.2508988,0.,1779904261.2508988,200.
1779904261.350899,0.,1779904261.350899,200.
1779904261.450899,0.,1779904261.450899,200.
1779904261.5508988,0.,1779904261.5508988,200.
1779904261.650899,0.,1779904261.650899,200.
1779904261.7508988,0.,1779904261.7508988,200.
1779904261.850899,0.,1779904261.850899,200.
1779904261.950899,0.,1779904261.950899,200.
1779904262.0508988,0.,1779904262.0508988,200.
1779904262.150899,0.,1779904262.150899,200.
1779904262.2508988,0.,1779904262.2508988,200.
1779904262.350899,0.,1779904262.350899,200.
1779904262.450899,0.,1779904262.450899,200.
1779904262.5508988,0.,1779904262.5508988,200.
1779904262.650899,0.,1779904262.650899,200.
1779904262.7508988,0.,1779904262.7508988,200.
1779904262.850899,0.,1779904262.850899,200.
1779904262.950899,0.,1779904262.950899,200.
1779904263.0508988,0.,1779904263.0508988,200.
1779904263.150899,0.,1779904263.150899,200.
1779904263.2508988,0.,1779904263.2508988,200.
1779904263.350899,0.,1779904263.350899,200.
1779904263.450899,0.,1779904263.450899,200.
1779904263.5508988,0.,1779904263.5508988,200.
1779904263.650899,0.,1779904263.650899,200.
1779904263.7508988,0.,1779904263.7508988,200.
1779904263.850899,0.,1779904263.850899,200.
1779904263.950899,0.,1779904263.950899,200.
1779904264.0508988,0.,1779904264.0508988,200.
1779904264.150899,0.,1779904264.150899,200.
1779904264.2508988,0.,1779904264.2508988,200.
1779904264.350899,0.,1779904264.350899,200.
1779904264.450899,0.,1779904264.450899,200.
1779904264.5508988,0.,1779904264.5508988,200.
1779904264.650899,0.,1779904264.650899,200.
1779904264.7508988,0.,1779904264.7508988,200.
1779904264.850899,0.,1779904264.850899,200.
1779904264.950899,0.,1779904264.950899,200.
1779904265.0508988,0.,1779904265.0508988,200.
1779904265.150899,0.,1779904265.150899,200.
1779904265.2508988,0.,1779904265.2508988,200.
1779904265.350899,0.,1779904265.350899,200.
1779904265.450899,0.,1779904265.450899,200.
1779904265.5508988,0.,1779904265.5508988,200.
1779904265.650899,0.,1779904265.650899,200.
1779904265.7508988,0.,1779904265.7508988,200.
1779904265.850899,0.,1779904265.850899,200.
1779904265.950899,0.,1779904265.950899,200.
1779904266.0508988,0.,1779904266.0508988,200.
1779904266.150899,0.,1779904266.150899,200.
1779904266.2508988,0.,1779904266.2508988,200.
1779904266.350899,0.,1779904266.350899,200.
1779904266.450899,0.,1779904266.450899,200.
1779904266.5508988,0.,1779904266.5508988,200.
1779904266.650899,0.,1779904266.650899,200.
1779904266.7508988,0.,1779904266.7508988,200.
1779904266.850899,0.,1779904266.850899,200.
1779904266.950899,0.,1779904266.950899,200.
1779904267.0508988,0.,1779904267.0508988,200.
1779904267.150899,0.,1779904267.150899,200.
1779904267.2508988,0.,1779904267.2508988,200.
1779904267.350899,0.,1779904267.350899,200.
1779904267.450899,0.,1779904267.450899,200.
1779904267.5508988,0.,1779904267.5508988,200.
1779904267.650899,0.,1779904267.650899,200.
1779904267.7508988,0.,1779904267.7508988,200.
1779904267.850899,0.,1779904267.850899,200.
1779904267.950899,0.,1779904267.950899,200.
1779904268.0508988,0.,1779904268.0508988,200.
1779904268.150899,0.,1779904268.150899,200.
1779904268.2508988,0.,1779904268.2508988,200.
1779904268.350899,0.,1779904268.350899,200.
1779904268.450899,0.,1779904268.450899,200.
1779904268.5508988,0.,1779904268.5508988,200.
1779904268.650899,0.,1779904268.650899,200.
1779904268.7508988,0.,1779904268.7508988,200.
1779904268.850899,0.,1779904268.850899,200.
1779904268.950899,0.,1779904268.950899,200.
1779904269.0508988,0.,1779904269.0508988,200.
1779904269.150899,0.,1779904269.150899,200.
1779904269.2508988,0.,1779904269.2508988,200.
1779904269.350899,0.,1779904269.350899,200.
1779904269.450899,0.,1779904269.450899,200.
1779904269.5508988,0.,1779904269.5508988,200.
1779904269.650899,0.,1779904269.650899,200.
1779904269.7508988,0.,1779904269.7508988,200.
1779904269.850899,0.,1779904269.850899,200.
1779904269.950899,0.,1779904269.950899,200.
1779904270.0508988,0.,1779904270.0508988,200.
1779904270.150899,0.,1779904270.150899,200.
1779904270.2508988,0.,1779904270.2508988,200.
1779904270.350899,0.,1779904270.350899,200.
1779904270.450899,0.,1779904270.450899,200.
1779904270.5508988,0.,1779904270.5508988,200.
1779904270.650899,0.,1779904270.650899,200.
1779904270.7508988,0.,1779904270.7508988,200.
1779904270.850899,0.,1779904270.850899,200.
1779904270.950899,0.,1779904270.950899,200.
1779904271.0508988,0.,1779904271.0508988,200.
1779904271.150899,0.,1779904271.150899,200.
1779904271.2508988,0.,1779904271.2508988,200.
1779904271.350899,0.,1779904271.350899,200.
1779904271.450899,0.,1779904271.450899,200.
1779904271.5508988,0.,1779904271.5508988,200.
1779904271.650899,0.,1779904271.650899,200.
1779904271.7508988,0.,1779904271.7508988,200.
1779904271.850899,0.,1779904271.850899,200.
1779904271.950899,0.,1779904271.950899,200.
1779904272.0508988,0.,1779904272.0508988,200.
1779904272.150899,0.,1779904272.150899,200.
1779904272.2508988,0.,1779904272.2508988,200.
1779904272.350899,0.,1779904272.350899,200.
1779904272.450899,0.,1779904272.450899,200.
1779904272.5508988,0.,1779904272.5508988,200.
1779904272.650899,0.,1779904272.650899,200.
1779904272.7508988,0.,1779904272.7508988,200.
1779904272.850899,0.,1779904272.850899,200.
1779904272.950899,0.,1779904272.950899,200.
1779904273.0508988,0.,1779904273.0508988,200.
1779904273.150899,0.,1779904273.150899,200.
1779904273.2508988,0.,1779904273.2508988,200.
1779904273.350899,0.,1779904273.350899,200.
1779904273.450899,0.,1779904273.450899,200.
1779904273.5508988,0.,1779904273.5508988,200.
1779904273.650899,0.,1779904273.650899,200.
1779904273.7508988,0.,1779904273.7508988,200.
1779904273.850899,0.,1779904273.850899,200.
1779904273.950899,0.,1779904273.950899,200.
1779904274.0508988,0.,1779904274.0508988,200.
1779904274.150899,0.,1779904274.150899,200.
1779904274.2508988,0.,1779904274.2508988,200.
1779904274.350899,0.,1779904274.350899,200.
1779904274.450899,0.,1779904274.450899,200.
1779904274.5508988,0.,1779904274.5508988,200.
1779904274.650899,0.,1779904274.650899,200.
1779904274.7508988,0.,1779904274.7508988,200.
1779904274.850899,0.,1779904274.850899,200.
1779904274.950899,0.,1779904274.950899,200.
1779904275.0508988,0.,1779904275.0508988,200.
1779904275.150899,0.,1779904275.150899,200.
1779904275.2508988,0.,1779904275.2508988,200.
1779904275.350899,0.,1779904275.350899,200.
1779904275.450899,0.,1779904275.450899,200.
1779904275.5508988,0.,1779904275.5508988,200.
1779904275.650899,0.,1779904275.650899,200.
1779904275.7508988,0.,1779904275.7508988,200.
1779904275.850899,0.,1779904275.850899,200.
1779904275.950899,0.,1779904275.950899,200.
1779904276.0508988,0.,1779904276.0508988,200.
1779904276.150899,0.,1779904276.150899,200.
1779904276.2508988,0.,1779904276.2508988,200.
1779904276.350899,0.,1779904276.350899,200.
1779904276.450899,0.,1779904276.450899,200.
1779904276.5508988,0.,1779904276.5508988,200.
1779904276.650899,0.,1779904276.650899,200.
1779904276.7508988,0.,1779904276.7508988,200.
1779904276.850899,0.,1779904276.850899,200.
1779904276.950899,0.,1779904276.950899,200.
1779904277.0508988,0.,1779904277.0508988,200.
1779904277.150899,0.,1779904277.150899,200.
1779904277.2508988,0.,1779904277.2508988,200.
1779904277.350899,0.,1779904277.350899,200.
1779904277.450899,0.,1779904277.450899,200.
1779904277.5508988,0.,1779904277.5508988,200.
1779904277.650899,0.,1779904277.650899,200.
1779904277.7508988,0.,1779904277.7508988,200.
1779904277.850899,0.,1779904277.850899,200.
1779904277.950899,0.,1779904277.950899,200.
1779904278.0508988,0.,1779904278.0508988,200.
1779904278.150899,0.,1779904278.150899,200.
1779904278.2508988,0.,1779904278.2508988,200.
1779904278.350899,0.,1779904278.350899,200.
1779904278.450899,0.,1779904278.450899,200.
1779904278.5508988,0.,1779904278.5508988,200.
1779904278.650899,0.,1779904278.650899,200.
1779904278.7508988,0.,1779904278.7508988,200.
1779904278.850899,0.,1779904278.850899,200.
1779904278.950899,0.,1779904278.950899,200.
1779904279.0508988,0.,1779904279.0508988,200.
1779904279.150899,0.,1779904279.150899,200.
1779904279.2508988,0.,1779904279.2508988,200.
1779904279.350899,0.,1779904279.350899,200.
1779904279.450899,0.,1779904279.450899,200.
1779904279.5508988,0.,1779904279.5508988,200.
1779904279.650899,0.,1779904279.650899,200.
1779904279.7508988,0.,1779904279.7508988,200.
1779904279.850899,0.,1779904279.850899,200.
1779904279.950899,0.,1779904279.950899,200.
1779904280.0508988,0.,1779904280.0508988,200.
1779904280.150899,0.,1779904280.150899,200.
1779904280.2508988,0.,1779904280.2508988,200.
1779904280.350899,0.,1779904280.350899,200.
1779904280.450899,0.,1779904280.450899,200.
1779904280.5508988,0.,1779904280.5508988,200.
1779904280.650899,0.,1779904280.650899,200.
1779904280.7508988,0.,1779904280.7508988,200.
1779904280.850899,0.,1779904280.850899,200.
1779904280.950899,0.,1779904280.950899,200.
1779904281.0508988,0.,1779904281.0508988,200.
1779904281.150899,0.,1779904281.150899,200.
1779904281.2508988,0.,1779904281.2508988,200.
1779904281.350899,0.,1779904281.350899,200.
1779904281.450899,0.,1779904281.450899,200.
1779904281.5508988,0.,1779904281.5508988,200.
1779904281.650899,0.,1779904281.650899,200.
1779904281.7508988,0.,1779904281.7508988,200.
1779904281.850899,0.,1779904281.850899,200.
1779904281.950899,0.,1779904281.950899,200.
1779904282.0508988,0.,1779904282.0508988,200.
1779904282.150899,0.,1779904282.150899,200.
1779904282.2508988,0.,1779904282.2508988,200.
1779904282.350899,0.,1779904282.350899,200.
1779904282.450899,0.,1779904282.450899,200.
1779904282.5508988,0.,1779904282.5508988,200.
1779904282.650899,0.,1779904282.650899,200.
1779904282.7508988,0.,1779904282.7508988,200.
1779904282.850899,0.,1779904282.850899,200.
1779904282.950899,0.,1779904282.950899,200.
1779904283.0508988,0.,1779904283.0508988,200.
1779904283.150899,0.,1779904283.150899,200.
1779904283.2508988,0.,1779904283.2508988,200.
1779904283.350899,0.,1779904283.350899,200.
1779904283.450899,0.,1779904283.450899,200.
1779904283.5508988,0.,1779904283.5508988,200.
1779904283.650899,0.,1779904283.650899,200.
1779904283.7508988,0.,1779904283.7508988,200.
1779904283.850899,0.,1779904283.850899,200.
1779904283.950899,0.,1779904283.950899,200.
1779904284.0508988,0.,1779904284.0508988,200.
1779904284.150899,0.,1779904284.150899,200.
1779904284.2508988,0.,1779904284.2508988,200.
1779904284.350899,0.,1779904284.350899,200.
1779904284.450899,0.,1779904284.450899,200.
1779904284.5508988,0.,1779904284.5508988,200.
1779904284.650899,0.,1779904284.650899,200.
1779904284.7508988,0.,1779904284.7508988,200.
1779904284.850899,0.,1779904284.850899,200.
1779904284.950899,0.,1779904284.950899,200.
1779904285.0508988,0.,1779904285.0508988,200.
1779904285.150899,0.,1779904285.150899,200.
1779904285.2508988,0.,1779904285.2508988,200.
1779904285.350899,0.,1779904285.350899,200.
1779904285.450899,0.,1779904285.450899,200.
1779904285.5508988,0.,1779904285.5508988,200.
1779904285.650899,0.,1779904285.650899,200.
1779904285.7508988,0.,1779904285.7508988,200.
1779904285.850899,0.,1779904285.850899,200.
1779904285.950899,0.,1779904285.950899,200.
1779904286.0508988,0.,1779904286.0508988,200.
1779904286.150899,0.,1779904286.150899,200.
1779904286.2508988,0.,1779904286.2508988,200.
1779904286.350899,0.,1779904286.350899,200.
1779904286.450899,0.,1779904286.450899,200.
1779904286.5508988,0.,1779904286.5508988,200.
1779904286.650899,0.,1779904286.650899,200.
1779904286.7508988,0.,1779904286.7508988,200.
1779904286.850899,0.,1779904286.850899,200.
1779904286.950899,0.,1779904286.950899,200.
1779904287.0508988,0.,1779904287.0508988,200.
1779904287.150899,0.,1779904287.150899,200.
1779904287.2508988,0.,1779904287.2508988,200.
1779904287.350899,0.,1779904287.350899,200.
1779904287.450899,0.,1779904287.450899,200.
1779904287.5508988,0.,1779904287.5508988,200.
1779904287.650899,0.,1779904287.650899,200.
1779904287.7508988,0.,1779904287.7508988,200.
1779904287.850899,0.,1779904287.850899,200.
1779904287.950899,0.,1779904287.950899,200.
1779904288.0508988,0.,1779904288.0508988,200.
1779904288.150899,0.,1779904288.150899,200.
1779904288.2508988,0.,1779904288.2508988,200.
1779904288.350899,0.,1779904288.350899,200.
1779904288.450899,0.,1779904288.450899,200.
1779904288.5508988,0.,1779904288.5508988,200.
1779904288.650899,0.,1779904288.650899,200.
1779904288.7508988,0.,1779904288.7508988,200.
1779904288.850899,0.,1779904288.850899,200.
1779904288.950899,0.,1779904288.950899,200.
1779904289.0508988,0.,1779904289.0508988,200.
1779904289.150899,0.,1779904289.150899,200.
1779904289.2508988,0.,1779904289.2508988,200.
1779904289.350899,0.,1779904289.350899,200.
1779904289.450899,0.,1779904289.450899,200.
1779904289.5508988,0.,1779904289.5508988,200.
1779904289.650899,0.,1779904289.650899,200.
1779904289.7508988,0.,1779904289.7508988,200.
1779904289.850899,0.,1779904289.850899,200.
1779904289.950899,0.,1779904289.950899,200.
1779904290.0508988,0.,1779904290.0508988,200.
1779904290.150899,0.,1779904290.150899,200.
1779904290.2508988,0.,1779904290.2508988,200.
1779904290.350899,0.,1779904290.350899,200.
1779904290.450899,0.,1779904290.450899,200.
1779904290.5508988,0.,1779904290.5508988,200.
1779904290.650899,0.,1779904290.650899,200.
1779904290.7508988,0.,1779904290.7508988,200.
1779904290.850899,0.,1779904290.850899,200.
1779904290.950899,0.,1779904290.950899,200.
1779904291.0508988,0.,1779904291.0508988,200.
1779904291.150899,0.,1779904291.150899,200.
1779904291.2508988,0.,1779904291.2508988,200.
1779904291.350899,0.,1779904291.350899,200.
1779904291.450899,0.,1779904291.450899,200.
1779904291.5508988,0.,1779904291.5508988,200.
1779904291.650899,0.,1779904291.650899,200.
1779904291.7508988,0.,1779904291.7508988,200.
1779904291.850899,0.,1779904291.850899,200.
1779904291.950899,0.,1779904291.950899,200.
1779904292.0508988,0.,1779904292.0508988,200.
1779904292.150899,0.,1779904292.150899,200.
1779904292.2508988,0.,1779904292.2508988,200.
1779904292.350899,0.,1779904292.350899,200.
1779904292.450899,0.,1779904292.450899,200.
1779904292.5508988,0.,1779904292.5508988,200.
1779904292.650899,0.,1779904292.650899,200.
1779904292.7508988,0.,1779904292.7508988,200.
1779904292.850899,0.,1779904292.850899,200.
1779904292.950899,0.,1779904292.950899,200.
1779904293.0508988,0.,1779904293.0508988,200.
1779904293.150899,0.,1779904293.150899,200.
1779904293.2508988,0.,1779904293.2508988,200.
1779904293.350899,0.,1779904293.350899,200.
1779904293.450899,0.,1779904293.450899,200.
1779904293.5508988,0.,1779904293.5508988,200.
1779904293.650899,0.,1779904293.650899,200.
1779904293.7508988,0.,1779904293.7508988,200.
1779904293.850899,0.,1779904293.850899,200.
1779904293.950899,0.,1779904293.950899,200.
1779904294.0508988,0.,1779904294.0508988,200.
1779904294.150899,0.,1779904294.150899,200.
1779904294.2508988,0.,1779904294.2508988,200.
1779904294.350899,0.,1779904294.350899,200.
1779904294.450899,0.,1779904294.450899,200.
1779904294.5508988,0.,1779904294.5508988,200.
1779904294.650899,0.,1779904294.650899,200.
1779904294.7508988,0.,1779904294.7508988,200.
1779904294.850899,0.,1779904294.850899,200.
1779904294.950899,0.,1779904294.950899,200.
1779904295.0508988,0.,1779904295.0508988,200.
1779904295.150899,0.,1779904295.150899,200.
1779904295.2508988,0.,1779904295.2508988,200.
1779904295.350899,0.,1779904295.350899,200.
1779904295.450899,0.,1779904295.450899,200.
1779904295.5508988,0.,1779904295.5508988,200.
1779904295.650899,0.,1779904295.650899,200.
1779904295.7508988,0.,1779904295.7508988,200.
1779904295.850899,0.,1779904295.850899,200.
1779904295.950899,0.,1779904295.950899,200.
1779904296.0508988,0.,1779904296.0508988,200.
1779904296.150899,0.,1779904296.150899,200.
1779904296.2508988,0.,1779904296.2508988,200.
1779904296.350899,0.,1779904296.350899,200.
1779904296.450899,0.,1779904296.450899,200.
1779904296.5508988,0.,1779904296.5508988,200.
1779904296.650899,0.,1779904296.650899,200.
1779904296.7508988,0.,1779904296.7508988,200.
1779904296.850899,0.,1779904296.850899,200.
1779904296.950899,0.,1779904296.950899,200.
1779904297.0508988,0.,1779904297.0508988,200.
1779904297.150899,0.,1779904297.150899,200.
1779904297.2508988,0.,1779904297.2508988,200.
1779904297.350899,0.,1779904297.350899,200.
1779904297.450899,0.,1779904297.450899,200.
1779904297.5508988,0.,1779904297.5508988,200.
1779904297.650899,0.,1779904297.650899,200.
1779904297.7508988,0.,1779904297.7508988,200.
1779904297.850899,0.,1779904297.850899,200.
1779904297.950899,0.,1779904297.950899,200.
1779904298.0508988,0.,1779904298.0508988,200.
1779904298.150899,0.,1779904298.150899,200.
1779904298.2508988,0.,1779904298.2508988,200.
1779904298.350899,0.,1779904298.350899,200.
1779904298.450899,0.,1779904298.450899,200.
1779904298.5508988,0.,1779904298.5508988,200.
1779904298.650899,0.,1779904298.650899,200.
1779904298.7508988,0.,1779904298.7508988,200.
1779904298.850899,0.,1779904298.850899,200.
1779904298.950899,0.,1779904298.950899,200.
1779904299.0508988,0.,1779904299.0508988,200.
1779904299.150899,0.,1779904299.150899,200.
1779904299.2508988,0.,1779904299.2508988,200.
1779904299.350899,0.,1779904299.350899,200.
1779904299.450899,0.,1779904299.450899,200.
1779904299.5508988,0.,1779904299.5508988,200.
1779904299.650899,0.,1779904299.650899,200.
1779904299.7508988,0.,1779904299.7508988,200.
1779904299.850899,0.,1779904299.850899,200.
1779904299.950899,0.,1779904299.950899,200.
1779904300.0508988,0.,1779904300.0508988,200.
1779904300.150899,0.,1779904300.150899,200.
1779904300.2508988,0.,1779904300.2508988,200.
1779904300.350899,0.,1779904300.350899,200.
1779904300.450899,0.,1779904300.450899,200.
1779904300.5508988,0.,1779904300.5508988,200.
1779904300.650899,0.,1779904300.650899,200.
1779904300.7508988,0.,1779904300.7508988,200.
1779904300.850899,0.,1779904300.850899,200.
1779904300.950899,0.,1779904300.950899,200.
1779904301.0508988,0.,1779904301.0508988,200.
1779904301.150899,0.,1779904301.150899,200.
1779904301.2508988,0.,1779904301.2508988,200.
1779904301.350899,0.,1779904301.350899,200.
1779904301.450899,0.,1779904301.450899,200.
1779904301.5508988,0.,1779904301.5508988,200.
1779904301.650899,0.,1779904301.650899,200.
1779904301.7508988,0.,1779904301.7508988,200.
1779904301.850899,0.,1779904301.850899,200.
1779904301.950899,0.,1779904301.950899,200.
1779904302.0508988,0.,1779904302.0508988,200.
1779904302.150899,0.,1779904302.150899,200.
1779904302.2508988,0.,1779904302.2508988,200.
1779904302.350899,0.,1779904302.350899,200.
1779904302.450899,0.,1779904302.450899,200.
1779904302.5508988,0.,1779904302.5508988,200.
1779904302.650899,0.,1779904302.650899,200.
1779904302.7508988,0.,1779904302.7508988,200.
1779904302.850899,0.,1779904302.850899,200.
1779904302.950899,0.,1779904302.950899,200.
1779904303.0508988,0.,1779904303.0508988,200.
1779904303.150899,0.,1779904303.150899,200.
1779904303.2508988,0.,1779904303.2508988,200.
1779904303.350899,0.,1779904303.350899,200.
1779904303.450899,0.,1779904303.450899,200.
1779904303.5508988,0.,1779904303.5508988,200.
1779904303.650899,0.,1779904303.650899,200.
1779904303.7508988,0.,1779904303.7508988,200.
1779904303.850899,0.,1779904303.850899,200.
1779904303.950899,0.,1779904303.950899,200.
1779904304.0508988,0.,1779904304.0508988,200.
1779904304.150899,0.,1779904304.150899,200.
1779904304.2508988,0.,1779904304.2508988,200.
1779904304.350899,0.,1779904304.350899,200.
1779904304.450899,0.,1779904304.450899,200.
1779904304.5508988,0.,1779904304.5508988,200.
1779904304.650899,0.,1779904304.650899,200.
1779904304.7508988,0.,1779904304.7508988,200.
1779904304.850899,0.,1779904304.850899,200.
1779904304.950899,0.,1779904304.950899,200.
1779904305.0508988,0.,1779904305.0508988,200.
1779904305.150899,0.,1779904305.150899,200.
1779904305.2508988,0.,1779904305.2508988,200.
1779904305.350899,0.,1779904305.350899,200.
1779904305.450899,0.,1779904305.450899,200.
1779904305.5508988,0.,1779904305.5508988,200.
1779904305.650899,0.,1779904305.650899,200.
1779904305.7508988,0.,1779904305.7508988,200.
1779904305.850899,0.,1779904305.850899,200.
1779904305.950899,0.,1779904305.950899,200.
1779904306.0508988,0.,1779904306.0508988,200.
1779904306.150899,0.,1779904306.150899,200.
1779904306.2508988,0.,1779904306.2508988,200.
1779904306.350899,0.,1779904306.350899,200.
1779904306.450899,0.,1779904306.450899,200.
1779904306.5508988,0.,1779904306.5508988,200.
1779904306.650899,0.,1779904306.650899,200.
1779904306.7508988,0.,1779904306.7508988,200.
1779904306.850899,0.,1779904306.850899,200.
1779904306.950899,0.,1779904306.950899,200.
1779904307.0508988,0.,1779904307.0508988,200.
1779904307.150899,0.,1779904307.150899,200.
1779904307.2508988,0.,1779904307.2508988,200.
1779904307.350899,0.,1779904307.350899,200.
1779904307.450899,0.,1779904307.450899,200.
1779904307.5508988,0.,1779904307.5508988,200.
1779904307.650899,0.,1779904307.650899,200.
1779904307.7508988,0.,1779904307.7508988,200.
1779904307.850899,0.,1779904307.850899,200.
1779904307.950899,0.,1779904307.950899,200.
1779904308.0508988,0.,1779904308.0508988,200.
1779904308.150899,0.,1779904308.150899,200.
1779904308.2508988,0.,1779904308.2508988,200.
1779904308.350899,0.,1779904308.350899,200.
1779904308.450899,0.,1779904308.450899,200.
1779904308.5508988,0.,1779904308.5508988,200.
1779904308.650899,0.,1779904308.650899,200.
1779904308.7508988,0.,1779904308.7508988,200.
1779904308.850899,0.,1779904308.850899,200.
1779904308.950899,0.,1779904308.950899,200.
1779904309.0508988,0.,1779904309.0508988,200.
1779904309.150899,0.,1779904309.150899,200.
1779904309.2508988,0.,1779904309.2508988,200.
1779904309.350899,0.,1779904309.350899,200.
1779904309.450899,0.,1779904309.450899,200.
1779904309.5508988,0.,1779904309.5508988,200.
1779904309.650899,0.,1779904309.650899,200.
1779904309.7508988,0.,1779904309.7508988,200.
1779904309.850899,0.,1779904309.850899,200.
1779904309.950899,0.,1779904309.950899,200.
1779904310.0508988,0.,1779904310.0508988,200.
1779904310.150899,0.,1779904310.150899,200.
1779904310.2508988,0.,1779904310.2508988,200.
1779904310.350899,0.,1779904310.350899,200.
1779904310.450899,0.,1779904310.450899,200.
1779904310.5508988,0.,1779904310.5508988,200.
1779904310.650899,0.,1779904310.650899,200.
1779904310.7508988,0.,1779904310.7508988,200.
1779904310.850899,0.,1779904310.850899,200.
1779904310.950899,0.,1779904310.950899,200.
1779904311.0508988,0.,1779904311.0508988,200.
1779904311.150899,0.,1779904311.150899,200.
1779904311.2508988,0.,1779904311.2508988,200.
1779904311.350899,0.,1779904311.350899,200.
1779904311.450899,0.,1779904311.450899,200.
1779904311.5508988,0.,1779904311.5508988,200.
1779904311.650899,0.,1779904311.650899,200.
1779904311.7508988,0.,1779904311.7508988,200.
1779904311.850899,0.,1779904311.850899,200.
1779904311.950899,0.,1779904311.950899,200.
1779904312.0508988,0.,1779904312.0508988,200.
1779904312.150899,0.,1779904312.150899,200.
1779904312.2508988,0.,1779904312.2508988,200.
1779904312.350899,0.,1779904312.350899,200.
1779904312.450899,0.,1779904312.450899,200.
1779904312.5508988,0.,1779904312.5508988,200.
1779904312.650899,0.,1779904312.650899,200.
1779904312.7508988,0.,1779904312.7508988,200.
1779904312.850899,0.,1779904312.850899,200.
1779904312.950899,0.,1779904312.950899,200.
1779904313.0508988,0.,1779904313.0508988,200.
1779904313.150899,0.,1779904313.150899,200.
1779904313.2508988,0.,1779904313.2508988,200.
1779904313.350899,0.,1779904313.350899,200.
1779904313.450899,0.,1779904313.450899,200.
1779904313.5508988,0.,1779904313.5508988,200.
1779904313.650899,0.,1779904313.650899,200.
1779904313.7508988,0.,1779904313.7508988,200.
1779904313.850899,0.,1779904313.850899,200.
1779904313.950899,0.,1779904313.950899,200.
1779904314.0508988,0.,1779904314.0508988,200.
1779904314.150899,0.,1779904314.150899,200.
1779904314.2508988,0.,1779904314.2508988,200.
1779904314.350899,0.,1779904314.350899,200.
1779904314.450899,0.,1779904314.450899,200.
1779904314.5508988,0.,1779904314.5508988,200.
1779904314.650899,0.,1779904314.650899,200.
1779904314.7508988,0.,1779904314.7508988,200.
1779904314.850899,0.,1779904314.850899,200.
1779904314.950899,0.,1779904314.950899,200.
1779904315.0508988,0.,1779904315.0508988,200.
1779904315.150899,0.,1779904315.150899,200.
1779904315.2508988,0.,1779904315.2508988,200.
1779904315.350899,0.,1779904315.350899,200.
1779904315.450899,0.,1779904315.450899,200.
1779904315.5508988,0.,1779904315.5508988,200.
1779904315.650899,0.,1779904315.650899,200.
1779904315.7508988,0.,1779904315.7508988,200.
1779904315.850899,0.,1779904315.850899,200.
1779904315.950899,0.,1779904315.950899,200.
1779904316.0508988,0.,1779904316.0508988,200.
1779904316.150899,0.,1779904316.150899,200.
1779904316.2508988,0.,1779904316.2508988,200.
1779904316.350899,0.,1779904316.350899,200.
1779904316.450899,0.,1779904316.450899,200.
1779904316.5508988,0.,1779904316.5508988,200.
1779904316.650899,0.,1779904316.650899,200.
1779904316.7508988,0.,1779904316.7508988,200.
1779904316.850899,0.,1779904316.850899,200.
1779904316.950899,0.,1779904316.950899,200.
1779904317.0508988,0.,1779904317.0508988,200.
1779904317.150899,0.,1779904317.150899,200.
1779904317.2508988,0.,1779904317.2508988,200.
1779904317.350899,0.,1779904317.350899,200.
1779904317.450899,0.,1779904317.450899,200.
1779904317.5508988,0.,1779904317.5508988,200.
1779904317.650899,0.,1779904317.650899,200.
1779904317.7508988,0.,1779904317.7508988,200.
1779904317.850899,0.,1779904317.850899,200.
1779904317.950899,0.,1779904317.950899,200.
1779904318.0508988,0.,1779904318.0508988,200.
1779904318.150899,0.,1779904318.150899,200.
1779904318.2508988,0.,1779904318.2508988,200.
1779904318.350899,0.,1779904318.350899,200.
1779904318.450899,0.,1779904318.450899,200.
1779904318.5508988,0.,1779904318.5508988,200.
1779904318.650899,0.,1779904318.650899,200.
1779904318.7508988,0.,1779904318.7508988,200.
1779904318.850899,0.,1779904318.850899,200.
1779904318.950899,0.,1779904318.950899,200.
1779904319.0508988,0.,1779904319.0508988,200.
1779904319.150899,0.,1779904319.150899,200.
1779904319.2508988,0.,1779904319.2508988,200.
1779904319.350899,0.,1779904319.350899,200.
1779904319.450899,0.,1779904319.450899,200.
1779904319.5508988,0.,1779904319.5508988,200.
1779904319.650899,0.,1779904319.650899,200.
1779904319.7508988,0.,1779904319.7508988,200.
1779904319.850899,0.,1779904319.850899,200.
1779904319.950899,0.,1779904319.950899,200.
1779904320.0508988,0.,1779904320.0508988,200.
1779904320.150899,0.,1779904320.150899,200.
1779904320.2508988,0.,1779904320.2508988,200.
1779904320.350899,0.,1779904320.350899,200.
1779904320.450899,0.,1779904320.450899,200.
1779904320.5508988,0.,1779904320.5508988,200.
1779904320.650899,0.,1779904320.650899,200.
1779904320.7508988,0.,1779904320.7508988,200.
1779904320.850899,0.,1779904320.850899,200.
1779904320.950899,0.,1779904320.950899,200.
1779904321.0508988,0.,1779904321.0508988,200.
1779904321.150899,0.,1779904321.150899,200.
1779904321.2508988,0.,1779904321.2508988,200.
1779904321.350899,0.,1779904321.350899,200.
1779904321.450899,0.,1779904321.450899,200.
1779904321.5508988,0.,1779904321.5508988,200.
1779904321.650899,0.,1779904321.650899,200.
1779904321.7508988,0.,1779904321.7508988,200.
1779904321.850899,0.,1779904321.850899,200.
1779904321.950899,0.,1779904321.950899,200.
1779904322.0508988,0.,1779904322.0508988,200.
1779904322.150899,0.,1779904322.150899,200.
1779904322.2508988,0.,1779904322.2508988,200.
1779904322.350899,0.,1779904322.350899,200.
1779904322.450899,0.,1779904322.450899,200.
1779904322.5508988,0.,1779904322.5508988,200.
1779904322.650899,0.,1779904322.650899,200.
1779904322.7508988,0.,1779904322.7508988,200.
1779904322.850899,0.,1779904322.850899,200.
1779904322.950899,0.,1779904322.950899,200.
1779904323.0508988,0.,1779904323.0508988,200.
1779904323.150899,0.,1779904323.150899,200.
1779904323.2508988,0.,1779904323.2508988,200.
1779904323.350899,0.,1779904323.350899,200.
1779904323.450899,0.,1779904323.450899,200.
1779904323.5508988,0.,1779904323.5508988,200.
1779904323.650899,0.,1779904323.650899,200.
1779904323.7508988,0.,1779904323.7508988,200.
1779904323.850899,0.,1779904323.850899,200.
1779904323.950899,0.,1779904323.950899,200.
1779904324.0508988,0.,1779904324.0508988,200.
1779904324.150899,0.,1779904324.150899,200.
1779904324.2508988,0.,1779904324.2508988,200.
1779904324.350899,0.,1779904324.350899,200.
1779904324.450899,0.,1779904324.450899,200.
1779904324.5508988,0.,1779904324.5508988,200.
1779904324.650899,0.,1779904324.650899,200.
1779904324.7508988,0.,1779904324.7508988,200.
1779904324.850899,0.,1779904324.850899,200.
1779904324.950899,0.,1779904324.950899,200.
1779904325.0508988,0.,1779904325.0508988,200.
1779904325.150899,0.,1779904325.150899,200.
1779904325.2508988,0.,1779904325.2508988,200.
1779904325.350899,0.,1779904325.350899,200.
1779904325.450899,0.,1779904325.450899,200.
1779904325.5508988,0.,1779904325.5508988,200.
1779904325.650899,0.,1779904325.650899,200.
1779904325.7508988,0.,1779904325.7508988,200.
1779904325.850899,0.,1779904325.850899,200.
1779904325.950899,0.,1779904325.950899,200.
1779904326.0508988,0.,1779904326.0508988,200.
1779904326.150899,0.,1779904326.150899,200.
1779904326.2508988,0.,1779904326.2508988,200.
1779904326.350899,0.,1779904326.350899,200.
1779904326.450899,0.,1779904326.450899,200.
1779904326.5508988,0.,1779904326.5508988,200.
1779904326.650899,0.,1779904326.650899,200.
1779904326.7508988,0.,1779904326.7508988,200.
1779904326.850899,0.,1779904326.850899,200.
1779904326.950899,0.,1779904326.950899,200.
1779904327.0508988,0.,1779904327.0508988,200.
1779904327.150899,0.,1779904327.150899,200.
1779904327.2508988,0.,1779904327.2508988,200.
1779904327.350899,0.,1779904327.350899,200.
1779904327.450899,0.,1779904327.450899,200.
1779904327.5508988,0.,1779904327.5508988,200.
1779904327.650899,0.,1779904327.650899,200.
1779904327.7508988,0.,1779904327.7508988,200.
1779904327.850899,0.,1779904327.850899,200.
1779904327.950899,0.,1779904327.950899,200.
1779904328.0508988,0.,1779904328.0508988,200.
1779904328.150899,0.,1779904328.150899,200.
1779904328.2508988,0.,1779904328.2508988,200.
1779904328.350899,0.,1779904328.350899,200.
1779904328.450899,0.,1779904328.450899,200.
1779904328.5508988,0.,1779904328.5508988,200.
1779904328.650899,0.,1779904328.650899,200.
1779904328.7508988,0.,1779904328.7508988,200.
1779904328.850899,0.,1779904328.850899,200.
1779904328.950899,0.,1779904328.950899,200.
1779904329.0508988,0.,1779904329.0508988,200.
1779904329.150899,0.,1779904329.150899,200.
1779904329.2508988,0.,1779904329.2508988,200.
1779904329.350899,0.,1779904329.350899,200.
1779904329.450899,0.,1779904329.450899,200.
1779904329.5508988,0.,1779904329.5508988,200.
1779904329.650899,0.,1779904329.650899,200.
1779904329.7508988,0.,1779904329.7508988,200.
1779904329.850899,0.,1779904329.850899,200.
1779904329.950899,0.,1779904329.950899,200.
1779904330.0508988,0.,1779904330.0508988,200.
1779904330.150899,0.,1779904330.150899,200.
1779904330.2508988,0.,1779904330.2508988,200.
1779904330.350899,0.,1779904330.350899,200.
1779904330.450899,0.,1779904330.450899,200.
1779904330.5508988,0.,1779904330.5508988,200.
1779904330.650899,0.,1779904330.650899,200.
1779904330.7508988,0.,1779904330.7508988,200.
1779904330.850899,0.,1779904330.850899,200.
1779904330.950899,0.,1779904330.950899,200.
1779904331.0508988,0.,1779904331.0508988,200.
1779904331.150899,0.,1779904331.150899,200.
1779904331.2508988,0.,1779904331.2508988,200.
1779904331.350899,0.,1779904331.350899,200.
1779904331.450899,0.,1779904331.450899,200.
1779904331.5508988,0.,1779904331.5508988,200.
1779904331.650899,0.,1779904331.650899,200.
1779904331.7508988,0.,1779904331.7508988,200.
1779904331.850899,0.,1779904331.850899,200.
1779904331.950899,0.,1779904331.950899,200.
1779904332.0508988,0.,1779904332.0508988,200.
1779904332.150899,0.,1779904332.150899,200.
1779904332.2508988,0.,1779904332.2508988,200.
1779904332.350899,0.,1779904332.350899,200.
1779904332.450899,0.,1779904332.450899,200.
1779904332.5508988,0.,1779904332.5508988,200.
1779904332.650899,0.,1779904332.650899,200.
1779904332.7508988,0.,1779904332.7508988,200.
1779904332.850899,0.,1779904332.850899,200.
1779904332.950899,0.,1779904332.950899,200.
1779904333.0508988,0.,1779904333.0508988,200.
1779904333.150899,0.,1779904333.150899,200.
1779904333.2508988,0.,1779904333.2508988,200.
1779904333.350899,0.,1779904333.350899,200.
1779904333.450899,0.,1779904333.450899,200.
1779904333.5508988,0.,1779904333.5508988,200.
1779904333.650899,0.,1779904333.650899,200.
1779904333.7508988,0.,1779904333.7508988,200.
1779904333.850899,0.,1779904333.850899,200.
1779904333.950899,0.,1779904333.950899,200.
1779904334.0508988,0.,1779904334.0508988,200.
1779904334.150899,0.,1779904334.150899,200.
1779904334.2508988,0.,1779904334.2508988,200.
1779904334.350899,0.,1779904334.350899,200.
1779904334.450899,0.,1779904334.450899,200.
1779904334.5508988,0.,1779904334.5508988,200.
1779904334.650899,0.,1779904334.650899,200.
1779904334.7508988,0.,1779904334.7508988,200.
1779904334.850899,0.,1779904334.850899,200.
1779904334.950899,0.,1779904334.950899,200.
1779904335.0508988,0.,1779904335.0508988,200.
1779904335.150899,0.,1779904335.150899,200.
1779904335.2508988,0.,1779904335.2508988,200.
1779904335.350899,0.,1779904335.350899,200.
1779904335.450899,0.,1779904335.450899,200.
1779904335.5508988,0.,1779904335.5508988,200.
1779904335.650899,0.,1779904335.650899,200.
1779904335.7508988,0.,1779904335.7508988,200.
1779904335.850899,0.,1779904335.850899,200.
1779904335.950899,0.,1779904335.950899,200.
1779904336.0508988,0.,1779904336.0508988,200.
1779904336.150899,0.,1779904336.150899,200.
1779904336.2508988,0.,1779904336.2508988,200.
1779904336.350899,0.,1779904336.350899,200.
1779904336.450899,0.,1779904336.450899,200.
1779904336.5508988,0.,1779904336.5508988,200.
1779904336.650899,0.,1779904336.650899,200.
1779904336.7508988,0.,1779904336.7508988,200.
1779904336.850899,0.,1779904336.850899,200.
1779904336.950899,0.,1779904336.950899,200.
1779904337.0508988,0.,1779904337.0508988,200.
1779904337.150899,0.,1779904337.150899,200.
1779904337.2508988,0.,1779904337.2508988,200.
1779904337.350899,0.,1779904337.350899,200.
1779904337.450899,0.,1779904337.450899,200.
1779904337.5508988,0.,1779904337.5508988,200.
1779904337.650899,0.,1779904337.650899,200.
1779904337.7508988,0.,1779904337.7508988,200.
1779904337.850899,0.,1779904337.850899,200.
1779904337.950899,0.,1779904337.950899,200.
1779904338.0508988,0.,1779904338.0508988,200.
1779904338.150899,0.,1779904338.150899,200.
1779904338.2508988,0.,1779904338.2508988,200.
1779904338.350899,0.,1779904338.350899,200.
1779904338.450899,0.,1779904338.450899,200.
1779904338.5508988,0.,1779904338.5508988,200.
1779904338.650899,0.,1779904338.650899,200.
1779904338.7508988,0.,1779904338.7508988,200.
1779904338.850899,0.,1779904338.850899,200.
1779904338.950899,0.,1779904338.950899,200.
1779904339.0508988,0.,1779904339.0508988,200.
1779904339.150899,0.,1779904339.150899,200.
1779904339.2508988,0.,1779904339.2508988,200.
1779904339.350899,0.,1779904339.350899,200.
1779904339.450899,0.,1779904339.450899,200.
1779904339.5508988,0.,1779904339.5508988,200.
1779904339.650899,0.,1779904339.650899,200.
1779904339.7508988,0.,1779904339.7508988,200.
1779904339.850899,0.,1779904339.850899,200.
1779904339.950899,0.,1779904339.950899,200.
1779904340.0508988,0.,1779904340.0508988,200.
1779904340.150899,0.,1779904340.150899,200.
1779904340.2508988,0.,1779904340.2508988,200.
1779904340.350899,0.,1779904340.350899,200.
1779904340.450899,0.,1779904340.450899,200.
1779904340.5508988,0.,1779904340.5508988,200.
1779904340.650899,0.,1779904340.650899,200.
1779904340.7508988,0.,1779904340.7508988,200.
1779904340.850899,0.,1779904340.850899,200.
1779904340.950899,0.,1779904340.950899,200.
1779904341.0508988,0.,1779904341.0508988,200.
1779904341.150899,0.,1779904341.150899,200.
1779904341.2508988,0.,1779904341.2508988,200.
1779904341.350899,0.,1779904341.350899,200.
1779904341.450899,0.,1779904341.450899,200.
1779904341.5508988,0.,1779904341.5508988,200.
1779904341.650899,0.,1779904341.650899,200.
1779904341.7508988,0.,1779904341.7508988,200.
1779904341.850899,0.,1779904341.850899,200.
1779904341.950899,0.,1779904341.950899,200.
1779904342.0508988,0.,1779904342.0508988,200.
1779904342.150899,0.,1779904342.150899,200.
1779904342.2508988,0.,1779904342.2508988,200.
1779904342.350899,0.,1779904342.350899,200.
1779904342.450899,0.,1779904342.450899,200.
1779904342.5508988,0.,1779904342.5508988,200.
1779904342.650899,0.,1779904342.650899,200.
1779904342.7508988,0.,1779904342.7508988,200.
1779904342.850899,0.,1779904342.850899,200.
1779904342.950899,0.,1779904342.950899,200.
1779904343.0508988,0.,1779904343.0508988,200.
1779904343.150899,0.,1779904343.150899,200.
1779904343.2508988,0.,1779904343.2508988,200.
1779904343.350899,0.,1779904343.350899,200.
1779904343.450899,0.,1779904343.450899,200.
1779904343.5508988,0.,1779904343.5508988,200.
1779904343.650899,0.,1779904343.650899,200.
1779904343.7508988,0.,1779904343.7508988,200.
1779904343.850899,0.,1779904343.850899,200.
1779904343.950899,0.,1779904343.950899,200.
1779904344.0508988,0.,1779904344.0508988,200.
1779904344.150899,0.,1779904344.150899,200.
1779904344.2508988,0.,1779904344.2508988,200.
1779904344.350899,0.,1779904344.350899,200.
1779904344.450899,0.,1779904344.450899,200.
1779904344.5508988,0.,1779904344.5508988,200.
1779904344.650899,103.3553912316,1779904344.650899,200.
1779904344.7508988,164.4595068882,1779904344.7508988,200.
1779904344.850899,196.9460822019,1779904344.850899,200.
1779904344.950899,231.2149423579,1779904344.950899,200.
1779904345.0508988,275.5015096370,1779904345.0508988,200.
1779904345.150899,246.9997979555,1779904345.150899,200.
1779904345.2508988,255.6080424936,1779904345.2508988,200.
1779904345.350899,271.8434835645,1779904345.350899,200.
1779904345.450899,243.0228607159,1779904345.450899,200.
1779904345.5508988,292.9174518447,1779904345.5508988,200.
1779904345.650899,269.0376159678,1779904345.650899,200.
1779904345.7508988,277.9108299842,1779904345.7508988,200.
1779904345.850899,300.179014127,1779904345.850899,200.
1779904345.950899,251.2376233629,1779904345.950899,200.
1779904346.0508988,252.7430161726,1779904346.0508988,200.
1779904346.150899,231.7139929840,1779904346.150899,200.
1779904346.2508988,236.1619610460,1779904346.2508988,200.
1779904346.350899,214.3340314483,1779904346.350899,200.
1779904346.450899,230.8493957819,1779904346.450899,257.5868470956
1779904346.5508988,256.0993291164,1779904346.5508988,256.6734107366
1779904346.650899,243.7294070235,1779904346.650899,255.2967982030
1779904346.7508988,238.1904320576,1779904346.7508988,250.6097925207
1779904346.850899,258.3579352449,1779904346.850899,241.1819503737
1779904346.950899,251.9470067968,1779904346.950899,237.5343148716
1779904347.0508988,261.0728430982,1779904347.0508988,238.6278621613
1779904347.150899,242.7681538709,1779904347.150899,237.9526815314
1779904347.2508988,234.2194813968,1779904347.2508988,233.6949649541
1779904347.350899,241.8398255910,1779904347.350899,229.2489118169
1779904347.450899,250.6351126347,1779904347.450899,225.9694521668
1779904347.5508988,242.6450850550,1779904347.5508988,218.5301227939
1779904347.650899,257.8527034664,1779904347.650899,209.2040463718
1779904347.7508988,224.0010720124,1779904347.7508988,200.7583908307
1779904347.850899,251.6215595381,1779904347.850899,197.7231133194
1779904347.950899,243.3037444908,1779904347.950899,200.3591103978
1779904348.0508988,234.3364081392,1779904348.0508988,205.5512274027
1779904348.150899,245.2669080305,1779904348.150899,209.2175744121
1779904348.2508988,222.6467272638,1779904348.2508988,213.9333031028
1779904348.350899,232.1287053531,1779904348.350899,216.7983279359
1779904348.450899,240.8246524892,1779904348.450899,223.5899139595
1779904348.5508988,234.095067778,1779904348.5508988,225.7019185052
1779904348.650899,249.3138626122,1779904348.650899,221.3172825819
1779904348.7508988,220.9864144258,1779904348.7508988,212.4706863170
1779904348.850899,234.9266032992,1779904348.850899,206.4333571917
1779904348.950899,238.2831034801,1779904348.950899,210.6124428719
1779904349.0508988,242.8147369930,1779904349.0508988,218.4426311077
1779904349.150899,220.9211607036,1779904349.150899,224.1806207242
1779904349.2508988,234.5256926464,1779904349.2508988,224.3838274008
1779904349.350899,271.2894694666,1779904349.350899,222.8387992257
1779904349.450899,250.2463495178,1779904349.450899,227.1182350282
1779904349.5508988,243.5107540553,1779904349.5508988,228.2131332132
1779904349.650899,262.7879334575,1779904349.650899,222.0605233813
1779904349.7508988,289.3441384304,1779904349.7508988,213.9182228339
1779904349.850899,258.1621302308,1779904349.850899,207.9933507282
1779904349.950899,286.9826435703,1779904349.950899,196.0099246947
1779904350.0508988,246.8479072786,1779904350.0508988,193.5806039415
1779904350.150899,221.3070560288,1779904350.150899,192.8083794055
1779904350.2508988,255.9066524502,1779904350.2508988,192.8204593940
1779904350.350899,258.9563905247,1779904350.350899,193.1848724191
1779904350.450899,223.1358361955,1779904350.450899,193.6896146595
1779904350.5508988,246.0773344470,1779904350.5508988,204.4252753311
1779904350.650899,251.5902756502,1779904350.650899,214.2439261307
1779904350.7508988,235.7379129908,1779904350.7508988,218.4923807220
1779904350.850899,251.5261221703,1779904350.850899,221.2494806493
1779904350.950899,246.7474919006,1779904350.950899,220.4633120743
1779904351.0508988,264.7485601503,1779904351.0508988,217.0869468042
1779904351.150899,227.9476736692,1779904351.150899,214.3200178633
1779904351.2508988,258.7684811977,1779904351.2508988,208.7393758657
1779904351.350899,264.9824901494,1779904351.350899,205.5065242846
1779904351.450899,251.9387455926,1779904351.450899,201.0684015527
1779904351.5508988,247.3195431032,1779904351.5508988,198.4236114428
1779904351.650899,273.1803459338,1779904351.650899,192.2288628068
1779904351.7508988,236.4736385194,1779904351.7508988,192.9547230923
1779904351.850899,252.0527873931,1779904351.850899,193.6336240662
1779904351.950899,250.5244103197,1779904351.950899,201.4246074661
1779904352.0508988,238.9728065935,1779904352.0508988,202.8859887412
1779904352.150899,239.3495979064,1779904352.150899,202.1642006733
1779904352.2508988,262.3101719347,1779904352.2508988,201.4998000283
1779904352.350899,250.6151758066,1779904352.350899,195.3628523573
1779904352.450899,241.4309054821,1779904352.450899,195.8191940584
1779904352.5508988,263.6077116346,1779904352.5508988,196.2335881210
1779904352.650899,294.6166412333,1779904352.650899,196.6083860431
1779904352.7508988,262.8809439038,1779904352.7508988,196.9466258059
1779904352.850899,244.7416755988,1779904352.850899,197.2515024089
1779904352.950899,264.2990066744,1779904352.950899,197.5261217598
1779904353.0508988,243.6430007373,1779904353.0508988,197.7733943797
1779904353.150899,274.0133056746,1779904353.150899,197.9959973396
1779904353.2508988,252.0773473111,1779904353.2508988,198.1963688047
1779904353.350899,245.3754758856,1779904353.350899,198.3767175237
1779904353.450899,242.4552432287,1779904353.450899,186.3367649044
1779904353.5508988,259.5476613491,1779904353.5508988,177.1549223461
1779904353.650899,254.8978497844,1779904353.650899,177.0474598033
1779904353.7508988,249.9670242004,1779904353.7508988,180.5137132183
1779904353.850899,238.1175005064,1779904353.850899,184.6723175216
1779904353.950899,229.5960930237,1779904353.950899,189.6559179723
1779904354.0508988,227.9960979109,1779904354.0508988,192.6823816928
1779904354.150899,244.4607252792,1779904354.150899,196.868940494
1779904354.2508988,235.6666780458,1779904354.2508988,203.915865777
1779904354.350899,243.5699644595,1779904354.350899,203.5287360531
1779904354.450899,239.247747514,1779904354.450899,203.1780908748
1779904354.5508988,260.4496409407,1779904354.5508988,202.8613960008
1779904354.650899,217.1390521556,1779904354.650899,202.5758135074
1779904354.7508988,247.5464691911,1779904354.7508988,202.3185107101
1779904354.850899,241.7263928765,1779904354.850899,202.0867989157
1779904354.950899,252.8401323426,1779904354.950899,201.8781886625
1779904355.0508988,242.2042917983,1779904355.0508988,201.6904046154
1779904355.150899,229.5204584737,1779904355.150899,201.5213815635
1779904355.2508988,198.4402729508,1779904355.2508988,201.3692521119
1779904355.350899,223.705025571,1779904355.350899,201.2323312531
1779904355.450899,287.6448444450,1779904355.450899,193.2153548626
1779904355.5508988,263.3704941666,1779904355.5508988,187.756990632
1779904355.650899,225.6957586911,1779904355.650899,191.9778808512
1779904355.7508988,231.1825010289,1779904355.7508988,194.2336296607
1779904355.850899,255.8792329915,1779904355.850899,194.6593315101
1779904355.950899,218.3874315394,1779904355.950899,193.4261555654
1779904356.0508988,204.5223791034,1779904356.0508988,192.7786608185
1779904356.150899,226.104367031,1779904356.150899,190.9346923838
1779904356.2508988,240.3268432212,1779904356.2508988,191.9573547138
1779904356.350899,224.6206002975,1779904356.350899,192.8901746094
1779904356.450899,229.9334555566,1779904356.450899,193.6762708391
1779904356.5508988,259.4191656526,1779904356.5508988,191.1769292552
1779904356.650899,257.1276926071,1779904356.650899,186.1178084786
1779904356.7508988,245.0179441529,1779904356.7508988,185.3465575589
1779904356.850899,215.5975312999,1779904356.850899,185.6355175204
1779904356.950899,209.0537357341,1779904356.950899,183.5312221804
1779904357.0508988,244.7389896963,1779904357.0508988,181.9594988636
1779904357.150899,198.6313809055,1779904357.150899,181.198543169
1779904357.2508988,199.7545690908,1779904357.2508988,179.4842816723
1779904357.350899,232.1837956588,1779904357.350899,177.1409887337
1779904357.450899,227.3349826532,1779904357.450899,175.6484679988
1779904357.5508988,250.5111324874,1779904357.5508988,175.0762077136
1779904357.650899,206.1958060145,1779904357.650899,177.9185588864
1779904357.7508988,262.8361786006,1779904357.7508988,182.2611163575
1779904357.850899,226.133176728,1779904357.850899,185.3822327992
1779904357.950899,218.8622711974,1779904357.950899,188.2906350801
1779904358.0508988,234.0789647057,1779904358.0508988,189.3546743934
1779904358.150899,217.2767679692,1779904358.150899,190.5142140961
1779904358.2508988,233.0863048861,1779904358.2508988,188.6522017400
1779904358.350899,249.0848455187,1779904358.350899,186.9089114130
1779904358.450899,221.9471423070,1779904358.450899,185.5749566523
1779904358.5508988,206.5937892677,1779904358.5508988,189.3919123393
1779904358.650899,203.6586252518,1779904358.650899,191.2201631353
1779904358.7508988,193.7336532168,1779904358.7508988,191.1360928158
1779904358.850899,195.2865692745,1779904358.850899,187.8828935838
1779904358.950899,204.8106472019,1779904358.950899,181.3808439649
1779904359.0508988,206.0961627655,1779904359.0508988,171.4726903366
1779904359.150899,178.3959404023,1779904359.150899,172.3611652954
1779904359.2508988,204.8664334927,1779904359.2508988,173.3946050211
1779904359.350899,206.8206204791,1779904359.350899,176.4841362176
1779904359.450899,212.5843169813,1779904359.450899,182.1964395257
1779904359.5508988,203.4865439614,1779904359.5508988,187.8420155501
1779904359.650899,230.1311214615,1779904359.650899,189.2250818592
1779904359.7508988,187.9290165196,1779904359.7508988,196.0519608361
1779904359.850899,230.2331923068,1779904359.850899,196.6092754697
1779904359.950899,231.3075251865,1779904359.950899,194.6240080543
1779904360.0508988,234.2328241338,1779904360.0508988,193.6882780554
1779904360.150899,216.8935541468,1779904360.150899,193.9120335423
1779904360.2508988,230.0317850117,1779904360.2508988,192.6877690336
1779904360.350899,237.9065022295,1779904360.350899,189.0223925537
1779904360.450899,231.2691399044,1779904360.450899,184.8366205862
1779904360.5508988,235.1508956307,1779904360.5508988,183.6203891172
1779904360.650899,209.1894734501,1779904360.650899,184.0650250452
1779904360.7508988,207.3227643313,1779904360.7508988,185.3420571292
1779904360.850899,215.3262339503,1779904360.850899,186.934313848
1779904360.950899,218.3082695722,1779904360.950899,188.4603601442
1779904361.0508988,189.5619428327,1779904361.0508988,186.3194328479
1779904361.150899,209.4790265762,1779904361.150899,185.9765165950
1779904361.2508988,191.3948396722,1779904361.2508988,187.1823230571
1779904361.350899,183.7202066555,1779904361.350899,190.9193165489
1779904361.450899,207.0152684654,1779904361.450899,192.7436139096
1779904361.5508988,206.0318005115,1779904361.5508988,192.95747086
1779904361.650899,199.3983126401,1779904361.650899,196.0177207528
1779904361.7508988,210.3143194615,1779904361.7508988,195.0787518876
1779904361.850899,244.6749357990,1779904361.850899,191.4921147145
1779904361.950899,211.7054662072,1779904361.950899,191.6218487777
1779904362.0508988,199.1535975635,1779904362.0508988,188.7591943719
1779904362.150899,224.3394669417,1779904362.150899,184.1901330353
1779904362.2508988,199.9320065893,1779904362.2508988,185.8472188327
1779904362.350899,200.3131753247,1779904362.350899,181.7568737562
1779904362.450899,212.3500201494,1779904362.450899,177.7213940198
1779904362.5508988,172.0325678889,1779904362.5508988,177.0052108142
1779904362.650899,207.6673197310,1779904362.650899,174.9704144951
1779904362.7508988,215.4224287209,1779904362.7508988,172.5684395576
1779904362.850899,207.072135524,1779904362.850899,171.0389468416
1779904362.950899,218.9061570607,1779904362.950899,173.6026010534
1779904363.0508988,188.244788946,1779904363.0508988,177.7906504557
1779904363.150899,205.6708978403,1779904363.150899,184.1400647625
1779904363.2508988,211.0349253523,1779904363.2508988,189.2302891320
1779904363.350899,230.5387399742,1779904363.350899,189.7656476588
1779904363.450899,229.3788738704,1779904363.450899,188.5119606893
1779904363.5508988,215.2057911051,1779904363.5508988,188.3375812637
1779904363.650899,226.4378642597,1779904363.650899,196.0037250421
1779904363.7508988,216.0862010004,1779904363.7508988,198.0677372288
1779904363.850899,202.3285128522,1779904363.850899,196.7373585565
1779904363.950899,209.5060189636,1779904363.950899,199.9715061045
1779904364.0508988,178.7502585589,1779904364.0508988,204.0341187553
1779904364.150899,204.8113903598,1779904364.150899,210.6503216463
1779904364.2508988,200.4816001633,1779904364.2508988,209.6542855626
1779904364.350899,208.9907770014,1779904364.350899,208.7233550468
1779904364.450899,210.9515780931,1779904364.450899,207.8682685624
1779904364.5508988,213.8153009975,1779904364.5508988,207.0900662163
1779904364.650899,223.9932201155,1779904364.650899,206.3853718497
1779904364.7508988,226.5724099996,1779904364.7508988,205.7489907923
1779904364.850899,216.5338279719,1779904364.850899,205.1751697768
1779904364.950899,236.0997960398,1779904364.950899,211.0308209424
1779904365.0508988,242.9061496072,1779904365.0508988,204.1956704207
1779904365.150899,201.6394794614,1779904365.150899,212.3783308903
1779904365.2508988,231.3725663388,1779904365.2508988,214.5008866631
1779904365.350899,214.7413534512,1779904365.350899,212.5524022580
1779904365.450899,216.9818762159,1779904365.450899,207.836168854
1779904365.5508988,235.6301825187,1779904365.5508988,201.4179957495
1779904365.650899,198.2295034909,1779904365.650899,208.3492134881
1779904365.7508988,208.9829548345,1779904365.7508988,200.9867714962
1779904365.850899,211.3948843641,1779904365.850899,200.8873064131
1779904365.950899,188.4544481977,1779904365.950899,200.798181805
1779904366.0508988,219.9124054366,1779904366.0508988,200.7181666411
1779904366.150899,218.9204891346,1779904366.150899,200.6462514853
1779904366.2508988,210.3067496523,1779904366.2508988,210.1434246360
1779904366.350899,203.0533100496,1779904366.350899,211.1860553920
1779904366.450899,222.4296244556,1779904366.450899,209.6734810983
1779904366.5508988,218.8554976169,1779904366.5508988,198.7324519813
1779904366.650899,235.5053322341,1779904366.650899,198.8581055302
1779904366.7508988,211.4204768575,1779904366.7508988,198.9717443507
1779904366.850899,213.8291299683,1779904366.850899,190.8393894022
1779904366.950899,195.4300287066,1779904366.950899,187.2688985309
1779904367.0508988,220.2227588436,1779904367.0508988,190.5336466022
1779904367.150899,212.6247309955,1779904367.150899,190.8707902669
1779904367.2508988,212.6247309955,1779904367.2508988,0.
1779904367.350899,212.6247309955,1779904367.350899,0.
1779904367.450899,212.6247309955,1779904367.450899,0.
1779904367.5508988,212.6247309955,1779904367.5508988,0.
1779904367.650899,212.6247309955,1779904367.650899,0.
1779904367.7508988,212.6247309955,1779904367.7508988,0.
1779904367.850899,212.6247309955,1779904367.850899,0.
1779904367.950899,212.6247309955,1779904367.950899,0.
1779904368.0508988,212.6247309955,1779904368.0508988,0.
1779904368.150899,212.6247309955,1779904368.150899,0.
1779904368.2508988,212.6247309955,1779904368.2508988,0.
1779904368.350899,212.6247309955,1779904368.350899,0.
1779904368.450899,212.6247309955,1779904368.450899,0.
1779904368.5508988,212.6247309955,1779904368.5508988,0.
1779904368.650899,212.6247309955,1779904368.650899,0.
1779904368.7508988,212.6247309955,1779904368.7508988,0.
1779904368.850899,212.6247309955,1779904368.850899,0.
1779904368.950899,212.6247309955,1779904368.950899,0.
1779904369.0508988,212.6247309955,1779904369.0508988,0.
1779904369.150899,212.6247309955,1779904369.150899,0.
1779904369.2508988,212.6247309955,1779904369.2508988,0.
1779904369.350899,212.6247309955,1779904369.350899,0.
1779904369.450899,212.6247309955,1779904369.450899,0.
1779904369.5508988,212.6247309955,1779904369.5508988,0.
1779904369.650899,212.6247309955,1779904369.650899,0.
1779904369.7508988,212.6247309955,1779904369.7508988,0.
1779904369.850899,212.6247309955,1779904369.850899,0.
1779904369.950899,212.6247309955,1779904369.950899,0.
1779904370.0508988,212.6247309955,1779904370.0508988,0.
1779904370.150899,212.6247309955,1779904370.150899,0.
1779904370.2508988,212.6247309955,1779904370.2508988,0.
1779904370.350899,212.6247309955,1779904370.350899,0.
1779904370.450899,212.6247309955,1779904370.450899,0.
1779904370.5508988,212.6247309955,1779904370.5508988,0.
1779904370.650899,212.6247309955,1779904370.650899,0.
1779904370.7508988,212.6247309955,1779904370.7508988,0.
1779904370.850899,212.6247309955,1779904370.850899,0.
1779904370.950899,212.6247309955,1779904370.950899,0.
1779904371.0508988,212.6247309955,1779904371.0508988,0.
1779904371.150899,212.6247309955,1779904371.150899,0.
1779904371.2508988,212.6247309955,1779904371.2508988,0.
1779904371.350899,212.6247309955,1779904371.350899,0.
1779904371.450899,212.6247309955,1779904371.450899,0.
1779904371.5508988,212.6247309955,1779904371.5508988,0.
1779904371.650899,212.6247309955,1779904371.650899,0.
1779904371.7508988,212.6247309955,1779904371.7508988,0.
1779904371.850899,212.6247309955,1779904371.850899,0.
1779904371.950899,212.6247309955,1779904371.950899,0.
1779904372.0508988,212.6247309955,1779904372.0508988,0.
1779904372.150899,212.6247309955,1779904372.150899,0.
1779904372.2508988,212.6247309955,1779904372.2508988,0.
1779904372.350899,212.6247309955,1779904372.350899,0.
1779904372.450899,212.6247309955,1779904372.450899,0.
1779904372.5508988,212.6247309955,1779904372.5508988,0.
1779904372.650899,212.6247309955,1779904372.650899,0.
1779904372.7508988,212.6247309955,1779904372.7508988,0.
1779904372.850899,212.6247309955,1779904372.850899,0.
1779904372.950899,212.6247309955,1779904372.950899,0.
1779904373.0508988,212.6247309955,1779904373.0508988,0.
1779904373.150899,212.6247309955,1779904373.150899,0.
1779904373.2508988,212.6247309955,1779904373.2508988,0.
1779904373.350899,212.6247309955,1779904373.350899,0.
1779904373.450899,212.6247309955,1779904373.450899,0.
1779904373.5508988,212.6247309955,1779904373.5508988,0.
1779904373.650899,212.6247309955,1779904373.650899,0.
1779904373.7508988,212.6247309955,1779904373.7508988,0.
1779904373.850899,212.6247309955,1779904373.850899,0.
1779904373.950899,212.6247309955,1779904373.950899,0.
1779904374.0508988,212.6247309955,1779904374.0508988,0.
1779904374.150899,212.6247309955,1779904374.150899,0.
1779904374.2508988,212.6247309955,1779904374.2508988,0.
1779904374.350899,212.6247309955,1779904374.350899,0.
1779904374.450899,212.6247309955,1779904374.450899,0.
1779904374.5508988,212.6247309955,1779904374.5508988,0.
1779904374.650899,212.6247309955,1779904374.650899,0.
1779904374.7508988,212.6247309955,1779904374.7508988,0.
1779904374.850899,212.6247309955,1779904374.850899,0.
1779904374.950899,212.6247309955,1779904374.950899,0.
1779904375.0508988,212.6247309955,1779904375.0508988,0.
1779904375.150899,212.6247309955,1779904375.150899,0.
1779904375.2508988,212.6247309955,1779904375.2508988,0.
1779904375.350899,212.6247309955,1779904375.350899,0.
1779904375.450899,212.6247309955,1779904375.450899,0.
1779904375.5508988,212.6247309955,1779904375.5508988,0.
1779904375.650899,212.6247309955,1779904375.650899,0.
1779904375.7508988,212.6247309955,1779904375.7508988,0.
1779904375.850899,212.6247309955,1779904375.850899,0.
1779904375.950899,212.6247309955,1779904375.950899,0.
1779904376.0508988,212.6247309955,1779904376.0508988,0.
1779904376.150899,212.6247309955,1779904376.150899,0.
1779904376.2508988,212.6247309955,1779904376.2508988,0.
1779904376.350899,212.6247309955,1779904376.350899,0.
1779904376.450899,212.6247309955,1779904376.450899,0.
1779904376.5508988,212.6247309955,1779904376.5508988,0.
1779904376.650899,212.6247309955,1779904376.650899,0.
1779904376.7508988,212.6247309955,1779904376.7508988,0.
1779904376.850899,212.6247309955,1779904376.850899,0.
1779904376.950899,212.6247309955,1779904376.950899,0.
1779904377.0508988,212.6247309955,1779904377.0508988,0.
1779904377.150899,212.6247309955,1779904377.150899,0.
1779904377.2508988,212.6247309955,1779904377.2508988,0.
1779904377.350899,212.6247309955,1779904377.350899,0.
1779904377.450899,212.6247309955,1779904377.450899,0.
1779904377.5508988,212.6247309955,1779904377.5508988,0.
1779904377.650899,212.6247309955,1779904377.650899,0.
1779904377.7508988,212.6247309955,1779904377.7508988,0.
1779904377.850899,212.6247309955,1779904377.850899,0.
1779904377.950899,212.6247309955,1779904377.950899,0.
1779904378.0508988,212.6247309955,1779904378.0508988,0.
1779904378.150899,212.6247309955,1779904378.150899,0.
1779904378.2508988,212.6247309955,1779904378.2508988,0.
1779904378.350899,212.6247309955,1779904378.350899,0.
1779904378.450899,212.6247309955,1779904378.450899,0.
1779904378.5508988,212.6247309955,1779904378.5508988,0.
1779904378.650899,212.6247309955,1779904378.650899,0.
1779904378.7508988,212.6247309955,1779904378.7508988,0.
1779904378.850899,212.6247309955,1779904378.850899,0.
1779904378.950899,212.6247309955,1779904378.950899,0.
1779904379.0508988,212.6247309955,1779904379.0508988,0.
1779904379.150899,212.6247309955,1779904379.150899,0.
1779904379.2508988,212.6247309955,1779904379.2508988,0.
1779904379.350899,212.6247309955,1779904379.350899,0.
1779904379.450899,212.6247309955,1779904379.450899,0.
1779904379.5508988,212.6247309955,1779904379.5508988,0.
1779904379.650899,212.6247309955,1779904379.650899,0.
1779904379.7508988,212.6247309955,1779904379.7508988,0.
1779904379.850899,212.6247309955,1779904379.850899,0.
1779904379.950899,212.6247309955,1779904379.950899,0.
1779904380.0508988,212.6247309955,1779904380.0508988,0.
1779904380.150899,212.6247309955,1779904380.150899,0.
1779904380.2508988,212.6247309955,1779904380.2508988,0.
1779904380.350899,212.6247309955,1779904380.350899,0.
1779904380.450899,212.6247309955,1779904380.450899,0.
1779904380.5508988,212.6247309955,1779904380.5508988,0.
1779904380.650899,212.6247309955,1779904380.650899,0.
1779904380.7508988,212.6247309955,1779904380.7508988,0.
1779904380.850899,212.6247309955,1779904380.850899,0.
1779904380.950899,212.6247309955,1779904380.950899,0.
1779904381.0508988,212.6247309955,1779904381.0508988,0.
1779904381.150899,212.6247309955,1779904381.150899,0.
1779904381.2508988,212.6247309955,1779904381.2508988,0.
1779904381.350899,212.6247309955,1779904381.350899,0.
1779904381.450899,212.6247309955,1779904381.450899,0.
1779904381.5508988,212.6247309955,1779904381.5508988,0.
1779904381.650899,212.6247309955,1779904381.650899,0.
1779904381.7508988,212.6247309955,1779904381.7508988,0.
1779904381.850899,212.6247309955,1779904381.850899,0.
1779904381.950899,212.6247309955,1779904381.950899,0.
1779904382.0508988,212.6247309955,1779904382.0508988,0.
1779904382.150899,212.6247309955,1779904382.150899,0.
1779904382.2508988,212.6247309955,1779904382.2508988,0.
1779904382.350899,212.6247309955,1779904382.350899,0.
1779904382.450899,212.6247309955,1779904382.450899,0.
1779904382.5508988,212.6247309955,1779904382.5508988,0.
1779904382.650899,212.6247309955,1779904382.650899,0.
1779904382.7508988,212.6247309955,1779904382.7508988,0.
1779904382.850899,212.6247309955,1779904382.850899,0.
1779904382.950899,212.6247309955,1779904382.950899,0.
1779904383.0508988,212.6247309955,1779904383.0508988,0.
1779904383.150899,212.6247309955,1779904383.150899,0.
1779904383.2508988,212.6247309955,1779904383.2508988,0.
1779904383.350899,212.6247309955,1779904383.350899,0.
1779904383.450899,212.6247309955,1779904383.450899,0.
1779904383.5508988,212.6247309955,1779904383.5508988,0.
1779904383.650899,212.6247309955,1779904383.650899,0.
1779904383.7508988,212.6247309955,1779904383.7508988,0.
1779904383.850899,212.6247309955,1779904383.850899,0.
1779904383.950899,212.6247309955,1779904383.950899,0.
1779904384.0508988,212.6247309955,1779904384.0508988,0.
1779904384.150899,212.6247309955,1779904384.150899,0.
1779904384.2508988,212.6247309955,1779904384.2508988,0.
1779904384.350899,212.6247309955,1779904384.350899,0.
1779904384.450899,212.6247309955,1779904384.450899,0.
1779904384.5508988,212.6247309955,1779904384.5508988,0.
1779904384.650899,212.6247309955,1779904384.650899,0.
1779904384.7508988,212.6247309955,1779904384.7508988,0.
1779904384.850899,212.6247309955,1779904384.850899,0.
1779904384.950899,212.6247309955,1779904384.950899,0.
1779904385.0508988,212.6247309955,1779904385.0508988,0.
1779904385.150899,212.6247309955,1779904385.150899,0.
1779904385.2508988,212.6247309955,1779904385.2508988,0.
1779904385.350899,212.6247309955,1779904385.350899,0.
1779904385.450899,212.6247309955,1779904385.450899,0.
1779904385.5508988,212.6247309955,1779904385.5508988,0.
1779904385.650899,212.6247309955,1779904385.650899,0.
1779904385.7508988,212.6247309955,1779904385.7508988,0.
1779904385.850899,212.6247309955,1779904385.850899,0.
1779904385.950899,212.6247309955,1779904385.950899,0.
1779904386.0508988,212.6247309955,1779904386.0508988,0.
1779904386.150899,212.6247309955,1779904386.150899,0.
1779904386.2508988,212.6247309955,1779904386.2508988,0.
1779904386.350899,212.6247309955,1779904386.350899,0.
1779904386.450899,212.6247309955,1779904386.450899,0.
1779904386.5508988,212.6247309955,1779904386.5508988,0.
1779904386.650899,212.6247309955,1779904386.650899,0.
1779904386.7508988,212.6247309955,1779904386.7508988,0.
1779904386.850899,212.6247309955,1779904386.850899,0.
1779904386.950899,212.6247309955,1779904386.950899,0.
1779904387.0508988,212.6247309955,1779904387.0508988,0.
1779904387.150899,212.6247309955,1779904387.150899,0.
1779904387.2508988,212.6247309955,1779904387.2508988,0.
1779904387.350899,212.6247309955,1779904387.350899,0.
1779904387.450899,212.6247309955,1779904387.450899,0.
1779904387.5508988,212.6247309955,1779904387.5508988,0.
1779904387.650899,212.6247309955,1779904387.650899,0.
1779904387.7508988,212.6247309955,1779904387.7508988,0.
1779904387.850899,212.6247309955,1779904387.850899,0.
1779904387.950899,212.6247309955,1779904387.950899,0.
1779904388.0508988,212.6247309955,1779904388.0508988,0.
1779904388.150899,212.6247309955,1779904388.150899,0.
1779904388.2508988,212.6247309955,1779904388.2508988,0.
1779904388.350899,212.6247309955,1779904388.350899,0.
1779904388.450899,212.6247309955,1779904388.450899,0.
1779904388.5508988,212.6247309955,1779904388.5508988,0.
1779904388.650899,212.6247309955,1779904388.650899,0.
1779904388.7508988,212.6247309955,1779904388.7508988,0.
1779904388.850899,212.6247309955,1779904388.850899,0.
1779904388.950899,212.6247309955,1779904388.950899,0.
1779904389.0508988,212.6247309955,1779904389.0508988,0.
1779904389.150899,212.6247309955,1779904389.150899,0.
1779904389.2508988,212.6247309955,1779904389.2508988,0.
1779904389.350899,212.6247309955,1779904389.350899,0.
1779904389.450899,212.6247309955,1779904389.450899,0.
1779904389.5508988,212.6247309955,1779904389.5508988,0.
1779904389.650899,212.6247309955,1779904389.650899,0.
1779904389.7508988,212.6247309955,1779904389.7508988,0.
1779904389.850899,212.6247309955,1779904389.850899,0.
1779904389.950899,212.6247309955,1779904389.950899,0.
1779904390.0508988,212.6247309955,1779904390.0508988,0.
1779904390.150899,212.6247309955,1779904390.150899,0.
1779904390.2508988,212.6247309955,1779904390.2508988,0.
1779904390.350899,212.6247309955,1779904390.350899,0.
1779904390.450899,212.6247309955,1779904390.450899,0.
1779904390.5508988,212.6247309955,1779904390.5508988,0.
1779904390.650899,212.6247309955,1779904390.650899,0.
1779904390.7508988,212.6247309955,1779904390.7508988,0.
1779904390.850899,212.6247309955,1779904390.850899,0.
1779904390.950899,212.6247309955,1779904390.950899,0.
1779904391.0508988,212.6247309955,1779904391.0508988,0.
1779904391.150899,212.6247309955,1779904391.150899,0.
1779904391.2508988,212.6247309955,1779904391.2508988,0.
1779904391.350899,212.6247309955,1779904391.350899,0.
1779904391.450899,212.6247309955,1779904391.450899,0.
1779904391.5508988,212.6247309955,1779904391.5508988,0.
1779904391.650899,212.6247309955,1779904391.650899,0.
1779904391.7508988,212.6247309955,1779904391.7508988,0.
1779904391.850899,212.6247309955,1779904391.850899,0.
1779904391.950899,212.6247309955,1779904391.950899,0.
1779904392.0508988,212.6247309955,1779904392.0508988,0.
1779904392.150899,212.6247309955,1779904392.150899,0.
1779904392.2508988,212.6247309955,1779904392.2508988,0.
1779904392.350899,212.6247309955,1779904392.350899,0.
1779904392.450899,212.6247309955,1779904392.450899,0.
1779904392.5508988,212.6247309955,1779904392.5508988,0.
1779904392.650899,212.6247309955,1779904392.650899,0.
1779904392.7508988,212.6247309955,1779904392.7508988,0.
1779904392.850899,212.6247309955,1779904392.850899,0.
1779904392.950899,212.6247309955,1779904392.950899,0.
1779904393.0508988,212.6247309955,1779904393.0508988,0.
1779904393.150899,212.6247309955,1779904393.150899,0.
1779904393.2508988,212.6247309955,1779904393.2508988,0.
1779904393.350899,212.6247309955,1779904393.350899,0.
1779904393.450899,212.6247309955,1779904393.450899,0.
1779904393.5508988,212.6247309955,1779904393.5508988,0.
1779904393.650899,212.6247309955,1779904393.650899,0.
1779904393.7508988,212.6247309955,1779904393.7508988,0.
1779904393.850899,212.6247309955,1779904393.850899,0.
1779904393.950899,212.6247309955,1779904393.950899,0.
1779904394.0508988,212.6247309955,1779904394.0508988,0.
1779904394.150899,212.6247309955,1779904394.150899,0.
1779904394.2508988,212.6247309955,1779904394.2508988,0.
1779904394.350899,212.6247309955,1779904394.350899,0.
1779904394.450899,212.6247309955,1779904394.450899,0.
1779904394.5508988,212.6247309955,1779904394.5508988,0.
1779904394.650899,212.6247309955,1779904394.650899,0.
1779904394.7508988,212.6247309955,1779904394.7508988,0.
1779904394.850899,212.6247309955,1779904394.850899,0.
1779904394.950899,212.6247309955,1779904394.950899,0.
1779904395.0508988,212.6247309955,1779904395.0508988,0.
1779904395.150899,212.6247309955,1779904395.150899,0.
1779904395.2508988,212.6247309955,1779904395.2508988,0.
1779904395.350899,212.6247309955,1779904395.350899,0.
1779904395.450899,212.6247309955,1779904395.450899,0.
1779904395.5508988,212.6247309955,1779904395.5508988,0.
1779904395.650899,212.6247309955,1779904395.650899,0.
1779904395.7508988,212.6247309955,1779904395.7508988,0.
1779904395.850899,212.6247309955,1779904395.850899,0.
1779904395.950899,212.6247309955,1779904395.950899,0.
1779904396.0508988,212.6247309955,1779904396.0508988,0.
1779904396.150899,212.6247309955,1779904396.150899,0.
1779904396.2508988,212.6247309955,1779904396.2508988,0.
1779904396.350899,212.6247309955,1779904396.350899,0.
1779904396.450899,212.6247309955,1779904396.450899,0.
1779904396.5508988,212.6247309955,1779904396.5508988,0.
1779904396.650899,212.6247309955,1779904396.650899,0.
1779904396.7508988,212.6247309955,1779904396.7508988,0.
1779904396.850899,212.6247309955,1779904396.850899,0.
1779904396.950899,212.6247309955,1779904396.950899,0.
1779904397.0508988,212.6247309955,1779904397.0508988,0.
1779904397.150899,212.6247309955,1779904397.150899,0.
1779904397.2508988,212.6247309955,1779904397.2508988,0.
1779904397.350899,212.6247309955,1779904397.350899,0.
1779904397.450899,212.6247309955,1779904397.450899,0.
1779904397.5508988,212.6247309955,1779904397.5508988,0.
1779904397.650899,212.6247309955,1779904397.650899,0.
1779904397.7508988,212.6247309955,1779904397.7508988,0.
1779904397.850899,212.6247309955,1779904397.850899,0.
1779904397.950899,212.6247309955,1779904397.950899,0.
1779904398.0508988,212.6247309955,1779904398.0508988,0.
1779904398.150899,212.6247309955,1779904398.150899,0.
1779904398.2508988,212.6247309955,1779904398.2508988,0.
1779904398.350899,212.6247309955,1779904398.350899,0.
1779904398.450899,212.6247309955,1779904398.450899,0.
1779904398.5508988,212.6247309955,1779904398.5508988,0.
1779904398.650899,212.6247309955,1779904398.650899,0.
1779904398.7508988,212.6247309955,1779904398.7508988,0.
1779904398.850899,212.6247309955,1779904398.850899,0.
1779904398.950899,212.6247309955,1779904398.950899,0.
1779904399.0508988,212.6247309955,1779904399.0508988,0.
1779904399.150899,212.6247309955,1779904399.150899,0.
1779904399.2508988,212.6247309955,1779904399.2508988,0.
1779904399.350899,212.6247309955,1779904399.350899,0.
1779904399.450899,212.6247309955,1779904399.450899,0.
1779904399.5508988,212.6247309955,1779904399.5508988,0.
1779904399.650899,212.6247309955,1779904399.650899,0.
1779904399.7508988,212.6247309955,1779904399.7508988,0.
1779904399.850899,212.6247309955,1779904399.850899,0.
1779904399.950899,212.6247309955,1779904399.950899,0.
1779904400.0508988,212.6247309955,1779904400.0508988,0.
1779904400.150899,212.6247309955,1779904400.150899,0.
1779904400.2508988,212.6247309955,1779904400.2508988,0.
1779904400.350899,212.6247309955,1779904400.350899,0.
1779904400.450899,212.6247309955,1779904400.450899,0.
1779904400.5508988,212.6247309955,1779904400.5508988,0.
1779904400.650899,212.6247309955,1779904400.650899,0.
1779904400.7508988,212.6247309955,1779904400.7508988,0.
1779904400.850899,212.6247309955,1779904400.850899,0.
1779904400.950899,212.6247309955,1779904400.950899,0.
1779904401.0508988,212.6247309955,1779904401.0508988,0.
1779904401.150899,212.6247309955,1779904401.150899,0.
1779904401.2508988,212.6247309955,1779904401.2508988,0.
1779904401.350899,212.6247309955,1779904401.350899,0.
1779904401.450899,212.6247309955,1779904401.450899,0.
1779904401.5508988,212.6247309955,1779904401.5508988,0.
1779904401.650899,212.6247309955,1779904401.650899,0.
1779904401.7508988,212.6247309955,1779904401.7508988,0.
1779904401.850899,212.6247309955,1779904401.850899,0.
1779904401.950899,212.6247309955,1779904401.950899,0.
1779904402.0508988,212.6247309955,1779904402.0508988,0.
1779904402.150899,212.6247309955,1779904402.150899,0.
1779904402.2508988,212.6247309955,1779904402.2508988,0.
1779904402.350899,212.6247309955,1779904402.350899,0.
1779904402.450899,212.6247309955,1779904402.450899,0.
1779904402.5508988,212.6247309955,1779904402.5508988,0.
1779904402.650899,212.6247309955,1779904402.650899,0.
1779904402.7508988,212.6247309955,1779904402.7508988,0.
1779904402.850899,212.6247309955,1779904402.850899,0.
1779904402.950899,212.6247309955,1779904402.950899,0.
1779904403.0508988,212.6247309955,1779904403.0508988,0.
1779904403.150899,212.6247309955,1779904403.150899,0.
1779904403.2508988,212.6247309955,1779904403.2508988,0.
1779904403.350899,212.6247309955,1779904403.350899,0.
1779904403.450899,212.6247309955,1779904403.450899,0.
1779904403.5508988,212.6247309955,1779904403.5508988,0.
1779904403.650899,212.6247309955,1779904403.650899,0.
1779904403.7508988,212.6247309955,1779904403.7508988,0.
1779904403.850899,212.6247309955,1779904403.850899,0.
1779904403.950899,212.6247309955,1779904403.950899,0.
1779904404.0508988,212.6247309955,1779904404.0508988,0.
1779904404.150899,212.6247309955,1779904404.150899,0.
1779904404.2508988,212.6247309955,1779904404.2508988,0.
1779904404.350899,212.6247309955,1779904404.350899,0.
1779904404.450899,212.6247309955,1779904404.450899,0.
1779904404.5508988,212.6247309955,1779904404.5508988,0.
1779904404.650899,212.6247309955,1779904404.650899,0.
1779904404.7508988,212.6247309955,1779904404.7508988,0.
1779904404.850899,212.6247309955,1779904404.850899,0.
1779904404.950899,212.6247309955,1779904404.950899,0.
1779904405.0508988,212.6247309955,1779904405.0508988,0.
1779904405.150899,212.6247309955,1779904405.150899,0.
1779904405.2508988,212.6247309955,1779904405.2508988,0.
1779904405.350899,212.6247309955,1779904405.350899,0.
1779904405.450899,212.6247309955,1779904405.450899,0.
1779904405.5508988,212.6247309955,1779904405.5508988,0.
1779904405.650899,212.6247309955,1779904405.650899,0.
1779904405.7508988,212.6247309955,1779904405.7508988,0.
1779904405.850899,212.6247309955,1779904405.850899,0.
1779904405.950899,212.6247309955,1779904405.950899,0.
1779904406.0508988,212.6247309955,1779904406.0508988,0.
1779904406.150899,212.6247309955,1779904406.150899,0.
1779904406.2508988,212.6247309955,1779904406.2508988,0.
1779904406.350899,212.6247309955,1779904406.350899,0.
1779904406.450899,212.6247309955,1779904406.450899,0.
1779904406.5508988,212.6247309955,1779904406.5508988,0.
1779904406.650899,212.6247309955,1779904406.650899,0.
1779904406.7508988,212.6247309955,1779904406.7508988,0.
1779904406.850899,212.6247309955,1779904406.850899,0.
1779904406.950899,212.6247309955,1779904406.950899,0.
1779904407.0508988,212.6247309955,1779904407.0508988,0.
1779904407.150899,212.6247309955,1779904407.150899,0.
1779904407.2508988,212.6247309955,1779904407.2508988,0.
1779904407.350899,212.6247309955,1779904407.350899,0.
1779904407.450899,212.6247309955,1779904407.450899,0.
1779904407.5508988,212.6247309955,1779904407.5508988,0.
1779904407.650899,212.6247309955,1779904407.650899,0.
1779904407.7508988,212.6247309955,1779904407.7508988,0.
1779904407.850899,212.6247309955,1779904407.850899,0.
1779904407.950899,212.6247309955,1779904407.950899,0.
1779904408.0508988,212.6247309955,1779904408.0508988,0.
1779904408.150899,212.6247309955,1779904408.150899,0.
1779904408.2508988,212.6247309955,1779904408.2508988,0.
1779904408.350899,212.6247309955,1779904408.350899,0.
1779904408.450899,212.6247309955,1779904408.450899,0.
1779904408.5508988,212.6247309955,1779904408.5508988,0.
1779904408.650899,212.6247309955,1779904408.650899,0.
1779904408.7508988,212.6247309955,1779904408.7508988,0.
1779904408.850899,212.6247309955,1779904408.850899,0.
1779904408.950899,212.6247309955,1779904408.950899,0.
1779904409.0508988,212.6247309955,1779904409.0508988,0.
1779904409.150899,212.6247309955,1779904409.150899,0.
1779904409.2508988,212.6247309955,1779904409.2508988,0.
1779904409.350899,212.6247309955,1779904409.350899,0.
1779904409.450899,212.6247309955,1779904409.450899,0.
1779904409.5508988,212.6247309955,1779904409.5508988,0.
1779904409.650899,212.6247309955,1779904409.650899,0.
1779904409.7508988,212.6247309955,1779904409.7508988,0.
1779904409.850899,212.6247309955,1779904409.850899,0.
1779904409.950899,212.6247309955,1779904409.950899,0.
1779904410.0508988,212.6247309955,1779904410.0508988,0.
1779904410.150899,212.6247309955,1779904410.150899,0.
1779904410.2508988,212.6247309955,1779904410.2508988,0.
1779904410.350899,212.6247309955,1779904410.350899,0.
1779904410.450899,212.6247309955,1779904410.450899,0.
1779904410.5508988,212.6247309955,1779904410.5508988,0.
1779904410.650899,212.6247309955,1779904410.650899,0.
1779904410.7508988,212.6247309955,1779904410.7508988,0.
1779904410.850899,212.6247309955,1779904410.850899,0.
1779904410.950899,212.6247309955,1779904410.950899,0.
1779904411.0508988,212.6247309955,1779904411.0508988,0.
1779904411.150899,212.6247309955,1779904411.150899,0.
1779904411.2508988,212.6247309955,1779904411.2508988,0.
1779904411.350899,212.6247309955,1779904411.350899,0.
1779904411.450899,212.6247309955,1779904411.450899,0.
1779904411.5508988,212.6247309955,1779904411.5508988,0.
1779904411.650899,212.6247309955,1779904411.650899,0.
1779904411.7508988,212.6247309955,1779904411.7508988,0.
1779904411.850899,212.6247309955,1779904411.850899,0.
1779904411.950899,212.6247309955,1779904411.950899,0.
1779904412.0508988,212.6247309955,1779904412.0508988,0.
1779904412.150899,212.6247309955,1779904412.150899,0.
1779904412.2508988,212.6247309955,1779904412.2508988,0.
1779904412.350899,212.6247309955,1779904412.350899,0.
1779904412.450899,212.6247309955,1779904412.450899,0.
1779904412.5508988,212.6247309955,1779904412.5508988,0.
1779904412.650899,212.6247309955,1779904412.650899,0.
1779904412.7508988,212.6247309955,1779904412.7508988,0.
1779904412.850899,212.6247309955,1779904412.850899,0.
1779904412.950899,212.6247309955,1779904412.950899,0.
1779904413.0508988,212.6247309955,1779904413.0508988,0.
1779904413.150899,212.6247309955,1779904413.150899,0.
1779904413.2508988,212.6247309955,1779904413.2508988,0.
1779904413.350899,212.6247309955,1779904413.350899,0.
1779904413.450899,212.6247309955,1779904413.450899,0.
1779904413.5508988,212.6247309955,1779904413.5508988,0.
1779904413.650899,212.6247309955,1779904413.650899,0.
1779904413.7508988,212.6247309955,1779904413.7508988,0.
1779904413.850899,212.6247309955,1779904413.850899,0.
1779904413.950899,212.6247309955,1779904413.950899,0.
1779904414.0508988,212.6247309955,1779904414.0508988,0.
1779904414.150899,212.6247309955,1779904414.150899,0.
1779904414.2508988,212.6247309955,1779904414.2508988,0.
1779904414.350899,212.6247309955,1779904414.350899,0.
1779904414.450899,212.6247309955,1779904414.450899,0.
1779904414.5508988,212.6247309955,1779904414.5508988,0.
1779904414.650899,212.6247309955,1779904414.650899,0.
1779904414.7508988,212.6247309955,1779904414.7508988,0.
1779904414.850899,212.6247309955,1779904414.850899,0.
1779904414.950899,212.6247309955,1779904414.950899,0.
1779904415.0508988,212.6247309955,1779904415.0508988,0.
1779904415.150899,212.6247309955,1779904415.150899,0.
1779904415.2508988,212.6247309955,1779904415.2508988,0.
1779904415.350899,212.6247309955,1779904415.350899,0.
1779904415.450899,212.6247309955,1779904415.450899,0.
1779904415.5508988,212.6247309955,1779904415.5508988,0.
1779904415.650899,212.6247309955,1779904415.650899,0.
1779904415.7508988,212.6247309955,1779904415.7508988,0.
1779904415.850899,212.6247309955,1779904415.850899,0.
1779904415.950899,212.6247309955,1779904415.950899,0.
1779904416.0508988,212.6247309955,1779904416.0508988,0.
1779904416.150899,212.6247309955,1779904416.150899,0.
1779904416.2508988,212.6247309955,1779904416.2508988,0.
1779904416.350899,212.6247309955,1779904416.350899,0.
1779904416.450899,212.6247309955,1779904416.450899,0.
1779904416.5508988,212.6247309955,1779904416.5508988,0.
1779904416.650899,212.6247309955,1779904416.650899,0.
1779904416.7508988,212.6247309955,1779904416.7508988,0.
1779904416.850899,212.6247309955,1779904416.850899,0.
1779904416.950899,212.6247309955,1779904416.950899,0.
1779904417.0508988,212.6247309955,1779904417.0508988,0.
1779904417.150899,212.6247309955,1779904417.150899,0.
1779904417.2508988,212.6247309955,1779904417.2508988,0.
1779904417.350899,212.6247309955,1779904417.350899,0.
1779904417.450899,212.6247309955,1779904417.450899,0.
1779904417.5508988,212.6247309955,1779904417.5508988,0.
1779904417.650899,212.6247309955,1779904417.650899,0.
1779904417.7508988,212.6247309955,1779904417.7508988,0.
1779904417.850899,212.6247309955,1779904417.850899,0.
1779904417.950899,212.6247309955,1779904417.950899,0.
1779904418.0508988,212.6247309955,1779904418.0508988,0.
1779904418.150899,212.6247309955,1779904418.150899,0.
1779904418.2508988,212.6247309955,1779904418.2508988,0.
1779904418.350899,212.6247309955,1779904418.350899,0.
1779904418.450899,212.6247309955,1779904418.450899,0.
1779904418.5508988,212.6247309955,1779904418.5508988,0.
1779904418.650899,212.6247309955,1779904418.650899,0.
1779904418.7508988,212.6247309955,1779904418.7508988,0.
1779904418.850899,212.6247309955,1779904418.850899,0.
1779904418.950899,212.6247309955,1779904418.950899,0.
1779904419.0508988,212.6247309955,1779904419.0508988,0.
1779904419.150899,212.6247309955,1779904419.150899,0.
1779904419.2508988,212.6247309955,1779904419.2508988,0.
1779904419.350899,212.6247309955,1779904419.350899,0.
1779904419.450899,212.6247309955,1779904419.450899,0.
1779904419.5508988,212.6247309955,1779904419.5508988,0.
1779904419.650899,212.6247309955,1779904419.650899,0.
1779904419.7508988,212.6247309955,1779904419.7508988,0.
1779904419.850899,212.6247309955,1779904419.850899,0.
1779904419.950899,212.6247309955,1779904419.950899,0.
1779904420.0508988,212.6247309955,1779904420.0508988,0.
1779904420.150899,212.6247309955,1779904420.150899,0.
1779904420.2508988,212.6247309955,1779904420.2508988,0.
1779904420.350899,212.6247309955,1779904420.350899,0.
1779904420.450899,212.6247309955,1779904420.450899,0.
1779904420.5508988,212.6247309955,1779904420.5508988,0.
1779904420.650899,212.6247309955,1779904420.650899,0.
1779904420.7508988,212.6247309955,1779904420.7508988,0.
1779904420.850899,212.6247309955,1779904420.850899,0.
1779904420.950899,212.6247309955,1779904420.950899,0.
1779904421.0508988,212.6247309955,1779904421.0508988,0.
1779904421.150899,212.6247309955,1779904421.150899,0.
1779904421.2508988,212.6247309955,1779904421.2508988,0.
1779904421.350899,212.6247309955,1779904421.350899,0.
1779904421.450899,212.6247309955,1779904421.450899,0.
1779904421.5508988,212.6247309955,1779904421.5508988,0.
1779904421.650899,212.6247309955,1779904421.650899,0.
1779904421.7508988,212.6247309955,1779904421.7508988,0.
1779904421.850899,212.6247309955,1779904421.850899,0.
1779904421.950899,212.6247309955,1779904421.950899,0.
1779904422.0508988,212.6247309955,1779904422.0508988,0.
1779904422.150899,212.6247309955,1779904422.150899,0.
1779904422.2508988,212.6247309955,1779904422.2508988,0.
1779904422.350899,212.6247309955,1779904422.350899,0.
1779904422.450899,212.6247309955,1779904422.450899,0.
1779904422.5508988,212.6247309955,1779904422.5508988,0.
1779904422.650899,212.6247309955,1779904422.650899,0.
1779904422.7508988,212.6247309955,1779904422.7508988,0.
1779904422.850899,212.6247309955,1779904422.850899,0.
1779904422.950899,212.6247309955,1779904422.950899,0.
1779904423.0508988,212.6247309955,1779904423.0508988,0.
1779904423.150899,212.6247309955,1779904423.150899,0.
1779904423.2508988,212.6247309955,1779904423.2508988,0.
1779904423.350899,212.6247309955,1779904423.350899,0.
1779904423.450899,212.6247309955,1779904423.450899,0.
1779904423.5508988,212.6247309955,1779904423.5508988,0.
1779904423.650899,212.6247309955,1779904423.650899,0.
1779904423.7508988,212.6247309955,1779904423.7508988,0.
1779904423.850899,212.6247309955,1779904423.850899,0.
1779904423.950899,212.6247309955,1779904423.950899,0.
1779904424.0508988,212.6247309955,1779904424.0508988,0.
1779904424.150899,212.6247309955,1779904424.150899,0.
1779904424.2508988,212.6247309955,1779904424.2508988,0.
1779904424.350899,212.6247309955,1779904424.350899,0.
1779904424.450899,212.6247309955,1779904424.450899,0.
1779904424.5508988,212.6247309955,1779904424.5508988,0.
1779904424.650899,212.6247309955,1779904424.650899,0.
1779904424.7508988,212.6247309955,1779904424.7508988,0.
1779904424.850899,212.6247309955,1779904424.850899,0.
1779904424.950899,212.6247309955,1779904424.950899,0.
1779904425.0508988,212.6247309955,1779904425.0508988,0.
1779904425.150899,212.6247309955,1779904425.150899,0.
1779904425.2508988,212.6247309955,1779904425.2508988,0.
1779904425.350899,212.6247309955,1779904425.350899,0.
1779904425.450899,212.6247309955,1779904425.450899,0.
1779904425.5508988,212.6247309955,1779904425.5508988,0.
1779904425.650899,212.6247309955,1779904425.650899,0.
1779904425.7508988,212.6247309955,1779904425.7508988,0.
1779904425.850899,212.6247309955,1779904425.850899,0.
1779904425.950899,212.6247309955,1779904425.950899,0.
1779904426.0508988,212.6247309955,1779904426.0508988,0.
1779904426.150899,212.6247309955,1779904426.150899,0.
1779904426.2508988,212.6247309955,1779904426.2508988,0.
1779904426.350899,212.6247309955,1779904426.350899,0.
1779904426.450899,212.6247309955,1779904426.450899,0.
1779904426.5508988,212.6247309955,1779904426.5508988,0.
1779904426.650899,212.6247309955,1779904426.650899,0.
1779904426.7508988,212.6247309955,1779904426.7508988,0.
1779904426.850899,212.6247309955,1779904426.850899,0.
1779904426.950899,212.6247309955,1779904426.950899,0.
1779904427.0508988,212.6247309955,1779904427.0508988,0.
1779904427.150899,212.6247309955,1779904427.150899,0.
1779904427.2508988,212.6247309955,1779904427.2508988,0.
1779904427.350899,212.6247309955,1779904427.350899,0.
1779904427.450899,212.6247309955,1779904427.450899,0.
1779904427.5508988,212.6247309955,1779904427.5508988,0.
1779904427.650899,212.6247309955,1779904427.650899,0.
1779904427.7508988,212.6247309955,1779904427.7508988,0.
1779904427.850899,212.6247309955,1779904427.850899,0.
1779904427.950899,212.6247309955,1779904427.950899,0.
1779904428.0508988,212.6247309955,1779904428.0508988,0.
1779904428.150899,212.6247309955,1779904428.150899,0.
1779904428.2508988,212.6247309955,1779904428.2508988,0.
1779904428.350899,212.6247309955,1779904428.350899,0.
1779904428.450899,212.6247309955,1779904428.450899,0.
1779904428.5508988,212.6247309955,1779904428.5508988,0.
1779904428.650899,212.6247309955,1779904428.650899,0.
1779904428.7508988,212.6247309955,1779904428.7508988,0.
1779904428.850899,212.6247309955,1779904428.850899,0.
1779904428.950899,212.6247309955,1779904428.950899,0.
1779904429.0508988,212.6247309955,1779904429.0508988,0.
1779904429.150899,212.6247309955,1779904429.150899,0.
1779904429.2508988,212.6247309955,1779904429.2508988,0.
1779904429.350899,212.6247309955,1779904429.350899,0.
1779904429.450899,212.6247309955,1779904429.450899,0.
1779904429.5508988,212.6247309955,1779904429.5508988,0.
1779904429.650899,212.6247309955,1779904429.650899,0.
1779904429.7508988,212.6247309955,1779904429.7508988,0.
1779904429.850899,212.6247309955,1779904429.850899,0.
1779904429.950899,212.6247309955,1779904429.950899,0.
1779904430.0508988,212.6247309955,1779904430.0508988,0.
1779904430.150899,212.6247309955,1779904430.150899,0.
1779904430.2508988,212.6247309955,1779904430.2508988,0.
1779904430.350899,212.6247309955,1779904430.350899,0.
1779904430.450899,212.6247309955,1779904430.450899,0.
1779904430.5508988,212.6247309955,1779904430.5508988,0.
1779904430.650899,212.6247309955,1779904430.650899,0.
1779904430.7508988,212.6247309955,1779904430.7508988,0.
1779904430.850899,212.6247309955,1779904430.850899,0.
1779904430.950899,212.6247309955,1779904430.950899,0.
1779904431.0508988,212.6247309955,1779904431.0508988,0.
1779904431.150899,212.6247309955,1779904431.150899,0.
1779904431.2508988,212.6247309955,1779904431.2508988,0.
1779904431.350899,212.6247309955,1779904431.350899,0.
1779904431.450899,212.6247309955,1779904431.450899,0.
1779904431.5508988,212.6247309955,1779904431.5508988,0.
1779904431.650899,212.6247309955,1779904431.650899,0.
1779904431.7508988,212.6247309955,1779904431.7508988,0.
1779904431.850899,212.6247309955,1779904431.850899,0.
1779904431.950899,212.6247309955,1779904431.950899,0.
1779904432.0508988,212.6247309955,1779904432.0508988,0.
1779904432.150899,212.6247309955,1779904432.150899,0.
1779904432.2508988,212.6247309955,1779904432.2508988,0.
1779904432.350899,212.6247309955,1779904432.350899,0.
1779904432.450899,212.6247309955,1779904432.450899,0.
1779904432.5508988,212.6247309955,1779904432.5508988,0.
1779904432.650899,212.6247309955,1779904432.650899,0.
1779904432.7508988,212.6247309955,1779904432.7508988,0.
1779904432.850899,212.6247309955,1779904432.850899,0.
1779904432.950899,212.6247309955,1779904432.950899,0.
1779904433.0508988,212.6247309955,1779904433.0508988,0.
1779904433.150899,212.6247309955,1779904433.150899,0.
1779904433.2508988,212.6247309955,1779904433.2508988,0.
1779904433.350899,212.6247309955,1779904433.350899,0.
1779904433.450899,212.6247309955,1779904433.450899,0.
1779904433.5508988,212.6247309955,1779904433.5508988,0.
1779904433.650899,212.6247309955,1779904433.650899,0.
1779904433.7508988,212.6247309955,1779904433.7508988,0.
1779904433.850899,212.6247309955,1779904433.850899,0.
1779904433.950899,212.6247309955,1779904433.950899,0.
1779904434.0508988,212.6247309955,1779904434.0508988,0.
1779904434.150899,212.6247309955,1779904434.150899,0.
1779904434.2508988,212.6247309955,1779904434.2508988,0.
1779904434.350899,212.6247309955,1779904434.350899,0.
1779904434.450899,212.6247309955,1779904434.450899,0.
1779904434.5508988,212.6247309955,1779904434.5508988,0.
1779904434.650899,212.6247309955,1779904434.650899,0.
1779904434.7508988,212.6247309955,1779904434.7508988,0.
1779904434.850899,212.6247309955,1779904434.850899,0.
1779904434.950899,212.6247309955,1779904434.950899,0.
1779904435.0508988,212.6247309955,1779904435.0508988,0.
1779904435.150899,212.6247309955,1779904435.150899,0.
1779904435.2508988,212.6247309955,1779904435.2508988,0.
1779904435.350899,212.6247309955,1779904435.350899,0.
1779904435.450899,212.6247309955,1779904435.450899,0.
1779904435.5508988,212.6247309955,1779904435.5508988,0.
1779904435.650899,212.6247309955,1779904435.650899,0.
1779904435.7508988,212.6247309955,1779904435.7508988,0.
1779904435.850899,212.6247309955,1779904435.850899,0.
1779904435.950899,212.6247309955,1779904435.950899,0.
1779904436.0508988,212.6247309955,1779904436.0508988,0.
1779904436.150899,212.6247309955,1779904436.150899,0.
1779904436.2508988,212.6247309955,1779904436.2508988,0.
1779904436.350899,212.6247309955,1779904436.350899,0.
1779904436.450899,212.6247309955,1779904436.450899,0.
1779904436.5508988,212.6247309955,1779904436.5508988,0.
1779904436.650899,212.6247309955,1779904436.650899,0.
1779904436.7508988,212.6247309955,1779904436.7508988,0.
1779904436.850899,212.6247309955,1779904436.850899,0.
1779904436.950899,212.6247309955,1779904436.950899,0.
1779904437.0508988,212.6247309955,1779904437.0508988,0.
1779904437.150899,212.6247309955,1779904437.150899,0.
1779904437.2508988,212.6247309955,1779904437.2508988,0.
1779904437.350899,212.6247309955,1779904437.350899,0.
1779904437.450899,212.6247309955,1779904437.450899,0.
1779904437.5508988,212.6247309955,1779904437.5508988,0.
1779904437.650899,212.6247309955,1779904437.650899,0.
1779904437.7508988,212.6247309955,1779904437.7508988,0.
1779904437.850899,212.6247309955,1779904437.850899,0.
1779904437.950899,212.6247309955,1779904437.950899,0.
1779904438.0508988,212.6247309955,1779904438.0508988,0.
1779904438.150899,212.6247309955,1779904438.150899,0.
1779904438.2508988,212.6247309955,1779904438.2508988,0.
1779904438.350899,212.6247309955,1779904438.350899,0.
1779904438.450899,212.6247309955,1779904438.450899,0.
1779904438.5508988,212.6247309955,1779904438.5508988,0.
1779904438.650899,212.6247309955,1779904438.650899,0.
1779904438.7508988,212.6247309955,1779904438.7508988,0.
1779904438.850899,212.6247309955,1779904438.850899,0.
1779904438.950899,212.6247309955,1779904438.950899,0.
1779904439.0508988,212.6247309955,1779904439.0508988,0.
1779904439.150899,212.6247309955,1779904439.150899,0.
1779904439.2508988,212.6247309955,1779904439.2508988,0.
1779904439.350899,212.6247309955,1779904439.350899,0.
1779904439.450899,212.6247309955,1779904439.450899,0.
1779904439.5508988,212.6247309955,1779904439.5508988,0.
1779904439.650899,212.6247309955,1779904439.650899,0.
1779904439.7508988,212.6247309955,1779904439.7508988,0.
1779904439.850899,212.6247309955,1779904439.850899,0.
1779904439.950899,212.6247309955,1779904439.950899,0.
1779904440.0508988,212.6247309955,1779904440.0508988,0.
1779904440.150899,212.6247309955,1779904440.150899,0.
1779904440.2508988,212.6247309955,1779904440.2508988,0.
1779904440.350899,212.6247309955,1779904440.350899,0.
1779904440.450899,212.6247309955,1779904440.450899,0.
1779904440.5508988,212.6247309955,1779904440.5508988,0.
1779904440.650899,212.6247309955,1779904440.650899,0.
1779904440.7508988,212.6247309955,1779904440.7508988,0.
1779904440.850899,212.6247309955,1779904440.850899,0.
1779904440.950899,212.6247309955,1779904440.950899,0.
1779904441.0508988,212.6247309955,1779904441.0508988,0.
1779904441.150899,212.6247309955,1779904441.150899,0.
1779904441.2508988,212.6247309955,1779904441.2508988,0.
1779904441.350899,212.6247309955,1779904441.350899,0.
1779904441.450899,212.6247309955,1779904441.450899,0.
1779904441.5508988,212.6247309955,1779904441.5508988,0.
1779904441.650899,212.6247309955,1779904441.650899,0.
1779904441.7508988,212.6247309955,1779904441.7508988,0.
1779904441.850899,212.6247309955,1779904441.850899,0.
1779904441.950899,212.6247309955,1779904441.950899,0.
1779904442.0508988,212.6247309955,1779904442.0508988,0.
1779904442.150899,212.6247309955,1779904442.150899,0.
1779904442.2508988,212.6247309955,1779904442.2508988,0.
1779904442.350899,212.6247309955,1779904442.350899,0.
1779904442.450899,212.6247309955,1779904442.450899,0.
1779904442.5508988,212.6247309955,1779904442.5508988,0.
1779904442.650899,212.6247309955,1779904442.650899,0.
1779904442.7508988,212.6247309955,1779904442.7508988,0.
1779904442.850899,212.6247309955,1779904442.850899,0.
1779904442.950899,212.6247309955,1779904442.950899,0.
1779904443.0508988,212.6247309955,1779904443.0508988,0.
1779904443.150899,212.6247309955,1779904443.150899,0.
1779904443.2508988,212.6247309955,1779904443.2508988,0.
1779904443.350899,212.6247309955,1779904443.350899,0.
1779904443.450899,212.6247309955,1779904443.450899,0.
1779904443.5508988,212.6247309955,1779904443.5508988,0.
1779904443.650899,212.6247309955,1779904443.650899,0.
1779904443.7508988,212.6247309955,1779904443.7508988,0.
1779904443.850899,212.6247309955,1779904443.850899,0.
1779904443.950899,212.6247309955,1779904443.950899,0.
1779904444.0508988,212.6247309955,1779904444.0508988,0.
1779904444.150899,212.6247309955,1779904444.150899,0.
1779904444.2508988,212.6247309955,1779904444.2508988,0.
1779904444.350899,212.6247309955,1779904444.350899,0.
1779904444.450899,212.6247309955,1779904444.450899,0.
1779904444.5508988,212.6247309955,1779904444.5508988,0.
1779904444.650899,212.6247309955,1779904444.650899,0.
1779904444.7508988,212.6247309955,1779904444.7508988,0.
1779904444.850899,212.6247309955,1779904444.850899,0.
1779904444.950899,212.6247309955,1779904444.950899,0.
1779904445.0508988,212.6247309955,1779904445.0508988,0.
1779904445.150899,212.6247309955,1779904445.150899,0.
1779904445.2508988,212.6247309955,1779904445.2508988,0.
1779904445.350899,212.6247309955,1779904445.350899,0.
1779904445.450899,212.6247309955,1779904445.450899,0.
1779904445.5508988,212.6247309955,1779904445.5508988,0.
1779904445.650899,212.6247309955,1779904445.650899,0.
1779904445.7508988,212.6247309955,1779904445.7508988,0.
1779904445.850899,212.6247309955,1779904445.850899,0.
1779904445.950899,212.6247309955,1779904445.950899,0.
1779904446.0508988,212.6247309955,1779904446.0508988,0.
1779904446.150899,212.6247309955,1779904446.150899,0.
1779904446.2508988,212.6247309955,1779904446.2508988,0.
1779904446.350899,212.6247309955,1779904446.350899,0.
1779904446.450899,212.6247309955,1779904446.450899,0.
1779904446.5508988,212.6247309955,1779904446.5508988,0.
1779904446.650899,212.6247309955,1779904446.650899,0.
1779904446.7508988,212.6247309955,1779904446.7508988,0.
1779904446.850899,212.6247309955,1779904446.850899,0.
1779904446.950899,212.6247309955,1779904446.950899,0.
1779904447.0508988,212.6247309955,1779904447.0508988,0.
1779904447.150899,212.6247309955,1779904447.150899,0.
1779904447.2508988,212.6247309955,1779904447.2508988,0.
1779904447.350899,212.6247309955,1779904447.350899,0.
1779904447.450899,212.6247309955,1779904447.450899,0.
1779904447.5508988,212.6247309955,1779904447.5508988,0.
1779904447.650899,212.6247309955,1779904447.650899,0.
1779904447.7508988,212.6247309955,1779904447.7508988,0.
1779904447.850899,212.6247309955,1779904447.850899,0.
1779904447.950899,212.6247309955,1779904447.950899,0.
1779904448.0508988,212.6247309955,1779904448.0508988,0.
1779904448.150899,212.6247309955,1779904448.150899,0.
1779904448.2508988,212.6247309955,1779904448.2508988,0.
1779904448.350899,212.6247309955,1779904448.350899,0.
1779904448.450899,212.6247309955,1779904448.450899,0.
1779904448.5508988,212.6247309955,1779904448.5508988,0.
1779904448.650899,212.6247309955,1779904448.650899,0.
1779904448.7508988,212.6247309955,1779904448.7508988,0.
1779904448.850899,212.6247309955,1779904448.850899,0.
1779904448.950899,212.6247309955,1779904448.950899,0.
1779904449.0508988,212.6247309955,1779904449.0508988,0.
1779904449.150899,212.6247309955,1779904449.150899,0.
1779904449.2508988,212.6247309955,1779904449.2508988,0.
1779904449.350899,212.6247309955,1779904449.350899,0.
1779904449.450899,212.6247309955,1779904449.450899,0.
1779904449.5508988,0.,1779904449.5508988,200.
1779904449.650899,0.,1779904449.650899,200.
1779904449.7508988,0.,1779904449.7508988,200.
1779904449.850899,0.,1779904449.850899,200.
1779904449.950899,0.,1779904449.950899,200.
1779904450.0508988,0.,1779904450.0508988,200.
1779904450.150899,0.,1779904450.150899,200.
1779904450.2508988,0.,1779904450.2508988,200.
1779904450.350899,0.,1779904450.350899,200.
1779904450.450899,0.,1779904450.450899,200.
1779904450.5508988,0.,1779904450.5508988,200.
1779904450.650899,0.,1779904450.650899,200.
1779904450.7508988,0.,1779904450.7508988,200.
1779904450.850899,0.,1779904450.850899,200.
1779904450.950899,0.,1779904450.950899,200.
1779904451.0508988,0.,1779904451.0508988,200.
1779904451.150899,0.,1779904451.150899,200.
1779904451.2508988,0.,1779904451.2508988,200.
1779904451.350899,0.,1779904451.350899,200.
1779904451.450899,0.,1779904451.450899,200.
1779904451.5508988,0.,1779904451.5508988,200.
1779904451.650899,0.,1779904451.650899,200.
1779904451.7508988,0.,1779904451.7508988,200.
1779904451.850899,0.,1779904451.850899,200.
1779904451.950899,0.,1779904451.950899,200.
1779904452.0508988,0.,1779904452.0508988,200.
1779904452.150899,0.,1779904452.150899,200.
1779904452.2508988,0.,1779904452.2508988,200.
1779904452.350899,0.,1779904452.350899,200.
1779904452.450899,0.,1779904452.450899,200.
1779904452.5508988,0.,1779904452.5508988,200.
1779904452.650899,0.,1779904452.650899,200.
1779904452.7508988,0.,1779904452.7508988,200.
1779904452.850899,0.,1779904452.850899,200.
1779904452.950899,0.,1779904452.950899,200.
1779904453.0508988,0.,1779904453.0508988,200.
1779904453.150899,0.,1779904453.150899,200.
1779904453.2508988,0.,1779904453.2508988,200.
1779904453.350899,0.,1779904453.350899,200.
1779904453.450899,0.,1779904453.450899,200.
1779904453.5508988,0.,1779904453.5508988,200.
1779904453.650899,0.,1779904453.650899,200.
1779904453.7508988,0.,1779904453.7508988,200.
1779904453.850899,0.,1779904453.850899,200.
1779904453.950899,0.,1779904453.950899,200.
1779904454.0508988,0.,1779904454.0508988,200.
1779904454.150899,0.,1779904454.150899,200.
1779904454.2508988,0.,1779904454.2508988,200.
1779904454.350899,0.,1779904454.350899,200.
1779904454.450899,0.,1779904454.450899,200.
1779904454.5508988,0.,1779904454.5508988,200.
1779904454.650899,0.,1779904454.650899,200.
1779904454.7508988,0.,1779904454.7508988,200.
1779904454.850899,0.,1779904454.850899,200.
1779904454.950899,0.,1779904454.950899,200.
1779904455.0508988,0.,1779904455.0508988,200.
1779904455.150899,0.,1779904455.150899,200.
1779904455.2508988,0.,1779904455.2508988,200.
1779904455.350899,0.,1779904455.350899,200.
1779904455.450899,0.,1779904455.450899,200.
1779904455.5508988,0.,1779904455.5508988,200.
1779904455.650899,0.,1779904455.650899,200.
1779904455.7508988,0.,1779904455.7508988,200.
1779904455.850899,0.,1779904455.850899,200.
1779904455.950899,0.,1779904455.950899,200.
1779904456.0508988,0.,1779904456.0508988,200.
1779904456.150899,0.,1779904456.150899,200.
1779904456.2508988,0.,1779904456.2508988,200.
1779904456.350899,0.,1779904456.350899,200.
1779904456.450899,0.,1779904456.450899,200.
1779904456.5508988,0.,1779904456.5508988,200.
1779904456.650899,0.,1779904456.650899,200.
1779904456.7508988,0.,1779904456.7508988,200.
1779904456.850899,0.,1779904456.850899,200.
1779904456.950899,0.,1779904456.950899,200.
1779904457.0508988,0.,1779904457.0508988,200.
1779904457.150899,0.,1779904457.150899,200.
1779904457.2508988,0.,1779904457.2508988,200.
1779904457.350899,0.,1779904457.350899,200.
1779904457.450899,0.,1779904457.450899,200.
1779904457.5508988,0.,1779904457.5508988,200.
1779904457.650899,0.,1779904457.650899,200.
1779904457.7508988,0.,1779904457.7508988,200.
1779904457.850899,0.,1779904457.850899,200.
1779904457.950899,0.,1779904457.950899,200.
1779904458.0508988,0.,1779904458.0508988,200.
1779904458.150899,0.,1779904458.150899,200.
1779904458.2508988,0.,1779904458.2508988,200.
1779904458.350899,0.,1779904458.350899,200.
1779904458.450899,0.,1779904458.450899,200.
1779904458.5508988,0.,1779904458.5508988,200.
1779904458.650899,0.,1779904458.650899,200.
1779904458.7508988,0.,1779904458.7508988,200.
1779904458.850899,0.,1779904458.850899,200.
1779904458.950899,0.,1779904458.950899,200.
1779904459.0508988,0.,1779904459.0508988,200.
1779904459.150899,0.,1779904459.150899,200.
1779904459.2508988,0.,1779904459.2508988,200.
1779904459.350899,0.,1779904459.350899,200.
1779904459.450899,0.,1779904459.450899,200.
1779904459.5508988,0.,1779904459.5508988,200.
1779904459.650899,0.,1779904459.650899,200.
1779904459.7508988,0.,1779904459.7508988,200.
1779904459.850899,0.,1779904459.850899,200.
1779904459.950899,0.,1779904459.950899,200.
1779904460.0508988,0.,1779904460.0508988,200.
1779904460.150899,0.,1779904460.150899,200.
1779904460.2508988,0.,1779904460.2508988,200.
1779904460.350899,0.,1779904460.350899,200.
1779904460.450899,0.,1779904460.450899,200.
1779904460.5508988,0.,1779904460.5508988,200.
1779904460.650899,0.,1779904460.650899,200.
1779904460.7508988,0.,1779904460.7508988,200.
1779904460.850899,0.,1779904460.850899,200.
1779904460.950899,0.,1779904460.950899,200.
1779904461.0508988,0.,1779904461.0508988,200.
1779904461.150899,0.,1779904461.150899,200.
1779904461.2508988,0.,1779904461.2508988,200.
1779904461.350899,0.,1779904461.350899,200.
1779904461.450899,0.,1779904461.450899,200.
1779904461.5508988,0.,1779904461.5508988,200.
1779904461.650899,0.,1779904461.650899,200.
1779904461.7508988,0.,1779904461.7508988,200.
1779904461.850899,0.,1779904461.850899,200.
1779904461.950899,0.,1779904461.950899,200.
1779904462.0508988,0.,1779904462.0508988,200.
1779904462.150899,0.,1779904462.150899,200.
1779904462.2508988,0.,1779904462.2508988,200.
1779904462.350899,0.,1779904462.350899,200.
1779904462.450899,0.,1779904462.450899,200.
1779904462.5508988,0.,1779904462.5508988,200.
1779904462.650899,0.,1779904462.650899,200.
1779904462.7508988,0.,1779904462.7508988,200.
1779904462.850899,0.,1779904462.850899,200.
1779904462.950899,0.,1779904462.950899,200.
1779904463.0508988,0.,1779904463.0508988,200.
1779904463.150899,0.,1779904463.150899,200.
1779904463.2508988,0.,1779904463.2508988,200.
1779904463.350899,0.,1779904463.350899,200.
1779904463.450899,0.,1779904463.450899,200.
1779904463.5508988,0.,1779904463.5508988,200.
1779904463.650899,0.,1779904463.650899,200.
1779904463.7508988,0.,1779904463.7508988,200.
1779904463.850899,0.,1779904463.850899,200.
1779904463.950899,0.,1779904463.950899,200.
1779904464.0508988,0.,1779904464.0508988,200.
1779904464.150899,0.,1779904464.150899,200.
1779904464.2508988,0.,1779904464.2508988,200.
1779904464.350899,0.,1779904464.350899,200.
1779904464.450899,0.,1779904464.450899,200.
1779904464.5508988,0.,1779904464.5508988,200.
1779904464.650899,0.,1779904464.650899,200.
1779904464.7508988,0.,1779904464.7508988,200.
1779904464.850899,0.,1779904464.850899,200.
1779904464.950899,0.,1779904464.950899,200.
1779904465.0508988,0.,1779904465.0508988,200.
1779904465.150899,0.,1779904465.150899,200.
1779904465.2508988,0.,1779904465.2508988,200.
1779904465.350899,0.,1779904465.350899,200.
1779904465.450899,0.,1779904465.450899,200.
1779904465.5508988,0.,1779904465.5508988,200.
1779904465.650899,0.,1779904465.650899,200.
1779904465.7508988,0.,1779904465.7508988,200.
1779904465.850899,0.,1779904465.850899,200.
1779904465.950899,0.,1779904465.950899,200.
1779904466.0508988,0.,1779904466.0508988,200.
1779904466.150899,0.,1779904466.150899,200.
1779904466.2508988,0.,1779904466.2508988,200.
1779904466.350899,0.,1779904466.350899,200.
1779904466.450899,0.,1779904466.450899,200.
1779904466.5508988,0.,1779904466.5508988,200.
1779904466.650899,0.,1779904466.650899,200.
1779904466.7508988,0.,1779904466.7508988,200.
1779904466.850899,0.,1779904466.850899,200.
1779904466.950899,0.,1779904466.950899,200.
1779904467.0508988,0.,1779904467.0508988,200.
1779904467.150899,0.,1779904467.150899,200.
1779904467.2508988,0.,1779904467.2508988,200.
1779904467.350899,0.,1779904467.350899,200.
1779904467.450899,0.,1779904467.450899,200.
1779904467.5508988,0.,1779904467.5508988,200.
1779904467.650899,0.,1779904467.650899,200.
1779904467.7508988,0.,1779904467.7508988,200.
1779904467.850899,0.,1779904467.850899,200.
1779904467.950899,0.,1779904467.950899,200.
1779904468.0508988,0.,1779904468.0508988,200.
1779904468.150899,0.,1779904468.150899,200.
1779904468.2508988,0.,1779904468.2508988,200.
1779904468.350899,0.,1779904468.350899,200.
1779904468.450899,0.,1779904468.450899,200.
1779904468.5508988,0.,1779904468.5508988,200.
1779904468.650899,0.,1779904468.650899,200.
1779904468.7508988,0.,1779904468.7508988,200.
1779904468.850899,0.,1779904468.850899,200.
1779904468.950899,0.,1779904468.950899,200.
1779904469.0508988,0.,1779904469.0508988,200.
1779904469.150899,0.,1779904469.150899,200.
1779904469.2508988,0.,1779904469.2508988,200.
1779904469.350899,0.,1779904469.350899,200.
1779904469.450899,0.,1779904469.450899,200.
1779904469.5508988,0.,1779904469.5508988,200.
1779904469.650899,0.,1779904469.650899,200.
1779904469.7508988,0.,1779904469.7508988,200.
1779904469.850899,0.,1779904469.850899,200.
1779904469.950899,0.,1779904469.950899,200.
1779904470.0508988,0.,1779904470.0508988,200.
1779904470.150899,0.,1779904470.150899,200.
1779904470.2508988,0.,1779904470.2508988,200.
1779904470.350899,0.,1779904470.350899,200.
1779904470.450899,0.,1779904470.450899,200.
1779904470.5508988,0.,1779904470.5508988,200.
1779904470.650899,0.,1779904470.650899,200.
1779904470.7508988,0.,1779904470.7508988,200.
1779904470.850899,0.,1779904470.850899,200.
1779904470.950899,0.,1779904470.950899,200.
1779904471.0508988,0.,1779904471.0508988,200.
1779904471.150899,0.,1779904471.150899,200.
1779904471.2508988,0.,1779904471.2508988,200.
1779904471.350899,0.,1779904471.350899,200.
1779904471.450899,0.,1779904471.450899,200.
1779904471.5508988,0.,1779904471.5508988,200.
1779904471.650899,0.,1779904471.650899,200.
1779904471.7508988,0.,1779904471.7508988,200.
1779904471.850899,0.,1779904471.850899,200.
1779904471.950899,0.,1779904471.950899,200.
1779904472.0508988,0.,1779904472.0508988,200.
1779904472.150899,0.,1779904472.150899,200.
1779904472.2508988,0.,1779904472.2508988,200.
1779904472.350899,0.,1779904472.350899,200.
1779904472.450899,0.,1779904472.450899,200.
1779904472.5508988,0.,1779904472.5508988,200.
1779904472.650899,0.,1779904472.650899,200.
1779904472.7508988,0.,1779904472.7508988,200.
1779904472.850899,0.,1779904472.850899,200.
1779904472.950899,0.,1779904472.950899,200.
1779904473.0508988,0.,1779904473.0508988,200.
1779904473.150899,0.,1779904473.150899,200.
1779904473.2508988,0.,1779904473.2508988,200.
1779904473.350899,0.,1779904473.350899,200.
1779904473.450899,0.,1779904473.450899,200.
1779904473.5508988,0.,1779904473.5508988,200.
1779904473.650899,0.,1779904473.650899,200.
1779904473.7508988,0.,1779904473.7508988,200.
1779904473.850899,0.,1779904473.850899,200.
1779904473.950899,0.,1779904473.950899,200.
1779904474.0508988,0.,1779904474.0508988,200.
1779904474.150899,0.,1779904474.150899,200.
1779904474.2508988,0.,1779904474.2508988,200.
1779904474.350899,0.,1779904474.350899,200.
1779904474.450899,0.,1779904474.450899,200.
1779904474.5508988,0.,1779904474.5508988,200.
1779904474.650899,0.,1779904474.650899,200.
1779904474.7508988,0.,1779904474.7508988,200.
1779904474.850899,0.,1779904474.850899,200.
1779904474.950899,0.,1779904474.950899,200.
1779904475.0508988,0.,1779904475.0508988,200.
1779904475.150899,0.,1779904475.150899,200.
1779904475.2508988,0.,1779904475.2508988,200.
1779904475.350899,0.,1779904475.350899,200.
1779904475.450899,0.,1779904475.450899,200.
1779904475.5508988,0.,1779904475.5508988,200.
1779904475.650899,0.,1779904475.650899,200.
1779904475.7508988,0.,1779904475.7508988,200.
1779904475.850899,0.,1779904475.850899,200.
1779904475.950899,0.,1779904475.950899,200.
1779904476.0508988,0.,1779904476.0508988,200.
1779904476.150899,0.,1779904476.150899,200.
1779904476.2508988,0.,1779904476.2508988,200.
1779904476.350899,0.,1779904476.350899,200.
1779904476.450899,0.,1779904476.450899,200.
1779904476.5508988,0.,1779904476.5508988,200.
1779904476.650899,0.,1779904476.650899,200.
1779904476.7508988,0.,1779904476.7508988,200.
1779904476.850899,0.,1779904476.850899,200.
1779904476.950899,0.,1779904476.950899,200.
1779904477.0508988,0.,1779904477.0508988,200.
1779904477.150899,0.,1779904477.150899,200.
1779904477.2508988,0.,1779904477.2508988,200.
1779904477.350899,0.,1779904477.350899,200.
1779904477.450899,0.,1779904477.450899,200.
1779904477.5508988,0.,1779904477.5508988,200.
1779904477.650899,0.,1779904477.650899,200.
1779904477.7508988,0.,1779904477.7508988,200.
1779904477.850899,0.,1779904477.850899,200.
1779904477.950899,0.,1779904477.950899,200.
1779904478.0508988,0.,1779904478.0508988,200.
1779904478.150899,0.,1779904478.150899,200.
1779904478.2508988,0.,1779904478.2508988,200.
1779904478.350899,0.,1779904478.350899,200.
1779904478.450899,0.,1779904478.450899,200.
1779904478.5508988,0.,1779904478.5508988,200.
1779904478.650899,0.,1779904478.650899,200.
1779904478.7508988,0.,1779904478.7508988,200.
1779904478.850899,0.,1779904478.850899,200.
1779904478.950899,0.,1779904478.950899,200.
1779904479.0508988,0.,1779904479.0508988,200.
1779904479.150899,0.,1779904479.150899,200.
1779904479.2508988,0.,1779904479.2508988,200.
1779904479.350899,0.,1779904479.350899,200.
1779904479.450899,0.,1779904479.450899,200.
1779904479.5508988,0.,1779904479.5508988,200.
1779904479.650899,0.,1779904479.650899,200.
1779904479.7508988,0.,1779904479.7508988,200.
1779904479.850899,0.,1779904479.850899,200.
1779904479.950899,0.,1779904479.950899,200.
1779904480.0508988,0.,1779904480.0508988,200.
1779904480.150899,0.,1779904480.150899,200.
1779904480.2508988,0.,1779904480.2508988,200.
1779904480.350899,0.,1779904480.350899,200.
1779904480.450899,0.,1779904480.450899,200.
1779904480.5508988,0.,1779904480.5508988,200.
1779904480.650899,0.,1779904480.650899,200.
1779904480.7508988,0.,1779904480.7508988,200.
1779904480.850899,0.,1779904480.850899,200.
1779904480.950899,0.,1779904480.950899,200.
1779904481.0508988,0.,1779904481.0508988,200.
1779904481.150899,0.,1779904481.150899,200.
1779904481.2508988,0.,1779904481.2508988,200.
1779904481.350899,0.,1779904481.350899,200.
1779904481.450899,0.,1779904481.450899,200.
1779904481.5508988,0.,1779904481.5508988,200.
1779904481.650899,0.,1779904481.650899,200.
1779904481.7508988,0.,1779904481.7508988,200.
1779904481.850899,0.,1779904481.850899,200.
1779904481.950899,0.,1779904481.950899,200.
1779904482.0508988,0.,1779904482.0508988,200.
1779904482.150899,0.,1779904482.150899,200.
1779904482.2508988,0.,1779904482.2508988,200.
1779904482.350899,0.,1779904482.350899,200.
1779904482.450899,0.,1779904482.450899,200.
1779904482.5508988,0.,1779904482.5508988,200.
1779904482.650899,0.,1779904482.650899,200.
1779904482.7508988,0.,1779904482.7508988,200.
1779904482.850899,0.,1779904482.850899,200.
1779904482.950899,0.,1779904482.950899,200.
1779904483.0508988,0.,1779904483.0508988,200.
1779904483.150899,0.,1779904483.150899,200.
1779904483.2508988,0.,1779904483.2508988,200.
1779904483.350899,0.,1779904483.350899,200.
1779904483.450899,0.,1779904483.450899,200.
1779904483.5508988,0.,1779904483.5508988,200.
1779904483.650899,0.,1779904483.650899,200.
1779904483.7508988,0.,1779904483.7508988,200.
1779904483.850899,0.,1779904483.850899,200.
1779904483.950899,0.,1779904483.950899,200.
1779904484.0508988,0.,1779904484.0508988,200.
1779904484.150899,0.,1779904484.150899,200.
1779904484.2508988,0.,1779904484.2508988,200.
1779904484.350899,0.,1779904484.350899,200.
1779904484.450899,0.,1779904484.450899,200.
1779904484.5508988,0.,1779904484.5508988,200.
1779904484.650899,0.,1779904484.650899,200.
1779904484.7508988,0.,1779904484.7508988,200.
1779904484.850899,0.,1779904484.850899,200.
1779904484.950899,0.,1779904484.950899,200.
1779904485.0508988,0.,1779904485.0508988,200.
1779904485.150899,0.,1779904485.150899,200.
1779904485.2508988,0.,1779904485.2508988,200.
1779904485.350899,0.,1779904485.350899,200.
1779904485.450899,0.,1779904485.450899,200.
1779904485.5508988,0.,1779904485.5508988,200.
1779904485.650899,0.,1779904485.650899,200.
1779904485.7508988,0.,1779904485.7508988,200.
1779904485.850899,0.,1779904485.850899,200.
1779904485.950899,0.,1779904485.950899,200.
1779904486.0508988,0.,1779904486.0508988,200.
1779904486.150899,0.,1779904486.150899,200.
1779904486.2508988,0.,1779904486.2508988,200.
1779904486.350899,0.,1779904486.350899,200.
1779904486.450899,0.,1779904486.450899,200.
1779904486.5508988,0.,1779904486.5508988,200.
1779904486.650899,0.,1779904486.650899,200.
1779904486.7508988,0.,1779904486.7508988,200.
1779904486.850899,0.,1779904486.850899,200.
1779904486.950899,0.,1779904486.950899,200.
1779904487.0508988,0.,1779904487.0508988,200.
1779904487.150899,0.,1779904487.150899,200.
1779904487.2508988,0.,1779904487.2508988,200.
1779904487.350899,0.,1779904487.350899,200.
1779904487.450899,0.,1779904487.450899,200.
1779904487.5508988,0.,1779904487.5508988,200.
1779904487.650899,0.,1779904487.650899,200.
1779904487.7508988,0.,1779904487.7508988,200.
1779904487.850899,0.,1779904487.850899,200.
1779904487.950899,0.,1779904487.950899,200.
1779904488.0508988,0.,1779904488.0508988,200.
1779904488.150899,0.,1779904488.150899,200.
1779904488.2508988,0.,1779904488.2508988,200.
1779904488.350899,0.,1779904488.350899,200.
1779904488.450899,0.,1779904488.450899,200.
1779904488.5508988,0.,1779904488.5508988,200.
1779904488.650899,0.,1779904488.650899,200.
1779904488.7508988,0.,1779904488.7508988,200.
1779904488.850899,0.,1779904488.850899,200.
1779904488.950899,102.0819687584,1779904488.950899,200.
1779904489.0508988,237.1891802101,1779904489.0508988,200.
1779904489.150899,203.7059926168,1779904489.150899,200.
1779904489.2508988,239.2306771839,1779904489.2508988,200.
1779904489.350899,230.0555608264,1779904489.350899,200.
1779904489.450899,267.6639104592,1779904489.450899,200.
1779904489.5508988,213.7464085622,1779904489.5508988,200.
1779904489.650899,225.4573751775,1779904489.650899,200.
1779904489.7508988,256.1005362986,1779904489.7508988,200.
1779904489.850899,249.9445085118,1779904489.850899,200.
1779904489.950899,239.8512162888,1779904489.950899,200.
1779904490.0508988,232.0832357190,1779904490.0508988,200.
1779904490.150899,240.2279499155,1779904490.150899,200.
1779904490.2508988,255.1572539748,1779904490.2508988,200.
1779904490.350899,254.9062881093,1779904490.350899,200.
1779904490.450899,251.7471567882,1779904490.450899,200.
1779904490.5508988,229.2123975653,1779904490.5508988,200.
1779904490.650899,230.0721962907,1779904490.650899,200.
1779904490.7508988,240.2464003189,1779904490.7508988,195.8920711026
1779904490.850899,269.1449969175,1779904490.850899,196.8495938747
1779904490.950899,280.0443331031,1779904490.950899,191.8977471764
1779904491.0508988,237.8335593285,1779904491.0508988,189.3429995522
1779904491.150899,268.1293139402,1779904491.150899,190.4108237116
1779904491.2508988,245.1928694046,1779904491.2508988,192.0790598686
1779904491.350899,242.6813160864,1779904491.350899,194.0458996654
1779904491.450899,245.5157200879,1779904491.450899,192.9472756548
1779904491.5508988,253.534333416,1779904491.5508988,193.8041615581
1779904491.650899,235.1296244841,1779904491.650899,197.0101472812
1779904491.7508988,239.5726827988,1779904491.7508988,204.378239892
1779904491.850899,260.1058056636,1779904491.850899,204.0522350517
1779904491.950899,217.1027093837,1779904491.950899,193.9414289003
1779904492.0508988,231.7395639596,1779904492.0508988,186.5777192502
1779904492.150899,235.6003191732,1779904492.150899,179.0031043482
1779904492.2508988,239.1505794916,1779904492.2508988,177.8354647558
1779904492.350899,227.6794928805,1779904492.350899,180.0606908422
1779904492.450899,209.4715608506,1779904492.450899,187.1555408642
1779904492.5508988,242.0921523021,1779904492.5508988,189.6599053653
1779904492.650899,237.9606048982,1779904492.650899,191.6802529772
1779904492.7508988,225.8793829511,1779904492.7508988,193.3771389042
1779904492.850899,238.7363779733,1779904492.850899,197.5849818222
1779904492.950899,234.6858436792,1779904492.950899,197.5542373991
1779904493.0508988,250.6998427445,1779904493.0508988,192.7769964969
1779904493.150899,235.1240822219,1779904493.150899,187.6244514227
1779904493.2508988,213.1837997742,1779904493.2508988,185.4589580411
1779904493.350899,236.0756125429,1779904493.350899,189.8236712113
1779904493.450899,233.8794116036,1779904493.450899,194.3295248347
1779904493.5508988,260.292116764,1779904493.5508988,207.4746557475
1779904493.650899,261.1256276931,1779904493.650899,206.7645489348
1779904493.7508988,220.2876206192,1779904493.7508988,219.7445363492
1779904493.850899,235.6849163439,1779904493.850899,230.4990653364
1779904493.950899,259.1235424815,1779904493.950899,235.8261470133
1779904494.0508988,235.2459607822,1779904494.0508988,233.6309687087
1779904494.150899,258.9758683901,1779904494.150899,230.5251272482
1779904494.2508988,222.8909967157,1779904494.2508988,224.9100833595
1779904494.350899,266.5203889526,1779904494.350899,216.0908712126
1779904494.450899,285.0020863604,1779904494.450899,207.2714911544
1779904494.5508988,255.8767547143,1779904494.5508988,203.3656514993
1779904494.650899,244.1897297915,1779904494.650899,206.5106441175
1779904494.7508988,268.9868981279,1779904494.7508988,207.0834451437
1779904494.850899,241.4516598681,1779904494.850899,206.1586753774
1779904494.950899,269.0551707328,1779904494.950899,204.9469284917
1779904495.0508988,274.7177191403,1779904495.0508988,205.0323761042
1779904495.150899,273.8241159322,1779904495.150899,209.2397178863
1779904495.2508988,258.1692156112,1779904495.2508988,216.0640918284
1779904495.350899,275.9251966754,1779904495.350899,220.4849536892
1779904495.450899,248.6699295565,1779904495.450899,222.0121548267
1779904495.5508988,255.1868304334,1779904495.5508988,219.6117386034
1779904495.650899,244.0911621562,1779904495.650899,216.7852484601
1779904495.7508988,289.4041916698,1779904495.7508988,213.664202346
1779904495.850899,229.3975533221,1779904495.850899,208.9612435393
1779904495.950899,246.2005174065,1779904495.950899,205.4224596541
1779904496.0508988,207.558756541,1779904496.0508988,202.2635239995
1779904496.150899,213.8287598380,1779904496.150899,201.4749356909
1779904496.2508988,265.2990295289,1779904496.2508988,193.1350254876
1779904496.350899,280.8936725357,1779904496.350899,193.8153358411
1779904496.450899,216.5670478728,1779904496.450899,194.4307087081
1779904496.5508988,205.5990649262,1779904496.5508988,194.9860910628
1779904496.650899,221.4141808657,1779904496.650899,195.4867085693
1779904496.7508988,262.9455615701,1779904496.7508988,195.9376510188
1779904496.850899,266.2314466311,1779904496.850899,196.3436925701
1779904496.950899,243.7993732881,1779904496.950899,196.7092266397
1779904497.0508988,243.7091836819,1779904497.0508988,197.0382556390
1779904497.150899,278.6914786625,1779904497.150899,197.3344059068
1779904497.2508988,266.1804548292,1779904497.2508988,197.6009532319
1779904497.350899,270.5900479024,1779904497.350899,197.8408518666
1779904497.450899,252.3741659235,1779904497.450899,198.0567636589
1779904497.5508988,266.8624056686,1779904497.5508988,191.7197507272
1779904497.650899,261.0069895654,1779904497.650899,186.6587365546
1779904497.7508988,269.3718097817,1779904497.7508988,180.1815764797
1779904497.850899,260.8647890434,1779904497.850899,175.6684290013
1779904497.950899,242.3352598755,1779904497.950899,176.1675926502
1779904498.0508988,229.9414645029,1779904498.0508988,179.8323259083
1779904498.150899,257.3875454592,1779904498.150899,182.9056993079
1779904498.2508988,237.6233168827,1779904498.2508988,188.0250361477
1779904498.350899,248.4901671113,1779904498.350899,196.4909248745
1779904498.450899,267.8315952444,1779904498.450899,205.222576652
1779904498.5508988,263.5539627138,1779904498.5508988,204.7056918784
1779904498.650899,255.9357311164,1779904498.650899,204.2378091363
1779904498.7508988,239.1806525435,1779904498.7508988,203.8153714456
1779904498.850899,237.4122125844,1779904498.850899,203.4345059125
1779904498.950899,246.9750193867,1779904498.950899,211.9676896259
1779904499.0508988,226.719888364,1779904499.0508988,214.4256112165
1779904499.150899,235.1679762986,1779904499.150899,215.7577244699
1779904499.2508988,241.780217999,1779904499.2508988,216.9563535392
1779904499.350899,240.8100945289,1779904499.350899,218.9659995916
1779904499.450899,223.9270105449,1779904499.450899,213.8912146491
1779904499.5508988,219.0380672835,1779904499.5508988,209.7514981419
1779904499.650899,208.9959522237,1779904499.650899,204.6989225078
1779904499.7508988,237.0843101288,1779904499.7508988,204.2164243779
1779904499.850899,242.6609400801,1779904499.850899,197.9337929882
1779904499.950899,243.9675090212,1779904499.950899,198.1368456299
1779904500.0508988,242.165801431,1779904500.0508988,198.3213770372
1779904500.150899,231.9327840847,1779904500.150899,192.1808291726
1779904500.2508988,242.3622372338,1779904500.2508988,190.3627929926
1779904500.350899,247.3468895152,1779904500.350899,190.7074495835
1779904500.450899,229.4568528725,1779904500.450899,191.4454038647
1779904500.5508988,229.1452444477,1779904500.5508988,191.2764280250
1779904500.650899,252.3827319382,1779904500.650899,192.6681399248
1779904500.7508988,235.5345598644,1779904500.7508988,201.3530399463
1779904500.850899,219.2130818287,1779904500.850899,209.2905745513
1779904500.950899,251.3896115841,1779904500.950899,213.5173596749
1779904501.0508988,224.6973942525,1779904501.0508988,215.1729079288
1779904501.150899,266.5773445527,1779904501.150899,215.6586457451
1779904501.2508988,263.4564086118,1779904501.2508988,213.8220513119
1779904501.350899,245.5776790546,1779904501.350899,215.9322982949
1779904501.450899,236.5191117209,1779904501.450899,214.2146422407
1779904501.5508988,262.1039958856,1779904501.5508988,208.1975457042
1779904501.650899,235.4006272338,1779904501.650899,196.6013684101
1779904501.7508988,234.4343164720,1779904501.7508988,196.9380532444
1779904501.850899,231.2644855507,1779904501.850899,197.2426587576
1779904501.950899,220.4521246170,1779904501.950899,186.5699743740
1779904502.0508988,247.8560954304,1779904502.0508988,182.8853135081
1779904502.150899,230.6678201866,1779904502.150899,175.3654424156
1779904502.2508988,188.4584452433,1779904502.2508988,173.7603724736
1779904502.350899,207.6261290565,1779904502.350899,172.3547316825
1779904502.450899,210.8581206194,1779904502.450899,171.0882362737
1779904502.5508988,183.9920374901,1779904502.5508988,172.6642689317
1779904502.650899,204.2093675503,1779904502.650899,171.977463114
1779904502.7508988,204.3874464528,1779904502.7508988,171.6053231836
1779904502.850899,184.0548177090,1779904502.850899,176.0334220946
1779904502.950899,217.8470834933,1779904502.950899,181.8483364326
1779904503.0508988,218.1013544401,1779904503.0508988,184.4497250646
1779904503.150899,208.6026571099,1779904503.150899,187.1715856569
1779904503.2508988,188.7081658399,1779904503.2508988,187.6950233269
1779904503.350899,221.7154223618,1779904503.350899,189.1923469906
1779904503.450899,233.3617266597,1779904503.450899,191.7739995052
1779904503.5508988,224.5433723465,1779904503.5508988,194.5639908700
1779904503.650899,187.762929405,1779904503.650899,198.0527322652
1779904503.7508988,209.1593878056,1779904503.7508988,193.7916088113
1779904503.850899,215.8775191394,1779904503.850899,190.8028285426
1779904503.950899,177.3794393515,1779904503.950899,190.9834959754
1779904504.0508988,210.9271003645,1779904504.0508988,188.9607769228
1779904504.150899,182.7072653364,1779904504.150899,187.654139545
1779904504.2508988,191.6143457575,1779904504.2508988,188.2490602344
1779904504.350899,187.5886760965,1779904504.350899,184.7634416456
1779904504.450899,183.1405271654,1779904504.450899,182.8306944478
1779904504.5508988,200.4674872525,1779904504.5508988,183.3875031755
1779904504.650899,177.9134841480,1779904504.650899,187.0467825695
1779904504.7508988,178.6139958344,1779904504.7508988,191.0267304027
1779904504.850899,210.062038593,1779904504.850899,190.7042774057
1779904504.950899,208.6877846684,1779904504.950899,187.4662797292
1779904505.0508988,212.1861554533,1779904505.0508988,182.6440976766
1779904505.150899,252.1658577678,1779904505.150899,178.5339888293
1779904505.2508988,184.3182397918,1779904505.2508988,179.6041123744
1779904505.350899,177.0928521136,1779904505.350899,185.3016310188
1779904505.450899,214.7724654967,1779904505.450899,188.2451010470
1779904505.5508988,225.5104975961,1779904505.5508988,188.3858429821
1779904505.650899,185.5139449470,1779904505.650899,189.6731911596
1779904505.7508988,250.8309492327,1779904505.7508988,187.7210959709
1779904505.850899,262.6357120467,1779904505.850899,188.4107631490
1779904505.950899,230.5295486004,1779904505.950899,192.7783218087
1779904506.0508988,220.067631567,1779904506.0508988,195.0249589981
1779904506.150899,204.1957025431,1779904506.150899,191.8210203419
1779904506.2508988,225.6606259214,1779904506.2508988,185.7239650284
1779904506.350899,223.9778253120,1779904506.350899,182.1937955628
1779904506.450899,271.7549582385,1779904506.450899,183.5872467111
1779904506.5508988,223.2663135191,1779904506.5508988,188.1119748642
1779904506.650899,260.6120625138,1779904506.650899,189.2117771500
1779904506.7508988,252.1331434615,1779904506.7508988,186.4869033062
1779904506.850899,195.0219521659,1779904506.850899,181.8129672283
1779904506.950899,207.4106356811,1779904506.950899,179.7109708891
1779904507.0508988,209.3864093034,1779904507.0508988,179.4860898246
1779904507.150899,247.7011389095,1779904507.150899,184.8454802878
1779904507.2508988,229.7265923195,1779904507.2508988,193.8239838211
1779904507.350899,196.8822125583,1779904507.350899,197.1746769264
1779904507.450899,241.7083195048,1779904507.450899,198.2160229714
1779904507.5508988,206.9090479773,1779904507.5508988,202.8637972016
1779904507.650899,218.0030039056,1779904507.650899,201.7584152637
1779904507.7508988,244.5924463678,1779904507.7508988,210.4354139127
1779904507.850899,209.4852739982,1779904507.850899,209.4364042261
1779904507.950899,217.7081751742,1779904507.950899,208.5150296558
1779904508.0508988,232.9995872987,1779904508.0508988,207.6746596163
1779904508.150899,227.4353546111,1779904508.150899,199.9085131654
1779904508.2508988,240.0780914909,1779904508.2508988,195.7738738964
1779904508.350899,286.0471206988,1779904508.350899,193.5206930127
1779904508.450899,218.0949467999,1779904508.450899,190.2055491042
1779904508.5508988,204.4071884320,1779904508.5508988,189.0976549374
1779904508.650899,257.2846808514,1779904508.650899,188.8815383439
1779904508.7508988,196.103309772,1779904508.7508988,190.8147685759
1779904508.850899,199.7005666475,1779904508.850899,190.3202054057
1779904508.950899,201.2288545459,1779904508.950899,189.6689738353
1779904509.0508988,206.9101966286,1779904509.0508988,185.8477889469
1779904509.150899,191.4228235525,1779904509.150899,181.4836726342
1779904509.2508988,206.3253956421,1779904509.2508988,178.8010497259
1779904509.350899,197.4492181263,1779904509.350899,178.5194257558
1779904509.450899,180.7610587609,1779904509.450899,180.0141274353
1779904509.5508988,204.5377882049,1779904509.5508988,179.3386021237
1779904509.650899,238.761637513,1779904509.650899,177.3249783773
1779904509.7508988,211.0171546431,1779904509.7508988,178.7954492291
1779904509.850899,198.9700925153,1779904509.850899,184.5266201886
1779904509.950899,214.6774455287,1779904509.950899,187.6667942481
1779904510.0508988,204.4930319384,1779904510.0508988,187.4434290808
1779904510.150899,236.9607970896,1779904510.150899,187.849917332
1779904510.2508988,224.6306213545,1779904510.2508988,185.5714121641
1779904510.350899,223.6663189184,1779904510.350899,190.1445490808
1779904510.450899,233.5169454411,1779904510.450899,194.2606589569
1779904510.5508988,213.3825801919,1779904510.5508988,195.8815650277
1779904510.650899,232.9194786815,1779904510.650899,193.8663882019
1779904510.7508988,185.9885574606,1779904510.7508988,190.7580378831
1779904510.850899,221.9425550862,1779904510.850899,190.4898685255
1779904510.950899,211.6634173816,1779904510.950899,191.8043722949
1779904511.0508988,204.9042904153,1779904511.0508988,192.1298419456
1779904511.150899,214.6861655918,1779904511.150899,189.2729044196
1779904511.2508988,209.1685023270,1779904511.2508988,187.4842941075
1779904511.350899,225.6781919203,1779904511.350899,183.7785289174
1779904511.450899,210.9370473035,1779904511.450899,183.9292008388
1779904511.5508988,207.6590865911,1779904511.5508988,185.5594097901
1779904511.650899,202.7075966258,1779904511.650899,188.1916070787
1779904511.7508988,203.3538152065,1779904511.7508988,186.4265757454
1779904511.850899,237.8520253527,1779904511.850899,183.2499194120
1779904511.950899,220.2506882151,1779904511.950899,181.6838269137
1779904512.0508988,199.0411868483,1779904512.0508988,186.0505522643
1779904512.150899,231.1939331847,1779904512.150899,184.9339620411
1779904512.2508988,211.2719524031,1779904512.2508988,186.8148084498
1779904512.350899,206.6772279808,1779904512.350899,186.0809795169
1779904512.450899,215.7166163039,1779904512.450899,187.3036236376
1779904512.5508988,234.6062427639,1779904512.5508988,191.3624605261
1779904512.650899,212.8598403687,1779904512.650899,194.2379795356
1779904512.7508988,200.463056989,1779904512.7508988,195.0748186080
1779904512.850899,215.6324691971,1779904512.850899,196.2352291231
1779904512.950899,210.4923361412,1779904512.950899,193.0505079261
1779904513.0508988,202.3899413772,1779904513.0508988,191.0857650984
1779904513.150899,213.8253123272,1779904513.150899,192.2516913616
1779904513.2508988,190.6003598529,1779904513.2508988,192.5227507096
1779904513.350899,164.7473908607,1779904513.350899,192.6816600122
1779904513.450899,178.0324638454,1779904513.450899,190.6902741402
1779904513.5508988,200.6884489774,1779904513.5508988,187.1606571594
1779904513.650899,205.2160983807,1779904513.650899,186.5090016035
1779904513.7508988,178.8948151473,1779904513.7508988,190.4736649193
1779904513.850899,178.1469184018,1779904513.850899,193.0380460968
1779904513.950899,180.5266635843,1779904513.950899,203.9613853606
1779904514.0508988,190.4136674464,1779904514.0508988,209.7816024647
1779904514.150899,208.9190599983,1779904514.150899,200.1556208168
1779904514.2508988,182.496661646,1779904514.2508988,195.2133669010
1779904514.350899,224.075647432,1779904514.350899,195.8126791039
1779904514.450899,206.2834395221,1779904514.450899,194.2874044583
1779904514.5508988,212.7301452042,1779904514.5508988,195.4484941367
1779904514.650899,222.1675710114,1779904514.650899,196.7863585980
1779904514.7508988,245.2567155311,1779904514.7508988,197.3812191161
1779904514.850899,243.884787243,1779904514.850899,201.0488805680
1779904514.950899,244.3741808560,1779904514.950899,206.8133764014
1779904515.0508988,214.5136009965,1779904515.0508988,206.1581244527
1779904515.150899,192.9057711901,1779904515.150899,205.5553548531
1779904515.2508988,192.4279570987,1779904515.2508988,205.0063407906
1779904515.350899,201.5810277211,1779904515.350899,191.8907793222
1779904515.450899,217.7438646139,1779904515.450899,185.9228719708
1779904515.5508988,213.8864294138,1779904515.5508988,188.0596090343
1779904515.650899,190.1541901196,1779904515.650899,191.305350595
1779904515.7508988,210.5232270119,1779904515.7508988,188.7058471594
1779904515.850899,192.6824297818,1779904515.850899,188.6617761033
1779904515.950899,217.9934298341,1779904515.950899,189.8943438826
1779904516.0508988,216.8416208644,1779904516.0508988,195.1749602334
1779904516.150899,202.5418651362,1779904516.150899,206.4121517812
1779904516.2508988,208.5964989790,1779904516.2508988,205.7767701300
1779904516.350899,222.7065670137,1779904516.350899,205.2020098805
1779904516.450899,204.2824871185,1779904516.450899,204.6832672741
1779904516.5508988,211.9912294030,1779904516.5508988,204.2156697376
1779904516.650899,212.2109552543,1779904516.650899,203.7944673593
1779904516.7508988,212.2873153937,1779904516.7508988,203.4152029210
1779904516.850899,213.5912040550,1779904516.850899,194.9840677483
1779904516.950899,220.4465631763,1779904516.950899,191.322858422
1779904517.0508988,212.2241275025,1779904517.0508988,190.4411486248
1779904517.150899,204.9266095283,1779904517.150899,189.3736289527
1779904517.2508988,230.5070900444,1779904517.2508988,187.9980424839
1779904517.350899,225.3910316161,1779904517.350899,189.7662069476
1779904517.450899,201.6099745579,1779904517.450899,194.8637512886
1779904517.5508988,285.5257603182,1779904517.5508988,196.8806122442
1779904517.650899,246.0311811591,1779904517.650899,198.0750415041
1779904517.7508988,221.2945121382,1779904517.7508988,204.6431335738
1779904517.850899,232.0908928372,1779904517.850899,204.1824456941
1779904517.950899,200.1359313652,1779904517.950899,203.7660138635
1779904518.0508988,229.8596973508,1779904518.0508988,203.3903188466
1779904518.150899,258.9744933182,1779904518.150899,203.0517401466
1779904518.2508988,274.2259210055,1779904518.2508988,202.7467927243
1779904518.350899,207.3118630457,1779904518.350899,202.4722267481
1779904518.450899,226.9985960399,1779904518.450899,209.4517066740
1779904518.5508988,267.039807464,1779904518.5508988,211.0232935449
1779904518.650899,258.6670369995,1779904518.650899,208.5382833901
1779904518.7508988,235.3319875674,1779904518.7508988,200.4860651400
1779904518.850899,270.3519027854,1779904518.850899,200.4366435749
1779904518.950899,214.6890269795,1779904518.950899,200.3925716919
1779904519.0508988,238.0109934142,1779904519.0508988,200.3531107599
1779904519.150899,228.9758947451,1779904519.150899,200.3176978025
1779904519.2508988,258.5445548405,1779904519.2508988,200.2858770816
1779904519.350899,197.4926020241,1779904519.350899,200.2572639031
1779904519.450899,177.1962084796,1779904519.450899,194.2045562366
1779904519.5508988,223.7136467305,1779904519.5508988,192.8881914646
1779904519.650899,277.4457591123,1779904519.650899,187.3902358585
1779904519.7508988,255.9838634769,1779904519.7508988,192.50754919
1779904519.850899,187.2905602105,1779904519.850899,201.4952702551
1779904519.950899,218.2104412219,1779904519.950899,201.3469606698
1779904520.0508988,250.6176046503,1779904520.0508988,201.2128733229
1779904520.150899,246.5589978305,1779904520.150899,208.5318493656
1779904520.2508988,236.0469377834,1779904520.2508988,211.5299467491
1779904520.350899,210.200354428,1779904520.350899,211.8282553934
1779904520.450899,200.2510164991,1779904520.450899,208.4493965647
1779904520.5508988,265.3731467048,1779904520.5508988,198.9590225524
1779904520.650899,240.0369561133,1779904520.650899,199.0619405744
1779904520.7508988,236.3504745354,1779904520.7508988,199.1551566556
1779904520.850899,204.1057550404,1779904520.850899,199.2393460594
1779904520.950899,311.7652649551,1779904520.950899,208.156143496
1779904521.0508988,224.4648445148,1779904521.0508988,210.2612284994
1779904521.150899,213.6171028060,1779904521.150899,209.8858820698
1779904521.2508988,243.3398884489,1779904521.2508988,207.7107511337
1779904521.350899,270.3341265381,1779904521.350899,204.3048089708
1779904521.450899,217.5344130973,1779904521.450899,197.7221461359
1779904521.5508988,264.6063359592,1779904521.5508988,197.9482472131
1779904521.650899,216.6172563651,1779904521.650899,198.1525803372
1779904521.7508988,231.3336937578,1779904521.7508988,198.3369012262
1779904521.850899,252.4088251066,1779904521.850899,198.5030005649
1779904521.950899,248.0172987492,1779904521.950899,198.6525952391
1779904522.0508988,245.9286328478,1779904522.0508988,191.6481684239
1779904522.150899,217.7157612271,1779904522.150899,189.8080425157
1779904522.2508988,241.284680508,1779904522.2508988,187.3364688481
1779904522.350899,221.4354964924,1779904522.350899,183.8573198795
1779904522.450899,223.3503198943,1779904522.450899,184.4459736767
1779904522.5508988,202.6319343332,1779904522.5508988,185.2255094417
1779904522.650899,214.349420199,1779904522.650899,187.3466614999
1779904522.7508988,202.3779683751,1779904522.7508988,189.9527527239
1779904522.850899,207.2784225268,1779904522.850899,190.3079876565
1779904522.950899,223.1605900002,1779904522.950899,190.4801937985
1779904523.0508988,206.1321711942,1779904523.0508988,196.282829313
1779904523.150899,233.5076749204,1779904523.150899,196.8972664841
1779904523.2508988,211.5625771756,1779904523.2508988,195.9312660424
1779904523.350899,208.8345725389,1779904523.350899,196.4840009163
1779904523.450899,203.7504523504,1779904523.450899,204.0404505336
1779904523.5508988,189.1661497687,1779904523.5508988,203.6420800288
1779904523.650899,218.3867779012,1779904523.650899,195.2661822883
1779904523.7508988,185.4097737579,1779904523.7508988,192.4043291990
1779904523.850899,186.237407212,1779904523.850899,193.8002350531
1779904523.950899,224.1610153579,1779904523.950899,194.5564073966
1779904524.0508988,211.5496841388,1779904524.0508988,203.9679762340
1779904524.150899,213.4729862937,1779904524.150899,203.5739143698
1779904524.2508988,232.4104501271,1779904524.2508988,203.2178908124
1779904524.350899,237.2260878207,1779904524.350899,202.8967856709
1779904524.450899,235.4765982373,1779904524.450899,211.0581063039
1779904524.5508988,239.4591946810,1779904524.5508988,209.1439303447
1779904524.650899,227.3033425078,1779904524.650899,208.3689492671
1779904524.7508988,234.4106678327,1779904524.7508988,207.35490194
1779904524.850899,257.2580956729,1779904524.850899,200.5532379588
1779904524.950899,219.0339135994,1779904524.950899,209.5181351256
1779904525.0508988,231.8114322721,1779904525.0508988,212.2932707066
1779904525.150899,239.2241988562,1779904525.150899,214.8667763588
1779904525.2508988,232.6903804850,1779904525.2508988,216.5667124318
1779904525.350899,240.6630289504,1779904525.350899,214.3021252647
1779904525.450899,218.6072374271,1779904525.450899,212.7821454874
1779904525.5508988,256.2488344527,1779904525.5508988,208.8594249213
1779904525.650899,193.2334477985,1779904525.650899,208.1356694727
1779904525.7508988,218.1166758057,1779904525.7508988,205.9569134208
1779904525.850899,242.1432986446,1779904525.850899,195.9935385421
1779904525.950899,237.6640381021,1779904525.950899,196.3896742611
1779904526.0508988,221.6827422505,1779904526.0508988,188.090995412
1779904526.150899,320.9236290409,1779904526.150899,187.2924003958
1779904526.2508988,250.1091953188,1779904526.2508988,191.2852140781
1779904526.350899,225.6634828012,1779904526.350899,198.5647099570
1779904526.450899,297.2741856007,1779904526.450899,198.7079522041
1779904526.5508988,220.2794644079,1779904526.5508988,192.7510505969
1779904526.650899,221.5102449725,1779904526.650899,188.7974952664
1779904526.7508988,238.4813270131,1779904526.7508988,187.9994771633
1779904526.850899,238.320862932,1779904526.850899,186.2165069618
1779904526.950899,259.8464063086,1779904526.950899,183.3891907071
1779904527.0508988,244.5622144451,1779904527.0508988,181.3009520622
1779904527.150899,228.6865747534,1779904527.150899,181.5233905798
1779904527.2508988,188.4770789733,1779904527.2508988,184.8820386547
1779904527.350899,257.6251585653,1779904527.350899,188.4326832611
1779904527.450899,288.4207058426,1779904527.450899,191.7888596790
1779904527.5508988,240.5440808392,1779904527.5508988,204.7550368730
1779904527.650899,250.1499189091,1779904527.650899,204.2845973888
1779904527.7508988,228.6952217913,1779904527.7508988,203.8586697514
1779904527.850899,216.4628024957,1779904527.850899,203.4740688271
1779904527.950899,285.7042805464,1779904527.950899,217.2368471049
1779904528.0508988,234.1753377968,1779904528.0508988,224.2648190691
1779904528.150899,242.7947239088,1779904528.150899,228.0442599500
1779904528.2508988,227.8554275703,1779904528.2508988,230.3516426763
1779904528.350899,187.5663290600,1779904528.350899,229.6967200047
1779904528.450899,229.2229339283,1779904528.450899,226.8256709642
1779904528.5508988,255.1897651368,1779904528.5508988,223.080025884
1779904528.650899,245.5088402492,1779904528.650899,221.8718250398
1779904528.7508988,210.1113462777,1779904528.7508988,217.3021961687
1779904528.850899,234.9018766931,1779904528.850899,210.8060147142
1779904528.950899,212.9929123108,1779904528.950899,205.4845926595
1779904529.0508988,252.3665878615,1779904529.0508988,195.2050511208
1779904529.150899,275.3676070077,1779904529.150899,195.6771077269
1779904529.2508988,208.1379083524,1779904529.2508988,196.1056778132
1779904529.350899,212.6466166165,1779904529.350899,187.1558141788
1779904529.450899,211.6836645771,1779904529.450899,188.6195648049
1779904529.5508988,232.8406095778,1779904529.5508988,197.7721786669
1779904529.650899,226.3874300522,1779904529.650899,197.9946198447
1779904529.7508988,242.9058805984,1779904529.7508988,198.1949873825
1779904529.850899,215.0933668762,1779904529.850899,192.2961254844
1779904529.950899,229.9299806936,1779904529.950899,187.5413195133
1779904530.0508988,238.8368119313,1779904530.0508988,185.9922899344
1779904530.150899,253.9150762971,1779904530.150899,186.6090139637
1779904530.2508988,219.0814977670,1779904530.2508988,194.5036177125
1779904530.350899,212.7598275544,1779904530.350899,201.2269719142
1779904530.450899,260.7049349295,1779904530.450899,201.1059741839
1779904530.5508988,249.4190523659,1779904530.5508988,200.9962264960
1779904530.650899,329.5253579708,1779904530.650899,208.7873890761
1779904530.7508988,227.1277758233,1779904530.7508988,211.1593978781
1779904530.850899,299.1545043369,1779904530.850899,214.8114536858
1779904530.950899,210.5493770798,1779904530.950899,211.8310799537
1779904531.0508988,226.5194620418,1779904531.0508988,208.8720231821
1779904531.150899,238.3123473346,1779904531.150899,204.4670943823
1779904531.2508988,240.6826504362,1779904531.2508988,198.0311041186
1779904531.350899,258.5532999617,1779904531.350899,198.2260989523
1779904531.450899,236.8828118405,1779904531.450899,198.4025416798
1779904531.5508988,241.7171385399,1779904531.5508988,208.2121366577
1779904531.650899,237.8688879598,1779904531.650899,207.2876270991
1779904531.7508988,217.3018700397,1779904531.7508988,207.9696623428
1779904531.850899,198.4452103405,1779904531.850899,204.8486568050
1779904531.950899,256.4174047107,1779904531.950899,197.3623155359
1779904532.0508988,212.2010516014,1779904532.0508988,197.6246110636
1779904532.150899,239.1272574981,1779904532.150899,197.8614134979
1779904532.2508988,180.7453904921,1779904532.2508988,191.6246513464
1779904532.350899,264.7089430965,1779904532.350899,188.7495470509
1779904532.450899,214.5248267458,1779904532.450899,188.1282902246
1779904532.5508988,235.9583770729,1779904532.5508988,187.3018062975
1779904532.650899,210.7301049656,1779904532.650899,186.2966946742
1779904532.7508988,204.2408196229,1779904532.7508988,188.8485252981
1779904532.850899,263.8858715589,1779904532.850899,186.4426730248
1779904532.950899,237.5996207779,1779904532.950899,185.2581045898
1779904533.0508988,195.7541475106,1779904533.0508988,187.7064782999
1779904533.150899,199.8248784021,1779904533.150899,187.5529199281
1779904533.2508988,201.8133551202,1779904533.2508988,184.3412660813
1779904533.350899,187.6478675012,1779904533.350899,182.6009922755
1779904533.450899,175.6872944259,1779904533.450899,177.3254254274
1779904533.5508988,199.8090588880,1779904533.5508988,173.6038641349
1779904533.650899,213.2841349481,1779904533.650899,166.8566533217
1779904533.7508988,184.547415008,1779904533.7508988,161.9463674113
1779904533.850899,202.7994614770,1779904533.850899,162.9049129269
1779904533.950899,201.4818308403,1779904533.950899,167.4472547077
1779904534.0508988,232.3474504304,1779904534.0508988,169.5738643448
1779904534.150899,209.5957446787,1779904534.150899,171.5491004868
1779904534.2508988,209.2175484859,1779904534.2508988,174.6734196224
1779904534.350899,199.8255316725,1779904534.350899,177.8540004241
1779904534.450899,196.8689338969,1779904534.450899,180.2009977060
1779904534.5508988,242.9284728068,1779904534.5508988,179.8746620615
1779904534.650899,190.4626996159,1779904534.650899,179.4801936284
1779904534.7508988,205.9475855083,1779904534.7508988,180.3210592299
1779904534.850899,212.9726509734,1779904534.850899,177.0933202586
1779904534.950899,231.1185792376,1779904534.950899,177.6735446911
1779904535.0508988,229.4678140583,1779904535.0508988,179.7352504273
1779904535.150899,238.5028643747,1779904535.150899,181.9821556913
1779904535.2508988,188.7365943466,1779904535.2508988,182.0849225583
1779904535.350899,226.1661182056,1779904535.350899,179.3293120474
1779904535.450899,184.5159906447,1779904535.450899,180.0920271576
1779904535.5508988,232.4771806581,1779904535.5508988,183.6582673476
1779904535.650899,232.4771806581,1779904535.650899,0.
1779904535.7508988,232.4771806581,1779904535.7508988,0.
1779904535.850899,232.4771806581,1779904535.850899,0.
1779904535.950899,232.4771806581,1779904535.950899,0.
1779904536.0508988,232.4771806581,1779904536.0508988,0.
1779904536.150899,232.4771806581,1779904536.150899,0.
1779904536.2508988,232.4771806581,1779904536.2508988,0.
1779904536.350899,232.4771806581,1779904536.350899,0.
1779904536.450899,232.4771806581,1779904536.450899,0.
1779904536.5508988,232.4771806581,1779904536.5508988,0.
1779904536.650899,232.4771806581,1779904536.650899,0.
1779904536.7508988,232.4771806581,1779904536.7508988,0.
1779904536.850899,232.4771806581,1779904536.850899,0.
1779904536.950899,232.4771806581,1779904536.950899,0.
1779904537.0508988,232.4771806581,1779904537.0508988,0.
1779904537.150899,232.4771806581,1779904537.150899,0.
1779904537.2508988,232.4771806581,1779904537.2508988,0.
1779904537.350899,232.4771806581,1779904537.350899,0.
1779904537.450899,232.4771806581,1779904537.450899,0.
1779904537.5508988,232.4771806581,1779904537.5508988,0.
1779904537.650899,232.4771806581,1779904537.650899,0.
1779904537.7508988,232.4771806581,1779904537.7508988,0.
1779904537.850899,232.4771806581,1779904537.850899,0.
1779904537.950899,232.4771806581,1779904537.950899,0.
1779904538.0508988,232.4771806581,1779904538.0508988,0.
1779904538.150899,232.4771806581,1779904538.150899,0.
1779904538.2508988,232.4771806581,1779904538.2508988,0.
1779904538.350899,232.4771806581,1779904538.350899,0.
1779904538.450899,232.4771806581,1779904538.450899,0.
1779904538.5508988,232.4771806581,1779904538.5508988,0.
1779904538.650899,232.4771806581,1779904538.650899,0.
1779904538.7508988,232.4771806581,1779904538.7508988,0.
1779904538.850899,232.4771806581,1779904538.850899,0.
1779904538.950899,232.4771806581,1779904538.950899,0.
1779904539.0508988,232.4771806581,1779904539.0508988,0.
1779904539.150899,232.4771806581,1779904539.150899,0.
1779904539.2508988,232.4771806581,1779904539.2508988,0.
1779904539.350899,232.4771806581,1779904539.350899,0.
1779904539.450899,232.4771806581,1779904539.450899,0.
1779904539.5508988,232.4771806581,1779904539.5508988,0.
1779904539.650899,232.4771806581,1779904539.650899,0.
1779904539.7508988,232.4771806581,1779904539.7508988,0.
1779904539.850899,232.4771806581,1779904539.850899,0.
1779904539.950899,232.4771806581,1779904539.950899,0.
1779904540.0508988,232.4771806581,1779904540.0508988,0.
1779904540.150899,232.4771806581,1779904540.150899,0.
1779904540.2508988,232.4771806581,1779904540.2508988,0.
1779904540.350899,232.4771806581,1779904540.350899,0.
1779904540.450899,232.4771806581,1779904540.450899,0.
1779904540.5508988,232.4771806581,1779904540.5508988,0.
1779904540.650899,232.4771806581,1779904540.650899,0.
1779904540.7508988,232.4771806581,1779904540.7508988,0.
1779904540.850899,232.4771806581,1779904540.850899,0.
1779904540.950899,232.4771806581,1779904540.950899,0.
1779904541.0508988,232.4771806581,1779904541.0508988,0.
1779904541.150899,232.4771806581,1779904541.150899,0.
1779904541.2508988,232.4771806581,1779904541.2508988,0.
1779904541.350899,232.4771806581,1779904541.350899,0.
1779904541.450899,232.4771806581,1779904541.450899,0.
1779904541.5508988,232.4771806581,1779904541.5508988,0.
1779904541.650899,232.4771806581,1779904541.650899,0.
1779904541.7508988,232.4771806581,1779904541.7508988,0.
1779904541.850899,232.4771806581,1779904541.850899,0.
1779904541.950899,232.4771806581,1779904541.950899,0.
1779904542.0508988,232.4771806581,1779904542.0508988,0.
1779904542.150899,232.4771806581,1779904542.150899,0.
1779904542.2508988,232.4771806581,1779904542.2508988,0.
1779904542.350899,232.4771806581,1779904542.350899,0.
1779904542.450899,232.4771806581,1779904542.450899,0.
1779904542.5508988,232.4771806581,1779904542.5508988,0.
1779904542.650899,232.4771806581,1779904542.650899,0.
1779904542.7508988,232.4771806581,1779904542.7508988,0.
1779904542.850899,232.4771806581,1779904542.850899,0.
1779904542.950899,232.4771806581,1779904542.950899,0.
1779904543.0508988,232.4771806581,1779904543.0508988,0.
1779904543.150899,232.4771806581,1779904543.150899,0.
1779904543.2508988,232.4771806581,1779904543.2508988,0.
1779904543.350899,232.4771806581,1779904543.350899,0.
1779904543.450899,232.4771806581,1779904543.450899,0.
1779904543.5508988,232.4771806581,1779904543.5508988,0.
1779904543.650899,232.4771806581,1779904543.650899,0.
1779904543.7508988,232.4771806581,1779904543.7508988,0.
1779904543.850899,232.4771806581,1779904543.850899,0.
1779904543.950899,232.4771806581,1779904543.950899,0.
1779904544.0508988,232.4771806581,1779904544.0508988,0.
1779904544.150899,232.4771806581,1779904544.150899,0.
1779904544.2508988,232.4771806581,1779904544.2508988,0.
1779904544.350899,232.4771806581,1779904544.350899,0.
1779904544.450899,232.4771806581,1779904544.450899,0.
1779904544.5508988,232.4771806581,1779904544.5508988,0.
1779904544.650899,232.4771806581,1779904544.650899,0.
1779904544.7508988,232.4771806581,1779904544.7508988,0.
1779904544.850899,232.4771806581,1779904544.850899,0.
1779904544.950899,232.4771806581,1779904544.950899,0.
1779904545.0508988,232.4771806581,1779904545.0508988,0.
1779904545.150899,232.4771806581,1779904545.150899,0.
1779904545.2508988,232.4771806581,1779904545.2508988,0.
1779904545.350899,232.4771806581,1779904545.350899,0.
1779904545.450899,232.4771806581,1779904545.450899,0.
1779904545.5508988,232.4771806581,1779904545.5508988,0.
1779904545.650899,232.4771806581,1779904545.650899,0.
1779904545.7508988,232.4771806581,1779904545.7508988,0.
1779904545.850899,232.4771806581,1779904545.850899,0.
1779904545.950899,232.4771806581,1779904545.950899,0.
1779904546.0508988,232.4771806581,1779904546.0508988,0.
1779904546.150899,232.4771806581,1779904546.150899,0.
1779904546.2508988,232.4771806581,1779904546.2508988,0.
1779904546.350899,232.4771806581,1779904546.350899,0.
1779904546.450899,232.4771806581,1779904546.450899,0.
1779904546.5508988,232.4771806581,1779904546.5508988,0.
1779904546.650899,232.4771806581,1779904546.650899,0.
1779904546.7508988,232.4771806581,1779904546.7508988,0.
1779904546.850899,232.4771806581,1779904546.850899,0.
1779904546.950899,232.4771806581,1779904546.950899,0.
1779904547.0508988,232.4771806581,1779904547.0508988,0.
1779904547.150899,232.4771806581,1779904547.150899,0.
1779904547.2508988,232.4771806581,1779904547.2508988,0.
1779904547.350899,232.4771806581,1779904547.350899,0.
1779904547.450899,232.4771806581,1779904547.450899,0.
1779904547.5508988,232.4771806581,1779904547.5508988,0.
1779904547.650899,232.4771806581,1779904547.650899,0.
1779904547.7508988,232.4771806581,1779904547.7508988,0.
1779904547.850899,232.4771806581,1779904547.850899,0.
1779904547.950899,232.4771806581,1779904547.950899,0.
1779904548.0508988,232.4771806581,1779904548.0508988,0.
1779904548.150899,232.4771806581,1779904548.150899,0.
1779904548.2508988,232.4771806581,1779904548.2508988,0.
1779904548.350899,232.4771806581,1779904548.350899,0.
1779904548.450899,232.4771806581,1779904548.450899,0.
1779904548.5508988,232.4771806581,1779904548.5508988,0.
1779904548.650899,232.4771806581,1779904548.650899,0.
1779904548.7508988,232.4771806581,1779904548.7508988,0.
1779904548.850899,232.4771806581,1779904548.850899,0.
1779904548.950899,232.4771806581,1779904548.950899,0.
1779904549.0508988,232.4771806581,1779904549.0508988,0.
1779904549.150899,232.4771806581,1779904549.150899,0.
1779904549.2508988,232.4771806581,1779904549.2508988,0.
1779904549.350899,232.4771806581,1779904549.350899,0.
1779904549.450899,232.4771806581,1779904549.450899,0.
1779904549.5508988,232.4771806581,1779904549.5508988,0.
1779904549.650899,232.4771806581,1779904549.650899,0.
1779904549.7508988,232.4771806581,1779904549.7508988,0.
1779904549.850899,232.4771806581,1779904549.850899,0.
1779904549.950899,232.4771806581,1779904549.950899,0.
1779904550.0508988,232.4771806581,1779904550.0508988,0.
1779904550.150899,232.4771806581,1779904550.150899,0.
1779904550.2508988,232.4771806581,1779904550.2508988,0.
1779904550.350899,232.4771806581,1779904550.350899,0.
1779904550.450899,232.4771806581,1779904550.450899,0.
1779904550.5508988,232.4771806581,1779904550.5508988,0.
1779904550.650899,232.4771806581,1779904550.650899,0.
1779904550.7508988,232.4771806581,1779904550.7508988,0.
1779904550.850899,232.4771806581,1779904550.850899,0.
1779904550.950899,232.4771806581,1779904550.950899,0.
1779904551.0508988,232.4771806581,1779904551.0508988,0.
1779904551.150899,232.4771806581,1779904551.150899,0.
1779904551.2508988,232.4771806581,1779904551.2508988,0.
1779904551.350899,232.4771806581,1779904551.350899,0.
1779904551.450899,232.4771806581,1779904551.450899,0.
1779904551.5508988,232.4771806581,1779904551.5508988,0.
1779904551.650899,232.4771806581,1779904551.650899,0.
1779904551.7508988,232.4771806581,1779904551.7508988,0.
1779904551.850899,232.4771806581,1779904551.850899,0.
1779904551.950899,232.4771806581,1779904551.950899,0.
1779904552.0508988,232.4771806581,1779904552.0508988,0.
1779904552.150899,232.4771806581,1779904552.150899,0.
1779904552.2508988,232.4771806581,1779904552.2508988,0.
1779904552.350899,232.4771806581,1779904552.350899,0.
1779904552.450899,232.4771806581,1779904552.450899,0.
1779904552.5508988,232.4771806581,1779904552.5508988,0.
1779904552.650899,232.4771806581,1779904552.650899,0.
1779904552.7508988,232.4771806581,1779904552.7508988,0.
1779904552.850899,232.4771806581,1779904552.850899,0.
1779904552.950899,232.4771806581,1779904552.950899,0.
1779904553.0508988,232.4771806581,1779904553.0508988,0.
1779904553.150899,232.4771806581,1779904553.150899,0.
1779904553.2508988,232.4771806581,1779904553.2508988,0.
1779904553.350899,232.4771806581,1779904553.350899,0.
1779904553.450899,232.4771806581,1779904553.450899,0.
1779904553.5508988,232.4771806581,1779904553.5508988,0.
1779904553.650899,232.4771806581,1779904553.650899,0.
1779904553.7508988,232.4771806581,1779904553.7508988,0.
1779904553.850899,232.4771806581,1779904553.850899,0.
1779904553.950899,232.4771806581,1779904553.950899,0.
1779904554.0508988,232.4771806581,1779904554.0508988,0.
1779904554.150899,232.4771806581,1779904554.150899,0.
1779904554.2508988,232.4771806581,1779904554.2508988,0.
1779904554.350899,232.4771806581,1779904554.350899,0.
1779904554.450899,232.4771806581,1779904554.450899,0.
1779904554.5508988,232.4771806581,1779904554.5508988,0.
1779904554.650899,232.4771806581,1779904554.650899,0.
1779904554.7508988,232.4771806581,1779904554.7508988,0.
1779904554.850899,232.4771806581,1779904554.850899,0.
1779904554.950899,232.4771806581,1779904554.950899,0.
1779904555.0508988,232.4771806581,1779904555.0508988,0.
1779904555.150899,232.4771806581,1779904555.150899,0.
1779904555.2508988,232.4771806581,1779904555.2508988,0.
1779904555.350899,232.4771806581,1779904555.350899,0.
1779904555.450899,232.4771806581,1779904555.450899,0.
1779904555.5508988,232.4771806581,1779904555.5508988,0.
1779904555.650899,232.4771806581,1779904555.650899,0.
1779904555.7508988,232.4771806581,1779904555.7508988,0.
1779904555.850899,232.4771806581,1779904555.850899,0.
1779904555.950899,232.4771806581,1779904555.950899,0.
1779904556.0508988,232.4771806581,1779904556.0508988,0.
1779904556.150899,232.4771806581,1779904556.150899,0.
1779904556.2508988,232.4771806581,1779904556.2508988,0.
1779904556.350899,232.4771806581,1779904556.350899,0.
1779904556.450899,232.4771806581,1779904556.450899,0.
1779904556.5508988,232.4771806581,1779904556.5508988,0.
1779904556.650899,232.4771806581,1779904556.650899,0.
1779904556.7508988,232.4771806581,1779904556.7508988,0.
1779904556.850899,232.4771806581,1779904556.850899,0.
1779904556.950899,232.4771806581,1779904556.950899,0.
1779904557.0508988,232.4771806581,1779904557.0508988,0.
1779904557.150899,232.4771806581,1779904557.150899,0.
1779904557.2508988,232.4771806581,1779904557.2508988,0.
1779904557.350899,232.4771806581,1779904557.350899,0.
1779904557.450899,232.4771806581,1779904557.450899,0.
1779904557.5508988,232.4771806581,1779904557.5508988,0.
1779904557.650899,232.4771806581,1779904557.650899,0.
1779904557.7508988,232.4771806581,1779904557.7508988,0.
1779904557.850899,232.4771806581,1779904557.850899,0.
1779904557.950899,232.4771806581,1779904557.950899,0.
1779904558.0508988,232.4771806581,1779904558.0508988,0.
1779904558.150899,232.4771806581,1779904558.150899,0.
1779904558.2508988,232.4771806581,1779904558.2508988,0.
1779904558.350899,232.4771806581,1779904558.350899,0.
1779904558.450899,232.4771806581,1779904558.450899,0.
1779904558.5508988,232.4771806581,1779904558.5508988,0.
1779904558.650899,232.4771806581,1779904558.650899,0.
1779904558.7508988,232.4771806581,1779904558.7508988,0.
1779904558.850899,232.4771806581,1779904558.850899,0.
1779904558.950899,232.4771806581,1779904558.950899,0.
1779904559.0508988,232.4771806581,1779904559.0508988,0.
1779904559.150899,232.4771806581,1779904559.150899,0.
1779904559.2508988,232.4771806581,1779904559.2508988,0.
1779904559.350899,232.4771806581,1779904559.350899,0.
1779904559.450899,232.4771806581,1779904559.450899,0.
1779904559.5508988,232.4771806581,1779904559.5508988,0.
1779904559.650899,232.4771806581,1779904559.650899,0.
1779904559.7508988,232.4771806581,1779904559.7508988,0.
1779904559.850899,232.4771806581,1779904559.850899,0.
1779904559.950899,232.4771806581,1779904559.950899,0.
1779904560.0508988,232.4771806581,1779904560.0508988,0.
1779904560.150899,232.4771806581,1779904560.150899,0.
1779904560.2508988,232.4771806581,1779904560.2508988,0.
1779904560.350899,232.4771806581,1779904560.350899,0.
1779904560.450899,232.4771806581,1779904560.450899,0.
1779904560.5508988,232.4771806581,1779904560.5508988,0.
1779904560.650899,232.4771806581,1779904560.650899,0.
1779904560.7508988,232.4771806581,1779904560.7508988,0.
1779904560.850899,232.4771806581,1779904560.850899,0.
1779904560.950899,232.4771806581,1779904560.950899,0.
1779904561.0508988,232.4771806581,1779904561.0508988,0.
1779904561.150899,232.4771806581,1779904561.150899,0.
1779904561.2508988,232.4771806581,1779904561.2508988,0.
1779904561.350899,232.4771806581,1779904561.350899,0.
1779904561.450899,232.4771806581,1779904561.450899,0.
1779904561.5508988,232.4771806581,1779904561.5508988,0.
1779904561.650899,232.4771806581,1779904561.650899,0.
1779904561.7508988,232.4771806581,1779904561.7508988,0.
1779904561.850899,232.4771806581,1779904561.850899,0.
1779904561.950899,232.4771806581,1779904561.950899,0.
1779904562.0508988,232.4771806581,1779904562.0508988,0.
1779904562.150899,232.4771806581,1779904562.150899,0.
1779904562.2508988,232.4771806581,1779904562.2508988,0.
1779904562.350899,232.4771806581,1779904562.350899,0.
1779904562.450899,232.4771806581,1779904562.450899,0.
1779904562.5508988,232.4771806581,1779904562.5508988,0.
1779904562.650899,232.4771806581,1779904562.650899,0.
1779904562.7508988,232.4771806581,1779904562.7508988,0.
1779904562.850899,232.4771806581,1779904562.850899,0.
1779904562.950899,232.4771806581,1779904562.950899,0.
1779904563.0508988,232.4771806581,1779904563.0508988,0.
1779904563.150899,232.4771806581,1779904563.150899,0.
1779904563.2508988,232.4771806581,1779904563.2508988,0.
1779904563.350899,232.4771806581,1779904563.350899,0.
1779904563.450899,232.4771806581,1779904563.450899,0.
1779904563.5508988,232.4771806581,1779904563.5508988,0.
1779904563.650899,232.4771806581,1779904563.650899,0.
1779904563.7508988,232.4771806581,1779904563.7508988,0.
1779904563.850899,232.4771806581,1779904563.850899,0.
1779904563.950899,232.4771806581,1779904563.950899,0.
1779904564.0508988,232.4771806581,1779904564.0508988,0.
1779904564.150899,232.4771806581,1779904564.150899,0.
1779904564.2508988,232.4771806581,1779904564.2508988,0.
1779904564.350899,232.4771806581,1779904564.350899,0.
1779904564.450899,232.4771806581,1779904564.450899,0.
1779904564.5508988,232.4771806581,1779904564.5508988,0.
1779904564.650899,232.4771806581,1779904564.650899,0.
1779904564.7508988,232.4771806581,1779904564.7508988,0.
1779904564.850899,232.4771806581,1779904564.850899,0.
1779904564.950899,232.4771806581,1779904564.950899,0.
1779904565.0508988,232.4771806581,1779904565.0508988,0.
1779904565.150899,232.4771806581,1779904565.150899,0.
1779904565.2508988,232.4771806581,1779904565.2508988,0.
1779904565.350899,232.4771806581,1779904565.350899,0.
1779904565.450899,232.4771806581,1779904565.450899,0.
1779904565.5508988,232.4771806581,1779904565.5508988,0.
1779904565.650899,232.4771806581,1779904565.650899,0.
1779904565.7508988,232.4771806581,1779904565.7508988,0.
1779904565.850899,232.4771806581,1779904565.850899,0.
1779904565.950899,232.4771806581,1779904565.950899,0.
1779904566.0508988,232.4771806581,1779904566.0508988,0.
1779904566.150899,232.4771806581,1779904566.150899,0.
1779904566.2508988,232.4771806581,1779904566.2508988,0.
1779904566.350899,232.4771806581,1779904566.350899,0.
1779904566.450899,232.4771806581,1779904566.450899,0.
1779904566.5508988,232.4771806581,1779904566.5508988,0.
1779904566.650899,232.4771806581,1779904566.650899,0.
1779904566.7508988,232.4771806581,1779904566.7508988,0.
1779904566.850899,232.4771806581,1779904566.850899,0.
1779904566.950899,232.4771806581,1779904566.950899,0.
1779904567.0508988,232.4771806581,1779904567.0508988,0.
1779904567.150899,232.4771806581,1779904567.150899,0.
1779904567.2508988,232.4771806581,1779904567.2508988,0.
1779904567.350899,232.4771806581,1779904567.350899,0.
1779904567.450899,232.4771806581,1779904567.450899,0.
1779904567.5508988,232.4771806581,1779904567.5508988,0.
1779904567.650899,232.4771806581,1779904567.650899,0.
1779904567.7508988,232.4771806581,1779904567.7508988,0.
1779904567.850899,232.4771806581,1779904567.850899,0.
1779904567.950899,232.4771806581,1779904567.950899,0.
1779904568.0508988,232.4771806581,1779904568.0508988,0.
1779904568.150899,232.4771806581,1779904568.150899,0.
1779904568.2508988,232.4771806581,1779904568.2508988,0.
1779904568.350899,232.4771806581,1779904568.350899,0.
1779904568.450899,232.4771806581,1779904568.450899,0.
1779904568.5508988,232.4771806581,1779904568.5508988,0.
1779904568.650899,232.4771806581,1779904568.650899,0.
1779904568.7508988,232.4771806581,1779904568.7508988,0.
1779904568.850899,232.4771806581,1779904568.850899,0.
1779904568.950899,232.4771806581,1779904568.950899,0.
1779904569.0508988,232.4771806581,1779904569.0508988,0.
1779904569.150899,232.4771806581,1779904569.150899,0.
1779904569.2508988,232.4771806581,1779904569.2508988,0.
1779904569.350899,232.4771806581,1779904569.350899,0.
1779904569.450899,232.4771806581,1779904569.450899,0.
1779904569.5508988,232.4771806581,1779904569.5508988,0.
1779904569.650899,232.4771806581,1779904569.650899,0.
1779904569.7508988,232.4771806581,1779904569.7508988,0.
1779904569.850899,232.4771806581,1779904569.850899,0.
1779904569.950899,232.4771806581,1779904569.950899,0.
1779904570.0508988,232.4771806581,1779904570.0508988,0.
1779904570.150899,232.4771806581,1779904570.150899,0.
1779904570.2508988,232.4771806581,1779904570.2508988,0.
1779904570.350899,232.4771806581,1779904570.350899,0.
1779904570.450899,232.4771806581,1779904570.450899,0.
1779904570.5508988,232.4771806581,1779904570.5508988,0.
1779904570.650899,232.4771806581,1779904570.650899,0.
1779904570.7508988,232.4771806581,1779904570.7508988,0.
1779904570.850899,232.4771806581,1779904570.850899,0.
1779904570.950899,232.4771806581,1779904570.950899,0.
1779904571.0508988,232.4771806581,1779904571.0508988,0.
1779904571.150899,232.4771806581,1779904571.150899,0.
1779904571.2508988,232.4771806581,1779904571.2508988,0.
1779904571.350899,232.4771806581,1779904571.350899,0.
1779904571.450899,232.4771806581,1779904571.450899,0.
1779904571.5508988,232.4771806581,1779904571.5508988,0.
1779904571.650899,232.4771806581,1779904571.650899,0.
1779904571.7508988,232.4771806581,1779904571.7508988,0.
1779904571.850899,232.4771806581,1779904571.850899,0.
1779904571.950899,232.4771806581,1779904571.950899,0.
1779904572.0508988,232.4771806581,1779904572.0508988,0.
1779904572.150899,232.4771806581,1779904572.150899,0.
1779904572.2508988,232.4771806581,1779904572.2508988,0.
1779904572.350899,232.4771806581,1779904572.350899,0.
1779904572.450899,232.4771806581,1779904572.450899,0.
1779904572.5508988,232.4771806581,1779904572.5508988,0.
1779904572.650899,232.4771806581,1779904572.650899,0.
1779904572.7508988,232.4771806581,1779904572.7508988,0.
1779904572.850899,232.4771806581,1779904572.850899,0.
1779904572.950899,232.4771806581,1779904572.950899,0.
1779904573.0508988,232.4771806581,1779904573.0508988,0.
1779904573.150899,232.4771806581,1779904573.150899,0.
1779904573.2508988,232.4771806581,1779904573.2508988,0.
1779904573.350899,232.4771806581,1779904573.350899,0.
1779904573.450899,232.4771806581,1779904573.450899,0.
1779904573.5508988,232.4771806581,1779904573.5508988,0.
1779904573.650899,232.4771806581,1779904573.650899,0.
1779904573.7508988,232.4771806581,1779904573.7508988,0.
1779904573.850899,232.4771806581,1779904573.850899,0.
1779904573.950899,232.4771806581,1779904573.950899,0.
1779904574.0508988,232.4771806581,1779904574.0508988,0.
1779904574.150899,232.4771806581,1779904574.150899,0.
1779904574.2508988,232.4771806581,1779904574.2508988,0.
1779904574.350899,232.4771806581,1779904574.350899,0.
1779904574.450899,232.4771806581,1779904574.450899,0.
1779904574.5508988,232.4771806581,1779904574.5508988,0.
1779904574.650899,232.4771806581,1779904574.650899,0.
1779904574.7508988,232.4771806581,1779904574.7508988,0.
1779904574.850899,232.4771806581,1779904574.850899,0.
1779904574.950899,232.4771806581,1779904574.950899,0.
1779904575.0508988,232.4771806581,1779904575.0508988,0.
1779904575.150899,232.4771806581,1779904575.150899,0.
1779904575.2508988,232.4771806581,1779904575.2508988,0.
1779904575.350899,232.4771806581,1779904575.350899,0.
1779904575.450899,232.4771806581,1779904575.450899,0.
1779904575.5508988,232.4771806581,1779904575.5508988,0.
1779904575.650899,232.4771806581,1779904575.650899,0.
1779904575.7508988,232.4771806581,1779904575.7508988,0.
1779904575.850899,232.4771806581,1779904575.850899,0.
1779904575.950899,232.4771806581,1779904575.950899,0.
1779904576.0508988,232.4771806581,1779904576.0508988,0.
1779904576.150899,232.4771806581,1779904576.150899,0.
1779904576.2508988,232.4771806581,1779904576.2508988,0.
1779904576.350899,232.4771806581,1779904576.350899,0.
1779904576.450899,232.4771806581,1779904576.450899,0.
1779904576.5508988,232.4771806581,1779904576.5508988,0.
1779904576.650899,232.4771806581,1779904576.650899,0.
1779904576.7508988,232.4771806581,1779904576.7508988,0.
1779904576.850899,232.4771806581,1779904576.850899,0.
1779904576.950899,232.4771806581,1779904576.950899,0.
1779904577.0508988,232.4771806581,1779904577.0508988,0.
1779904577.150899,232.4771806581,1779904577.150899,0.
1779904577.2508988,232.4771806581,1779904577.2508988,0.
1779904577.350899,232.4771806581,1779904577.350899,0.
1779904577.450899,232.4771806581,1779904577.450899,0.
1779904577.5508988,232.4771806581,1779904577.5508988,0.
1779904577.650899,232.4771806581,1779904577.650899,0.
1779904577.7508988,232.4771806581,1779904577.7508988,0.
1779904577.850899,232.4771806581,1779904577.850899,0.
1779904577.950899,232.4771806581,1779904577.950899,0.
1779904578.0508988,232.4771806581,1779904578.0508988,0.
1779904578.150899,232.4771806581,1779904578.150899,0.
1779904578.2508988,232.4771806581,1779904578.2508988,0.
1779904578.350899,232.4771806581,1779904578.350899,0.
1779904578.450899,232.4771806581,1779904578.450899,0.
1779904578.5508988,232.4771806581,1779904578.5508988,0.
1779904578.650899,232.4771806581,1779904578.650899,0.
1779904578.7508988,232.4771806581,1779904578.7508988,0.
1779904578.850899,232.4771806581,1779904578.850899,0.
1779904578.950899,232.4771806581,1779904578.950899,0.
1779904579.0508988,232.4771806581,1779904579.0508988,0.
1779904579.150899,232.4771806581,1779904579.150899,0.
1779904579.2508988,232.4771806581,1779904579.2508988,0.
1779904579.350899,232.4771806581,1779904579.350899,0.
1779904579.450899,232.4771806581,1779904579.450899,0.
1779904579.5508988,232.4771806581,1779904579.5508988,0.
1779904579.650899,232.4771806581,1779904579.650899,0.
1779904579.7508988,232.4771806581,1779904579.7508988,0.
1779904579.850899,232.4771806581,1779904579.850899,0.
1779904579.950899,232.4771806581,1779904579.950899,0.
1779904580.0508988,232.4771806581,1779904580.0508988,0.
1779904580.150899,232.4771806581,1779904580.150899,0.
1779904580.2508988,232.4771806581,1779904580.2508988,0.
1779904580.350899,232.4771806581,1779904580.350899,0.
1779904580.450899,232.4771806581,1779904580.450899,0.
1779904580.5508988,232.4771806581,1779904580.5508988,0.
1779904580.650899,232.4771806581,1779904580.650899,0.
1779904580.7508988,232.4771806581,1779904580.7508988,0.
1779904580.850899,232.4771806581,1779904580.850899,0.
1779904580.950899,232.4771806581,1779904580.950899,0.
1779904581.0508988,232.4771806581,1779904581.0508988,0.
1779904581.150899,232.4771806581,1779904581.150899,0.
1779904581.2508988,232.4771806581,1779904581.2508988,0.
1779904581.350899,232.4771806581,1779904581.350899,0.
1779904581.450899,232.4771806581,1779904581.450899,0.
1779904581.5508988,232.4771806581,1779904581.5508988,0.
1779904581.650899,232.4771806581,1779904581.650899,0.
1779904581.7508988,232.4771806581,1779904581.7508988,0.
1779904581.850899,232.4771806581,1779904581.850899,0.
1779904581.950899,232.4771806581,1779904581.950899,0.
1779904582.0508988,232.4771806581,1779904582.0508988,0.
1779904582.150899,232.4771806581,1779904582.150899,0.
1779904582.2508988,232.4771806581,1779904582.2508988,0.
1779904582.350899,232.4771806581,1779904582.350899,0.
1779904582.450899,232.4771806581,1779904582.450899,0.
1779904582.5508988,232.4771806581,1779904582.5508988,0.
1779904582.650899,232.4771806581,1779904582.650899,0.
1779904582.7508988,232.4771806581,1779904582.7508988,0.
1779904582.850899,232.4771806581,1779904582.850899,0.
1779904582.950899,232.4771806581,1779904582.950899,0.
1779904583.0508988,232.4771806581,1779904583.0508988,0.
1779904583.150899,232.4771806581,1779904583.150899,0.
1779904583.2508988,232.4771806581,1779904583.2508988,0.
1779904583.350899,232.4771806581,1779904583.350899,0.
1779904583.450899,232.4771806581,1779904583.450899,0.
1779904583.5508988,232.4771806581,1779904583.5508988,0.
1779904583.650899,232.4771806581,1779904583.650899,0.
1779904583.7508988,232.4771806581,1779904583.7508988,0.
1779904583.850899,232.4771806581,1779904583.850899,0.
1779904583.950899,232.4771806581,1779904583.950899,0.
1779904584.0508988,232.4771806581,1779904584.0508988,0.
1779904584.150899,232.4771806581,1779904584.150899,0.
1779904584.2508988,232.4771806581,1779904584.2508988,0.
1779904584.350899,232.4771806581,1779904584.350899,0.
1779904584.450899,232.4771806581,1779904584.450899,0.
1779904584.5508988,232.4771806581,1779904584.5508988,0.
1779904584.650899,232.4771806581,1779904584.650899,0.
1779904584.7508988,232.4771806581,1779904584.7508988,0.
1779904584.850899,232.4771806581,1779904584.850899,0.
1779904584.950899,232.4771806581,1779904584.950899,0.
1779904585.0508988,232.4771806581,1779904585.0508988,0.
1779904585.150899,232.4771806581,1779904585.150899,0.
1779904585.2508988,232.4771806581,1779904585.2508988,0.
1779904585.350899,232.4771806581,1779904585.350899,0.
1779904585.450899,232.4771806581,1779904585.450899,0.
1779904585.5508988,232.4771806581,1779904585.5508988,0.
1779904585.650899,232.4771806581,1779904585.650899,0.
1779904585.7508988,232.4771806581,1779904585.7508988,0.
1779904585.850899,232.4771806581,1779904585.850899,0.
1779904585.950899,232.4771806581,1779904585.950899,0.
1779904586.0508988,232.4771806581,1779904586.0508988,0.
1779904586.150899,232.4771806581,1779904586.150899,0.
1779904586.2508988,232.4771806581,1779904586.2508988,0.
1779904586.350899,232.4771806581,1779904586.350899,0.
1779904586.450899,232.4771806581,1779904586.450899,0.
1779904586.5508988,232.4771806581,1779904586.5508988,0.
1779904586.650899,232.4771806581,1779904586.650899,0.
1779904586.7508988,232.4771806581,1779904586.7508988,0.
1779904586.850899,232.4771806581,1779904586.850899,0.
1779904586.950899,232.4771806581,1779904586.950899,0.
1779904587.0508988,232.4771806581,1779904587.0508988,0.
1779904587.150899,232.4771806581,1779904587.150899,0.
1779904587.2508988,232.4771806581,1779904587.2508988,0.
1779904587.350899,232.4771806581,1779904587.350899,0.
1779904587.450899,232.4771806581,1779904587.450899,0.
1779904587.5508988,232.4771806581,1779904587.5508988,0.
1779904587.650899,232.4771806581,1779904587.650899,0.
1779904587.7508988,232.4771806581,1779904587.7508988,0.
1779904587.850899,232.4771806581,1779904587.850899,0.
1779904587.950899,232.4771806581,1779904587.950899,0.
1779904588.0508988,232.4771806581,1779904588.0508988,0.
1779904588.150899,232.4771806581,1779904588.150899,0.
1779904588.2508988,232.4771806581,1779904588.2508988,0.
1779904588.350899,232.4771806581,1779904588.350899,0.
1779904588.450899,232.4771806581,1779904588.450899,0.
1779904588.5508988,232.4771806581,1779904588.5508988,0.
1779904588.650899,232.4771806581,1779904588.650899,0.
1779904588.7508988,232.4771806581,1779904588.7508988,0.
1779904588.850899,232.4771806581,1779904588.850899,0.
1779904588.950899,232.4771806581,1779904588.950899,0.
1779904589.0508988,232.4771806581,1779904589.0508988,0.
1779904589.150899,232.4771806581,1779904589.150899,0.
1779904589.2508988,232.4771806581,1779904589.2508988,0.
1779904589.350899,232.4771806581,1779904589.350899,0.
1779904589.450899,232.4771806581,1779904589.450899,0.
1779904589.5508988,232.4771806581,1779904589.5508988,0.
1779904589.650899,232.4771806581,1779904589.650899,0.
1779904589.7508988,232.4771806581,1779904589.7508988,0.
1779904589.850899,232.4771806581,1779904589.850899,0.
1779904589.950899,232.4771806581,1779904589.950899,0.
1779904590.0508988,232.4771806581,1779904590.0508988,0.
1779904590.150899,232.4771806581,1779904590.150899,0.
1779904590.2508988,232.4771806581,1779904590.2508988,0.
1779904590.350899,232.4771806581,1779904590.350899,0.
1779904590.450899,232.4771806581,1779904590.450899,0.
1779904590.5508988,232.4771806581,1779904590.5508988,0.
1779904590.650899,232.4771806581,1779904590.650899,0.
1779904590.7508988,232.4771806581,1779904590.7508988,0.
1779904590.850899,232.4771806581,1779904590.850899,0.
1779904590.950899,232.4771806581,1779904590.950899,0.
1779904591.0508988,232.4771806581,1779904591.0508988,0.
1779904591.150899,232.4771806581,1779904591.150899,0.
1779904591.2508988,232.4771806581,1779904591.2508988,0.
1779904591.350899,232.4771806581,1779904591.350899,0.
1779904591.450899,232.4771806581,1779904591.450899,0.
1779904591.5508988,232.4771806581,1779904591.5508988,0.
1779904591.650899,232.4771806581,1779904591.650899,0.
1779904591.7508988,232.4771806581,1779904591.7508988,0.
1779904591.850899,232.4771806581,1779904591.850899,0.
1779904591.950899,232.4771806581,1779904591.950899,0.
1779904592.0508988,232.4771806581,1779904592.0508988,0.
1779904592.150899,232.4771806581,1779904592.150899,0.
1779904592.2508988,232.4771806581,1779904592.2508988,0.
1779904592.350899,232.4771806581,1779904592.350899,0.
1779904592.450899,232.4771806581,1779904592.450899,0.
1779904592.5508988,232.4771806581,1779904592.5508988,0.
1779904592.650899,232.4771806581,1779904592.650899,0.
1779904592.7508988,232.4771806581,1779904592.7508988,0.
1779904592.850899,232.4771806581,1779904592.850899,0.
1779904592.950899,232.4771806581,1779904592.950899,0.
1779904593.0508988,232.4771806581,1779904593.0508988,0.
1779904593.150899,232.4771806581,1779904593.150899,0.
1779904593.2508988,232.4771806581,1779904593.2508988,0.
1779904593.350899,232.4771806581,1779904593.350899,0.
1779904593.450899,232.4771806581,1779904593.450899,0.
1779904593.5508988,232.4771806581,1779904593.5508988,0.
1779904593.650899,232.4771806581,1779904593.650899,0.
1779904593.7508988,232.4771806581,1779904593.7508988,0.
1779904593.850899,232.4771806581,1779904593.850899,0.
1779904593.950899,232.4771806581,1779904593.950899,0.
1779904594.0508988,232.4771806581,1779904594.0508988,0.
1779904594.150899,232.4771806581,1779904594.150899,0.
1779904594.2508988,232.4771806581,1779904594.2508988,0.
1779904594.350899,232.4771806581,1779904594.350899,0.
1779904594.450899,232.4771806581,1779904594.450899,0.
1779904594.5508988,232.4771806581,1779904594.5508988,0.
1779904594.650899,232.4771806581,1779904594.650899,0.
1779904594.7508988,232.4771806581,1779904594.7508988,0.
1779904594.850899,232.4771806581,1779904594.850899,0.
1779904594.950899,232.4771806581,1779904594.950899,0.
1779904595.0508988,232.4771806581,1779904595.0508988,0.
1779904595.150899,232.4771806581,1779904595.150899,0.
1779904595.2508988,232.4771806581,1779904595.2508988,0.
1779904595.350899,232.4771806581,1779904595.350899,0.
1779904595.450899,232.4771806581,1779904595.450899,0.
1779904595.5508988,232.4771806581,1779904595.5508988,0.
1779904595.650899,232.4771806581,1779904595.650899,0.
1779904595.7508988,232.4771806581,1779904595.7508988,0.
1779904595.850899,232.4771806581,1779904595.850899,0.
1779904595.950899,232.4771806581,1779904595.950899,0.
1779904596.0508988,232.4771806581,1779904596.0508988,0.
1779904596.150899,232.4771806581,1779904596.150899,0.
1779904596.2508988,232.4771806581,1779904596.2508988,0.
1779904596.350899,232.4771806581,1779904596.350899,0.
1779904596.450899,232.4771806581,1779904596.450899,0.
1779904596.5508988,232.4771806581,1779904596.5508988,0.
1779904596.650899,232.4771806581,1779904596.650899,0.
1779904596.7508988,232.4771806581,1779904596.7508988,0.
1779904596.850899,232.4771806581,1779904596.850899,0.
1779904596.950899,232.4771806581,1779904596.950899,0.
1779904597.0508988,232.4771806581,1779904597.0508988,0.
1779904597.150899,232.4771806581,1779904597.150899,0.
1779904597.2508988,232.4771806581,1779904597.2508988,0.
1779904597.350899,232.4771806581,1779904597.350899,0.
1779904597.450899,232.4771806581,1779904597.450899,0.
1779904597.5508988,232.4771806581,1779904597.5508988,0.
1779904597.650899,232.4771806581,1779904597.650899,0.
1779904597.7508988,232.4771806581,1779904597.7508988,0.
1779904597.850899,232.4771806581,1779904597.850899,0.
1779904597.950899,232.4771806581,1779904597.950899,0.
1779904598.0508988,232.4771806581,1779904598.0508988,0.
1779904598.150899,232.4771806581,1779904598.150899,0.
1779904598.2508988,232.4771806581,1779904598.2508988,0.
1779904598.350899,232.4771806581,1779904598.350899,0.
1779904598.450899,232.4771806581,1779904598.450899,0.
1779904598.5508988,232.4771806581,1779904598.5508988,0.
1779904598.650899,232.4771806581,1779904598.650899,0.
1779904598.7508988,232.4771806581,1779904598.7508988,0.
1779904598.850899,232.4771806581,1779904598.850899,0.
1779904598.950899,232.4771806581,1779904598.950899,0.
1779904599.0508988,232.4771806581,1779904599.0508988,0.
1779904599.150899,232.4771806581,1779904599.150899,0.
1779904599.2508988,232.4771806581,1779904599.2508988,0.
1779904599.350899,232.4771806581,1779904599.350899,0.
1779904599.450899,232.4771806581,1779904599.450899,0.
1779904599.5508988,232.4771806581,1779904599.5508988,0.
1779904599.650899,232.4771806581,1779904599.650899,0.
1779904599.7508988,232.4771806581,1779904599.7508988,0.
1779904599.850899,232.4771806581,1779904599.850899,0.
1779904599.950899,232.4771806581,1779904599.950899,0.
1779904600.0508988,232.4771806581,1779904600.0508988,0.
1779904600.150899,232.4771806581,1779904600.150899,0.
1779904600.2508988,232.4771806581,1779904600.2508988,0.
1779904600.350899,232.4771806581,1779904600.350899,0.
1779904600.450899,232.4771806581,1779904600.450899,0.
1779904600.5508988,232.4771806581,1779904600.5508988,0.
1779904600.650899,232.4771806581,1779904600.650899,0.
1779904600.7508988,232.4771806581,1779904600.7508988,0.
1779904600.850899,232.4771806581,1779904600.850899,0.
1779904600.950899,232.4771806581,1779904600.950899,0.
1779904601.0508988,232.4771806581,1779904601.0508988,0.
1779904601.150899,232.4771806581,1779904601.150899,0.
1779904601.2508988,232.4771806581,1779904601.2508988,0.
1779904601.350899,232.4771806581,1779904601.350899,0.
1779904601.450899,232.4771806581,1779904601.450899,0.
1779904601.5508988,232.4771806581,1779904601.5508988,0.
1779904601.650899,232.4771806581,1779904601.650899,0.
1779904601.7508988,232.4771806581,1779904601.7508988,0.
1779904601.850899,232.4771806581,1779904601.850899,0.
1779904601.950899,232.4771806581,1779904601.950899,0.
1779904602.0508988,232.4771806581,1779904602.0508988,0.
1779904602.150899,232.4771806581,1779904602.150899,0.
1779904602.2508988,232.4771806581,1779904602.2508988,0.
1779904602.350899,232.4771806581,1779904602.350899,0.
1779904602.450899,232.4771806581,1779904602.450899,0.
1779904602.5508988,232.4771806581,1779904602.5508988,0.
1779904602.650899,232.4771806581,1779904602.650899,0.
1779904602.7508988,232.4771806581,1779904602.7508988,0.
1779904602.850899,232.4771806581,1779904602.850899,0.
1779904602.950899,232.4771806581,1779904602.950899,0.
1779904603.0508988,232.4771806581,1779904603.0508988,0.
1779904603.150899,232.4771806581,1779904603.150899,0.
1779904603.2508988,232.4771806581,1779904603.2508988,0.
1779904603.350899,232.4771806581,1779904603.350899,0.
1779904603.450899,232.4771806581,1779904603.450899,0.
1779904603.5508988,232.4771806581,1779904603.5508988,0.
1779904603.650899,232.4771806581,1779904603.650899,0.
1779904603.7508988,232.4771806581,1779904603.7508988,0.
1779904603.850899,232.4771806581,1779904603.850899,0.
1779904603.950899,232.4771806581,1779904603.950899,0.
1779904604.0508988,232.4771806581,1779904604.0508988,0.
1779904604.150899,232.4771806581,1779904604.150899,0.
1779904604.2508988,232.4771806581,1779904604.2508988,0.
1779904604.350899,232.4771806581,1779904604.350899,0.
1779904604.450899,232.4771806581,1779904604.450899,0.
1779904604.5508988,232.4771806581,1779904604.5508988,0.
1779904604.650899,232.4771806581,1779904604.650899,0.
1779904604.7508988,232.4771806581,1779904604.7508988,0.
1779904604.850899,232.4771806581,1779904604.850899,0.
1779904604.950899,232.4771806581,1779904604.950899,0.
1779904605.0508988,232.4771806581,1779904605.0508988,0.
1779904605.150899,232.4771806581,1779904605.150899,0.
1779904605.2508988,232.4771806581,1779904605.2508988,0.
1779904605.350899,232.4771806581,1779904605.350899,0.
1779904605.450899,232.4771806581,1779904605.450899,0.
1779904605.5508988,232.4771806581,1779904605.5508988,0.
1779904605.650899,232.4771806581,1779904605.650899,0.
1779904605.7508988,232.4771806581,1779904605.7508988,0.
1779904605.850899,232.4771806581,1779904605.850899,0.
1779904605.950899,232.4771806581,1779904605.950899,0.
1779904606.0508988,232.4771806581,1779904606.0508988,0.
1779904606.150899,232.4771806581,1779904606.150899,0.
1779904606.2508988,232.4771806581,1779904606.2508988,0.
1779904606.350899,232.4771806581,1779904606.350899,0.
1779904606.450899,232.4771806581,1779904606.450899,0.
1779904606.5508988,232.4771806581,1779904606.5508988,0.
1779904606.650899,232.4771806581,1779904606.650899,0.
1779904606.7508988,232.4771806581,1779904606.7508988,0.
1779904606.850899,232.4771806581,1779904606.850899,0.
1779904606.950899,232.4771806581,1779904606.950899,0.
1779904607.0508988,232.4771806581,1779904607.0508988,0.
1779904607.150899,232.4771806581,1779904607.150899,0.
1779904607.2508988,232.4771806581,1779904607.2508988,0.
1779904607.350899,232.4771806581,1779904607.350899,0.
1779904607.450899,232.4771806581,1779904607.450899,0.
1779904607.5508988,232.4771806581,1779904607.5508988,0.
1779904607.650899,232.4771806581,1779904607.650899,0.
1779904607.7508988,232.4771806581,1779904607.7508988,0.
1779904607.850899,232.4771806581,1779904607.850899,0.
1779904607.950899,232.4771806581,1779904607.950899,0.
1779904608.0508988,232.4771806581,1779904608.0508988,0.
1779904608.150899,232.4771806581,1779904608.150899,0.
1779904608.2508988,232.4771806581,1779904608.2508988,0.
1779904608.350899,232.4771806581,1779904608.350899,0.
1779904608.450899,232.4771806581,1779904608.450899,0.
1779904608.5508988,232.4771806581,1779904608.5508988,0.
1779904608.650899,232.4771806581,1779904608.650899,0.
1779904608.7508988,232.4771806581,1779904608.7508988,0.
1779904608.850899,232.4771806581,1779904608.850899,0.
1779904608.950899,232.4771806581,1779904608.950899,0.
1779904609.0508988,232.4771806581,1779904609.0508988,0.
1779904609.150899,232.4771806581,1779904609.150899,0.
1779904609.2508988,232.4771806581,1779904609.2508988,0.
1779904609.350899,232.4771806581,1779904609.350899,0.
1779904609.450899,232.4771806581,1779904609.450899,0.
1779904609.5508988,232.4771806581,1779904609.5508988,0.
1779904609.650899,232.4771806581,1779904609.650899,0.
1779904609.7508988,232.4771806581,1779904609.7508988,0.
1779904609.850899,232.4771806581,1779904609.850899,0.
1779904609.950899,232.4771806581,1779904609.950899,0.
1779904610.0508988,232.4771806581,1779904610.0508988,0.
1779904610.150899,232.4771806581,1779904610.150899,0.
1779904610.2508988,232.4771806581,1779904610.2508988,0.
1779904610.350899,232.4771806581,1779904610.350899,0.
1779904610.450899,232.4771806581,1779904610.450899,0.
1779904610.5508988,232.4771806581,1779904610.5508988,0.
1779904610.650899,232.4771806581,1779904610.650899,0.
1779904610.7508988,232.4771806581,1779904610.7508988,0.
1779904610.850899,232.4771806581,1779904610.850899,0.
1779904610.950899,232.4771806581,1779904610.950899,0.
1779904611.0508988,232.4771806581,1779904611.0508988,0.
1779904611.150899,232.4771806581,1779904611.150899,0.
1779904611.2508988,232.4771806581,1779904611.2508988,0.
1779904611.350899,232.4771806581,1779904611.350899,0.
1779904611.450899,232.4771806581,1779904611.450899,0.
1779904611.5508988,232.4771806581,1779904611.5508988,0.
1779904611.650899,232.4771806581,1779904611.650899,0.
1779904611.7508988,232.4771806581,1779904611.7508988,0.
1779904611.850899,232.4771806581,1779904611.850899,0.
1779904611.950899,232.4771806581,1779904611.950899,0.
1779904612.0508988,232.4771806581,1779904612.0508988,0.
1779904612.150899,232.4771806581,1779904612.150899,0.
1779904612.2508988,232.4771806581,1779904612.2508988,0.
1779904612.350899,232.4771806581,1779904612.350899,0.
1779904612.450899,232.4771806581,1779904612.450899,0.
1779904612.5508988,232.4771806581,1779904612.5508988,0.
1779904612.650899,232.4771806581,1779904612.650899,0.
1779904612.7508988,232.4771806581,1779904612.7508988,0.
1779904612.850899,232.4771806581,1779904612.850899,0.
1779904612.950899,232.4771806581,1779904612.950899,0.
1779904613.0508988,232.4771806581,1779904613.0508988,0.
1779904613.150899,232.4771806581,1779904613.150899,0.
1779904613.2508988,232.4771806581,1779904613.2508988,0.
1779904613.350899,232.4771806581,1779904613.350899,0.
1779904613.450899,232.4771806581,1779904613.450899,0.
1779904613.5508988,232.4771806581,1779904613.5508988,0.
1779904613.650899,232.4771806581,1779904613.650899,0.
1779904613.7508988,232.4771806581,1779904613.7508988,0.
1779904613.850899,232.4771806581,1779904613.850899,0.
1779904613.950899,232.4771806581,1779904613.950899,0.
1779904614.0508988,232.4771806581,1779904614.0508988,0.
1779904614.150899,232.4771806581,1779904614.150899,0.
1779904614.2508988,232.4771806581,1779904614.2508988,0.
1779904614.350899,232.4771806581,1779904614.350899,0.
1779904614.450899,232.4771806581,1779904614.450899,0.
1779904614.5508988,232.4771806581,1779904614.5508988,0.
1779904614.650899,232.4771806581,1779904614.650899,0.
1779904614.7508988,232.4771806581,1779904614.7508988,0.
1779904614.850899,232.4771806581,1779904614.850899,0.
1779904614.950899,232.4771806581,1779904614.950899,0.
1779904615.0508988,232.4771806581,1779904615.0508988,0.
1779904615.150899,232.4771806581,1779904615.150899,0.
1779904615.2508988,232.4771806581,1779904615.2508988,0.
1779904615.350899,232.4771806581,1779904615.350899,0.
1779904615.450899,232.4771806581,1779904615.450899,0.
1779904615.5508988,232.4771806581,1779904615.5508988,0.
1779904615.650899,232.4771806581,1779904615.650899,0.
1779904615.7508988,232.4771806581,1779904615.7508988,0.
1779904615.850899,232.4771806581,1779904615.850899,0.
1779904615.950899,232.4771806581,1779904615.950899,0.
1779904616.0508988,232.4771806581,1779904616.0508988,0.
1779904616.150899,232.4771806581,1779904616.150899,0.
1779904616.2508988,232.4771806581,1779904616.2508988,0.
1779904616.350899,232.4771806581,1779904616.350899,0.
1779904616.450899,232.4771806581,1779904616.450899,0.
1779904616.5508988,232.4771806581,1779904616.5508988,0.
1779904616.650899,232.4771806581,1779904616.650899,0.
1779904616.7508988,232.4771806581,1779904616.7508988,0.
1779904616.850899,232.4771806581,1779904616.850899,0.
1779904616.950899,232.4771806581,1779904616.950899,0.
1779904617.0508988,232.4771806581,1779904617.0508988,0.
1779904617.150899,232.4771806581,1779904617.150899,0.
1779904617.2508988,232.4771806581,1779904617.2508988,0.
1779904617.350899,232.4771806581,1779904617.350899,0.
1779904617.450899,232.4771806581,1779904617.450899,0.
1779904617.5508988,232.4771806581,1779904617.5508988,0.
1779904617.650899,232.4771806581,1779904617.650899,0.
1779904617.7508988,232.4771806581,1779904617.7508988,0.
1779904617.850899,232.4771806581,1779904617.850899,0.
1779904617.950899,232.4771806581,1779904617.950899,0.
1779904618.0508988,232.4771806581,1779904618.0508988,0.
1779904618.150899,232.4771806581,1779904618.150899,0.
1779904618.2508988,232.4771806581,1779904618.2508988,0.
1779904618.350899,232.4771806581,1779904618.350899,0.
1779904618.450899,232.4771806581,1779904618.450899,0.
1779904618.5508988,232.4771806581,1779904618.5508988,0.
1779904618.650899,232.4771806581,1779904618.650899,0.
1779904618.7508988,232.4771806581,1779904618.7508988,0.
1779904618.850899,232.4771806581,1779904618.850899,0.
1779904618.950899,232.4771806581,1779904618.950899,0.
1779904619.0508988,232.4771806581,1779904619.0508988,0.
1779904619.150899,232.4771806581,1779904619.150899,0.
1779904619.2508988,232.4771806581,1779904619.2508988,0.
1779904619.350899,232.4771806581,1779904619.350899,0.
1779904619.450899,232.4771806581,1779904619.450899,0.
1779904619.5508988,232.4771806581,1779904619.5508988,0.
1779904619.650899,232.4771806581,1779904619.650899,0.
1779904619.7508988,232.4771806581,1779904619.7508988,0.
1779904619.850899,232.4771806581,1779904619.850899,0.
1779904619.950899,232.4771806581,1779904619.950899,0.
1779904620.0508988,232.4771806581,1779904620.0508988,0.
1779904620.150899,232.4771806581,1779904620.150899,0.
1779904620.2508988,232.4771806581,1779904620.2508988,0.
1779904620.350899,232.4771806581,1779904620.350899,0.
1779904620.450899,232.4771806581,1779904620.450899,0.
1779904620.5508988,232.4771806581,1779904620.5508988,0.
1779904620.650899,232.4771806581,1779904620.650899,0.
1779904620.7508988,232.4771806581,1779904620.7508988,0.
1779904620.850899,232.4771806581,1779904620.850899,0.
1779904620.950899,232.4771806581,1779904620.950899,0.
1779904621.0508988,232.4771806581,1779904621.0508988,0.
1779904621.150899,232.4771806581,1779904621.150899,0.
1779904621.2508988,232.4771806581,1779904621.2508988,0.
1779904621.350899,232.4771806581,1779904621.350899,0.
1779904621.450899,232.4771806581,1779904621.450899,0.
1779904621.5508988,232.4771806581,1779904621.5508988,0.
1779904621.650899,232.4771806581,1779904621.650899,0.
1779904621.7508988,232.4771806581,1779904621.7508988,0.
1779904621.850899,232.4771806581,1779904621.850899,0.
1779904621.950899,232.4771806581,1779904621.950899,0.
1779904622.0508988,232.4771806581,1779904622.0508988,0.
1779904622.150899,232.4771806581,1779904622.150899,0.
1779904622.2508988,232.4771806581,1779904622.2508988,0.
1779904622.350899,232.4771806581,1779904622.350899,0.
1779904622.450899,232.4771806581,1779904622.450899,0.
1779904622.5508988,232.4771806581,1779904622.5508988,0.
1779904622.650899,232.4771806581,1779904622.650899,0.
1779904622.7508988,232.4771806581,1779904622.7508988,0.
1779904622.850899,232.4771806581,1779904622.850899,0.
1779904622.950899,232.4771806581,1779904622.950899,0.
1779904623.0508988,232.4771806581,1779904623.0508988,0.
1779904623.150899,232.4771806581,1779904623.150899,0.
1779904623.2508988,232.4771806581,1779904623.2508988,0.
1779904623.350899,232.4771806581,1779904623.350899,0.
1779904623.450899,232.4771806581,1779904623.450899,0.
1779904623.5508988,232.4771806581,1779904623.5508988,0.
1779904623.650899,232.4771806581,1779904623.650899,0.
1779904623.7508988,232.4771806581,1779904623.7508988,0.
1779904623.850899,232.4771806581,1779904623.850899,0.
1779904623.950899,232.4771806581,1779904623.950899,0.
1779904624.0508988,232.4771806581,1779904624.0508988,0.
1779904624.150899,232.4771806581,1779904624.150899,0.
1779904624.2508988,232.4771806581,1779904624.2508988,0.
1779904624.350899,232.4771806581,1779904624.350899,0.
1779904624.450899,232.4771806581,1779904624.450899,0.
1779904624.5508988,232.4771806581,1779904624.5508988,0.
1779904624.650899,232.4771806581,1779904624.650899,0.
1779904624.7508988,232.4771806581,1779904624.7508988,0.
1779904624.850899,232.4771806581,1779904624.850899,0.
1779904624.950899,232.4771806581,1779904624.950899,0.
1779904625.0508988,232.4771806581,1779904625.0508988,0.
1779904625.150899,232.4771806581,1779904625.150899,0.
1779904625.2508988,232.4771806581,1779904625.2508988,0.
1779904625.350899,232.4771806581,1779904625.350899,0.
1779904625.450899,232.4771806581,1779904625.450899,0.
1779904625.5508988,232.4771806581,1779904625.5508988,0.
1779904625.650899,232.4771806581,1779904625.650899,0.
1779904625.7508988,232.4771806581,1779904625.7508988,0.
1779904625.850899,232.4771806581,1779904625.850899,0.
1779904625.950899,232.4771806581,1779904625.950899,0.
1779904626.0508988,232.4771806581,1779904626.0508988,0.
1779904626.150899,232.4771806581,1779904626.150899,0.
1779904626.2508988,232.4771806581,1779904626.2508988,0.
1779904626.350899,232.4771806581,1779904626.350899,0.
1779904626.450899,232.4771806581,1779904626.450899,0.
1779904626.5508988,232.4771806581,1779904626.5508988,0.
1779904626.650899,232.4771806581,1779904626.650899,0.
1779904626.7508988,232.4771806581,1779904626.7508988,0.
1779904626.850899,232.4771806581,1779904626.850899,0.
1779904626.950899,232.4771806581,1779904626.950899,0.
1779904627.0508988,232.4771806581,1779904627.0508988,0.
1779904627.150899,232.4771806581,1779904627.150899,0.
1779904627.2508988,232.4771806581,1779904627.2508988,0.
1779904627.350899,232.4771806581,1779904627.350899,0.
1779904627.450899,232.4771806581,1779904627.450899,0.
1779904627.5508988,232.4771806581,1779904627.5508988,0.
1779904627.650899,232.4771806581,1779904627.650899,0.
1779904627.7508988,232.4771806581,1779904627.7508988,0.
1779904627.850899,232.4771806581,1779904627.850899,0.
1779904627.950899,232.4771806581,1779904627.950899,0.
1779904628.0508988,232.4771806581,1779904628.0508988,0.
1779904628.150899,232.4771806581,1779904628.150899,0.
1779904628.2508988,232.4771806581,1779904628.2508988,0.
1779904628.350899,232.4771806581,1779904628.350899,0.
1779904628.450899,232.4771806581,1779904628.450899,0.
1779904628.5508988,232.4771806581,1779904628.5508988,0.
1779904628.650899,232.4771806581,1779904628.650899,0.
1779904628.7508988,232.4771806581,1779904628.7508988,0.
1779904628.850899,232.4771806581,1779904628.850899,0.
1779904628.950899,232.4771806581,1779904628.950899,0.
1779904629.0508988,232.4771806581,1779904629.0508988,0.
1779904629.150899,232.4771806581,1779904629.150899,0.
1779904629.2508988,232.4771806581,1779904629.2508988,0.
1779904629.350899,232.4771806581,1779904629.350899,0.
1779904629.450899,232.4771806581,1779904629.450899,0.
1779904629.5508988,232.4771806581,1779904629.5508988,0.
1779904629.650899,232.4771806581,1779904629.650899,0.
1779904629.7508988,232.4771806581,1779904629.7508988,0.
1779904629.850899,232.4771806581,1779904629.850899,0.
1779904629.950899,232.4771806581,1779904629.950899,0.
1779904630.0508988,232.4771806581,1779904630.0508988,0.
1779904630.150899,232.4771806581,1779904630.150899,0.
1779904630.2508988,232.4771806581,1779904630.2508988,0.
1779904630.350899,232.4771806581,1779904630.350899,0.
1779904630.450899,232.4771806581,1779904630.450899,0.
1779904630.5508988,232.4771806581,1779904630.5508988,0.
1779904630.650899,232.4771806581,1779904630.650899,0.
1779904630.7508988,232.4771806581,1779904630.7508988,0.
1779904630.850899,232.4771806581,1779904630.850899,0.
1779904630.950899,232.4771806581,1779904630.950899,0.
1779904631.0508988,232.4771806581,1779904631.0508988,0.
1779904631.150899,232.4771806581,1779904631.150899,0.
1779904631.2508988,232.4771806581,1779904631.2508988,0.
1779904631.350899,232.4771806581,1779904631.350899,0.
1779904631.450899,232.4771806581,1779904631.450899,0.
1779904631.5508988,232.4771806581,1779904631.5508988,0.
1779904631.650899,232.4771806581,1779904631.650899,0.
1779904631.7508988,232.4771806581,1779904631.7508988,0.
1779904631.850899,232.4771806581,1779904631.850899,0.
1779904631.950899,232.4771806581,1779904631.950899,0.
1779904632.0508988,232.4771806581,1779904632.0508988,0.
1779904632.150899,232.4771806581,1779904632.150899,0.
1779904632.2508988,232.4771806581,1779904632.2508988,0.
1779904632.350899,232.4771806581,1779904632.350899,0.
1779904632.450899,232.4771806581,1779904632.450899,0.
1779904632.5508988,232.4771806581,1779904632.5508988,0.
1779904632.650899,232.4771806581,1779904632.650899,0.
1779904632.7508988,232.4771806581,1779904632.7508988,0.
1779904632.850899,232.4771806581,1779904632.850899,0.
1779904632.950899,232.4771806581,1779904632.950899,0.
1779904633.0508988,232.4771806581,1779904633.0508988,0.
1779904633.150899,232.4771806581,1779904633.150899,0.
1779904633.2508988,232.4771806581,1779904633.2508988,0.
1779904633.350899,232.4771806581,1779904633.350899,0.
1779904633.450899,232.4771806581,1779904633.450899,0.
1779904633.5508988,232.4771806581,1779904633.5508988,0.
1779904633.650899,232.4771806581,1779904633.650899,0.
1779904633.7508988,232.4771806581,1779904633.7508988,0.
1779904633.850899,232.4771806581,1779904633.850899,0.
1779904633.950899,232.4771806581,1779904633.950899,0.
1779904634.0508988,232.4771806581,1779904634.0508988,0.
1779904634.150899,232.4771806581,1779904634.150899,0.
1779904634.2508988,232.4771806581,1779904634.2508988,0.
1779904634.350899,232.4771806581,1779904634.350899,0.
1779904634.450899,232.4771806581,1779904634.450899,0.
1779904634.5508988,232.4771806581,1779904634.5508988,0.
1779904634.650899,232.4771806581,1779904634.650899,0.
1779904634.7508988,232.4771806581,1779904634.7508988,0.
1779904634.850899,232.4771806581,1779904634.850899,0.
1779904634.950899,232.4771806581,1779904634.950899,0.
1779904635.0508988,232.4771806581,1779904635.0508988,0.
1779904635.150899,232.4771806581,1779904635.150899,0.
1779904635.2508988,232.4771806581,1779904635.2508988,0.
1779904635.350899,232.4771806581,1779904635.350899,0.
1779904635.450899,232.4771806581,1779904635.450899,0.
1779904635.5508988,232.4771806581,1779904635.5508988,0.
1779904635.650899,232.4771806581,1779904635.650899,0.
1779904635.7508988,232.4771806581,1779904635.7508988,0.
1779904635.850899,232.4771806581,1779904635.850899,0.
1779904635.950899,232.4771806581,1779904635.950899,0.
1779904636.0508988,232.4771806581,1779904636.0508988,0.
1779904636.150899,232.4771806581,1779904636.150899,0.
1779904636.2508988,232.4771806581,1779904636.2508988,0.
1779904636.350899,232.4771806581,1779904636.350899,0.
1779904636.450899,232.4771806581,1779904636.450899,0.
1779904636.5508988,232.4771806581,1779904636.5508988,0.
1779904636.650899,232.4771806581,1779904636.650899,0.
1779904636.7508988,232.4771806581,1779904636.7508988,0.
1779904636.850899,232.4771806581,1779904636.850899,0.
1779904636.950899,232.4771806581,1779904636.950899,0.
1779904637.0508988,232.4771806581,1779904637.0508988,0.
1779904637.150899,232.4771806581,1779904637.150899,0.
1779904637.2508988,232.4771806581,1779904637.2508988,0.
1779904637.350899,232.4771806581,1779904637.350899,0.
1779904637.450899,232.4771806581,1779904637.450899,0.
1779904637.5508988,232.4771806581,1779904637.5508988,0.
1779904637.650899,232.4771806581,1779904637.650899,0.
1779904637.7508988,232.4771806581,1779904637.7508988,0.
1779904637.850899,232.4771806581,1779904637.850899,0.
1779904637.950899,232.4771806581,1779904637.950899,0.
1779904638.0508988,232.4771806581,1779904638.0508988,0.
1779904638.150899,232.4771806581,1779904638.150899,0.
1779904638.2508988,232.4771806581,1779904638.2508988,0.
1779904638.350899,232.4771806581,1779904638.350899,0.
1779904638.450899,232.4771806581,1779904638.450899,0.
1779904638.5508988,232.4771806581,1779904638.5508988,0.
1779904638.650899,232.4771806581,1779904638.650899,0.
1779904638.7508988,232.4771806581,1779904638.7508988,0.
1779904638.850899,232.4771806581,1779904638.850899,0.
1779904638.950899,232.4771806581,1779904638.950899,0.
1779904639.0508988,232.4771806581,1779904639.0508988,0.
1779904639.150899,232.4771806581,1779904639.150899,0.
1779904639.2508988,232.4771806581,1779904639.2508988,0.
1779904639.350899,232.4771806581,1779904639.350899,0.
1779904639.450899,232.4771806581,1779904639.450899,0.
1779904639.5508988,232.4771806581,1779904639.5508988,0.
1779904639.650899,232.4771806581,1779904639.650899,0.
1779904639.7508988,232.4771806581,1779904639.7508988,0.
1779904639.850899,232.4771806581,1779904639.850899,0.
1779904639.950899,232.4771806581,1779904639.950899,0.
1779904640.0508988,232.4771806581,1779904640.0508988,0.
1779904640.150899,232.4771806581,1779904640.150899,0.
1779904640.2508988,232.4771806581,1779904640.2508988,0.
1779904640.350899,232.4771806581,1779904640.350899,0.
1779904640.450899,232.4771806581,1779904640.450899,0.
1779904640.5508988,232.4771806581,1779904640.5508988,0.
1779904640.650899,232.4771806581,1779904640.650899,0.
1779904640.7508988,232.4771806581,1779904640.7508988,0.
1779904640.850899,232.4771806581,1779904640.850899,0.
1779904640.950899,232.4771806581,1779904640.950899,0.
1779904641.0508988,232.4771806581,1779904641.0508988,0.
1779904641.150899,232.4771806581,1779904641.150899,0.
1779904641.2508988,232.4771806581,1779904641.2508988,0.
1779904641.350899,232.4771806581,1779904641.350899,0.
1779904641.450899,232.4771806581,1779904641.450899,0.
1779904641.5508988,232.4771806581,1779904641.5508988,0.
1779904641.650899,232.4771806581,1779904641.650899,0.
1779904641.7508988,232.4771806581,1779904641.7508988,0.
1779904641.850899,232.4771806581,1779904641.850899,0.
1779904641.950899,232.4771806581,1779904641.950899,0.
1779904642.0508988,232.4771806581,1779904642.0508988,0.
1779904642.150899,232.4771806581,1779904642.150899,0.
1779904642.2508988,232.4771806581,1779904642.2508988,0.
1779904642.350899,232.4771806581,1779904642.350899,0.
1779904642.450899,232.4771806581,1779904642.450899,0.
1779904642.5508988,232.4771806581,1779904642.5508988,0.
1779904642.650899,232.4771806581,1779904642.650899,0.
1779904642.7508988,232.4771806581,1779904642.7508988,0.
1779904642.850899,232.4771806581,1779904642.850899,0.
1779904642.950899,232.4771806581,1779904642.950899,0.
1779904643.0508988,232.4771806581,1779904643.0508988,0.
1779904643.150899,232.4771806581,1779904643.150899,0.
1779904643.2508988,232.4771806581,1779904643.2508988,0.
1779904643.350899,232.4771806581,1779904643.350899,0.
1779904643.450899,232.4771806581,1779904643.450899,0.
1779904643.5508988,232.4771806581,1779904643.5508988,0.
1779904643.650899,232.4771806581,1779904643.650899,0.
1779904643.7508988,232.4771806581,1779904643.7508988,0.
1779904643.850899,232.4771806581,1779904643.850899,0.
1779904643.950899,232.4771806581,1779904643.950899,0.
1779904644.0508988,232.4771806581,1779904644.0508988,0.
1779904644.150899,232.4771806581,1779904644.150899,0.
1779904644.2508988,232.4771806581,1779904644.2508988,0.
1779904644.350899,232.4771806581,1779904644.350899,0.
1779904644.450899,232.4771806581,1779904644.450899,0.
1779904644.5508988,232.4771806581,1779904644.5508988,0.
1779904644.650899,232.4771806581,1779904644.650899,0.
1779904644.7508988,232.4771806581,1779904644.7508988,0.
1779904644.850899,232.4771806581,1779904644.850899,0.
1779904644.950899,232.4771806581,1779904644.950899,0.
1779904645.0508988,232.4771806581,1779904645.0508988,0.
1779904645.150899,232.4771806581,1779904645.150899,0.
1779904645.2508988,232.4771806581,1779904645.2508988,0.
1779904645.350899,232.4771806581,1779904645.350899,0.
1779904645.450899,232.4771806581,1779904645.450899,0.
1779904645.5508988,232.4771806581,1779904645.5508988,0.
1779904645.650899,232.4771806581,1779904645.650899,0.
1779904645.7508988,232.4771806581,1779904645.7508988,0.
1779904645.850899,232.4771806581,1779904645.850899,0.
1779904645.950899,232.4771806581,1779904645.950899,0.
1779904646.0508988,232.4771806581,1779904646.0508988,0.
1779904646.150899,232.4771806581,1779904646.150899,0.
1779904646.2508988,232.4771806581,1779904646.2508988,0.
1779904646.350899,232.4771806581,1779904646.350899,0.
1779904646.450899,232.4771806581,1779904646.450899,0.
1779904646.5508988,232.4771806581,1779904646.5508988,0.
1779904646.650899,232.4771806581,1779904646.650899,0.
1779904646.7508988,232.4771806581,1779904646.7508988,0.
1779904646.850899,232.4771806581,1779904646.850899,0.
1779904646.950899,232.4771806581,1779904646.950899,0.
1779904647.0508988,232.4771806581,1779904647.0508988,0.
1779904647.150899,232.4771806581,1779904647.150899,0.
1779904647.2508988,232.4771806581,1779904647.2508988,0.
1779904647.350899,232.4771806581,1779904647.350899,0.
1779904647.450899,232.4771806581,1779904647.450899,0.
1779904647.5508988,232.4771806581,1779904647.5508988,0.
1779904647.650899,232.4771806581,1779904647.650899,0.
1779904647.7508988,232.4771806581,1779904647.7508988,0.
1779904647.850899,232.4771806581,1779904647.850899,0.
1779904647.950899,232.4771806581,1779904647.950899,0.
1779904648.0508988,232.4771806581,1779904648.0508988,0.
1779904648.150899,232.4771806581,1779904648.150899,0.
1779904648.2508988,232.4771806581,1779904648.2508988,0.
1779904648.350899,232.4771806581,1779904648.350899,0.
1779904648.450899,232.4771806581,1779904648.450899,0.
1779904648.5508988,232.4771806581,1779904648.5508988,0.
1779904648.650899,232.4771806581,1779904648.650899,0.
1779904648.7508988,232.4771806581,1779904648.7508988,0.
1779904648.850899,232.4771806581,1779904648.850899,0.
1779904648.950899,232.4771806581,1779904648.950899,0.
1779904649.0508988,232.4771806581,1779904649.0508988,0.
1779904649.150899,232.4771806581,1779904649.150899,0.
1779904649.2508988,232.4771806581,1779904649.2508988,0.
1779904649.350899,232.4771806581,1779904649.350899,0.
1779904649.450899,232.4771806581,1779904649.450899,0.
1779904649.5508988,232.4771806581,1779904649.5508988,0.
1779904649.650899,232.4771806581,1779904649.650899,0.
1779904649.7508988,232.4771806581,1779904649.7508988,0.
1779904649.850899,232.4771806581,1779904649.850899,0.
1779904649.950899,232.4771806581,1779904649.950899,0.
1779904650.0508988,232.4771806581,1779904650.0508988,0.
1779904650.150899,232.4771806581,1779904650.150899,0.
1779904650.2508988,232.4771806581,1779904650.2508988,0.
1779904650.350899,232.4771806581,1779904650.350899,0.
1779904650.450899,232.4771806581,1779904650.450899,0.
1779904650.5508988,232.4771806581,1779904650.5508988,0.
1779904650.650899,232.4771806581,1779904650.650899,0.
1779904650.7508988,232.4771806581,1779904650.7508988,0.
1779904650.850899,232.4771806581,1779904650.850899,0.
1779904650.950899,232.4771806581,1779904650.950899,0.
1779904651.0508988,232.4771806581,1779904651.0508988,0.
1779904651.150899,232.4771806581,1779904651.150899,0.
1779904651.2508988,232.4771806581,1779904651.2508988,0.
1779904651.350899,232.4771806581,1779904651.350899,0.
1779904651.450899,232.4771806581,1779904651.450899,0.
1779904651.5508988,232.4771806581,1779904651.5508988,0.
1779904651.650899,232.4771806581,1779904651.650899,0.
1779904651.7508988,232.4771806581,1779904651.7508988,0.
1779904651.850899,232.4771806581,1779904651.850899,0.
1779904651.950899,232.4771806581,1779904651.950899,0.
1779904652.0508988,232.4771806581,1779904652.0508988,0.
1779904652.150899,232.4771806581,1779904652.150899,0.
1779904652.2508988,232.4771806581,1779904652.2508988,0.
1779904652.350899,232.4771806581,1779904652.350899,0.
1779904652.450899,232.4771806581,1779904652.450899,0.
1779904652.5508988,232.4771806581,1779904652.5508988,0.
1779904652.650899,232.4771806581,1779904652.650899,0.
1779904652.7508988,232.4771806581,1779904652.7508988,0.
1779904652.850899,232.4771806581,1779904652.850899,0.
1779904652.950899,232.4771806581,1779904652.950899,0.
1779904653.0508988,232.4771806581,1779904653.0508988,0.
1779904653.150899,232.4771806581,1779904653.150899,0.
1779904653.2508988,232.4771806581,1779904653.2508988,0.
1779904653.350899,232.4771806581,1779904653.350899,0.
1779904653.450899,232.4771806581,1779904653.450899,0.
1779904653.5508988,232.4771806581,1779904653.5508988,0.
1779904653.650899,232.4771806581,1779904653.650899,0.
1779904653.7508988,232.4771806581,1779904653.7508988,0.
1779904653.850899,232.4771806581,1779904653.850899,0.
1779904653.950899,232.4771806581,1779904653.950899,0.
1779904654.0508988,232.4771806581,1779904654.0508988,0.
1779904654.150899,232.4771806581,1779904654.150899,0.
1779904654.2508988,232.4771806581,1779904654.2508988,0.
1779904654.350899,232.4771806581,1779904654.350899,0.
1779904654.450899,232.4771806581,1779904654.450899,0.
1779904654.5508988,232.4771806581,1779904654.5508988,0.
1779904654.650899,232.4771806581,1779904654.650899,0.
1779904654.7508988,232.4771806581,1779904654.7508988,0.
1779904654.850899,232.4771806581,1779904654.850899,0.
1779904654.950899,232.4771806581,1779904654.950899,0.
1779904655.0508988,232.4771806581,1779904655.0508988,0.
1779904655.150899,232.4771806581,1779904655.150899,0.
1779904655.2508988,232.4771806581,1779904655.2508988,0.
1779904655.350899,232.4771806581,1779904655.350899,0.
1779904655.450899,232.4771806581,1779904655.450899,0.
1779904655.5508988,232.4771806581,1779904655.5508988,0.
1779904655.650899,232.4771806581,1779904655.650899,0.
1779904655.7508988,232.4771806581,1779904655.7508988,0.
1779904655.850899,232.4771806581,1779904655.850899,0.
1779904655.950899,232.4771806581,1779904655.950899,0.
1779904656.0508988,232.4771806581,1779904656.0508988,0.
1779904656.150899,232.4771806581,1779904656.150899,0.
1779904656.2508988,232.4771806581,1779904656.2508988,0.
1779904656.350899,232.4771806581,1779904656.350899,0.
1779904656.450899,232.4771806581,1779904656.450899,0.
