Command_x,Command_y,Target_x,Target_y
1779904182.5508988,299.8320980694,1779904182.5508988,0.
1779904182.650899,299.8320980694,1779904182.650899,0.
1779904182.7508988,299.8320980694,1779904182.7508988,0.
1779904182.850899,299.8320980694,1779904182.850899,0.
1779904182.950899,299.8320980694,1779904182.950899,0.
1779904183.0508988,299.8320980694,1779904183.0508988,0.
1779904183.150899,299.8320980694,1779904183.150899,0.
1779904183.2508988,299.8320980694,1779904183.2508988,0.
1779904183.350899,299.8320980694,1779904183.350899,0.
1779904183.450899,299.8320980694,1779904183.450899,0.
1779904183.5508988,299.8320980694,1779904183.5508988,0.
1779904183.650899,299.8320980694,1779904183.650899,0.
1779904183.7508988,299.8320980694,1779904183.7508988,0.
1779904183.850899,299.8320980694,1779904183.850899,0.
1779904183.950899,299.8320980694,1779904183.950899,0.
1779904184.0508988,299.8320980694,1779904184.0508988,0.
1779904184.150899,299.8320980694,1779904184.150899,0.
1779904184.2508988,299.8320980694,1779904184.2508988,0.
1779904184.350899,299.8320980694,1779904184.350899,0.
1779904184.450899,299.8320980694,1779904184.450899,0.
1779904184.5508988,299.8320980694,1779904184.5508988,0.
1779904184.650899,299.8320980694,1779904184.650899,0.
1779904184.7508988,299.8320980694,1779904184.7508988,0.
1779904184.850899,299.8320980694,1779904184.850899,0.
1779904184.950899,299.8320980694,1779904184.950899,0.
1779904185.0508988,299.8320980694,1779904185.0508988,0.
1779904185.150899,299.8320980694,1779904185.150899,0.
1779904185.2508988,299.8320980694,1779904185.2508988,0.
1779904185.350899,299.8320980694,1779904185.350899,0.
1779904185.450899,299.8320980694,1779904185.450899,0.
1779904185.5508988,299.8320980694,1779904185.5508988,0.
1779904185.650899,299.8320980694,1779904185.650899,0.
1779904185.7508988,299.8320980694,1779904185.7508988,0.
1779904185.850899,299.8320980694,1779904185.850899,0.
1779904185.950899,299.8320980694,1779904185.950899,0.
1779904186.0508988,299.8320980694,1779904186.0508988,0.
1779904186.150899,299.8320980694,1779904186.150899,0.
1779904186.2508988,299.8320980694,1779904186.2508988,0.
1779904186.350899,299.8320980694,1779904186.350899,0.
1779904186.450899,299.8320980694,1779904186.450899,0.
1779904186.5508988,299.8320980694,1779904186.5508988,0.
1779904186.650899,299.8320980694,1779904186.650899,0.
1779904186.7508988,299.8320980694,1779904186.7508988,0.
1779904186.850899,299.8320980694,1779904186.850899,0.
1779904186.950899,299.8320980694,1779904186.950899,0.
1779904187.0508988,299.8320980694,1779904187.0508988,0.
1779904187.150899,299.8320980694,1779904187.150899,0.
1779904187.2508988,299.8320980694,1779904187.2508988,0.
1779904187.350899,18.5266682905,1779904187.350899,207.3050305336
1779904187.450899,3.7053336581,1779904187.450899,193.3869549166
1779904187.5508988,47.5627722911,1779904187.5508988,164.0267261841
1779904187.650899,110.0658500142,1779904187.650899,121.7536049511
1779904187.7508988,110.0658500142,1779904187.7508988,200.
1779904187.850899,110.0658500142,1779904187.850899,200.
1779904187.950899,140.8205859142,1779904187.950899,200.
1779904188.0508988,255.1855612673,1779904188.0508988,200.
1779904188.150899,255.1855612673,1779904188.150899,200.
1779904188.2508988,255.1855612673,1779904188.2508988,200.
1779904188.350899,255.1855612673,1779904188.350899,200.
1779904188.450899,126.3514011347,1779904188.450899,200.
1779904188.5508988,171.2783511269,1779904188.5508988,200.
1779904188.650899,171.2783511269,1779904188.650899,200.
1779904188.7508988,171.2783511269,1779904188.7508988,0.
1779904188.850899,171.2783511269,1779904188.850899,0.
1779904188.950899,171.2783511269,1779904188.950899,0.
1779904189.0508988,171.2783511269,1779904189.0508988,0.
1779904189.150899,171.2783511269,1779904189.150899,0.
1779904189.2508988,171.2783511269,1779904189.2508988,0.
1779904189.350899,171.2783511269,1779904189.350899,0.
1779904189.450899,171.2783511269,1779904189.450899,0.
1779904189.5508988,171.2783511269,1779904189.5508988,0.
1779904189.650899,171.2783511269,1779904189.650899,0.
1779904189.7508988,171.2783511269,1779904189.7508988,0.
1779904189.850899,171.2783511269,1779904189.850899,0.
1779904189.950899,171.2783511269,1779904189.950899,0.
1779904190.0508988,171.2783511269,1779904190.0508988,0.
1779904190.150899,171.2783511269,1779904190.150899,0.
1779904190.2508988,171.2783511269,1779904190.2508988,0.
1779904190.350899,171.2783511269,1779904190.350899,0.
1779904190.450899,171.2783511269,1779904190.450899,0.
1779904190.5508988,171.2783511269,1779904190.5508988,0.
1779904190.650899,171.2783511269,1779904190.650899,0.
1779904190.7508988,171.2783511269,1779904190.7508988,0.
1779904190.850899,171.2783511269,1779904190.850899,0.
1779904190.950899,171.2783511269,1779904190.950899,0.
1779904191.0508988,171.2783511269,1779904191.0508988,0.
1779904191.150899,171.2783511269,1779904191.150899,0.
1779904191.2508988,171.2783511269,1779904191.2508988,0.
1779904191.350899,171.2783511269,1779904191.350899,0.
1779904191.450899,171.2783511269,1779904191.450899,0.
1779904191.5508988,171.2783511269,1779904191.5508988,0.
1779904191.650899,171.2783511269,1779904191.650899,0.
1779904191.7508988,171.2783511269,1779904191.7508988,0.
1779904191.850899,171.2783511269,1779904191.850899,0.
1779904191.950899,171.2783511269,1779904191.950899,0.
1779904192.0508988,0.,1779904192.0508988,200.
1779904192.150899,0.,1779904192.150899,200.
1779904192.2508988,0.,1779904192.2508988,200.
1779904192.350899,0.,1779904192.350899,200.
1779904192.450899,0.,1779904192.450899,200.
1779904192.5508988,0.,1779904192.5508988,200.
1779904192.650899,0.,1779904192.650899,200.
1779904192.7508988,0.,1779904192.7508988,200.
1779904192.850899,0.,1779904192.850899,200.
1779904192.950899,0.,1779904192.950899,200.
1779904193.0508988,0.,1779904193.0508988,200.
1779904193.150899,0.,1779904193.150899,200.
1779904193.2508988,0.,1779904193.2508988,200.
1779904193.350899,0.,1779904193.350899,200.
1779904193.450899,0.,1779904193.450899,200.
1779904193.5508988,0.,1779904193.5508988,200.
1779904193.650899,0.,1779904193.650899,200.
1779904193.7508988,0.,1779904193.7508988,200.
1779904193.850899,0.,1779904193.850899,200.
1779904193.950899,0.,1779904193.950899,200.
1779904194.0508988,0.,1779904194.0508988,200.
1779904194.150899,0.,1779904194.150899,200.
1779904194.2508988,0.,1779904194.2508988,200.
1779904194.350899,0.,1779904194.350899,200.
1779904194.450899,0.,1779904194.450899,200.
1779904194.5508988,0.,1779904194.5508988,200.
1779904194.650899,0.,1779904194.650899,200.
1779904194.7508988,0.,1779904194.7508988,200.
1779904194.850899,0.,1779904194.850899,200.
1779904194.950899,0.,1779904194.950899,200.
1779904195.0508988,0.,1779904195.0508988,200.
1779904195.150899,0.,1779904195.150899,200.
1779904195.2508988,0.,1779904195.2508988,200.
1779904195.350899,0.,1779904195.350899,200.
1779904195.450899,0.,1779904195.450899,200.
1779904195.5508988,0.,1779904195.5508988,200.
1779904195.650899,0.,1779904195.650899,200.
1779904195.7508988,0.,1779904195.7508988,200.
1779904195.850899,0.,1779904195.850899,200.
1779904195.950899,0.,1779904195.950899,200.
1779904196.0508988,0.,1779904196.0508988,200.
1779904196.150899,0.,1779904196.150899,200.
1779904196.2508988,0.,1779904196.2508988,200.
1779904196.350899,0.,1779904196.350899,200.
1779904196.450899,0.,1779904196.450899,200.
1779904196.5508988,0.,1779904196.5508988,200.
1779904196.650899,0.,1779904196.650899,200.
1779904196.7508988,0.,1779904196.7508988,200.
1779904196.850899,0.,1779904196.850899,200.
1779904196.950899,0.,1779904196.950899,200.
1779904197.0508988,0.,1779904197.0508988,200.
1779904197.150899,0.,1779904197.150899,200.
1779904197.2508988,0.,1779904197.2508988,200.
1779904197.350899,0.,1779904197.350899,200.
1779904197.450899,0.,1779904197.450899,200.
1779904197.5508988,0.,1779904197.5508988,200.
1779904197.650899,0.,1779904197.650899,200.
1779904197.7508988,0.,1779904197.7508988,200.
1779904197.850899,0.,1779904197.850899,200.
1779904197.950899,0.,1779904197.950899,200.
1779904198.0508988,0.,1779904198.0508988,200.
1779904198.150899,0.,1779904198.150899,200.
1779904198.2508988,0.,1779904198.2508988,200.
1779904198.350899,0.,1779904198.350899,200.
1779904198.450899,0.,1779904198.450899,200.
1779904198.5508988,0.,1779904198.5508988,200.
1779904198.650899,0.,1779904198.650899,200.
1779904198.7508988,0.,1779904198.7508988,200.
1779904198.850899,0.,1779904198.850899,200.
1779904198.950899,0.,1779904198.950899,200.
1779904199.0508988,0.,1779904199.0508988,200.
1779904199.150899,0.,1779904199.150899,200.
1779904199.2508988,0.,1779904199.2508988,200.
1779904199.350899,0.,1779904199.350899,200.
1779904199.450899,0.,1779904199.450899,200.
1779904199.5508988,0.,1779904199.5508988,200.
1779904199.650899,0.,1779904199.650899,200.
1779904199.7508988,0.,1779904199.7508988,200.
1779904199.850899,0.,1779904199.850899,200.
1779904199.950899,0.,1779904199.950899,200.
1779904200.0508988,0.,1779904200.0508988,200.
1779904200.150899,0.,1779904200.150899,200.
1779904200.2508988,0.,1779904200.2508988,200.
1779904200.350899,0.,1779904200.350899,200.
1779904200.450899,0.,1779904200.450899,200.
1779904200.5508988,0.,1779904200.5508988,200.
1779904200.650899,0.,1779904200.650899,200.
1779904200.7508988,0.,1779904200.7508988,200.
1779904200.850899,0.,1779904200.850899,200.
1779904200.950899,0.,1779904200.950899,200.
1779904201.0508988,0.,1779904201.0508988,200.
1779904201.150899,0.,1779904201.150899,200.
1779904201.2508988,0.,1779904201.2508988,200.
1779904201.350899,0.,1779904201.350899,200.
1779904201.450899,0.,1779904201.450899,200.
1779904201.5508988,0.,1779904201.5508988,200.
1779904201.650899,0.,1779904201.650899,200.
1779904201.7508988,0.,1779904201.7508988,200.
1779904201.850899,0.,1779904201.850899,200.
1779904201.950899,0.,1779904201.950899,200.
1779904202.0508988,0.,1779904202.0508988,200.
1779904202.150899,0.,1779904202.150899,200.
1779904202.2508988,0.,1779904202.2508988,200.
1779904202.350899,0.,1779904202.350899,200.
1779904202.450899,0.,1779904202.450899,164.7174674372
1779904202.5508988,0.,1779904202.5508988,255.4916648804
1779904202.650899,0.,1779904202.650899,332.5066807358
1779904202.7508988,0.,1779904202.7508988,200.
1779904202.850899,0.,1779904202.850899,200.
1779904202.950899,0.,1779904202.950899,200.
1779904203.0508988,0.,1779904203.0508988,200.
1779904203.150899,0.,1779904203.150899,200.
1779904203.2508988,0.,1779904203.2508988,200.
1779904203.350899,0.,1779904203.350899,200.
1779904203.450899,0.,1779904203.450899,200.
1779904203.5508988,0.,1779904203.5508988,200.
1779904203.650899,0.,1779904203.650899,200.
1779904203.7508988,0.,1779904203.7508988,200.
1779904203.850899,0.,1779904203.850899,200.
1779904203.950899,0.,1779904203.950899,200.
1779904204.0508988,0.,1779904204.0508988,200.
1779904204.150899,0.,1779904204.150899,200.
1779904204.2508988,0.,1779904204.2508988,200.
1779904204.350899,0.,1779904204.350899,200.
1779904204.450899,0.,1779904204.450899,200.
1779904204.5508988,0.,1779904204.5508988,200.
1779904204.650899,0.,1779904204.650899,200.
1779904204.7508988,0.,1779904204.7508988,200.
1779904204.850899,0.,1779904204.850899,200.
1779904204.950899,0.,1779904204.950899,200.
1779904205.0508988,0.,1779904205.0508988,200.
1779904205.150899,0.,1779904205.150899,200.
1779904205.2508988,0.,1779904205.2508988,221.2748881863
1779904205.350899,0.,1779904205.350899,314.7176460185
1779904205.450899,0.,1779904205.450899,340.
1779904205.5508988,0.,1779904205.5508988,200.
1779904205.650899,315.7333686947,1779904205.650899,200.
1779904205.7508988,63.1466737389,1779904205.7508988,200.
1779904205.850899,12.6293347478,1779904205.850899,200.
1779904205.950899,2.5258669496,1779904205.950899,200.
1779904206.0508988,0.5051733899,1779904206.0508988,200.
1779904206.150899,0.101034678,1779904206.150899,200.
1779904206.2508988,0.0202069356,1779904206.2508988,200.
1779904206.350899,0.0040413871,1779904206.350899,200.
1779904206.450899,0.0008082774,1779904206.450899,200.
1779904206.5508988,0.0001616555,1779904206.5508988,200.
1779904206.650899,0.0000323311,1779904206.650899,200.
1779904206.7508988,0.0000064662,1779904206.7508988,200.
1779904206.850899,0.0000064662,1779904206.850899,0.
1779904206.950899,0.0000064662,1779904206.950899,0.
1779904207.0508988,0.0000064662,1779904207.0508988,0.
1779904207.150899,0.0000064662,1779904207.150899,0.
1779904207.2508988,0.0000064662,1779904207.2508988,0.
1779904207.350899,0.0000064662,1779904207.350899,0.
1779904207.450899,0.0000064662,1779904207.450899,0.
1779904207.5508988,0.0000064662,1779904207.5508988,0.
1779904207.650899,0.0000064662,1779904207.650899,0.
1779904207.7508988,0.0000064662,1779904207.7508988,0.
1779904207.850899,0.0000064662,1779904207.850899,0.
1779904207.950899,0.0000064662,1779904207.950899,0.
1779904208.0508988,0.0000064662,1779904208.0508988,0.
1779904208.150899,0.0000064662,1779904208.150899,0.
1779904208.2508988,0.0000064662,1779904208.2508988,0.
1779904208.350899,0.0000064662,1779904208.350899,0.
1779904208.450899,0.0000064662,1779904208.450899,0.
1779904208.5508988,0.0000064662,1779904208.5508988,0.
1779904208.650899,0.0000064662,1779904208.650899,0.
1779904208.7508988,0.0000064662,1779904208.7508988,0.
1779904208.850899,0.0000064662,1779904208.850899,0.
1779904208.950899,0.0000064662,1779904208.950899,0.
1779904209.0508988,0.0000064662,1779904209.0508988,0.
1779904209.150899,0.0000064662,1779904209.150899,0.
1779904209.2508988,0.0000064662,1779904209.2508988,0.
1779904209.350899,0.0000064662,1779904209.350899,0.
1779904209.450899,0.0000064662,1779904209.450899,0.
1779904209.5508988,0.0000064662,1779904209.5508988,0.
1779904209.650899,0.0000064662,1779904209.650899,0.
1779904209.7508988,0.0000064662,1779904209.7508988,0.
1779904209.850899,0.0000064662,1779904209.850899,0.
1779904209.950899,0.0000064662,1779904209.950899,0.
1779904210.0508988,0.0000064662,1779904210.0508988,0.
1779904210.150899,0.0000064662,1779904210.150899,0.
1779904210.2508988,0.0000064662,1779904210.2508988,0.
1779904210.350899,0.0000064662,1779904210.350899,0.
1779904210.450899,0.0000064662,1779904210.450899,0.
1779904210.5508988,0.0000064662,1779904210.5508988,0.
1779904210.650899,0.0000064662,1779904210.650899,0.
1779904210.7508988,0.0000064662,1779904210.7508988,0.
1779904210.850899,0.0000064662,1779904210.850899,0.
1779904210.950899,0.0000064662,1779904210.950899,0.
1779904211.0508988,0.0000064662,1779904211.0508988,0.
1779904211.150899,0.0000064662,1779904211.150899,0.
1779904211.2508988,0.0000064662,1779904211.2508988,0.
1779904211.350899,0.0000064662,1779904211.350899,0.
1779904211.450899,0.0000064662,1779904211.450899,0.
1779904211.5508988,0.0000064662,1779904211.5508988,0.
1779904211.650899,0.0000064662,1779904211.650899,0.
1779904211.7508988,0.0000064662,1779904211.7508988,0.
1779904211.850899,0.0000064662,1779904211.850899,0.
1779904211.950899,0.0000064662,1779904211.950899,0.
1779904212.0508988,0.0000064662,1779904212.0508988,0.
1779904212.150899,0.0000064662,1779904212.150899,0.
1779904212.2508988,0.0000064662,1779904212.2508988,0.
1779904212.350899,0.0000064662,1779904212.350899,0.
1779904212.450899,0.0000064662,1779904212.450899,0.
1779904212.5508988,0.0000064662,1779904212.5508988,0.
1779904212.650899,0.0000064662,1779904212.650899,0.
1779904212.7508988,0.0000064662,1779904212.7508988,0.
1779904212.850899,0.0000064662,1779904212.850899,0.
1779904212.950899,0.0000064662,1779904212.950899,0.
1779904213.0508988,0.0000064662,1779904213.0508988,0.
1779904213.150899,0.0000064662,1779904213.150899,0.
1779904213.2508988,0.0000064662,1779904213.2508988,0.
1779904213.350899,0.0000064662,1779904213.350899,0.
1779904213.450899,0.0000064662,1779904213.450899,0.
1779904213.5508988,0.0000064662,1779904213.5508988,0.
1779904213.650899,0.0000064662,1779904213.650899,0.
1779904213.7508988,0.0000064662,1779904213.7508988,0.
1779904213.850899,0.0000064662,1779904213.850899,0.
1779904213.950899,0.0000064662,1779904213.950899,0.
1779904214.0508988,0.0000064662,1779904214.0508988,0.
1779904214.150899,0.0000064662,1779904214.150899,0.
1779904214.2508988,0.0000064662,1779904214.2508988,0.
1779904214.350899,0.0000064662,1779904214.350899,0.
1779904214.450899,0.0000064662,1779904214.450899,0.
1779904214.5508988,0.0000064662,1779904214.5508988,0.
1779904214.650899,0.0000064662,1779904214.650899,0.
1779904214.7508988,0.0000064662,1779904214.7508988,0.
1779904214.850899,0.0000064662,1779904214.850899,0.
1779904214.950899,0.0000064662,1779904214.950899,0.
1779904215.0508988,0.0000064662,1779904215.0508988,0.
1779904215.150899,0.0000064662,1779904215.150899,0.
1779904215.2508988,0.0000064662,1779904215.2508988,0.
1779904215.350899,0.0000064662,1779904215.350899,0.
1779904215.450899,0.0000064662,1779904215.450899,0.
1779904215.5508988,0.0000064662,1779904215.5508988,0.
1779904215.650899,0.0000064662,1779904215.650899,0.
1779904215.7508988,0.0000064662,1779904215.7508988,0.
1779904215.850899,0.0000064662,1779904215.850899,0.
1779904215.950899,0.0000064662,1779904215.950899,0.
1779904216.0508988,0.0000064662,1779904216.0508988,0.
1779904216.150899,0.0000064662,1779904216.150899,0.
1779904216.2508988,0.0000064662,1779904216.2508988,0.
1779904216.350899,0.0000064662,1779904216.350899,0.
1779904216.450899,0.0000064662,1779904216.450899,0.
1779904216.5508988,0.0000064662,1779904216.5508988,0.
1779904216.650899,0.0000064662,1779904216.650899,0.
1779904216.7508988,0.0000064662,1779904216.7508988,0.
1779904216.850899,0.0000064662,1779904216.850899,0.
1779904216.950899,0.0000064662,1779904216.950899,0.
1779904217.0508988,0.0000064662,1779904217.0508988,0.
1779904217.150899,0.0000064662,1779904217.150899,0.
1779904217.2508988,0.0000064662,1779904217.2508988,0.
1779904217.350899,0.0000064662,1779904217.350899,0.
1779904217.450899,0.0000064662,1779904217.450899,0.
1779904217.5508988,0.0000064662,1779904217.5508988,0.
1779904217.650899,0.0000064662,1779904217.650899,0.
1779904217.7508988,0.0000064662,1779904217.7508988,0.
1779904217.850899,0.0000064662,1779904217.850899,0.
1779904217.950899,0.0000064662,1779904217.950899,0.
1779904218.0508988,0.0000064662,1779904218.0508988,0.
1779904218.150899,0.0000064662,1779904218.150899,0.
1779904218.2508988,0.0000064662,1779904218.2508988,0.
1779904218.350899,0.0000064662,1779904218.350899,0.
1779904218.450899,0.0000064662,1779904218.450899,0.
1779904218.5508988,0.0000064662,1779904218.5508988,0.
1779904218.650899,0.0000064662,1779904218.650899,0.
1779904218.7508988,0.0000064662,1779904218.7508988,0.
1779904218.850899,0.0000064662,1779904218.850899,0.
1779904218.950899,0.0000064662,1779904218.950899,0.
1779904219.0508988,0.0000064662,1779904219.0508988,0.
1779904219.150899,0.0000064662,1779904219.150899,0.
1779904219.2508988,0.0000064662,1779904219.2508988,0.
1779904219.350899,0.0000064662,1779904219.350899,0.
1779904219.450899,0.0000064662,1779904219.450899,0.
1779904219.5508988,0.0000064662,1779904219.5508988,0.
1779904219.650899,0.0000064662,1779904219.650899,0.
1779904219.7508988,0.0000064662,1779904219.7508988,0.
1779904219.850899,0.0000064662,1779904219.850899,0.
1779904219.950899,0.0000064662,1779904219.950899,0.
1779904220.0508988,0.0000064662,1779904220.0508988,0.
1779904220.150899,0.0000064662,1779904220.150899,0.
1779904220.2508988,0.0000064662,1779904220.2508988,0.
1779904220.350899,0.0000064662,1779904220.350899,0.
1779904220.450899,0.0000064662,1779904220.450899,0.
1779904220.5508988,0.0000064662,1779904220.5508988,0.
1779904220.650899,0.0000064662,1779904220.650899,0.
1779904220.7508988,0.0000064662,1779904220.7508988,0.
1779904220.850899,0.0000064662,1779904220.850899,0.
1779904220.950899,0.0000064662,1779904220.950899,0.
1779904221.0508988,0.0000064662,1779904221.0508988,0.
1779904221.150899,0.0000064662,1779904221.150899,0.
1779904221.2508988,0.0000064662,1779904221.2508988,0.
1779904221.350899,0.0000064662,1779904221.350899,0.
1779904221.450899,0.0000064662,1779904221.450899,0.
1779904221.5508988,0.0000064662,1779904221.5508988,0.
1779904221.650899,0.0000064662,1779904221.650899,0.
1779904221.7508988,0.0000064662,1779904221.7508988,0.
1779904221.850899,0.0000064662,1779904221.850899,0.
1779904221.950899,0.0000064662,1779904221.950899,0.
1779904222.0508988,0.0000064662,1779904222.0508988,0.
1779904222.150899,0.0000064662,1779904222.150899,0.
1779904222.2508988,0.0000064662,1779904222.2508988,0.
1779904222.350899,0.0000064662,1779904222.350899,0.
1779904222.450899,0.0000064662,1779904222.450899,0.
1779904222.5508988,0.0000064662,1779904222.5508988,0.
1779904222.650899,0.0000064662,1779904222.650899,0.
1779904222.7508988,0.0000064662,1779904222.7508988,0.
1779904222.850899,0.0000064662,1779904222.850899,0.
1779904222.950899,0.0000064662,1779904222.950899,0.
1779904223.0508988,0.0000064662,1779904223.0508988,0.
1779904223.150899,0.0000064662,1779904223.150899,0.
1779904223.2508988,0.0000064662,1779904223.2508988,0.
1779904223.350899,0.0000064662,1779904223.350899,0.
1779904223.450899,0.0000064662,1779904223.450899,0.
1779904223.5508988,0.0000064662,1779904223.5508988,0.
1779904223.650899,0.0000064662,1779904223.650899,0.
1779904223.7508988,0.0000064662,1779904223.7508988,0.
1779904223.850899,0.0000064662,1779904223.850899,0.
1779904223.950899,0.0000064662,1779904223.950899,0.
1779904224.0508988,0.0000064662,1779904224.0508988,0.
1779904224.150899,0.0000064662,1779904224.150899,0.
1779904224.2508988,0.0000064662,1779904224.2508988,0.
1779904224.350899,0.0000064662,1779904224.350899,0.
1779904224.450899,0.0000064662,1779904224.450899,0.
1779904224.5508988,0.0000064662,1779904224.5508988,0.
1779904224.650899,0.0000064662,1779904224.650899,0.
1779904224.7508988,0.0000064662,1779904224.7508988,0.
1779904224.850899,0.0000064662,1779904224.850899,0.
1779904224.950899,0.0000064662,1779904224.950899,0.
1779904225.0508988,0.0000064662,1779904225.0508988,0.
1779904225.150899,0.0000064662,1779904225.150899,0.
1779904225.2508988,0.0000064662,1779904225.2508988,0.
1779904225.350899,0.0000064662,1779904225.350899,0.
1779904225.450899,0.0000064662,1779904225.450899,0.
1779904225.5508988,0.0000064662,1779904225.5508988,0.
1779904225.650899,0.0000064662,1779904225.650899,0.
1779904225.7508988,0.0000064662,1779904225.7508988,0.
1779904225.850899,0.0000064662,1779904225.850899,0.
1779904225.950899,0.0000064662,1779904225.950899,0.
1779904226.0508988,0.0000064662,1779904226.0508988,0.
1779904226.150899,0.0000064662,1779904226.150899,0.
1779904226.2508988,0.0000064662,1779904226.2508988,0.
1779904226.350899,0.0000064662,1779904226.350899,0.
1779904226.450899,0.0000064662,1779904226.450899,0.
1779904226.5508988,0.0000064662,1779904226.5508988,0.
1779904226.650899,0.0000064662,1779904226.650899,0.
1779904226.7508988,0.0000064662,1779904226.7508988,0.
1779904226.850899,0.0000064662,1779904226.850899,0.
1779904226.950899,0.0000064662,1779904226.950899,0.
1779904227.0508988,0.0000064662,1779904227.0508988,0.
1779904227.150899,0.0000064662,1779904227.150899,0.
1779904227.2508988,0.0000064662,1779904227.2508988,0.
1779904227.350899,0.0000064662,1779904227.350899,0.
1779904227.450899,0.0000064662,1779904227.450899,0.
1779904227.5508988,0.0000064662,1779904227.5508988,0.
1779904227.650899,0.0000064662,1779904227.650899,0.
1779904227.7508988,0.0000064662,1779904227.7508988,0.
1779904227.850899,0.0000064662,1779904227.850899,0.
1779904227.950899,0.0000064662,1779904227.950899,0.
1779904228.0508988,0.0000064662,1779904228.0508988,0.
1779904228.150899,0.0000064662,1779904228.150899,0.
1779904228.2508988,0.0000064662,1779904228.2508988,0.
1779904228.350899,0.0000064662,1779904228.350899,0.
1779904228.450899,0.0000064662,1779904228.450899,0.
1779904228.5508988,0.0000064662,1779904228.5508988,0.
1779904228.650899,0.0000064662,1779904228.650899,0.
1779904228.7508988,0.0000064662,1779904228.7508988,0.
1779904228.850899,0.0000064662,1779904228.850899,0.
1779904228.950899,0.0000064662,1779904228.950899,0.
1779904229.0508988,0.0000064662,1779904229.0508988,0.
1779904229.150899,0.0000064662,1779904229.150899,0.
1779904229.2508988,0.0000064662,1779904229.2508988,0.
1779904229.350899,0.0000064662,1779904229.350899,0.
1779904229.450899,0.0000064662,1779904229.450899,0.
1779904229.5508988,0.0000064662,1779904229.5508988,0.
1779904229.650899,0.0000064662,1779904229.650899,0.
1779904229.7508988,0.0000064662,1779904229.7508988,0.
1779904229.850899,0.0000064662,1779904229.850899,0.
1779904229.950899,0.0000064662,1779904229.950899,0.
1779904230.0508988,0.0000064662,1779904230.0508988,0.
1779904230.150899,0.0000064662,1779904230.150899,0.
1779904230.2508988,0.0000064662,1779904230.2508988,0.
1779904230.350899,0.0000064662,1779904230.350899,0.
1779904230.450899,0.0000064662,1779904230.450899,0.
1779904230.5508988,0.0000064662,1779904230.5508988,0.
1779904230.650899,0.0000064662,1779904230.650899,0.
1779904230.7508988,0.0000064662,1779904230.7508988,0.
1779904230.850899,0.0000064662,1779904230.850899,0.
1779904230.950899,0.0000064662,1779904230.950899,0.
1779904231.0508988,0.0000064662,1779904231.0508988,0.
1779904231.150899,0.0000064662,1779904231.150899,0.
1779904231.2508988,0.0000064662,1779904231.2508988,0.
1779904231.350899,0.0000064662,1779904231.350899,0.
1779904231.450899,0.0000064662,1779904231.450899,0.
1779904231.5508988,0.0000064662,1779904231.5508988,0.
1779904231.650899,0.0000064662,1779904231.650899,0.
1779904231.7508988,0.0000064662,1779904231.7508988,0.
1779904231.850899,0.0000064662,1779904231.850899,0.
1779904231.950899,0.0000064662,1779904231.950899,0.
1779904232.0508988,0.0000064662,1779904232.0508988,0.
1779904232.150899,0.0000064662,1779904232.150899,0.
1779904232.2508988,0.0000064662,1779904232.2508988,0.
1779904232.350899,0.0000064662,1779904232.350899,0.
1779904232.450899,0.0000064662,1779904232.450899,0.
1779904232.5508988,0.0000064662,1779904232.5508988,0.
1779904232.650899,0.0000064662,1779904232.650899,0.
1779904232.7508988,0.0000064662,1779904232.7508988,0.
1779904232.850899,0.0000064662,1779904232.850899,0.
1779904232.950899,0.0000064662,1779904232.950899,0.
1779904233.0508988,0.0000064662,1779904233.0508988,0.
1779904233.150899,0.0000064662,1779904233.150899,0.
1779904233.2508988,0.0000064662,1779904233.2508988,0.
1779904233.350899,0.0000064662,1779904233.350899,0.
1779904233.450899,0.0000064662,1779904233.450899,0.
1779904233.5508988,0.0000064662,1779904233.5508988,0.
1779904233.650899,0.0000064662,1779904233.650899,0.
1779904233.7508988,0.0000064662,1779904233.7508988,0.
1779904233.850899,0.0000064662,1779904233.850899,0.
1779904233.950899,0.0000064662,1779904233.950899,0.
1779904234.0508988,0.0000064662,1779904234.0508988,0.
1779904234.150899,0.0000064662,1779904234.150899,0.
1779904234.2508988,0.0000064662,1779904234.2508988,0.
1779904234.350899,0.0000064662,1779904234.350899,0.
1779904234.450899,0.0000064662,1779904234.450899,0.
1779904234.5508988,0.0000064662,1779904234.5508988,0.
1779904234.650899,0.0000064662,1779904234.650899,0.
1779904234.7508988,0.0000064662,1779904234.7508988,0.
1779904234.850899,0.0000064662,1779904234.850899,0.
1779904234.950899,0.0000064662,1779904234.950899,0.
1779904235.0508988,0.0000064662,1779904235.0508988,0.
1779904235.150899,0.0000064662,1779904235.150899,0.
1779904235.2508988,0.0000064662,1779904235.2508988,0.
1779904235.350899,0.0000064662,1779904235.350899,0.
1779904235.450899,0.0000064662,1779904235.450899,0.
1779904235.5508988,0.0000064662,1779904235.5508988,0.
1779904235.650899,0.0000064662,1779904235.650899,0.
1779904235.7508988,0.0000064662,1779904235.7508988,0.
1779904235.850899,0.0000064662,1779904235.850899,0.
1779904235.950899,0.0000064662,1779904235.950899,0.
1779904236.0508988,0.0000064662,1779904236.0508988,0.
1779904236.150899,0.0000064662,1779904236.150899,0.
1779904236.2508988,0.0000064662,1779904236.2508988,0.
1779904236.350899,0.0000064662,1779904236.350899,0.
1779904236.450899,0.0000064662,1779904236.450899,0.
1779904236.5508988,0.0000064662,1779904236.5508988,0.
1779904236.650899,0.0000064662,1779904236.650899,0.
1779904236.7508988,0.0000064662,1779904236.7508988,0.
1779904236.850899,0.0000064662,1779904236.850899,0.
1779904236.950899,0.0000064662,1779904236.950899,0.
1779904237.0508988,0.0000064662,1779904237.0508988,0.
1779904237.150899,0.0000064662,1779904237.150899,0.
1779904237.2508988,0.0000064662,1779904237.2508988,0.
1779904237.350899,0.0000064662,1779904237.350899,0.
1779904237.450899,0.0000064662,1779904237.450899,0.
1779904237.5508988,0.0000064662,1779904237.5508988,0.
1779904237.650899,0.0000064662,1779904237.650899,0.
1779904237.7508988,0.0000064662,1779904237.7508988,0.
1779904237.850899,0.0000064662,1779904237.850899,0.
1779904237.950899,0.0000064662,1779904237.950899,0.
1779904238.0508988,0.0000064662,1779904238.0508988,0.
1779904238.150899,0.0000064662,1779904238.150899,0.
1779904238.2508988,0.0000064662,1779904238.2508988,0.
1779904238.350899,0.0000064662,1779904238.350899,0.
1779904238.450899,0.0000064662,1779904238.450899,0.
1779904238.5508988,0.0000064662,1779904238.5508988,0.
1779904238.650899,0.0000064662,1779904238.650899,0.
1779904238.7508988,0.0000064662,1779904238.7508988,0.
1779904238.850899,0.0000064662,1779904238.850899,0.
1779904238.950899,0.0000064662,1779904238.950899,0.
1779904239.0508988,0.0000064662,1779904239.0508988,0.
1779904239.150899,0.0000064662,1779904239.150899,0.
1779904239.2508988,0.0000064662,1779904239.2508988,0.
1779904239.350899,0.0000064662,1779904239.350899,0.
1779904239.450899,0.0000064662,1779904239.450899,0.
1779904239.5508988,0.0000064662,1779904239.5508988,0.
1779904239.650899,0.0000064662,1779904239.650899,0.
1779904239.7508988,0.0000064662,1779904239.7508988,0.
1779904239.850899,0.0000064662,1779904239.850899,0.
1779904239.950899,0.0000064662,1779904239.950899,0.
1779904240.0508988,0.0000064662,1779904240.0508988,0.
1779904240.150899,0.0000064662,1779904240.150899,0.
1779904240.2508988,0.0000064662,1779904240.2508988,0.
1779904240.350899,0.0000064662,1779904240.350899,0.
1779904240.450899,0.0000064662,1779904240.450899,0.
1779904240.5508988,0.0000064662,1779904240.5508988,0.
1779904240.650899,0.0000064662,1779904240.650899,0.
1779904240.7508988,0.0000064662,1779904240.7508988,0.
1779904240.850899,0.0000064662,1779904240.850899,0.
1779904240.950899,0.0000064662,1779904240.950899,0.
1779904241.0508988,0.0000064662,1779904241.0508988,0.
1779904241.150899,0.0000064662,1779904241.150899,0.
1779904241.2508988,0.0000064662,1779904241.2508988,0.
1779904241.350899,0.0000064662,1779904241.350899,0.
1779904241.450899,0.0000064662,1779904241.450899,0.
1779904241.5508988,0.0000064662,1779904241.5508988,0.
1779904241.650899,0.0000064662,1779904241.650899,0.
1779904241.7508988,0.0000064662,1779904241.7508988,0.
1779904241.850899,0.0000064662,1779904241.850899,0.
1779904241.950899,0.0000064662,1779904241.950899,0.
1779904242.0508988,0.0000064662,1779904242.0508988,0.
1779904242.150899,0.0000064662,1779904242.150899,0.
1779904242.2508988,0.0000064662,1779904242.2508988,0.
1779904242.350899,0.0000064662,1779904242.350899,0.
1779904242.450899,0.0000064662,1779904242.450899,0.
1779904242.5508988,0.0000064662,1779904242.5508988,0.
1779904242.650899,0.0000064662,1779904242.650899,0.
1779904242.7508988,0.0000064662,1779904242.7508988,0.
1779904242.850899,0.0000064662,1779904242.850899,0.
1779904242.950899,0.0000064662,1779904242.950899,0.
1779904243.0508988,0.0000064662,1779904243.0508988,0.
1779904243.150899,0.0000064662,1779904243.150899,0.
1779904243.2508988,0.0000064662,1779904243.2508988,0.
1779904243.350899,0.0000064662,1779904243.350899,0.
1779904243.450899,0.0000064662,1779904243.450899,0.
1779904243.5508988,0.0000064662,1779904243.5508988,0.
1779904243.650899,0.0000064662,1779904243.650899,0.
1779904243.7508988,0.0000064662,1779904243.7508988,0.
1779904243.850899,0.0000064662,1779904243.850899,0.
1779904243.950899,0.0000064662,1779904243.950899,0.
1779904244.0508988,0.0000064662,1779904244.0508988,0.
1779904244.150899,0.0000064662,1779904244.150899,0.
1779904244.2508988,0.0000064662,1779904244.2508988,0.
1779904244.350899,0.0000064662,1779904244.350899,0.
1779904244.450899,0.0000064662,1779904244.450899,0.
1779904244.5508988,0.0000064662,1779904244.5508988,0.
1779904244.650899,0.0000064662,1779904244.650899,0.
1779904244.7508988,0.0000064662,1779904244.7508988,0.
1779904244.850899,0.0000064662,1779904244.850899,0.
1779904244.950899,0.0000064662,1779904244.950899,0.
1779904245.0508988,0.0000064662,1779904245.0508988,0.
1779904245.150899,0.0000064662,1779904245.150899,0.
1779904245.2508988,0.0000064662,1779904245.2508988,0.
1779904245.350899,0.0000064662,1779904245.350899,0.
1779904245.450899,0.0000064662,1779904245.450899,0.
1779904245.5508988,0.0000064662,1779904245.5508988,0.
1779904245.650899,0.0000064662,1779904245.650899,0.
1779904245.7508988,0.0000064662,1779904245.7508988,0.
1779904245.850899,0.0000064662,1779904245.850899,0.
1779904245.950899,0.0000064662,1779904245.950899,0.
1779904246.0508988,0.0000064662,1779904246.0508988,0.
1779904246.150899,0.0000064662,1779904246.150899,0.
1779904246.2508988,0.0000064662,1779904246.2508988,0.
1779904246.350899,0.0000064662,1779904246.350899,0.
1779904246.450899,0.0000064662,1779904246.450899,0.
1779904246.5508988,0.0000064662,1779904246.5508988,0.
1779904246.650899,0.0000064662,1779904246.650899,0.
1779904246.7508988,0.0000064662,1779904246.7508988,0.
1779904246.850899,0.0000064662,1779904246.850899,0.
1779904246.950899,0.0000064662,1779904246.950899,0.
1779904247.0508988,0.0000064662,1779904247.0508988,0.
1779904247.150899,0.0000064662,1779904247.150899,0.
1779904247.2508988,0.0000064662,1779904247.2508988,0.
1779904247.350899,0.0000064662,1779904247.350899,0.
1779904247.450899,0.0000064662,1779904247.450899,0.
1779904247.5508988,0.0000064662,1779904247.5508988,0.
1779904247.650899,0.0000064662,1779904247.650899,0.
1779904247.7508988,0.0000064662,1779904247.7508988,0.
1779904247.850899,0.0000064662,1779904247.850899,0.
1779904247.950899,0.0000064662,1779904247.950899,0.
1779904248.0508988,0.0000064662,1779904248.0508988,0.
1779904248.150899,0.0000064662,1779904248.150899,0.
1779904248.2508988,0.0000064662,1779904248.2508988,0.
1779904248.350899,0.0000064662,1779904248.350899,0.
1779904248.450899,0.0000064662,1779904248.450899,0.
1779904248.5508988,0.0000064662,1779904248.5508988,0.
1779904248.650899,0.0000064662,1779904248.650899,0.
1779904248.7508988,0.0000064662,1779904248.7508988,0.
1779904248.850899,0.0000064662,1779904248.850899,0.
1779904248.950899,0.0000064662,1779904248.950899,0.
1779904249.0508988,0.0000064662,1779904249.0508988,0.
1779904249.150899,0.0000064662,1779904249.150899,0.
1779904249.2508988,0.0000064662,1779904249.2508988,0.
1779904249.350899,0.0000064662,1779904249.350899,0.
1779904249.450899,0.0000064662,1779904249.450899,0.
1779904249.5508988,0.0000064662,1779904249.5508988,0.
1779904249.650899,0.0000064662,1779904249.650899,0.
1779904249.7508988,0.0000064662,1779904249.7508988,0.
1779904249.850899,0.0000064662,1779904249.850899,0.
1779904249.950899,0.0000064662,1779904249.950899,0.
1779904250.0508988,0.0000064662,1779904250.0508988,0.
1779904250.150899,0.0000064662,1779904250.150899,0.
1779904250.2508988,0.0000064662,1779904250.2508988,0.
1779904250.350899,0.0000064662,1779904250.350899,0.
1779904250.450899,0.0000064662,1779904250.450899,0.
1779904250.5508988,0.0000064662,1779904250.5508988,0.
1779904250.650899,0.0000064662,1779904250.650899,0.
1779904250.7508988,0.0000064662,1779904250.7508988,0.
1779904250.850899,0.0000064662,1779904250.850899,0.
1779904250.950899,0.0000064662,1779904250.950899,0.
1779904251.0508988,0.0000064662,1779904251.0508988,0.
1779904251.150899,0.0000064662,1779904251.150899,0.
1779904251.2508988,0.0000064662,1779904251.2508988,0.
1779904251.350899,0.0000064662,1779904251.350899,0.
1779904251.450899,0.0000064662,1779904251.450899,0.
1779904251.5508988,0.0000064662,1779904251.5508988,0.
1779904251.650899,0.0000064662,1779904251.650899,0.
1779904251.7508988,0.0000064662,1779904251.7508988,0.
1779904251.850899,0.0000064662,1779904251.850899,0.
1779904251.950899,0.0000064662,1779904251.950899,0.
1779904252.0508988,0.0000064662,1779904252.0508988,0.
1779904252.150899,0.0000064662,1779904252.150899,0.
1779904252.2508988,0.0000064662,1779904252.2508988,0.
1779904252.350899,0.0000064662,1779904252.350899,0.
1779904252.450899,0.0000064662,1779904252.450899,0.
1779904252.5508988,0.0000064662,1779904252.5508988,0.
1779904252.650899,0.0000064662,1779904252.650899,0.
1779904252.7508988,0.0000064662,1779904252.7508988,0.
1779904252.850899,0.0000064662,1779904252.850899,0.
1779904252.950899,0.0000064662,1779904252.950899,0.
1779904253.0508988,0.0000064662,1779904253.0508988,0.
1779904253.150899,0.0000064662,1779904253.150899,0.
1779904253.2508988,0.0000064662,1779904253.2508988,0.
1779904253.350899,0.0000064662,1779904253.350899,0.
1779904253.450899,0.0000064662,1779904253.450899,0.
1779904253.5508988,0.0000064662,1779904253.5508988,0.
1779904253.650899,0.0000064662,1779904253.650899,0.
1779904253.7508988,0.0000064662,1779904253.7508988,0.
1779904253.850899,0.0000064662,1779904253.850899,0.
1779904253.950899,0.0000064662,1779904253.950899,0.
1779904254.0508988,0.0000064662,1779904254.0508988,0.
1779904254.150899,0.0000064662,1779904254.150899,0.
1779904254.2508988,0.0000064662,1779904254.2508988,0.
1779904254.350899,0.0000064662,1779904254.350899,0.
1779904254.450899,0.0000064662,1779904254.450899,0.
1779904254.5508988,0.0000064662,1779904254.5508988,0.
1779904254.650899,0.0000064662,1779904254.650899,0.
1779904254.7508988,0.0000064662,1779904254.7508988,0.
1779904254.850899,0.0000064662,1779904254.850899,0.
1779904254.950899,0.0000064662,1779904254.950899,0.
1779904255.0508988,0.0000064662,1779904255.0508988,0.
1779904255.150899,0.0000064662,1779904255.150899,0.
1779904255.2508988,0.0000064662,1779904255.2508988,0.
1779904255.350899,0.0000064662,1779904255.350899,0.
1779904255.450899,0.0000064662,1779904255.450899,0.
1779904255.5508988,0.0000064662,1779904255.5508988,0.
1779904255.650899,0.0000064662,1779904255.650899,0.
1779904255.7508988,0.0000064662,1779904255.7508988,0.
1779904255.850899,0.0000064662,1779904255.850899,0.
1779904255.950899,0.0000064662,1779904255.950899,0.
1779904256.0508988,0.,1779904256.0508988,200.
1779904256.150899,0.,1779904256.150899,200.
1779904256.2508988,0.,1779904256.2508988,200.
1779904256.350899,0.,1779904256.350899,200.
1779904256.450899,0.,1779904256.450899,200.
1779904256.5508988,0.,1779904256.5508988,200.
1779904256.650899,0.,1779904256.650899,200.
1779904256.7508988,0.,1779904256.7508988,200.
1779904256.850899,0.,1779904256.850899,200.
1779904256.950899,0.,1779904256.950899,200.
1779904257.0508988,0.,1779904257.0508988,200.
1779904257.150899,0.,1779904257.150899,200.
1779904257.2508988,0.,1779904257.2508988,200.
1779904257.350899,0.,1779904257.350899,200.
1779904257.450899,0.,1779904257.450899,200.
1779904257.5508988,0.,1779904257.5508988,200.
1779904257.650899,0.,1779904257.650899,200.
1779904257.7508988,0.,1779904257.7508988,200.
1779904257.850899,0.,1779904257.850899,200.
1779904257.950899,0.,1779904257.950899,200.
1779904258.0508988,0.,1779904258.0508988,200.
1779904258.150899,0.,1779904258.150899,200.
1779904258.2508988,0.,1779904258.2508988,200.
1779904258.350899,0.,1779904258.350899,200.
1779904258.450899,0.,1779904258.450899,200.
1779904258.5508988,0.,1779904258.5508988,200.
1779904258.650899,0.,1779904258.650899,200.
1779904258.7508988,0.,1779904258.7508988,200.
1779904258.850899,0.,1779904258.850899,200.
1779904258.950899,0.,1779904258.950899,200.
1779904259.0508988,0.,1779904259.0508988,200.
1779904259.150899,0.,1779904259.150899,200.
1779904259.2508988,0.,1779904259.2508988,200.
1779904259.350899,0.,1779904259.350899,200.
1779904259.450899,0.,1779904259.450899,200.
1779904259.5508988,0.,1779904259.5508988,200.
1779904259.650899,0.,1779904259.650899,200.
1779904259.7508988,0.,1779904259.7508988,200.
1779904259.850899,0.,1779904259.850899,200.
1779904259.950899,0.,1779904259.950899,200.
1779904260.0508988,0.,1779904260.0508988,200.
1779904260.150899,0.,1779904260.150899,200.
1779904260.2508988,0.,1779904260.2508988,200.
1779904260.350899,0.,1779904260.350899,200.
1779904260.450899,0.,1779904260.450899,200.
1779904260.5508988,0.,1779904260.5508988,200.
1779904260.650899,0.,1779904260.650899,200.
1779904260.7508988,0.,1779904260.7508988,200.
1779904260.850899,0.,1779904260.850899,200.
1779904260.950899,0.,1779904260.950899,200.
1779904261.0508988,0.,1779904261.0508988,200.
1779904261.150899,0.,1779904261.150899,200.
1779904261.2508988,0.,1779904261.2508988,200.
1779904261.350899,0.,1779904261.350899,200.
1779904261.450899,0.,1779904261.450899,200.
1779904261.5508988,0.,1779904261.5508988,200.
1779904261.650899,0.,1779904261.650899,200.
1779904261.7508988,0.,1779904261.7508988,200.
1779904261.850899,0.,1779904261.850899,200.
1779904261.950899,0.,1779904261.950899,200.
1779904262.0508988,0.,1779904262.0508988,200.
1779904262.150899,0.,1779904262.150899,200.
1779904262.2508988,0.,1779904262.2508988,200.
1779904262.350899,0.,1779904262.350899,200.
1779904262.450899,0.,1779904262.450899,200.
1779904262.5508988,0.,1779904262.5508988,200.
1779904262.650899,0.,1779904262.650899,200.
1779904262.7508988,0.,1779904262.7508988,200.
1779904262.850899,0.,1779904262.850899,200.
1779904262.950899,0.,1779904262.950899,200.
1779904263.0508988,0.,1779904263.0508988,200.
1779904263.150899,0.,1779904263.150899,200.
1779904263.2508988,0.,1779904263.2508988,200.
1779904263.350899,0.,1779904263.350899,200.
1779904263.450899,0.,1779904263.450899,200.
1779904263.5508988,0.,1779904263.5508988,200.
1779904263.650899,0.,1779904263.650899,200.
1779904263.7508988,0.,1779904263.7508988,200.
1779904263.850899,0.,1779904263.850899,200.
1779904263.950899,0.,1779904263.950899,200.
1779904264.0508988,0.,1779904264.0508988,200.
1779904264.150899,0.,1779904264.150899,200.
1779904264.2508988,0.,1779904264.2508988,200.
1779904264.350899,0.,1779904264.350899,200.
1779904264.450899,0.,1779904264.450899,200.
1779904264.5508988,0.,1779904264.5508988,200.
1779904264.650899,0.,1779904264.650899,200.
1779904264.7508988,0.,1779904264.7508988,200.
1779904264.850899,0.,1779904264.850899,200.
1779904264.950899,0.,1779904264.950899,200.
1779904265.0508988,0.,1779904265.0508988,200.
1779904265.150899,0.,1779904265.150899,200.
1779904265.2508988,0.,1779904265.2508988,200.
1779904265.350899,0.,1779904265.350899,200.
1779904265.450899,0.,1779904265.450899,200.
1779904265.5508988,0.,1779904265.5508988,200.
1779904265.650899,0.,1779904265.650899,200.
1779904265.7508988,0.,1779904265.7508988,200.
1779904265.850899,0.,1779904265.850899,200.
1779904265.950899,0.,1779904265.950899,200.
1779904266.0508988,0.,1779904266.0508988,200.
1779904266.150899,0.,1779904266.150899,200.
1779904266.2508988,0.,1779904266.2508988,200.
1779904266.350899,0.,1779904266.350899,200.
1779904266.450899,0.,1779904266.450899,200.
1779904266.5508988,0.,1779904266.5508988,200.
1779904266.650899,0.,1779904266.650899,200.
1779904266.7508988,0.,1779904266.7508988,200.
1779904266.850899,0.,1779904266.850899,200.
1779904266.950899,0.,1779904266.950899,200.
1779904267.0508988,0.,1779904267.0508988,200.
1779904267.150899,0.,1779904267.150899,200.
1779904267.2508988,0.,1779904267.2508988,200.
1779904267.350899,0.,1779904267.350899,200.
1779904267.450899,0.,1779904267.450899,200.
1779904267.5508988,0.,1779904267.5508988,200.
1779904267.650899,0.,1779904267.650899,200.
1779904267.7508988,0.,1779904267.7508988,200.
1779904267.850899,0.,1779904267.850899,200.
1779904267.950899,0.,1779904267.950899,200.
1779904268.0508988,0.,1779904268.0508988,200.
1779904268.150899,0.,1779904268.150899,200.
1779904268.2508988,0.,1779904268.2508988,200.
1779904268.350899,0.,1779904268.350899,200.
1779904268.450899,0.,1779904268.450899,200.
1779904268.5508988,0.,1779904268.5508988,200.
1779904268.650899,0.,1779904268.650899,200.
1779904268.7508988,0.,1779904268.7508988,200.
1779904268.850899,0.,1779904268.850899,200.
1779904268.950899,0.,1779904268.950899,200.
1779904269.0508988,0.,1779904269.0508988,200.
1779904269.150899,0.,1779904269.150899,200.
1779904269.2508988,0.,1779904269.2508988,200.
1779904269.350899,0.,1779904269.350899,200.
1779904269.450899,0.,1779904269.450899,200.
1779904269.5508988,0.,1779904269.5508988,200.
1779904269.650899,0.,1779904269.650899,200.
1779904269.7508988,0.,1779904269.7508988,200.
1779904269.850899,0.,1779904269.850899,200.
1779904269.950899,0.,1779904269.950899,200.
1779904270.0508988,0.,1779904270.0508988,200.
1779904270.150899,0.,1779904270.150899,200.
1779904270.2508988,0.,1779904270.2508988,200.
1779904270.350899,0.,1779904270.350899,200.
1779904270.450899,0.,1779904270.450899,200.
1779904270.5508988,0.,1779904270.5508988,200.
1779904270.650899,0.,1779904270.650899,200.
1779904270.7508988,0.,1779904270.7508988,200.
1779904270.850899,0.,1779904270.850899,200.
1779904270.950899,0.,1779904270.950899,200.
1779904271.0508988,0.,1779904271.0508988,200.
1779904271.150899,0.,1779904271.150899,200.
1779904271.2508988,0.,1779904271.2508988,200.
1779904271.350899,0.,1779904271.350899,200.
1779904271.450899,0.,1779904271.450899,200.
1779904271.5508988,0.,1779904271.5508988,200.
1779904271.650899,0.,1779904271.650899,200.
1779904271.7508988,0.,1779904271.7508988,200.
1779904271.850899,0.,1779904271.850899,200.
1779904271.950899,0.,1779904271.950899,200.
1779904272.0508988,0.,1779904272.0508988,200.
1779904272.150899,0.,1779904272.150899,200.
1779904272.2508988,0.,1779904272.2508988,200.
1779904272.350899,0.,1779904272.350899,200.
1779904272.450899,0.,1779904272.450899,200.
1779904272.5508988,0.,1779904272.5508988,200.
1779904272.650899,0.,1779904272.650899,200.
1779904272.7508988,0.,1779904272.7508988,200.
1779904272.850899,0.,1779904272.850899,200.
1779904272.950899,0.,1779904272.950899,200.
1779904273.0508988,0.,1779904273.0508988,200.
1779904273.150899,0.,1779904273.150899,200.
1779904273.2508988,0.,1779904273.2508988,200.
1779904273.350899,0.,1779904273.350899,200.
1779904273.450899,0.,1779904273.450899,200.
1779904273.5508988,0.,1779904273.5508988,200.
1779904273.650899,0.,1779904273.650899,200.
1779904273.7508988,0.,1779904273.7508988,200.
1779904273.850899,0.,1779904273.850899,200.
1779904273.950899,0.,1779904273.950899,200.
1779904274.0508988,0.,1779904274.0508988,200.
1779904274.150899,0.,1779904274.150899,200.
1779904274.2508988,0.,1779904274.2508988,200.
1779904274.350899,0.,1779904274.350899,200.
1779904274.450899,0.,1779904274.450899,200.
1779904274.5508988,0.,1779904274.5508988,200.
1779904274.650899,0.,1779904274.650899,200.
1779904274.7508988,0.,1779904274.7508988,200.
1779904274.850899,0.,1779904274.850899,200.
1779904274.950899,0.,1779904274.950899,200.
1779904275.0508988,0.,1779904275.0508988,200.
1779904275.150899,0.,1779904275.150899,200.
1779904275.2508988,0.,1779904275.2508988,200.
1779904275.350899,0.,1779904275.350899,200.
1779904275.450899,0.,1779904275.450899,200.
1779904275.5508988,0.,1779904275.5508988,200.
1779904275.650899,0.,1779904275.650899,200.
1779904275.7508988,0.,1779904275.7508988,200.
1779904275.850899,0.,1779904275.850899,200.
1779904275.950899,0.,1779904275.950899,200.
1779904276.0508988,0.,1779904276.0508988,200.
1779904276.150899,0.,1779904276.150899,200.
1779904276.2508988,0.,1779904276.2508988,200.
1779904276.350899,0.,1779904276.350899,200.
1779904276.450899,0.,1779904276.450899,200.
1779904276.5508988,0.,1779904276.5508988,200.
1779904276.650899,0.,1779904276.650899,200.
1779904276.7508988,0.,1779904276.7508988,200.
1779904276.850899,0.,1779904276.850899,200.
1779904276.950899,0.,1779904276.950899,200.
1779904277.0508988,0.,1779904277.0508988,200.
1779904277.150899,0.,1779904277.150899,200.
1779904277.2508988,0.,1779904277.2508988,200.
1779904277.350899,0.,1779904277.350899,200.
1779904277.450899,0.,1779904277.450899,200.
1779904277.5508988,0.,1779904277.5508988,200.
1779904277.650899,0.,1779904277.650899,200.
1779904277.7508988,0.,1779904277.7508988,200.
1779904277.850899,0.,1779904277.850899,200.
1779904277.950899,0.,1779904277.950899,200.
1779904278.0508988,0.,1779904278.0508988,200.
1779904278.150899,0.,1779904278.150899,200.
1779904278.2508988,0.,1779904278.2508988,200.
1779904278.350899,0.,1779904278.350899,200.
1779904278.450899,0.,1779904278.450899,200.
1779904278.5508988,0.,1779904278.5508988,200.
1779904278.650899,0.,1779904278.650899,200.
1779904278.7508988,0.,1779904278.7508988,200.
1779904278.850899,0.,1779904278.850899,200.
1779904278.950899,0.,1779904278.950899,200.
1779904279.0508988,0.,1779904279.0508988,200.
1779904279.150899,0.,1779904279.150899,200.
1779904279.2508988,0.,1779904279.2508988,200.
1779904279.350899,0.,1779904279.350899,200.
1779904279.450899,0.,1779904279.450899,200.
1779904279.5508988,0.,1779904279.5508988,200.
1779904279.650899,0.,1779904279.650899,200.
1779904279.7508988,0.,1779904279.7508988,200.
1779904279.850899,0.,1779904279.850899,200.
1779904279.950899,0.,1779904279.950899,200.
1779904280.0508988,0.,1779904280.0508988,200.
1779904280.150899,0.,1779904280.150899,200.
1779904280.2508988,0.,1779904280.2508988,200.
1779904280.350899,0.,1779904280.350899,200.
1779904280.450899,0.,1779904280.450899,200.
1779904280.5508988,0.,1779904280.5508988,200.
1779904280.650899,0.,1779904280.650899,200.
1779904280.7508988,0.,1779904280.7508988,200.
1779904280.850899,0.,1779904280.850899,200.
1779904280.950899,0.,1779904280.950899,200.
1779904281.0508988,0.,1779904281.0508988,200.
1779904281.150899,0.,1779904281.150899,200.
1779904281.2508988,0.,1779904281.2508988,200.
1779904281.350899,0.,1779904281.350899,200.
1779904281.450899,0.,1779904281.450899,200.
1779904281.5508988,0.,1779904281.5508988,200.
1779904281.650899,0.,1779904281.650899,200.
1779904281.7508988,0.,1779904281.7508988,200.
1779904281.850899,0.,1779904281.850899,200.
1779904281.950899,0.,1779904281.950899,200.
1779904282.0508988,0.,1779904282.0508988,200.
1779904282.150899,0.,1779904282.150899,200.
1779904282.2508988,0.,1779904282.2508988,200.
1779904282.350899,0.,1779904282.350899,200.
1779904282.450899,0.,1779904282.450899,200.
1779904282.5508988,0.,1779904282.5508988,200.
1779904282.650899,0.,1779904282.650899,200.
1779904282.7508988,0.,1779904282.7508988,200.
1779904282.850899,0.,1779904282.850899,200.
1779904282.950899,0.,1779904282.950899,200.
1779904283.0508988,0.,1779904283.0508988,200.
1779904283.150899,0.,1779904283.150899,200.
1779904283.2508988,0.,1779904283.2508988,200.
1779904283.350899,0.,1779904283.350899,200.
1779904283.450899,0.,1779904283.450899,200.
1779904283.5508988,0.,1779904283.5508988,200.
1779904283.650899,0.,1779904283.650899,200.
1779904283.7508988,0.,1779904283.7508988,200.
1779904283.850899,0.,1779904283.850899,200.
1779904283.950899,0.,1779904283.950899,200.
1779904284.0508988,0.,1779904284.0508988,200.
1779904284.150899,0.,1779904284.150899,200.
1779904284.2508988,0.,1779904284.2508988,200.
1779904284.350899,0.,1779904284.350899,200.
1779904284.450899,0.,1779904284.450899,200.
1779904284.5508988,0.,1779904284.5508988,200.
1779904284.650899,0.,1779904284.650899,200.
1779904284.7508988,0.,1779904284.7508988,200.
1779904284.850899,0.,1779904284.850899,200.
1779904284.950899,0.,1779904284.950899,200.
1779904285.0508988,0.,1779904285.0508988,200.
1779904285.150899,0.,1779904285.150899,200.
1779904285.2508988,0.,1779904285.2508988,200.
1779904285.350899,0.,1779904285.350899,200.
1779904285.450899,0.,1779904285.450899,200.
1779904285.5508988,0.,1779904285.5508988,200.
1779904285.650899,0.,1779904285.650899,200.
1779904285.7508988,0.,1779904285.7508988,200.
1779904285.850899,0.,1779904285.850899,200.
1779904285.950899,0.,1779904285.950899,200.
1779904286.0508988,0.,1779904286.0508988,200.
1779904286.150899,0.,1779904286.150899,200.
1779904286.2508988,0.,1779904286.2508988,200.
1779904286.350899,0.,1779904286.350899,200.
1779904286.450899,0.,1779904286.450899,200.
1779904286.5508988,0.,1779904286.5508988,200.
1779904286.650899,0.,1779904286.650899,200.
1779904286.7508988,0.,1779904286.7508988,200.
1779904286.850899,0.,1779904286.850899,200.
1779904286.950899,0.,1779904286.950899,200.
1779904287.0508988,0.,1779904287.0508988,200.
1779904287.150899,0.,1779904287.150899,200.
1779904287.2508988,0.,1779904287.2508988,200.
1779904287.350899,0.,1779904287.350899,200.
1779904287.450899,0.,1779904287.450899,200.
1779904287.5508988,0.,1779904287.5508988,200.
1779904287.650899,0.,1779904287.650899,200.
1779904287.7508988,0.,1779904287.7508988,200.
1779904287.850899,0.,1779904287.850899,200.
1779904287.950899,0.,1779904287.950899,200.
1779904288.0508988,0.,1779904288.0508988,200.
1779904288.150899,0.,1779904288.150899,200.
1779904288.2508988,0.,1779904288.2508988,200.
1779904288.350899,0.,1779904288.350899,200.
1779904288.450899,0.,1779904288.450899,200.
1779904288.5508988,0.,1779904288.5508988,200.
1779904288.650899,0.,1779904288.650899,200.
1779904288.7508988,0.,1779904288.7508988,200.
1779904288.850899,0.,1779904288.850899,200.
1779904288.950899,0.,1779904288.950899,200.
1779904289.0508988,0.,1779904289.0508988,200.
1779904289.150899,0.,1779904289.150899,200.
1779904289.2508988,0.,1779904289.2508988,200.
1779904289.350899,0.,1779904289.350899,200.
1779904289.450899,0.,1779904289.450899,200.
1779904289.5508988,0.,1779904289.5508988,200.
1779904289.650899,0.,1779904289.650899,200.
1779904289.7508988,0.,1779904289.7508988,200.
1779904289.850899,0.,1779904289.850899,200.
1779904289.950899,0.,1779904289.950899,200.
1779904290.0508988,0.,1779904290.0508988,200.
1779904290.150899,0.,1779904290.150899,200.
1779904290.2508988,0.,1779904290.2508988,200.
1779904290.350899,0.,1779904290.350899,200.
1779904290.450899,0.,1779904290.450899,200.
1779904290.5508988,0.,1779904290.5508988,200.
1779904290.650899,0.,1779904290.650899,200.
1779904290.7508988,0.,1779904290.7508988,200.
1779904290.850899,0.,1779904290.850899,200.
1779904290.950899,0.,1779904290.950899,200.
1779904291.0508988,0.,1779904291.0508988,200.
1779904291.150899,0.,1779904291.150899,200.
1779904291.2508988,0.,1779904291.2508988,200.
1779904291.350899,0.,1779904291.350899,200.
1779904291.450899,0.,1779904291.450899,200.
1779904291.5508988,0.,1779904291.5508988,200.
1779904291.650899,0.,1779904291.650899,200.
1779904291.7508988,0.,1779904291.7508988,200.
1779904291.850899,0.,1779904291.850899,200.
1779904291.950899,0.,1779904291.950899,200.
1779904292.0508988,0.,1779904292.0508988,200.
1779904292.150899,0.,1779904292.150899,200.
1779904292.2508988,0.,1779904292.2508988,200.
1779904292.350899,0.,1779904292.350899,200.
1779904292.450899,0.,1779904292.450899,200.
1779904292.5508988,0.,1779904292.5508988,200.
1779904292.650899,0.,1779904292.650899,200.
1779904292.7508988,0.,1779904292.7508988,200.
1779904292.850899,0.,1779904292.850899,200.
1779904292.950899,0.,1779904292.950899,200.
1779904293.0508988,0.,1779904293.0508988,200.
1779904293.150899,0.,1779904293.150899,200.
1779904293.2508988,0.,1779904293.2508988,200.
1779904293.350899,0.,1779904293.350899,200.
1779904293.450899,0.,1779904293.450899,200.
1779904293.5508988,0.,1779904293.5508988,200.
1779904293.650899,0.,1779904293.650899,200.
1779904293.7508988,0.,1779904293.7508988,200.
1779904293.850899,0.,1779904293.850899,200.
1779904293.950899,0.,1779904293.950899,200.
1779904294.0508988,0.,1779904294.0508988,200.
1779904294.150899,0.,1779904294.150899,200.
1779904294.2508988,0.,1779904294.2508988,200.
1779904294.350899,0.,1779904294.350899,200.
1779904294.450899,0.,1779904294.450899,200.
1779904294.5508988,0.,1779904294.5508988,200.
1779904294.650899,0.,1779904294.650899,200.
1779904294.7508988,0.,1779904294.7508988,200.
1779904294.850899,0.,1779904294.850899,200.
1779904294.950899,0.,1779904294.950899,200.
1779904295.0508988,0.,1779904295.0508988,200.
1779904295.150899,0.,1779904295.150899,200.
1779904295.2508988,0.,1779904295.2508988,200.
1779904295.350899,0.,1779904295.350899,200.
1779904295.450899,0.,1779904295.450899,200.
1779904295.5508988,0.,1779904295.5508988,200.
1779904295.650899,0.,1779904295.650899,200.
1779904295.7508988,0.,1779904295.7508988,200.
1779904295.850899,0.,1779904295.850899,200.
1779904295.950899,0.,1779904295.950899,200.
1779904296.0508988,0.,1779904296.0508988,200.
1779904296.150899,0.,1779904296.150899,200.
1779904296.2508988,0.,1779904296.2508988,200.
1779904296.350899,0.,1779904296.350899,200.
1779904296.450899,0.,1779904296.450899,200.
1779904296.5508988,0.,1779904296.5508988,200.
1779904296.650899,0.,1779904296.650899,200.
1779904296.7508988,0.,1779904296.7508988,200.
1779904296.850899,0.,1779904296.850899,200.
1779904296.950899,0.,1779904296.950899,200.
1779904297.0508988,0.,1779904297.0508988,200.
1779904297.150899,0.,1779904297.150899,200.
1779904297.2508988,0.,1779904297.2508988,200.
1779904297.350899,0.,1779904297.350899,200.
1779904297.450899,0.,1779904297.450899,200.
1779904297.5508988,0.,1779904297.5508988,200.
1779904297.650899,0.,1779904297.650899,200.
1779904297.7508988,0.,1779904297.7508988,200.
1779904297.850899,0.,1779904297.850899,200.
1779904297.950899,0.,1779904297.950899,200.
1779904298.0508988,0.,1779904298.0508988,200.
1779904298.150899,0.,1779904298.150899,200.
1779904298.2508988,0.,1779904298.2508988,200.
1779904298.350899,0.,1779904298.350899,200.
1779904298.450899,0.,1779904298.450899,200.
1779904298.5508988,0.,1779904298.5508988,200.
1779904298.650899,0.,1779904298.650899,200.
1779904298.7508988,0.,1779904298.7508988,200.
1779904298.850899,0.,1779904298.850899,200.
1779904298.950899,0.,1779904298.950899,200.
1779904299.0508988,0.,1779904299.0508988,200.
1779904299.150899,0.,1779904299.150899,200.
1779904299.2508988,0.,1779904299.2508988,200.
1779904299.350899,0.,1779904299.350899,200.
1779904299.450899,0.,1779904299.450899,200.
1779904299.5508988,0.,1779904299.5508988,200.
1779904299.650899,0.,1779904299.650899,200.
1779904299.7508988,0.,1779904299.7508988,200.
1779904299.850899,0.,1779904299.850899,200.
1779904299.950899,0.,1779904299.950899,200.
1779904300.0508988,0.,1779904300.0508988,200.
1779904300.150899,0.,1779904300.150899,200.
1779904300.2508988,0.,1779904300.2508988,200.
1779904300.350899,0.,1779904300.350899,200.
1779904300.450899,0.,1779904300.450899,200.
1779904300.5508988,0.,1779904300.5508988,200.
1779904300.650899,0.,1779904300.650899,200.
1779904300.7508988,0.,1779904300.7508988,200.
1779904300.850899,0.,1779904300.850899,200.
1779904300.950899,0.,1779904300.950899,200.
1779904301.0508988,0.,1779904301.0508988,200.
1779904301.150899,0.,1779904301.150899,200.
1779904301.2508988,0.,1779904301.2508988,200.
1779904301.350899,0.,1779904301.350899,200.
1779904301.450899,0.,1779904301.450899,200.
1779904301.5508988,0.,1779904301.5508988,200.
1779904301.650899,0.,1779904301.650899,200.
1779904301.7508988,0.,1779904301.7508988,200.
1779904301.850899,0.,1779904301.850899,200.
1779904301.950899,0.,1779904301.950899,200.
1779904302.0508988,0.,1779904302.0508988,200.
1779904302.150899,0.,1779904302.150899,200.
1779904302.2508988,0.,1779904302.2508988,200.
1779904302.350899,0.,1779904302.350899,200.
1779904302.450899,0.,1779904302.450899,200.
1779904302.5508988,0.,1779904302.5508988,200.
1779904302.650899,0.,1779904302.650899,200.
1779904302.7508988,0.,1779904302.7508988,200.
1779904302.850899,0.,1779904302.850899,200.
1779904302.950899,0.,1779904302.950899,200.
1779904303.0508988,0.,1779904303.0508988,200.
1779904303.150899,0.,1779904303.150899,200.
1779904303.2508988,0.,1779904303.2508988,200.
1779904303.350899,0.,1779904303.350899,200.
1779904303.450899,0.,1779904303.450899,200.
1779904303.5508988,0.,1779904303.5508988,200.
1779904303.650899,0.,1779904303.650899,200.
1779904303.7508988,0.,1779904303.7508988,200.
1779904303.850899,0.,1779904303.850899,200.
1779904303.950899,0.,1779904303.950899,200.
1779904304.0508988,0.,1779904304.0508988,200.
1779904304.150899,0.,1779904304.150899,200.
1779904304.2508988,0.,1779904304.2508988,200.
1779904304.350899,0.,1779904304.350899,200.
1779904304.450899,0.,1779904304.450899,200.
1779904304.5508988,0.,1779904304.5508988,200.
1779904304.650899,0.,1779904304.650899,200.
1779904304.7508988,0.,1779904304.7508988,200.
1779904304.850899,0.,1779904304.850899,200.
1779904304.950899,0.,1779904304.950899,200.
1779904305.0508988,0.,1779904305.0508988,200.
1779904305.150899,0.,1779904305.150899,200.
1779904305.2508988,0.,1779904305.2508988,200.
1779904305.350899,0.,1779904305.350899,200.
1779904305.450899,0.,1779904305.450899,200.
1779904305.5508988,0.,1779904305.5508988,200.
1779904305.650899,0.,1779904305.650899,200.
1779904305.7508988,0.,1779904305.7508988,200.
1779904305.850899,0.,1779904305.850899,200.
1779904305.950899,0.,1779904305.950899,200.
1779904306.0508988,0.,1779904306.0508988,200.
1779904306.150899,0.,1779904306.150899,200.
1779904306.2508988,0.,1779904306.2508988,200.
1779904306.350899,0.,1779904306.350899,200.
1779904306.450899,0.,1779904306.450899,200.
1779904306.5508988,0.,1779904306.5508988,200.
1779904306.650899,0.,1779904306.650899,200.
1779904306.7508988,0.,1779904306.7508988,200.
1779904306.850899,0.,1779904306.850899,200.
1779904306.950899,0.,1779904306.950899,200.
1779904307.0508988,0.,1779904307.0508988,200.
1779904307.150899,0.,1779904307.150899,200.
1779904307.2508988,0.,1779904307.2508988,200.
1779904307.350899,0.,1779904307.350899,200.
1779904307.450899,0.,1779904307.450899,200.
1779904307.5508988,0.,1779904307.5508988,200.
1779904307.650899,0.,1779904307.650899,200.
1779904307.7508988,0.,1779904307.7508988,200.
1779904307.850899,0.,1779904307.850899,200.
1779904307.950899,0.,1779904307.950899,200.
1779904308.0508988,0.,1779904308.0508988,200.
1779904308.150899,0.,1779904308.150899,200.
1779904308.2508988,0.,1779904308.2508988,200.
1779904308.350899,0.,1779904308.350899,200.
1779904308.450899,0.,1779904308.450899,200.
1779904308.5508988,0.,1779904308.5508988,200.
1779904308.650899,0.,1779904308.650899,200.
1779904308.7508988,0.,1779904308.7508988,200.
1779904308.850899,0.,1779904308.850899,200.
1779904308.950899,0.,1779904308.950899,200.
1779904309.0508988,0.,1779904309.0508988,200.
1779904309.150899,0.,1779904309.150899,200.
1779904309.2508988,0.,1779904309.2508988,200.
1779904309.350899,0.,1779904309.350899,200.
1779904309.450899,0.,1779904309.450899,200.
1779904309.5508988,0.,1779904309.5508988,200.
1779904309.650899,0.,1779904309.650899,200.
1779904309.7508988,0.,1779904309.7508988,200.
1779904309.850899,0.,1779904309.850899,200.
1779904309.950899,0.,1779904309.950899,200.
1779904310.0508988,0.,1779904310.0508988,200.
1779904310.150899,0.,1779904310.150899,200.
1779904310.2508988,0.,1779904310.2508988,200.
1779904310.350899,0.,1779904310.350899,200.
1779904310.450899,0.,1779904310.450899,200.
1779904310.5508988,0.,1779904310.5508988,200.
1779904310.650899,0.,1779904310.650899,200.
1779904310.7508988,0.,1779904310.7508988,200.
1779904310.850899,0.,1779904310.850899,200.
1779904310.950899,0.,1779904310.950899,200.
1779904311.0508988,0.,1779904311.0508988,200.
1779904311.150899,0.,1779904311.150899,200.
1779904311.2508988,0.,1779904311.2508988,200.
1779904311.350899,0.,1779904311.350899,200.
1779904311.450899,0.,1779904311.450899,200.
1779904311.5508988,0.,1779904311.5508988,200.
1779904311.650899,0.,1779904311.650899,200.
1779904311.7508988,0.,1779904311.7508988,200.
1779904311.850899,0.,1779904311.850899,200.
1779904311.950899,0.,1779904311.950899,200.
1779904312.0508988,0.,1779904312.0508988,200.
1779904312.150899,0.,1779904312.150899,200.
1779904312.2508988,0.,1779904312.2508988,200.
1779904312.350899,0.,1779904312.350899,200.
1779904312.450899,0.,1779904312.450899,200.
1779904312.5508988,0.,1779904312.5508988,200.
1779904312.650899,0.,1779904312.650899,200.
1779904312.7508988,0.,1779904312.7508988,200.
1779904312.850899,0.,1779904312.850899,200.
1779904312.950899,0.,1779904312.950899,200.
1779904313.0508988,0.,1779904313.0508988,200.
1779904313.150899,0.,1779904313.150899,200.
1779904313.2508988,0.,1779904313.2508988,200.
1779904313.350899,0.,1779904313.350899,200.
1779904313.450899,0.,1779904313.450899,200.
1779904313.5508988,0.,1779904313.5508988,200.
1779904313.650899,0.,1779904313.650899,200.
1779904313.7508988,0.,1779904313.7508988,200.
1779904313.850899,0.,1779904313.850899,200.
1779904313.950899,0.,1779904313.950899,200.
1779904314.0508988,0.,1779904314.0508988,200.
1779904314.150899,0.,1779904314.150899,200.
1779904314.2508988,0.,1779904314.2508988,200.
1779904314.350899,0.,1779904314.350899,200.
1779904314.450899,0.,1779904314.450899,200.
1779904314.5508988,0.,1779904314.5508988,200.
1779904314.650899,0.,1779904314.650899,200.
1779904314.7508988,0.,1779904314.7508988,200.
1779904314.850899,0.,1779904314.850899,200.
1779904314.950899,0.,1779904314.950899,200.
1779904315.0508988,0.,1779904315.0508988,200.
1779904315.150899,0.,1779904315.150899,200.
1779904315.2508988,0.,1779904315.2508988,200.
1779904315.350899,0.,1779904315.350899,200.
1779904315.450899,0.,1779904315.450899,200.
1779904315.5508988,0.,1779904315.5508988,200.
1779904315.650899,0.,1779904315.650899,200.
1779904315.7508988,0.,1779904315.7508988,200.
1779904315.850899,0.,1779904315.850899,200.
1779904315.950899,0.,1779904315.950899,200.
1779904316.0508988,0.,1779904316.0508988,200.
1779904316.150899,0.,1779904316.150899,200.
1779904316.2508988,0.,1779904316.2508988,200.
1779904316.350899,0.,1779904316.350899,200.
1779904316.450899,0.,1779904316.450899,200.
1779904316.5508988,0.,1779904316.5508988,200.
1779904316.650899,0.,1779904316.650899,200.
1779904316.7508988,0.,1779904316.7508988,200.
1779904316.850899,0.,1779904316.850899,200.
1779904316.950899,0.,1779904316.950899,200.
1779904317.0508988,0.,1779904317.0508988,200.
1779904317.150899,0.,1779904317.150899,200.
1779904317.2508988,0.,1779904317.2508988,200.
1779904317.350899,0.,1779904317.350899,200.
1779904317.450899,0.,1779904317.450899,200.
1779904317.5508988,0.,1779904317.5508988,200.
1779904317.650899,0.,1779904317.650899,200.
1779904317.7508988,0.,1779904317.7508988,200.
1779904317.850899,0.,1779904317.850899,200.
1779904317.950899,0.,1779904317.950899,200.
1779904318.0508988,0.,1779904318.0508988,200.
1779904318.150899,0.,1779904318.150899,200.
1779904318.2508988,0.,1779904318.2508988,200.
1779904318.350899,0.,1779904318.350899,200.
1779904318.450899,0.,1779904318.450899,200.
1779904318.5508988,0.,1779904318.5508988,200.
1779904318.650899,0.,1779904318.650899,200.
1779904318.7508988,0.,1779904318.7508988,200.
1779904318.850899,0.,1779904318.850899,200.
1779904318.950899,0.,1779904318.950899,200.
1779904319.0508988,0.,1779904319.0508988,200.
1779904319.150899,0.,1779904319.150899,200.
1779904319.2508988,0.,1779904319.2508988,200.
1779904319.350899,0.,1779904319.350899,200.
1779904319.450899,0.,1779904319.450899,200.
1779904319.5508988,0.,1779904319.5508988,200.
1779904319.650899,0.,1779904319.650899,200.
1779904319.7508988,0.,1779904319.7508988,200.
1779904319.850899,0.,1779904319.850899,200.
1779904319.950899,0.,1779904319.950899,200.
1779904320.0508988,0.,1779904320.0508988,200.
1779904320.150899,0.,1779904320.150899,200.
1779904320.2508988,0.,1779904320.2508988,200.
1779904320.350899,0.,1779904320.350899,200.
1779904320.450899,0.,1779904320.450899,200.
1779904320.5508988,0.,1779904320.5508988,200.
1779904320.650899,0.,1779904320.650899,200.
1779904320.7508988,0.,1779904320.7508988,200.
1779904320.850899,0.,1779904320.850899,200.
1779904320.950899,0.,1779904320.950899,200.
1779904321.0508988,0.,1779904321.0508988,200.
1779904321.150899,0.,1779904321.150899,200.
1779904321.2508988,0.,1779904321.2508988,200.
1779904321.350899,0.,1779904321.350899,200.
1779904321.450899,0.,1779904321.450899,200.
1779904321.5508988,0.,1779904321.5508988,200.
1779904321.650899,0.,1779904321.650899,200.
1779904321.7508988,0.,1779904321.7508988,200.
1779904321.850899,0.,1779904321.850899,200.
1779904321.950899,0.,1779904321.950899,200.
1779904322.0508988,0.,1779904322.0508988,200.
1779904322.150899,0.,1779904322.150899,200.
1779904322.2508988,0.,1779904322.2508988,200.
1779904322.350899,0.,1779904322.350899,200.
1779904322.450899,0.,1779904322.450899,200.
1779904322.5508988,0.,1779904322.5508988,200.
1779904322.650899,0.,1779904322.650899,200.
1779904322.7508988,0.,1779904322.7508988,200.
1779904322.850899,0.,1779904322.850899,200.
1779904322.950899,0.,1779904322.950899,200.
1779904323.0508988,0.,1779904323.0508988,200.
1779904323.150899,0.,1779904323.150899,200.
1779904323.2508988,0.,1779904323.2508988,200.
1779904323.350899,0.,1779904323.350899,200.
1779904323.450899,0.,1779904323.450899,200.
1779904323.5508988,0.,1779904323.5508988,200.
1779904323.650899,0.,1779904323.650899,200.
1779904323.7508988,0.,1779904323.7508988,200.
1779904323.850899,0.,1779904323.850899,200.
1779904323.950899,0.,1779904323.950899,200.
1779904324.0508988,0.,1779904324.0508988,200.
1779904324.150899,0.,1779904324.150899,200.
1779904324.2508988,0.,1779904324.2508988,200.
1779904324.350899,0.,1779904324.350899,200.
1779904324.450899,0.,1779904324.450899,200.
1779904324.5508988,0.,1779904324.5508988,200.
1779904324.650899,0.,1779904324.650899,200.
1779904324.7508988,0.,1779904324.7508988,200.
1779904324.850899,0.,1779904324.850899,200.
1779904324.950899,0.,1779904324.950899,200.
1779904325.0508988,0.,1779904325.0508988,200.
1779904325.150899,0.,1779904325.150899,200.
1779904325.2508988,0.,1779904325.2508988,200.
1779904325.350899,0.,1779904325.350899,200.
1779904325.450899,0.,1779904325.450899,200.
1779904325.5508988,0.,1779904325.5508988,200.
1779904325.650899,0.,1779904325.650899,200.
1779904325.7508988,0.,1779904325.7508988,200.
1779904325.850899,0.,1779904325.850899,200.
1779904325.950899,0.,1779904325.950899,200.
1779904326.0508988,0.,1779904326.0508988,200.
1779904326.150899,0.,1779904326.150899,200.
1779904326.2508988,0.,1779904326.2508988,200.
1779904326.350899,0.,1779904326.350899,200.
1779904326.450899,0.,1779904326.450899,200.
1779904326.5508988,0.,1779904326.5508988,200.
1779904326.650899,0.,1779904326.650899,200.
1779904326.7508988,0.,1779904326.7508988,200.
1779904326.850899,0.,1779904326.850899,200.
1779904326.950899,0.,1779904326.950899,200.
1779904327.0508988,0.,1779904327.0508988,200.
1779904327.150899,0.,1779904327.150899,200.
1779904327.2508988,0.,1779904327.2508988,200.
1779904327.350899,0.,1779904327.350899,200.
1779904327.450899,0.,1779904327.450899,200.
1779904327.5508988,0.,1779904327.5508988,200.
1779904327.650899,0.,1779904327.650899,200.
1779904327.7508988,0.,1779904327.7508988,200.
1779904327.850899,0.,1779904327.850899,200.
1779904327.950899,0.,1779904327.950899,200.
1779904328.0508988,0.,1779904328.0508988,200.
1779904328.150899,0.,1779904328.150899,200.
1779904328.2508988,0.,1779904328.2508988,200.
1779904328.350899,0.,1779904328.350899,200.
1779904328.450899,0.,1779904328.450899,200.
1779904328.5508988,0.,1779904328.5508988,200.
1779904328.650899,0.,1779904328.650899,200.
1779904328.7508988,0.,1779904328.7508988,200.
1779904328.850899,0.,1779904328.850899,200.
1779904328.950899,0.,1779904328.950899,200.
1779904329.0508988,0.,1779904329.0508988,200.
1779904329.150899,0.,1779904329.150899,200.
1779904329.2508988,0.,1779904329.2508988,200.
1779904329.350899,0.,1779904329.350899,200.
1779904329.450899,0.,1779904329.450899,200.
1779904329.5508988,0.,1779904329.5508988,200.
1779904329.650899,0.,1779904329.650899,200.
1779904329.7508988,0.,1779904329.7508988,200.
1779904329.850899,0.,1779904329.850899,200.
1779904329.950899,0.,1779904329.950899,200.
1779904330.0508988,0.,1779904330.0508988,200.
1779904330.150899,0.,1779904330.150899,200.
1779904330.2508988,0.,1779904330.2508988,200.
1779904330.350899,0.,1779904330.350899,200.
1779904330.450899,0.,1779904330.450899,200.
1779904330.5508988,0.,1779904330.5508988,200.
1779904330.650899,0.,1779904330.650899,200.
1779904330.7508988,0.,1779904330.7508988,200.
1779904330.850899,0.,1779904330.850899,200.
1779904330.950899,0.,1779904330.950899,200.
1779904331.0508988,0.,1779904331.0508988,200.
1779904331.150899,0.,1779904331.150899,200.
1779904331.2508988,0.,1779904331.2508988,200.
1779904331.350899,0.,1779904331.350899,200.
1779904331.450899,0.,1779904331.450899,200.
1779904331.5508988,0.,1779904331.5508988,200.
1779904331.650899,0.,1779904331.650899,200.
1779904331.7508988,0.,1779904331.7508988,200.
1779904331.850899,0.,1779904331.850899,200.
1779904331.950899,0.,1779904331.950899,200.
1779904332.0508988,0.,1779904332.0508988,200.
1779904332.150899,0.,1779904332.150899,200.
1779904332.2508988,0.,1779904332.2508988,200.
1779904332.350899,0.,1779904332.350899,200.
1779904332.450899,0.,1779904332.450899,200.
1779904332.5508988,0.,1779904332.5508988,200.
1779904332.650899,0.,1779904332.650899,200.
1779904332.7508988,0.,1779904332.7508988,200.
1779904332.850899,0.,1779904332.850899,200.
1779904332.950899,0.,1779904332.950899,200.
1779904333.0508988,0.,1779904333.0508988,200.
1779904333.150899,0.,1779904333.150899,200.
1779904333.2508988,0.,1779904333.2508988,200.
1779904333.350899,0.,1779904333.350899,200.
1779904333.450899,0.,1779904333.450899,200.
1779904333.5508988,0.,1779904333.5508988,200.
1779904333.650899,0.,1779904333.650899,200.
1779904333.7508988,0.,1779904333.7508988,200.
1779904333.850899,0.,1779904333.850899,200.
1779904333.950899,0.,1779904333.950899,200.
1779904334.0508988,0.,1779904334.0508988,200.
1779904334.150899,0.,1779904334.150899,200.
1779904334.2508988,0.,1779904334.2508988,200.
1779904334.350899,0.,1779904334.350899,200.
1779904334.450899,0.,1779904334.450899,200.
1779904334.5508988,0.,1779904334.5508988,200.
1779904334.650899,0.,1779904334.650899,200.
1779904334.7508988,0.,1779904334.7508988,200.
1779904334.850899,0.,1779904334.850899,200.
1779904334.950899,0.,1779904334.950899,200.
1779904335.0508988,0.,1779904335.0508988,200.
1779904335.150899,0.,1779904335.150899,200.
1779904335.2508988,0.,1779904335.2508988,200.
1779904335.350899,0.,1779904335.350899,200.
1779904335.450899,0.,1779904335.450899,200.
1779904335.5508988,0.,1779904335.5508988,200.
1779904335.650899,0.,1779904335.650899,200.
1779904335.7508988,0.,1779904335.7508988,200.
1779904335.850899,0.,1779904335.850899,200.
1779904335.950899,0.,1779904335.950899,200.
1779904336.0508988,0.,1779904336.0508988,200.
1779904336.150899,0.,1779904336.150899,200.
1779904336.2508988,0.,1779904336.2508988,200.
1779904336.350899,0.,1779904336.350899,200.
1779904336.450899,0.,1779904336.450899,200.
1779904336.5508988,0.,1779904336.5508988,200.
1779904336.650899,0.,1779904336.650899,200.
1779904336.7508988,0.,1779904336.7508988,200.
1779904336.850899,0.,1779904336.850899,200.
1779904336.950899,0.,1779904336.950899,200.
1779904337.0508988,0.,1779904337.0508988,200.
1779904337.150899,0.,1779904337.150899,200.
1779904337.2508988,0.,1779904337.2508988,200.
1779904337.350899,0.,1779904337.350899,200.
1779904337.450899,0.,1779904337.450899,200.
1779904337.5508988,0.,1779904337.5508988,200.
1779904337.650899,0.,1779904337.650899,200.
1779904337.7508988,0.,1779904337.7508988,200.
1779904337.850899,0.,1779904337.850899,200.
1779904337.950899,0.,1779904337.950899,200.
1779904338.0508988,0.,1779904338.0508988,200.
1779904338.150899,0.,1779904338.150899,200.
1779904338.2508988,0.,1779904338.2508988,200.
1779904338.350899,0.,1779904338.350899,200.
1779904338.450899,0.,1779904338.450899,200.
1779904338.5508988,0.,1779904338.5508988,200.
1779904338.650899,0.,1779904338.650899,200.
1779904338.7508988,0.,1779904338.7508988,200.
1779904338.850899,0.,1779904338.850899,200.
1779904338.950899,0.,1779904338.950899,200.
1779904339.0508988,0.,1779904339.0508988,200.
1779904339.150899,0.,1779904339.150899,200.
1779904339.2508988,0.,1779904339.2508988,200.
1779904339.350899,0.,1779904339.350899,200.
1779904339.450899,0.,1779904339.450899,200.
1779904339.5508988,0.,1779904339.5508988,200.
1779904339.650899,0.,1779904339.650899,200.
1779904339.7508988,0.,1779904339.7508988,200.
1779904339.850899,0.,1779904339.850899,200.
1779904339.950899,0.,1779904339.950899,200.
1779904340.0508988,0.,1779904340.0508988,200.
1779904340.150899,0.,1779904340.150899,200.
1779904340.2508988,0.,1779904340.2508988,200.
1779904340.350899,0.,1779904340.350899,200.
1779904340.450899,0.,1779904340.450899,200.
1779904340.5508988,0.,1779904340.5508988,200.
1779904340.650899,0.,1779904340.650899,200.
1779904340.7508988,0.,1779904340.7508988,200.
1779904340.850899,0.,1779904340.850899,200.
1779904340.950899,0.,1779904340.950899,200.
1779904341.0508988,0.,1779904341.0508988,200.
1779904341.150899,0.,1779904341.150899,200.
1779904341.2508988,0.,1779904341.2508988,200.
1779904341.350899,0.,1779904341.350899,200.
1779904341.450899,0.,1779904341.450899,200.
1779904341.5508988,0.,1779904341.5508988,200.
1779904341.650899,0.,1779904341.650899,200.
1779904341.7508988,0.,1779904341.7508988,200.
1779904341.850899,0.,1779904341.850899,200.
1779904341.950899,0.,1779904341.950899,200.
1779904342.0508988,0.,1779904342.0508988,200.
1779904342.150899,0.,1779904342.150899,200.
1779904342.2508988,0.,1779904342.2508988,200.
1779904342.350899,0.,1779904342.350899,200.
1779904342.450899,0.,1779904342.450899,200.
1779904342.5508988,0.,1779904342.5508988,200.
1779904342.650899,0.,1779904342.650899,200.
1779904342.7508988,0.,1779904342.7508988,200.
1779904342.850899,0.,1779904342.850899,200.
1779904342.950899,0.,1779904342.950899,200.
1779904343.0508988,0.,1779904343.0508988,200.
1779904343.150899,0.,1779904343.150899,200.
1779904343.2508988,0.,1779904343.2508988,200.
1779904343.350899,0.,1779904343.350899,200.
1779904343.450899,0.,1779904343.450899,200.
1779904343.5508988,0.,1779904343.5508988,200.
1779904343.650899,0.,1779904343.650899,200.
1779904343.7508988,0.,1779904343.7508988,200.
1779904343.850899,0.,1779904343.850899,200.
1779904343.950899,0.,1779904343.950899,200.
1779904344.0508988,0.,1779904344.0508988,200.
1779904344.150899,0.,1779904344.150899,200.
1779904344.2508988,0.,1779904344.2508988,200.
1779904344.350899,0.,1779904344.350899,200.
1779904344.450899,0.,1779904344.450899,200.
1779904344.5508988,0.,1779904344.5508988,200.
1779904344.650899,0.,1779904344.650899,200.
1779904344.7508988,163.5626069903,1779904344.7508988,200.
1779904344.850899,32.7125213981,1779904344.850899,200.
1779904344.950899,6.5425042796,1779904344.950899,200.
1779904345.0508988,1.3085008559,1779904345.0508988,200.
1779904345.150899,145.4444839855,1779904345.150899,200.
1779904345.2508988,70.2288869528,1779904345.2508988,200.
1779904345.350899,70.2288869528,1779904345.350899,200.
1779904345.450899,70.2288869528,1779904345.450899,200.
1779904345.5508988,134.7355900724,1779904345.5508988,200.
1779904345.650899,318.2460358888,1779904345.650899,200.
1779904345.7508988,138.1778391994,1779904345.7508988,200.
1779904345.850899,270.9238926487,1779904345.850899,200.
1779904345.950899,270.9238926487,1779904345.950899,200.
1779904346.0508988,180.6889433576,1779904346.0508988,200.
1779904346.150899,180.6889433576,1779904346.150899,200.
1779904346.2508988,296.7923370675,1779904346.2508988,200.
1779904346.350899,296.7923370675,1779904346.350899,200.
1779904346.450899,163.2535719377,1779904346.450899,142.4131529044
1779904346.5508988,163.2535719377,1779904346.5508988,143.3265892634
1779904346.650899,298.3571903162,1779904346.650899,144.703201797
1779904346.7508988,201.9970821809,1779904346.7508988,149.3902074793
1779904346.850899,156.8052986817,1779904346.850899,158.8180496263
1779904346.950899,156.8052986817,1779904346.950899,162.4656851284
1779904347.0508988,267.7727583193,1779904347.0508988,161.3721378387
1779904347.150899,197.2776977675,1779904347.150899,162.0473184686
1779904347.2508988,197.2776977675,1779904347.2508988,166.3050350459
1779904347.350899,355.5890452054,1779904347.350899,170.7510881831
1779904347.450899,362.5370779497,1779904347.450899,174.0305478332
1779904347.5508988,362.5370779497,1779904347.5508988,181.4698772061
1779904347.650899,211.4610329011,1779904347.650899,190.7959536282
1779904347.7508988,216.715358783,1779904347.7508988,199.2416091693
1779904347.850899,274.1892142459,1779904347.850899,202.2768866806
1779904347.950899,199.9369965068,1779904347.950899,199.6408896022
1779904348.0508988,199.9369965068,1779904348.0508988,194.4487725973
1779904348.150899,193.7980541550,1779904348.150899,190.7824255879
1779904348.2508988,193.7980541550,1779904348.2508988,186.0666968972
1779904348.350899,155.6575509798,1779904348.350899,183.2016720641
1779904348.450899,273.4955019111,1779904348.450899,176.4100860405
1779904348.5508988,357.4488071285,1779904348.5508988,174.2980814948
1779904348.650899,228.3037814351,1779904348.650899,178.6827174181
1779904348.7508988,193.7643788792,1779904348.7508988,187.529313683
1779904348.850899,193.7643788792,1779904348.850899,193.5666428083
1779904348.950899,229.8527247804,1779904348.950899,189.3875571281
1779904349.0508988,229.8527247804,1779904349.0508988,181.5573688923
1779904349.150899,194.8102910725,1779904349.150899,175.8193792758
1779904349.2508988,194.8102910725,1779904349.2508988,175.6161725992
1779904349.350899,187.1087096550,1779904349.350899,177.1612007743
1779904349.450899,300.3878112812,1779904349.450899,172.8817649718
1779904349.5508988,326.6331883119,1779904349.5508988,171.7868667868
1779904349.650899,326.6331883119,1779904349.650899,177.9394766187
1779904349.7508988,277.0275800518,1779904349.7508988,186.0817771661
1779904349.850899,347.3642263851,1779904349.850899,192.0066492718
1779904349.950899,347.3642263851,1779904349.950899,203.9900753053
1779904350.0508988,261.2858637549,1779904350.0508988,206.4193960585
1779904350.150899,225.697415613,1779904350.150899,207.1916205945
1779904350.2508988,233.7908360857,1779904350.2508988,207.179540606
1779904350.350899,124.6052785396,1779904350.350899,206.8151275809
1779904350.450899,124.6052785396,1779904350.450899,206.3103853405
1779904350.5508988,124.6052785396,1779904350.5508988,195.5747246689
1779904350.650899,328.0093518019,1779904350.650899,185.7560738693
1779904350.7508988,298.5418893241,1779904350.7508988,181.507619278
1779904350.850899,263.1606847071,1779904350.850899,178.7505193507
1779904350.950899,249.3471015376,1779904350.950899,179.5366879257
1779904351.0508988,288.0298973615,1779904351.0508988,182.9130531958
1779904351.150899,323.3356660417,1779904351.150899,185.6799821367
1779904351.2508988,369.9946521659,1779904351.2508988,191.2606241343
1779904351.350899,263.2108231852,1779904351.350899,194.4934757154
1779904351.450899,302.2747470810,1779904351.450899,198.9315984473
1779904351.5508988,279.5744816677,1779904351.5508988,201.5763885572
1779904351.650899,253.4216025350,1779904351.650899,207.7711371932
1779904351.7508988,257.6744976161,1779904351.7508988,207.0452769077
1779904351.850899,300.6771635780,1779904351.850899,206.3663759338
1779904351.950899,300.6771635780,1779904351.950899,198.5753925339
1779904352.0508988,297.0707618991,1779904352.0508988,197.1140112588
1779904352.150899,370.6528873323,1779904352.150899,197.8357993267
1779904352.2508988,263.5448267256,1779904352.2508988,198.5001999717
1779904352.350899,229.4561417933,1779904352.350899,204.6371476427
1779904352.450899,309.6822003924,1779904352.450899,204.1808059416
1779904352.5508988,299.7348218089,1779904352.5508988,203.766411879
1779904352.650899,300.0171632878,1779904352.650899,203.3916139569
1779904352.7508988,300.0171632878,1779904352.7508988,203.0533741941
1779904352.850899,253.2368706773,1779904352.850899,202.7484975911
1779904352.950899,264.8479713090,1779904352.950899,202.4738782402
1779904353.0508988,264.8479713090,1779904353.0508988,202.2266056203
1779904353.150899,276.4730916719,1779904353.150899,202.0040026604
1779904353.2508988,328.3226421488,1779904353.2508988,201.8036311953
1779904353.350899,285.437004293,1779904353.350899,201.6232824763
1779904353.450899,250.6388590240,1779904353.450899,213.6632350956
1779904353.5508988,260.1774167760,1779904353.5508988,222.8450776539
1779904353.650899,229.8893091704,1779904353.650899,222.9525401967
1779904353.7508988,220.3479571302,1779904353.7508988,219.4862867817
1779904353.850899,232.888311323,1779904353.850899,215.3276824784
1779904353.950899,251.8589374329,1779904353.950899,210.3440820277
1779904354.0508988,232.5443535999,1779904354.0508988,207.3176183072
1779904354.150899,219.6665987541,1779904354.150899,203.1310595060
1779904354.2508988,231.2263335353,1779904354.2508988,196.0841342230
1779904354.350899,291.2088661362,1779904354.350899,196.4712639469
1779904354.450899,291.4284053769,1779904354.450899,196.8219091252
1779904354.5508988,322.4752709223,1779904354.5508988,197.1386039992
1779904354.650899,256.0322428749,1779904354.650899,197.4241864926
1779904354.7508988,231.0540153973,1779904354.7508988,197.6814892899
1779904354.850899,238.7594241637,1779904354.850899,197.9132010843
1779904354.950899,319.5603548441,1779904354.950899,198.1218113375
1779904355.0508988,280.2033439368,1779904355.0508988,198.3095953846
1779904355.150899,283.3177414431,1779904355.150899,198.4786184365
1779904355.2508988,236.7617436134,1779904355.2508988,198.6307478881
1779904355.350899,252.6962917465,1779904355.350899,198.7676687469
1779904355.450899,241.8553397090,1779904355.450899,206.7846451374
1779904355.5508988,278.6687531282,1779904355.5508988,212.2430093680
1779904355.650899,296.6861214424,1779904355.650899,208.0221191488
1779904355.7508988,296.6861214424,1779904355.7508988,205.7663703393
1779904355.850899,290.6654976431,1779904355.850899,205.3406684899
1779904355.950899,251.7546802679,1779904355.950899,206.5738444346
1779904356.0508988,212.0026050534,1779904356.0508988,207.2213391815
1779904356.150899,249.3302548297,1779904356.150899,209.0653076162
1779904356.2508988,244.129582437,1779904356.2508988,208.0426452862
1779904356.350899,226.3130642259,1779904356.350899,207.1098253906
1779904356.450899,299.2180627687,1779904356.450899,206.3237291609
1779904356.5508988,295.0628682128,1779904356.5508988,208.8230707448
1779904356.650899,287.2109977635,1779904356.650899,213.8821915214
1779904356.7508988,287.2109977635,1779904356.7508988,214.6534424411
1779904356.850899,273.8588405417,1779904356.850899,214.3644824796
1779904356.950899,268.6084931567,1779904356.950899,216.4687778196
1779904357.0508988,254.5472459691,1779904357.0508988,218.0405011364
1779904357.150899,254.1082620554,1779904357.150899,218.8014568310
1779904357.2508988,302.1873177865,1779904357.2508988,220.5157183277
1779904357.350899,250.7644890035,1779904357.350899,222.8590112663
1779904357.450899,276.6386984432,1779904357.450899,224.3515320012
1779904357.5508988,208.0815520024,1779904357.5508988,224.9237922864
1779904357.650899,245.6654540493,1779904357.650899,222.0814411136
1779904357.7508988,291.5932540753,1779904357.7508988,217.7388836425
1779904357.850899,343.926673082,1779904357.850899,214.6177672008
1779904357.950899,242.8487357189,1779904357.950899,211.7093649199
1779904358.0508988,261.6616352659,1779904358.0508988,210.6453256066
1779904358.150899,248.2738354921,1779904358.150899,209.4857859039
1779904358.2508988,301.2549727997,1779904358.2508988,211.34779826
1779904358.350899,236.5880130602,1779904358.350899,213.091088587
1779904358.450899,196.2224170088,1779904358.450899,214.4250433477
1779904358.5508988,225.6446441793,1779904358.5508988,210.6080876607
1779904358.650899,184.4328892458,1779904358.650899,208.7798368647
1779904358.7508988,256.2872505384,1779904358.7508988,208.8639071842
1779904358.850899,364.169729693,1779904358.850899,212.1171064162
1779904358.950899,332.4204943799,1779904358.950899,218.6191560351
1779904359.0508988,207.9639244026,1779904359.0508988,228.5273096634
1779904359.150899,203.5325487249,1779904359.150899,227.6388347046
1779904359.2508988,208.3388668414,1779904359.2508988,226.6053949789
1779904359.350899,183.7228560355,1779904359.350899,223.5158637824
1779904359.450899,280.8580642080,1779904359.450899,217.8035604743
1779904359.5508988,263.7843649245,1779904359.5508988,212.1579844499
1779904359.650899,217.1668898413,1779904359.650899,210.7749181408
1779904359.7508988,217.1668898413,1779904359.7508988,203.9480391639
1779904359.850899,328.67514146,1779904359.850899,203.3907245303
1779904359.950899,250.9293106455,1779904359.950899,205.3759919457
1779904360.0508988,261.4622688806,1779904360.0508988,206.3117219446
1779904360.150899,321.1081881961,1779904360.150899,206.0879664577
1779904360.2508988,296.574019234,1779904360.2508988,207.3122309664
1779904360.350899,250.7503523036,1779904360.350899,210.9776074463
1779904360.450899,234.1545241178,1779904360.450899,215.1633794138
1779904360.5508988,235.60319848,1779904360.5508988,216.3796108828
1779904360.650899,257.5701885769,1779904360.650899,215.9349749548
1779904360.7508988,311.7285899363,1779904360.7508988,214.6579428708
1779904360.850899,311.7285899363,1779904360.850899,213.0656861520
1779904360.950899,262.4265006029,1779904360.950899,211.5396398558
1779904361.0508988,200.0744210686,1779904361.0508988,213.6805671521
1779904361.150899,146.5068690009,1779904361.150899,214.023483405
1779904361.2508988,179.8695490836,1779904361.2508988,212.8176769429
1779904361.350899,206.1846942928,1779904361.350899,209.0806834511
1779904361.450899,186.0101901667,1779904361.450899,207.2563860904
1779904361.5508988,272.3889381227,1779904361.5508988,207.0425291400
1779904361.650899,235.7737700581,1779904361.650899,203.9822792472
1779904361.7508988,216.9470063181,1779904361.7508988,204.9212481124
1779904361.850899,269.0520242958,1779904361.850899,208.5078852855
1779904361.950899,265.5689593633,1779904361.950899,208.3781512223
1779904362.0508988,188.1467297821,1779904362.0508988,211.2408056281
1779904362.150899,174.9158819582,1779904362.150899,215.8098669647
1779904362.2508988,321.9037176713,1779904362.2508988,214.1527811673
1779904362.350899,247.5861703766,1779904362.350899,218.2431262438
1779904362.450899,147.563291558,1779904362.450899,222.2786059802
1779904362.5508988,249.3956089365,1779904362.5508988,222.9947891858
1779904362.650899,343.3111441896,1779904362.650899,225.0295855049
1779904362.7508988,266.8712758932,1779904362.7508988,227.4315604424
1779904362.850899,217.8550954907,1779904362.850899,228.9610531584
1779904362.950899,352.9557405469,1779904362.950899,226.3973989466
1779904363.0508988,192.479056515,1779904363.0508988,222.2093495443
1779904363.150899,324.7798050045,1779904363.150899,215.8599352375
1779904363.2508988,282.9966605998,1779904363.2508988,210.769710868
1779904363.350899,290.5736260076,1779904363.350899,210.2343523412
1779904363.450899,172.7060775422,1779904363.450899,211.4880393107
1779904363.5508988,180.3953187022,1779904363.5508988,211.6624187363
1779904363.650899,264.4998238027,1779904363.650899,203.9962749579
1779904363.7508988,322.2620644971,1779904363.7508988,201.9322627712
1779904363.850899,178.6778313942,1779904363.850899,203.2626414435
1779904363.950899,228.4433762842,1779904363.950899,200.0284938955
1779904364.0508988,230.5651783782,1779904364.0508988,195.9658812447
1779904364.150899,255.5252070722,1779904364.150899,189.3496783537
1779904364.2508988,157.6212054753,1779904364.2508988,190.3457144374
1779904364.350899,157.6212054753,1779904364.350899,191.2766449532
1779904364.450899,176.4156448872,1779904364.450899,192.1317314376
1779904364.5508988,206.7318193847,1779904364.5508988,192.9099337837
1779904364.650899,221.9744851863,1779904364.650899,193.6146281503
1779904364.7508988,180.6172800774,1779904364.7508988,194.2510092077
1779904364.850899,232.4808825756,1779904364.850899,194.8248302232
1779904364.950899,238.1373456741,1779904364.950899,188.9691790576
1779904365.0508988,221.2128576138,1779904365.0508988,195.8043295793
1779904365.150899,277.4719133629,1779904365.150899,187.6216691097
1779904365.2508988,315.7773005426,1779904365.2508988,185.4991133369
1779904365.350899,232.5987099333,1779904365.350899,187.447597742
1779904365.450899,245.2616559851,1779904365.450899,192.1638311460
1779904365.5508988,176.4785879632,1779904365.5508988,198.5820042505
1779904365.650899,163.0463986820,1779904365.650899,191.6507865119
1779904365.7508988,153.1146890634,1779904365.7508988,199.0132285038
1779904365.850899,272.7048861431,1779904365.850899,199.1126935869
1779904365.950899,202.0587134049,1779904365.950899,199.2018181950
1779904366.0508988,169.2539197432,1779904366.0508988,199.2818333589
1779904366.150899,233.8457674078,1779904366.150899,199.3537485147
1779904366.2508988,285.3875102441,1779904366.2508988,189.856575364
1779904366.350899,218.4937233933,1779904366.350899,188.813944608
1779904366.450899,246.913877146,1779904366.450899,190.3265189017
1779904366.5508988,323.7935126724,1779904366.5508988,201.2675480187
1779904366.650899,231.6723417753,1779904366.650899,201.1418944698
1779904366.7508988,188.3937033863,1779904366.7508988,201.0282556493
1779904366.850899,209.0708973938,1779904366.850899,209.1606105978
1779904366.950899,221.1935052294,1779904366.950899,212.7311014691
1779904367.0508988,179.0019056710,1779904367.0508988,209.4663533978
1779904367.150899,277.2674286697,1779904367.150899,209.1292097331
1779904367.2508988,277.2674286697,1779904367.2508988,0.
1779904367.350899,277.2674286697,1779904367.350899,0.
1779904367.450899,277.2674286697,1779904367.450899,0.
1779904367.5508988,277.2674286697,1779904367.5508988,0.
1779904367.650899,277.2674286697,1779904367.650899,0.
1779904367.7508988,277.2674286697,1779904367.7508988,0.
1779904367.850899,277.2674286697,1779904367.850899,0.
1779904367.950899,277.2674286697,1779904367.950899,0.
1779904368.0508988,277.2674286697,1779904368.0508988,0.
1779904368.150899,277.2674286697,1779904368.150899,0.
1779904368.2508988,277.2674286697,1779904368.2508988,0.
1779904368.350899,277.2674286697,1779904368.350899,0.
1779904368.450899,277.2674286697,1779904368.450899,0.
1779904368.5508988,277.2674286697,1779904368.5508988,0.
1779904368.650899,277.2674286697,1779904368.650899,0.
1779904368.7508988,277.2674286697,1779904368.7508988,0.
1779904368.850899,277.2674286697,1779904368.850899,0.
1779904368.950899,277.2674286697,1779904368.950899,0.
1779904369.0508988,277.2674286697,1779904369.0508988,0.
1779904369.150899,277.2674286697,1779904369.150899,0.
1779904369.2508988,277.2674286697,1779904369.2508988,0.
1779904369.350899,277.2674286697,1779904369.350899,0.
1779904369.450899,277.2674286697,1779904369.450899,0.
1779904369.5508988,277.2674286697,1779904369.5508988,0.
1779904369.650899,277.2674286697,1779904369.650899,0.
1779904369.7508988,277.2674286697,1779904369.7508988,0.
1779904369.850899,277.2674286697,1779904369.850899,0.
1779904369.950899,277.2674286697,1779904369.950899,0.
1779904370.0508988,277.2674286697,1779904370.0508988,0.
1779904370.150899,277.2674286697,1779904370.150899,0.
1779904370.2508988,277.2674286697,1779904370.2508988,0.
1779904370.350899,277.2674286697,1779904370.350899,0.
1779904370.450899,277.2674286697,1779904370.450899,0.
1779904370.5508988,277.2674286697,1779904370.5508988,0.
1779904370.650899,277.2674286697,1779904370.650899,0.
1779904370.7508988,277.2674286697,1779904370.7508988,0.
1779904370.850899,277.2674286697,1779904370.850899,0.
1779904370.950899,277.2674286697,1779904370.950899,0.
1779904371.0508988,277.2674286697,1779904371.0508988,0.
1779904371.150899,277.2674286697,1779904371.150899,0.
1779904371.2508988,277.2674286697,1779904371.2508988,0.
1779904371.350899,277.2674286697,1779904371.350899,0.
1779904371.450899,277.2674286697,1779904371.450899,0.
1779904371.5508988,277.2674286697,1779904371.5508988,0.
1779904371.650899,277.2674286697,1779904371.650899,0.
1779904371.7508988,277.2674286697,1779904371.7508988,0.
1779904371.850899,277.2674286697,1779904371.850899,0.
1779904371.950899,277.2674286697,1779904371.950899,0.
1779904372.0508988,277.2674286697,1779904372.0508988,0.
1779904372.150899,277.2674286697,1779904372.150899,0.
1779904372.2508988,277.2674286697,1779904372.2508988,0.
1779904372.350899,277.2674286697,1779904372.350899,0.
1779904372.450899,277.2674286697,1779904372.450899,0.
1779904372.5508988,277.2674286697,1779904372.5508988,0.
1779904372.650899,277.2674286697,1779904372.650899,0.
1779904372.7508988,277.2674286697,1779904372.7508988,0.
1779904372.850899,277.2674286697,1779904372.850899,0.
1779904372.950899,277.2674286697,1779904372.950899,0.
1779904373.0508988,277.2674286697,1779904373.0508988,0.
1779904373.150899,277.2674286697,1779904373.150899,0.
1779904373.2508988,277.2674286697,1779904373.2508988,0.
1779904373.350899,277.2674286697,1779904373.350899,0.
1779904373.450899,277.2674286697,1779904373.450899,0.
1779904373.5508988,277.2674286697,1779904373.5508988,0.
1779904373.650899,277.2674286697,1779904373.650899,0.
1779904373.7508988,277.2674286697,1779904373.7508988,0.
1779904373.850899,277.2674286697,1779904373.850899,0.
1779904373.950899,277.2674286697,1779904373.950899,0.
1779904374.0508988,277.2674286697,1779904374.0508988,0.
1779904374.150899,277.2674286697,1779904374.150899,0.
1779904374.2508988,277.2674286697,1779904374.2508988,0.
1779904374.350899,277.2674286697,1779904374.350899,0.
1779904374.450899,277.2674286697,1779904374.450899,0.
1779904374.5508988,277.2674286697,1779904374.5508988,0.
1779904374.650899,277.2674286697,1779904374.650899,0.
1779904374.7508988,277.2674286697,1779904374.7508988,0.
1779904374.850899,277.2674286697,1779904374.850899,0.
1779904374.950899,277.2674286697,1779904374.950899,0.
1779904375.0508988,277.2674286697,1779904375.0508988,0.
1779904375.150899,277.2674286697,1779904375.150899,0.
1779904375.2508988,277.2674286697,1779904375.2508988,0.
1779904375.350899,277.2674286697,1779904375.350899,0.
1779904375.450899,277.2674286697,1779904375.450899,0.
1779904375.5508988,277.2674286697,1779904375.5508988,0.
1779904375.650899,277.2674286697,1779904375.650899,0.
1779904375.7508988,277.2674286697,1779904375.7508988,0.
1779904375.850899,277.2674286697,1779904375.850899,0.
1779904375.950899,277.2674286697,1779904375.950899,0.
1779904376.0508988,277.2674286697,1779904376.0508988,0.
1779904376.150899,277.2674286697,1779904376.150899,0.
1779904376.2508988,277.2674286697,1779904376.2508988,0.
1779904376.350899,277.2674286697,1779904376.350899,0.
1779904376.450899,277.2674286697,1779904376.450899,0.
1779904376.5508988,277.2674286697,1779904376.5508988,0.
1779904376.650899,277.2674286697,1779904376.650899,0.
1779904376.7508988,277.2674286697,1779904376.7508988,0.
1779904376.850899,277.2674286697,1779904376.850899,0.
1779904376.950899,277.2674286697,1779904376.950899,0.
1779904377.0508988,277.2674286697,1779904377.0508988,0.
1779904377.150899,277.2674286697,1779904377.150899,0.
1779904377.2508988,277.2674286697,1779904377.2508988,0.
1779904377.350899,277.2674286697,1779904377.350899,0.
1779904377.450899,277.2674286697,1779904377.450899,0.
1779904377.5508988,277.2674286697,1779904377.5508988,0.
1779904377.650899,277.2674286697,1779904377.650899,0.
1779904377.7508988,277.2674286697,1779904377.7508988,0.
1779904377.850899,277.2674286697,1779904377.850899,0.
1779904377.950899,277.2674286697,1779904377.950899,0.
1779904378.0508988,277.2674286697,1779904378.0508988,0.
1779904378.150899,277.2674286697,1779904378.150899,0.
1779904378.2508988,277.2674286697,1779904378.2508988,0.
1779904378.350899,277.2674286697,1779904378.350899,0.
1779904378.450899,277.2674286697,1779904378.450899,0.
1779904378.5508988,277.2674286697,1779904378.5508988,0.
1779904378.650899,277.2674286697,1779904378.650899,0.
1779904378.7508988,277.2674286697,1779904378.7508988,0.
1779904378.850899,277.2674286697,1779904378.850899,0.
1779904378.950899,277.2674286697,1779904378.950899,0.
1779904379.0508988,277.2674286697,1779904379.0508988,0.
1779904379.150899,277.2674286697,1779904379.150899,0.
1779904379.2508988,277.2674286697,1779904379.2508988,0.
1779904379.350899,277.2674286697,1779904379.350899,0.
1779904379.450899,277.2674286697,1779904379.450899,0.
1779904379.5508988,277.2674286697,1779904379.5508988,0.
1779904379.650899,277.2674286697,1779904379.650899,0.
1779904379.7508988,277.2674286697,1779904379.7508988,0.
1779904379.850899,277.2674286697,1779904379.850899,0.
1779904379.950899,277.2674286697,1779904379.950899,0.
1779904380.0508988,277.2674286697,1779904380.0508988,0.
1779904380.150899,277.2674286697,1779904380.150899,0.
1779904380.2508988,277.2674286697,1779904380.2508988,0.
1779904380.350899,277.2674286697,1779904380.350899,0.
1779904380.450899,277.2674286697,1779904380.450899,0.
1779904380.5508988,277.2674286697,1779904380.5508988,0.
1779904380.650899,277.2674286697,1779904380.650899,0.
1779904380.7508988,277.2674286697,1779904380.7508988,0.
1779904380.850899,277.2674286697,1779904380.850899,0.
1779904380.950899,277.2674286697,1779904380.950899,0.
1779904381.0508988,277.2674286697,1779904381.0508988,0.
1779904381.150899,277.2674286697,1779904381.150899,0.
1779904381.2508988,277.2674286697,1779904381.2508988,0.
1779904381.350899,277.2674286697,1779904381.350899,0.
1779904381.450899,277.2674286697,1779904381.450899,0.
1779904381.5508988,277.2674286697,1779904381.5508988,0.
1779904381.650899,277.2674286697,1779904381.650899,0.
1779904381.7508988,277.2674286697,1779904381.7508988,0.
1779904381.850899,277.2674286697,1779904381.850899,0.
1779904381.950899,277.2674286697,1779904381.950899,0.
1779904382.0508988,277.2674286697,1779904382.0508988,0.
1779904382.150899,277.2674286697,1779904382.150899,0.
1779904382.2508988,277.2674286697,1779904382.2508988,0.
1779904382.350899,277.2674286697,1779904382.350899,0.
1779904382.450899,277.2674286697,1779904382.450899,0.
1779904382.5508988,277.2674286697,1779904382.5508988,0.
1779904382.650899,277.2674286697,1779904382.650899,0.
1779904382.7508988,277.2674286697,1779904382.7508988,0.
1779904382.850899,277.2674286697,1779904382.850899,0.
1779904382.950899,277.2674286697,1779904382.950899,0.
1779904383.0508988,277.2674286697,1779904383.0508988,0.
1779904383.150899,277.2674286697,1779904383.150899,0.
1779904383.2508988,277.2674286697,1779904383.2508988,0.
1779904383.350899,277.2674286697,1779904383.350899,0.
1779904383.450899,277.2674286697,1779904383.450899,0.
1779904383.5508988,277.2674286697,1779904383.5508988,0.
1779904383.650899,277.2674286697,1779904383.650899,0.
1779904383.7508988,277.2674286697,1779904383.7508988,0.
1779904383.850899,277.2674286697,1779904383.850899,0.
1779904383.950899,277.2674286697,1779904383.950899,0.
1779904384.0508988,277.2674286697,1779904384.0508988,0.
1779904384.150899,277.2674286697,1779904384.150899,0.
1779904384.2508988,277.2674286697,1779904384.2508988,0.
1779904384.350899,277.2674286697,1779904384.350899,0.
1779904384.450899,277.2674286697,1779904384.450899,0.
1779904384.5508988,277.2674286697,1779904384.5508988,0.
1779904384.650899,277.2674286697,1779904384.650899,0.
1779904384.7508988,277.2674286697,1779904384.7508988,0.
1779904384.850899,277.2674286697,1779904384.850899,0.
1779904384.950899,277.2674286697,1779904384.950899,0.
1779904385.0508988,277.2674286697,1779904385.0508988,0.
1779904385.150899,277.2674286697,1779904385.150899,0.
1779904385.2508988,277.2674286697,1779904385.2508988,0.
1779904385.350899,277.2674286697,1779904385.350899,0.
1779904385.450899,277.2674286697,1779904385.450899,0.
1779904385.5508988,277.2674286697,1779904385.5508988,0.
1779904385.650899,277.2674286697,1779904385.650899,0.
1779904385.7508988,277.2674286697,1779904385.7508988,0.
1779904385.850899,277.2674286697,1779904385.850899,0.
1779904385.950899,277.2674286697,1779904385.950899,0.
1779904386.0508988,277.2674286697,1779904386.0508988,0.
1779904386.150899,277.2674286697,1779904386.150899,0.
1779904386.2508988,277.2674286697,1779904386.2508988,0.
1779904386.350899,277.2674286697,1779904386.350899,0.
1779904386.450899,277.2674286697,1779904386.450899,0.
1779904386.5508988,277.2674286697,1779904386.5508988,0.
1779904386.650899,277.2674286697,1779904386.650899,0.
1779904386.7508988,277.2674286697,1779904386.7508988,0.
1779904386.850899,277.2674286697,1779904386.850899,0.
1779904386.950899,277.2674286697,1779904386.950899,0.
1779904387.0508988,277.2674286697,1779904387.0508988,0.
1779904387.150899,277.2674286697,1779904387.150899,0.
1779904387.2508988,277.2674286697,1779904387.2508988,0.
1779904387.350899,277.2674286697,1779904387.350899,0.
1779904387.450899,277.2674286697,1779904387.450899,0.
1779904387.5508988,277.2674286697,1779904387.5508988,0.
1779904387.650899,277.2674286697,1779904387.650899,0.
1779904387.7508988,277.2674286697,1779904387.7508988,0.
1779904387.850899,277.2674286697,1779904387.850899,0.
1779904387.950899,277.2674286697,1779904387.950899,0.
1779904388.0508988,277.2674286697,1779904388.0508988,0.
1779904388.150899,277.2674286697,1779904388.150899,0.
1779904388.2508988,277.2674286697,1779904388.2508988,0.
1779904388.350899,277.2674286697,1779904388.350899,0.
1779904388.450899,277.2674286697,1779904388.450899,0.
1779904388.5508988,277.2674286697,1779904388.5508988,0.
1779904388.650899,277.2674286697,1779904388.650899,0.
1779904388.7508988,277.2674286697,1779904388.7508988,0.
1779904388.850899,277.2674286697,1779904388.850899,0.
1779904388.950899,277.2674286697,1779904388.950899,0.
1779904389.0508988,277.2674286697,1779904389.0508988,0.
1779904389.150899,277.2674286697,1779904389.150899,0.
1779904389.2508988,277.2674286697,1779904389.2508988,0.
1779904389.350899,277.2674286697,1779904389.350899,0.
1779904389.450899,277.2674286697,1779904389.450899,0.
1779904389.5508988,277.2674286697,1779904389.5508988,0.
1779904389.650899,277.2674286697,1779904389.650899,0.
1779904389.7508988,277.2674286697,1779904389.7508988,0.
1779904389.850899,277.2674286697,1779904389.850899,0.
1779904389.950899,277.2674286697,1779904389.950899,0.
1779904390.0508988,277.2674286697,1779904390.0508988,0.
1779904390.150899,277.2674286697,1779904390.150899,0.
1779904390.2508988,277.2674286697,1779904390.2508988,0.
1779904390.350899,277.2674286697,1779904390.350899,0.
1779904390.450899,277.2674286697,1779904390.450899,0.
1779904390.5508988,277.2674286697,1779904390.5508988,0.
1779904390.650899,277.2674286697,1779904390.650899,0.
1779904390.7508988,277.2674286697,1779904390.7508988,0.
1779904390.850899,277.2674286697,1779904390.850899,0.
1779904390.950899,277.2674286697,1779904390.950899,0.
1779904391.0508988,277.2674286697,1779904391.0508988,0.
1779904391.150899,277.2674286697,1779904391.150899,0.
1779904391.2508988,277.2674286697,1779904391.2508988,0.
1779904391.350899,277.2674286697,1779904391.350899,0.
1779904391.450899,277.2674286697,1779904391.450899,0.
1779904391.5508988,277.2674286697,1779904391.5508988,0.
1779904391.650899,277.2674286697,1779904391.650899,0.
1779904391.7508988,277.2674286697,1779904391.7508988,0.
1779904391.850899,277.2674286697,1779904391.850899,0.
1779904391.950899,277.2674286697,1779904391.950899,0.
1779904392.0508988,277.2674286697,1779904392.0508988,0.
1779904392.150899,277.2674286697,1779904392.150899,0.
1779904392.2508988,277.2674286697,1779904392.2508988,0.
1779904392.350899,277.2674286697,1779904392.350899,0.
1779904392.450899,277.2674286697,1779904392.450899,0.
1779904392.5508988,277.2674286697,1779904392.5508988,0.
1779904392.650899,277.2674286697,1779904392.650899,0.
1779904392.7508988,277.2674286697,1779904392.7508988,0.
1779904392.850899,277.2674286697,1779904392.850899,0.
1779904392.950899,277.2674286697,1779904392.950899,0.
1779904393.0508988,277.2674286697,1779904393.0508988,0.
1779904393.150899,277.2674286697,1779904393.150899,0.
1779904393.2508988,277.2674286697,1779904393.2508988,0.
1779904393.350899,277.2674286697,1779904393.350899,0.
1779904393.450899,277.2674286697,1779904393.450899,0.
1779904393.5508988,277.2674286697,1779904393.5508988,0.
1779904393.650899,277.2674286697,1779904393.650899,0.
1779904393.7508988,277.2674286697,1779904393.7508988,0.
1779904393.850899,277.2674286697,1779904393.850899,0.
1779904393.950899,277.2674286697,1779904393.950899,0.
1779904394.0508988,277.2674286697,1779904394.0508988,0.
1779904394.150899,277.2674286697,1779904394.150899,0.
1779904394.2508988,277.2674286697,1779904394.2508988,0.
1779904394.350899,277.2674286697,1779904394.350899,0.
1779904394.450899,277.2674286697,1779904394.450899,0.
1779904394.5508988,277.2674286697,1779904394.5508988,0.
1779904394.650899,277.2674286697,1779904394.650899,0.
1779904394.7508988,277.2674286697,1779904394.7508988,0.
1779904394.850899,277.2674286697,1779904394.850899,0.
1779904394.950899,277.2674286697,1779904394.950899,0.
1779904395.0508988,277.2674286697,1779904395.0508988,0.
1779904395.150899,277.2674286697,1779904395.150899,0.
1779904395.2508988,277.2674286697,1779904395.2508988,0.
1779904395.350899,277.2674286697,1779904395.350899,0.
1779904395.450899,277.2674286697,1779904395.450899,0.
1779904395.5508988,277.2674286697,1779904395.5508988,0.
1779904395.650899,277.2674286697,1779904395.650899,0.
1779904395.7508988,277.2674286697,1779904395.7508988,0.
1779904395.850899,277.2674286697,1779904395.850899,0.
1779904395.950899,277.2674286697,1779904395.950899,0.
1779904396.0508988,277.2674286697,1779904396.0508988,0.
1779904396.150899,277.2674286697,1779904396.150899,0.
1779904396.2508988,277.2674286697,1779904396.2508988,0.
1779904396.350899,277.2674286697,1779904396.350899,0.
1779904396.450899,277.2674286697,1779904396.450899,0.
1779904396.5508988,277.2674286697,1779904396.5508988,0.
1779904396.650899,277.2674286697,1779904396.650899,0.
1779904396.7508988,277.2674286697,1779904396.7508988,0.
1779904396.850899,277.2674286697,1779904396.850899,0.
1779904396.950899,277.2674286697,1779904396.950899,0.
1779904397.0508988,277.2674286697,1779904397.0508988,0.
1779904397.150899,277.2674286697,1779904397.150899,0.
1779904397.2508988,277.2674286697,1779904397.2508988,0.
1779904397.350899,277.2674286697,1779904397.350899,0.
1779904397.450899,277.2674286697,1779904397.450899,0.
1779904397.5508988,277.2674286697,1779904397.5508988,0.
1779904397.650899,277.2674286697,1779904397.650899,0.
1779904397.7508988,277.2674286697,1779904397.7508988,0.
1779904397.850899,277.2674286697,1779904397.850899,0.
1779904397.950899,277.2674286697,1779904397.950899,0.
1779904398.0508988,277.2674286697,1779904398.0508988,0.
1779904398.150899,277.2674286697,1779904398.150899,0.
1779904398.2508988,277.2674286697,1779904398.2508988,0.
1779904398.350899,277.2674286697,1779904398.350899,0.
1779904398.450899,277.2674286697,1779904398.450899,0.
1779904398.5508988,277.2674286697,1779904398.5508988,0.
1779904398.650899,277.2674286697,1779904398.650899,0.
1779904398.7508988,277.2674286697,1779904398.7508988,0.
1779904398.850899,277.2674286697,1779904398.850899,0.
1779904398.950899,277.2674286697,1779904398.950899,0.
1779904399.0508988,277.2674286697,1779904399.0508988,0.
1779904399.150899,277.2674286697,1779904399.150899,0.
1779904399.2508988,277.2674286697,1779904399.2508988,0.
1779904399.350899,277.2674286697,1779904399.350899,0.
1779904399.450899,277.2674286697,1779904399.450899,0.
1779904399.5508988,277.2674286697,1779904399.5508988,0.
1779904399.650899,277.2674286697,1779904399.650899,0.
1779904399.7508988,277.2674286697,1779904399.7508988,0.
1779904399.850899,277.2674286697,1779904399.850899,0.
1779904399.950899,277.2674286697,1779904399.950899,0.
1779904400.0508988,277.2674286697,1779904400.0508988,0.
1779904400.150899,277.2674286697,1779904400.150899,0.
1779904400.2508988,277.2674286697,1779904400.2508988,0.
1779904400.350899,277.2674286697,1779904400.350899,0.
1779904400.450899,277.2674286697,1779904400.450899,0.
1779904400.5508988,277.2674286697,1779904400.5508988,0.
1779904400.650899,277.2674286697,1779904400.650899,0.
1779904400.7508988,277.2674286697,1779904400.7508988,0.
1779904400.850899,277.2674286697,1779904400.850899,0.
1779904400.950899,277.2674286697,1779904400.950899,0.
1779904401.0508988,277.2674286697,1779904401.0508988,0.
1779904401.150899,277.2674286697,1779904401.150899,0.
1779904401.2508988,277.2674286697,1779904401.2508988,0.
1779904401.350899,277.2674286697,1779904401.350899,0.
1779904401.450899,277.2674286697,1779904401.450899,0.
1779904401.5508988,277.2674286697,1779904401.5508988,0.
1779904401.650899,277.2674286697,1779904401.650899,0.
1779904401.7508988,277.2674286697,1779904401.7508988,0.
1779904401.850899,277.2674286697,1779904401.850899,0.
1779904401.950899,277.2674286697,1779904401.950899,0.
1779904402.0508988,277.2674286697,1779904402.0508988,0.
1779904402.150899,277.2674286697,1779904402.150899,0.
1779904402.2508988,277.2674286697,1779904402.2508988,0.
1779904402.350899,277.2674286697,1779904402.350899,0.
1779904402.450899,277.2674286697,1779904402.450899,0.
1779904402.5508988,277.2674286697,1779904402.5508988,0.
1779904402.650899,277.2674286697,1779904402.650899,0.
1779904402.7508988,277.2674286697,1779904402.7508988,0.
1779904402.850899,277.2674286697,1779904402.850899,0.
1779904402.950899,277.2674286697,1779904402.950899,0.
1779904403.0508988,277.2674286697,1779904403.0508988,0.
1779904403.150899,277.2674286697,1779904403.150899,0.
1779904403.2508988,277.2674286697,1779904403.2508988,0.
1779904403.350899,277.2674286697,1779904403.350899,0.
1779904403.450899,277.2674286697,1779904403.450899,0.
1779904403.5508988,277.2674286697,1779904403.5508988,0.
1779904403.650899,277.2674286697,1779904403.650899,0.
1779904403.7508988,277.2674286697,1779904403.7508988,0.
1779904403.850899,277.2674286697,1779904403.850899,0.
1779904403.950899,277.2674286697,1779904403.950899,0.
1779904404.0508988,277.2674286697,1779904404.0508988,0.
1779904404.150899,277.2674286697,1779904404.150899,0.
1779904404.2508988,277.2674286697,1779904404.2508988,0.
1779904404.350899,277.2674286697,1779904404.350899,0.
1779904404.450899,277.2674286697,1779904404.450899,0.
1779904404.5508988,277.2674286697,1779904404.5508988,0.
1779904404.650899,277.2674286697,1779904404.650899,0.
1779904404.7508988,277.2674286697,1779904404.7508988,0.
1779904404.850899,277.2674286697,1779904404.850899,0.
1779904404.950899,277.2674286697,1779904404.950899,0.
1779904405.0508988,277.2674286697,1779904405.0508988,0.
1779904405.150899,277.2674286697,1779904405.150899,0.
1779904405.2508988,277.2674286697,1779904405.2508988,0.
1779904405.350899,277.2674286697,1779904405.350899,0.
1779904405.450899,277.2674286697,1779904405.450899,0.
1779904405.5508988,277.2674286697,1779904405.5508988,0.
1779904405.650899,277.2674286697,1779904405.650899,0.
1779904405.7508988,277.2674286697,1779904405.7508988,0.
1779904405.850899,277.2674286697,1779904405.850899,0.
1779904405.950899,277.2674286697,1779904405.950899,0.
1779904406.0508988,277.2674286697,1779904406.0508988,0.
1779904406.150899,277.2674286697,1779904406.150899,0.
1779904406.2508988,277.2674286697,1779904406.2508988,0.
1779904406.350899,277.2674286697,1779904406.350899,0.
1779904406.450899,277.2674286697,1779904406.450899,0.
1779904406.5508988,277.2674286697,1779904406.5508988,0.
1779904406.650899,277.2674286697,1779904406.650899,0.
1779904406.7508988,277.2674286697,1779904406.7508988,0.
1779904406.850899,277.2674286697,1779904406.850899,0.
1779904406.950899,277.2674286697,1779904406.950899,0.
1779904407.0508988,277.2674286697,1779904407.0508988,0.
1779904407.150899,277.2674286697,1779904407.150899,0.
1779904407.2508988,277.2674286697,1779904407.2508988,0.
1779904407.350899,277.2674286697,1779904407.350899,0.
1779904407.450899,277.2674286697,1779904407.450899,0.
1779904407.5508988,277.2674286697,1779904407.5508988,0.
1779904407.650899,277.2674286697,1779904407.650899,0.
1779904407.7508988,277.2674286697,1779904407.7508988,0.
1779904407.850899,277.2674286697,1779904407.850899,0.
1779904407.950899,277.2674286697,1779904407.950899,0.
1779904408.0508988,277.2674286697,1779904408.0508988,0.
1779904408.150899,277.2674286697,1779904408.150899,0.
1779904408.2508988,277.2674286697,1779904408.2508988,0.
1779904408.350899,277.2674286697,1779904408.350899,0.
1779904408.450899,277.2674286697,1779904408.450899,0.
1779904408.5508988,277.2674286697,1779904408.5508988,0.
1779904408.650899,277.2674286697,1779904408.650899,0.
1779904408.7508988,277.2674286697,1779904408.7508988,0.
1779904408.850899,277.2674286697,1779904408.850899,0.
1779904408.950899,277.2674286697,1779904408.950899,0.
1779904409.0508988,277.2674286697,1779904409.0508988,0.
1779904409.150899,277.2674286697,1779904409.150899,0.
1779904409.2508988,277.2674286697,1779904409.2508988,0.
1779904409.350899,277.2674286697,1779904409.350899,0.
1779904409.450899,277.2674286697,1779904409.450899,0.
1779904409.5508988,277.2674286697,1779904409.5508988,0.
1779904409.650899,277.2674286697,1779904409.650899,0.
1779904409.7508988,277.2674286697,1779904409.7508988,0.
1779904409.850899,277.2674286697,1779904409.850899,0.
1779904409.950899,277.2674286697,1779904409.950899,0.
1779904410.0508988,277.2674286697,1779904410.0508988,0.
1779904410.150899,277.2674286697,1779904410.150899,0.
1779904410.2508988,277.2674286697,1779904410.2508988,0.
1779904410.350899,277.2674286697,1779904410.350899,0.
1779904410.450899,277.2674286697,1779904410.450899,0.
1779904410.5508988,277.2674286697,1779904410.5508988,0.
1779904410.650899,277.2674286697,1779904410.650899,0.
1779904410.7508988,277.2674286697,1779904410.7508988,0.
1779904410.850899,277.2674286697,1779904410.850899,0.
1779904410.950899,277.2674286697,1779904410.950899,0.
1779904411.0508988,277.2674286697,1779904411.0508988,0.
1779904411.150899,277.2674286697,1779904411.150899,0.
1779904411.2508988,277.2674286697,1779904411.2508988,0.
1779904411.350899,277.2674286697,1779904411.350899,0.
1779904411.450899,277.2674286697,1779904411.450899,0.
1779904411.5508988,277.2674286697,1779904411.5508988,0.
1779904411.650899,277.2674286697,1779904411.650899,0.
1779904411.7508988,277.2674286697,1779904411.7508988,0.
1779904411.850899,277.2674286697,1779904411.850899,0.
1779904411.950899,277.2674286697,1779904411.950899,0.
1779904412.0508988,277.2674286697,1779904412.0508988,0.
1779904412.150899,277.2674286697,1779904412.150899,0.
1779904412.2508988,277.2674286697,1779904412.2508988,0.
1779904412.350899,277.2674286697,1779904412.350899,0.
1779904412.450899,277.2674286697,1779904412.450899,0.
1779904412.5508988,277.2674286697,1779904412.5508988,0.
1779904412.650899,277.2674286697,1779904412.650899,0.
1779904412.7508988,277.2674286697,1779904412.7508988,0.
1779904412.850899,277.2674286697,1779904412.850899,0.
1779904412.950899,277.2674286697,1779904412.950899,0.
1779904413.0508988,277.2674286697,1779904413.0508988,0.
1779904413.150899,277.2674286697,1779904413.150899,0.
1779904413.2508988,277.2674286697,1779904413.2508988,0.
1779904413.350899,277.2674286697,1779904413.350899,0.
1779904413.450899,277.2674286697,1779904413.450899,0.
1779904413.5508988,277.2674286697,1779904413.5508988,0.
1779904413.650899,277.2674286697,1779904413.650899,0.
1779904413.7508988,277.2674286697,1779904413.7508988,0.
1779904413.850899,277.2674286697,1779904413.850899,0.
1779904413.950899,277.2674286697,1779904413.950899,0.
1779904414.0508988,277.2674286697,1779904414.0508988,0.
1779904414.150899,277.2674286697,1779904414.150899,0.
1779904414.2508988,277.2674286697,1779904414.2508988,0.
1779904414.350899,277.2674286697,1779904414.350899,0.
1779904414.450899,277.2674286697,1779904414.450899,0.
1779904414.5508988,277.2674286697,1779904414.5508988,0.
1779904414.650899,277.2674286697,1779904414.650899,0.
1779904414.7508988,277.2674286697,1779904414.7508988,0.
1779904414.850899,277.2674286697,1779904414.850899,0.
1779904414.950899,277.2674286697,1779904414.950899,0.
1779904415.0508988,277.2674286697,1779904415.0508988,0.
1779904415.150899,277.2674286697,1779904415.150899,0.
1779904415.2508988,277.2674286697,1779904415.2508988,0.
1779904415.350899,277.2674286697,1779904415.350899,0.
1779904415.450899,277.2674286697,1779904415.450899,0.
1779904415.5508988,277.2674286697,1779904415.5508988,0.
1779904415.650899,277.2674286697,1779904415.650899,0.
1779904415.7508988,277.2674286697,1779904415.7508988,0.
1779904415.850899,277.2674286697,1779904415.850899,0.
1779904415.950899,277.2674286697,1779904415.950899,0.
1779904416.0508988,277.2674286697,1779904416.0508988,0.
1779904416.150899,277.2674286697,1779904416.150899,0.
1779904416.2508988,277.2674286697,1779904416.2508988,0.
1779904416.350899,277.2674286697,1779904416.350899,0.
1779904416.450899,277.2674286697,1779904416.450899,0.
1779904416.5508988,277.2674286697,1779904416.5508988,0.
1779904416.650899,277.2674286697,1779904416.650899,0.
1779904416.7508988,277.2674286697,1779904416.7508988,0.
1779904416.850899,277.2674286697,1779904416.850899,0.
1779904416.950899,277.2674286697,1779904416.950899,0.
1779904417.0508988,277.2674286697,1779904417.0508988,0.
1779904417.150899,277.2674286697,1779904417.150899,0.
1779904417.2508988,277.2674286697,1779904417.2508988,0.
1779904417.350899,277.2674286697,1779904417.350899,0.
1779904417.450899,277.2674286697,1779904417.450899,0.
1779904417.5508988,277.2674286697,1779904417.5508988,0.
1779904417.650899,277.2674286697,1779904417.650899,0.
1779904417.7508988,277.2674286697,1779904417.7508988,0.
1779904417.850899,277.2674286697,1779904417.850899,0.
1779904417.950899,277.2674286697,1779904417.950899,0.
1779904418.0508988,277.2674286697,1779904418.0508988,0.
1779904418.150899,277.2674286697,1779904418.150899,0.
1779904418.2508988,277.2674286697,1779904418.2508988,0.
1779904418.350899,277.2674286697,1779904418.350899,0.
1779904418.450899,277.2674286697,1779904418.450899,0.
1779904418.5508988,277.2674286697,1779904418.5508988,0.
1779904418.650899,277.2674286697,1779904418.650899,0.
1779904418.7508988,277.2674286697,1779904418.7508988,0.
1779904418.850899,277.2674286697,1779904418.850899,0.
1779904418.950899,277.2674286697,1779904418.950899,0.
1779904419.0508988,277.2674286697,1779904419.0508988,0.
1779904419.150899,277.2674286697,1779904419.150899,0.
1779904419.2508988,277.2674286697,1779904419.2508988,0.
1779904419.350899,277.2674286697,1779904419.350899,0.
1779904419.450899,277.2674286697,1779904419.450899,0.
1779904419.5508988,277.2674286697,1779904419.5508988,0.
1779904419.650899,277.2674286697,1779904419.650899,0.
1779904419.7508988,277.2674286697,1779904419.7508988,0.
1779904419.850899,277.2674286697,1779904419.850899,0.
1779904419.950899,277.2674286697,1779904419.950899,0.
1779904420.0508988,277.2674286697,1779904420.0508988,0.
1779904420.150899,277.2674286697,1779904420.150899,0.
1779904420.2508988,277.2674286697,1779904420.2508988,0.
1779904420.350899,277.2674286697,1779904420.350899,0.
1779904420.450899,277.2674286697,1779904420.450899,0.
1779904420.5508988,277.2674286697,1779904420.5508988,0.
1779904420.650899,277.2674286697,1779904420.650899,0.
1779904420.7508988,277.2674286697,1779904420.7508988,0.
1779904420.850899,277.2674286697,1779904420.850899,0.
1779904420.950899,277.2674286697,1779904420.950899,0.
1779904421.0508988,277.2674286697,1779904421.0508988,0.
1779904421.150899,277.2674286697,1779904421.150899,0.
1779904421.2508988,277.2674286697,1779904421.2508988,0.
1779904421.350899,277.2674286697,1779904421.350899,0.
1779904421.450899,277.2674286697,1779904421.450899,0.
1779904421.5508988,277.2674286697,1779904421.5508988,0.
1779904421.650899,277.2674286697,1779904421.650899,0.
1779904421.7508988,277.2674286697,1779904421.7508988,0.
1779904421.850899,277.2674286697,1779904421.850899,0.
1779904421.950899,277.2674286697,1779904421.950899,0.
1779904422.0508988,277.2674286697,1779904422.0508988,0.
1779904422.150899,277.2674286697,1779904422.150899,0.
1779904422.2508988,277.2674286697,1779904422.2508988,0.
1779904422.350899,277.2674286697,1779904422.350899,0.
1779904422.450899,277.2674286697,1779904422.450899,0.
1779904422.5508988,277.2674286697,1779904422.5508988,0.
1779904422.650899,277.2674286697,1779904422.650899,0.
1779904422.7508988,277.2674286697,1779904422.7508988,0.
1779904422.850899,277.2674286697,1779904422.850899,0.
1779904422.950899,277.2674286697,1779904422.950899,0.
1779904423.0508988,277.2674286697,1779904423.0508988,0.
1779904423.150899,277.2674286697,1779904423.150899,0.
1779904423.2508988,277.2674286697,1779904423.2508988,0.
1779904423.350899,277.2674286697,1779904423.350899,0.
1779904423.450899,277.2674286697,1779904423.450899,0.
1779904423.5508988,277.2674286697,1779904423.5508988,0.
1779904423.650899,277.2674286697,1779904423.650899,0.
1779904423.7508988,277.2674286697,1779904423.7508988,0.
1779904423.850899,277.2674286697,1779904423.850899,0.
1779904423.950899,277.2674286697,1779904423.950899,0.
1779904424.0508988,277.2674286697,1779904424.0508988,0.
1779904424.150899,277.2674286697,1779904424.150899,0.
1779904424.2508988,277.2674286697,1779904424.2508988,0.
1779904424.350899,277.2674286697,1779904424.350899,0.
1779904424.450899,277.2674286697,1779904424.450899,0.
1779904424.5508988,277.2674286697,1779904424.5508988,0.
1779904424.650899,277.2674286697,1779904424.650899,0.
1779904424.7508988,277.2674286697,1779904424.7508988,0.
1779904424.850899,277.2674286697,1779904424.850899,0.
1779904424.950899,277.2674286697,1779904424.950899,0.
1779904425.0508988,277.2674286697,1779904425.0508988,0.
1779904425.150899,277.2674286697,1779904425.150899,0.
1779904425.2508988,277.2674286697,1779904425.2508988,0.
1779904425.350899,277.2674286697,1779904425.350899,0.
1779904425.450899,277.2674286697,1779904425.450899,0.
1779904425.5508988,277.2674286697,1779904425.5508988,0.
1779904425.650899,277.2674286697,1779904425.650899,0.
1779904425.7508988,277.2674286697,1779904425.7508988,0.
1779904425.850899,277.2674286697,1779904425.850899,0.
1779904425.950899,277.2674286697,1779904425.950899,0.
1779904426.0508988,277.2674286697,1779904426.0508988,0.
1779904426.150899,277.2674286697,1779904426.150899,0.
1779904426.2508988,277.2674286697,1779904426.2508988,0.
1779904426.350899,277.2674286697,1779904426.350899,0.
1779904426.450899,277.2674286697,1779904426.450899,0.
1779904426.5508988,277.2674286697,1779904426.5508988,0.
1779904426.650899,277.2674286697,1779904426.650899,0.
1779904426.7508988,277.2674286697,1779904426.7508988,0.
1779904426.850899,277.2674286697,1779904426.850899,0.
1779904426.950899,277.2674286697,1779904426.950899,0.
1779904427.0508988,277.2674286697,1779904427.0508988,0.
1779904427.150899,277.2674286697,1779904427.150899,0.
1779904427.2508988,277.2674286697,1779904427.2508988,0.
1779904427.350899,277.2674286697,1779904427.350899,0.
1779904427.450899,277.2674286697,1779904427.450899,0.
1779904427.5508988,277.2674286697,1779904427.5508988,0.
1779904427.650899,277.2674286697,1779904427.650899,0.
1779904427.7508988,277.2674286697,1779904427.7508988,0.
1779904427.850899,277.2674286697,1779904427.850899,0.
1779904427.950899,277.2674286697,1779904427.950899,0.
1779904428.0508988,277.2674286697,1779904428.0508988,0.
1779904428.150899,277.2674286697,1779904428.150899,0.
1779904428.2508988,277.2674286697,1779904428.2508988,0.
1779904428.350899,277.2674286697,1779904428.350899,0.
1779904428.450899,277.2674286697,1779904428.450899,0.
1779904428.5508988,277.2674286697,1779904428.5508988,0.
1779904428.650899,277.2674286697,1779904428.650899,0.
1779904428.7508988,277.2674286697,1779904428.7508988,0.
1779904428.850899,277.2674286697,1779904428.850899,0.
1779904428.950899,277.2674286697,1779904428.950899,0.
1779904429.0508988,277.2674286697,1779904429.0508988,0.
1779904429.150899,277.2674286697,1779904429.150899,0.
1779904429.2508988,277.2674286697,1779904429.2508988,0.
1779904429.350899,277.2674286697,1779904429.350899,0.
1779904429.450899,277.2674286697,1779904429.450899,0.
1779904429.5508988,277.2674286697,1779904429.5508988,0.
1779904429.650899,277.2674286697,1779904429.650899,0.
1779904429.7508988,277.2674286697,1779904429.7508988,0.
1779904429.850899,277.2674286697,1779904429.850899,0.
1779904429.950899,277.2674286697,1779904429.950899,0.
1779904430.0508988,277.2674286697,1779904430.0508988,0.
1779904430.150899,277.2674286697,1779904430.150899,0.
1779904430.2508988,277.2674286697,1779904430.2508988,0.
1779904430.350899,277.2674286697,1779904430.350899,0.
1779904430.450899,277.2674286697,1779904430.450899,0.
1779904430.5508988,277.2674286697,1779904430.5508988,0.
1779904430.650899,277.2674286697,1779904430.650899,0.
1779904430.7508988,277.2674286697,1779904430.7508988,0.
1779904430.850899,277.2674286697,1779904430.850899,0.
1779904430.950899,277.2674286697,1779904430.950899,0.
1779904431.0508988,277.2674286697,1779904431.0508988,0.
1779904431.150899,277.2674286697,1779904431.150899,0.
1779904431.2508988,277.2674286697,1779904431.2508988,0.
1779904431.350899,277.2674286697,1779904431.350899,0.
1779904431.450899,277.2674286697,1779904431.450899,0.
1779904431.5508988,277.2674286697,1779904431.5508988,0.
1779904431.650899,277.2674286697,1779904431.650899,0.
1779904431.7508988,277.2674286697,1779904431.7508988,0.
1779904431.850899,277.2674286697,1779904431.850899,0.
1779904431.950899,277.2674286697,1779904431.950899,0.
1779904432.0508988,277.2674286697,1779904432.0508988,0.
1779904432.150899,277.2674286697,1779904432.150899,0.
1779904432.2508988,277.2674286697,1779904432.2508988,0.
1779904432.350899,277.2674286697,1779904432.350899,0.
1779904432.450899,277.2674286697,1779904432.450899,0.
1779904432.5508988,277.2674286697,1779904432.5508988,0.
1779904432.650899,277.2674286697,1779904432.650899,0.
1779904432.7508988,277.2674286697,1779904432.7508988,0.
1779904432.850899,277.2674286697,1779904432.850899,0.
1779904432.950899,277.2674286697,1779904432.950899,0.
1779904433.0508988,277.2674286697,1779904433.0508988,0.
1779904433.150899,277.2674286697,1779904433.150899,0.
1779904433.2508988,277.2674286697,1779904433.2508988,0.
1779904433.350899,277.2674286697,1779904433.350899,0.
1779904433.450899,277.2674286697,1779904433.450899,0.
1779904433.5508988,277.2674286697,1779904433.5508988,0.
1779904433.650899,277.2674286697,1779904433.650899,0.
1779904433.7508988,277.2674286697,1779904433.7508988,0.
1779904433.850899,277.2674286697,1779904433.850899,0.
1779904433.950899,277.2674286697,1779904433.950899,0.
1779904434.0508988,277.2674286697,1779904434.0508988,0.
1779904434.150899,277.2674286697,1779904434.150899,0.
1779904434.2508988,277.2674286697,1779904434.2508988,0.
1779904434.350899,277.2674286697,1779904434.350899,0.
1779904434.450899,277.2674286697,1779904434.450899,0.
1779904434.5508988,277.2674286697,1779904434.5508988,0.
1779904434.650899,277.2674286697,1779904434.650899,0.
1779904434.7508988,277.2674286697,1779904434.7508988,0.
1779904434.850899,277.2674286697,1779904434.850899,0.
1779904434.950899,277.2674286697,1779904434.950899,0.
1779904435.0508988,277.2674286697,1779904435.0508988,0.
1779904435.150899,277.2674286697,1779904435.150899,0.
1779904435.2508988,277.2674286697,1779904435.2508988,0.
1779904435.350899,277.2674286697,1779904435.350899,0.
1779904435.450899,277.2674286697,1779904435.450899,0.
1779904435.5508988,277.2674286697,1779904435.5508988,0.
1779904435.650899,277.2674286697,1779904435.650899,0.
1779904435.7508988,277.2674286697,1779904435.7508988,0.
1779904435.850899,277.2674286697,1779904435.850899,0.
1779904435.950899,277.2674286697,1779904435.950899,0.
1779904436.0508988,277.2674286697,1779904436.0508988,0.
1779904436.150899,277.2674286697,1779904436.150899,0.
1779904436.2508988,277.2674286697,1779904436.2508988,0.
1779904436.350899,277.2674286697,1779904436.350899,0.
1779904436.450899,277.2674286697,1779904436.450899,0.
1779904436.5508988,277.2674286697,1779904436.5508988,0.
1779904436.650899,277.2674286697,1779904436.650899,0.
1779904436.7508988,277.2674286697,1779904436.7508988,0.
1779904436.850899,277.2674286697,1779904436.850899,0.
1779904436.950899,277.2674286697,1779904436.950899,0.
1779904437.0508988,277.2674286697,1779904437.0508988,0.
1779904437.150899,277.2674286697,1779904437.150899,0.
1779904437.2508988,277.2674286697,1779904437.2508988,0.
1779904437.350899,277.2674286697,1779904437.350899,0.
1779904437.450899,277.2674286697,1779904437.450899,0.
1779904437.5508988,277.2674286697,1779904437.5508988,0.
1779904437.650899,277.2674286697,1779904437.650899,0.
1779904437.7508988,277.2674286697,1779904437.7508988,0.
1779904437.850899,277.2674286697,1779904437.850899,0.
1779904437.950899,277.2674286697,1779904437.950899,0.
1779904438.0508988,277.2674286697,1779904438.0508988,0.
1779904438.150899,277.2674286697,1779904438.150899,0.
1779904438.2508988,277.2674286697,1779904438.2508988,0.
1779904438.350899,277.2674286697,1779904438.350899,0.
1779904438.450899,277.2674286697,1779904438.450899,0.
1779904438.5508988,277.2674286697,1779904438.5508988,0.
1779904438.650899,277.2674286697,1779904438.650899,0.
1779904438.7508988,277.2674286697,1779904438.7508988,0.
1779904438.850899,277.2674286697,1779904438.850899,0.
1779904438.950899,277.2674286697,1779904438.950899,0.
1779904439.0508988,277.2674286697,1779904439.0508988,0.
1779904439.150899,277.2674286697,1779904439.150899,0.
1779904439.2508988,277.2674286697,1779904439.2508988,0.
1779904439.350899,277.2674286697,1779904439.350899,0.
1779904439.450899,277.2674286697,1779904439.450899,0.
1779904439.5508988,277.2674286697,1779904439.5508988,0.
1779904439.650899,277.2674286697,1779904439.650899,0.
1779904439.7508988,277.2674286697,1779904439.7508988,0.
1779904439.850899,277.2674286697,1779904439.850899,0.
1779904439.950899,277.2674286697,1779904439.950899,0.
1779904440.0508988,277.2674286697,1779904440.0508988,0.
1779904440.150899,277.2674286697,1779904440.150899,0.
1779904440.2508988,277.2674286697,1779904440.2508988,0.
1779904440.350899,277.2674286697,1779904440.350899,0.
1779904440.450899,277.2674286697,1779904440.450899,0.
1779904440.5508988,277.2674286697,1779904440.5508988,0.
1779904440.650899,277.2674286697,1779904440.650899,0.
1779904440.7508988,277.2674286697,1779904440.7508988,0.
1779904440.850899,277.2674286697,1779904440.850899,0.
1779904440.950899,277.2674286697,1779904440.950899,0.
1779904441.0508988,277.2674286697,1779904441.0508988,0.
1779904441.150899,277.2674286697,1779904441.150899,0.
1779904441.2508988,277.2674286697,1779904441.2508988,0.
1779904441.350899,277.2674286697,1779904441.350899,0.
1779904441.450899,277.2674286697,1779904441.450899,0.
1779904441.5508988,277.2674286697,1779904441.5508988,0.
1779904441.650899,277.2674286697,1779904441.650899,0.
1779904441.7508988,277.2674286697,1779904441.7508988,0.
1779904441.850899,277.2674286697,1779904441.850899,0.
1779904441.950899,277.2674286697,1779904441.950899,0.
1779904442.0508988,277.2674286697,1779904442.0508988,0.
1779904442.150899,277.2674286697,1779904442.150899,0.
1779904442.2508988,277.2674286697,1779904442.2508988,0.
1779904442.350899,277.2674286697,1779904442.350899,0.
1779904442.450899,277.2674286697,1779904442.450899,0.
1779904442.5508988,277.2674286697,1779904442.5508988,0.
1779904442.650899,277.2674286697,1779904442.650899,0.
1779904442.7508988,277.2674286697,1779904442.7508988,0.
1779904442.850899,277.2674286697,1779904442.850899,0.
1779904442.950899,277.2674286697,1779904442.950899,0.
1779904443.0508988,277.2674286697,1779904443.0508988,0.
1779904443.150899,277.2674286697,1779904443.150899,0.
1779904443.2508988,277.2674286697,1779904443.2508988,0.
1779904443.350899,277.2674286697,1779904443.350899,0.
1779904443.450899,277.2674286697,1779904443.450899,0.
1779904443.5508988,277.2674286697,1779904443.5508988,0.
1779904443.650899,277.2674286697,1779904443.650899,0.
1779904443.7508988,277.2674286697,1779904443.7508988,0.
1779904443.850899,277.2674286697,1779904443.850899,0.
1779904443.950899,277.2674286697,1779904443.950899,0.
1779904444.0508988,277.2674286697,1779904444.0508988,0.
1779904444.150899,277.2674286697,1779904444.150899,0.
1779904444.2508988,277.2674286697,1779904444.2508988,0.
1779904444.350899,277.2674286697,1779904444.350899,0.
1779904444.450899,277.2674286697,1779904444.450899,0.
1779904444.5508988,277.2674286697,1779904444.5508988,0.
1779904444.650899,277.2674286697,1779904444.650899,0.
1779904444.7508988,277.2674286697,1779904444.7508988,0.
1779904444.850899,277.2674286697,1779904444.850899,0.
1779904444.950899,277.2674286697,1779904444.950899,0.
1779904445.0508988,277.2674286697,1779904445.0508988,0.
1779904445.150899,277.2674286697,1779904445.150899,0.
1779904445.2508988,277.2674286697,1779904445.2508988,0.
1779904445.350899,277.2674286697,1779904445.350899,0.
1779904445.450899,277.2674286697,1779904445.450899,0.
1779904445.5508988,277.2674286697,1779904445.5508988,0.
1779904445.650899,277.2674286697,1779904445.650899,0.
1779904445.7508988,277.2674286697,1779904445.7508988,0.
1779904445.850899,277.2674286697,1779904445.850899,0.
1779904445.950899,277.2674286697,1779904445.950899,0.
1779904446.0508988,277.2674286697,1779904446.0508988,0.
1779904446.150899,277.2674286697,1779904446.150899,0.
1779904446.2508988,277.2674286697,1779904446.2508988,0.
1779904446.350899,277.2674286697,1779904446.350899,0.
1779904446.450899,277.2674286697,1779904446.450899,0.
1779904446.5508988,277.2674286697,1779904446.5508988,0.
1779904446.650899,277.2674286697,1779904446.650899,0.
1779904446.7508988,277.2674286697,1779904446.7508988,0.
1779904446.850899,277.2674286697,1779904446.850899,0.
1779904446.950899,277.2674286697,1779904446.950899,0.
1779904447.0508988,277.2674286697,1779904447.0508988,0.
1779904447.150899,277.2674286697,1779904447.150899,0.
1779904447.2508988,277.2674286697,1779904447.2508988,0.
1779904447.350899,277.2674286697,1779904447.350899,0.
1779904447.450899,277.2674286697,1779904447.450899,0.
1779904447.5508988,277.2674286697,1779904447.5508988,0.
1779904447.650899,277.2674286697,1779904447.650899,0.
1779904447.7508988,277.2674286697,1779904447.7508988,0.
1779904447.850899,277.2674286697,1779904447.850899,0.
1779904447.950899,277.2674286697,1779904447.950899,0.
1779904448.0508988,277.2674286697,1779904448.0508988,0.
1779904448.150899,277.2674286697,1779904448.150899,0.
1779904448.2508988,277.2674286697,1779904448.2508988,0.
1779904448.350899,277.2674286697,1779904448.350899,0.
1779904448.450899,277.2674286697,1779904448.450899,0.
1779904448.5508988,277.2674286697,1779904448.5508988,0.
1779904448.650899,277.2674286697,1779904448.650899,0.
1779904448.7508988,277.2674286697,1779904448.7508988,0.
1779904448.850899,277.2674286697,1779904448.850899,0.
1779904448.950899,277.2674286697,1779904448.950899,0.
1779904449.0508988,277.2674286697,1779904449.0508988,0.
1779904449.150899,277.2674286697,1779904449.150899,0.
1779904449.2508988,277.2674286697,1779904449.2508988,0.
1779904449.350899,277.2674286697,1779904449.350899,0.
1779904449.450899,277.2674286697,1779904449.450899,0.
1779904449.5508988,0.,1779904449.5508988,200.
1779904449.650899,0.,1779904449.650899,200.
1779904449.7508988,0.,1779904449.7508988,200.
1779904449.850899,0.,1779904449.850899,200.
1779904449.950899,0.,1779904449.950899,200.
1779904450.0508988,0.,1779904450.0508988,200.
1779904450.150899,0.,1779904450.150899,200.
1779904450.2508988,0.,1779904450.2508988,200.
1779904450.350899,0.,1779904450.350899,200.
1779904450.450899,0.,1779904450.450899,200.
1779904450.5508988,0.,1779904450.5508988,200.
1779904450.650899,0.,1779904450.650899,200.
1779904450.7508988,0.,1779904450.7508988,200.
1779904450.850899,0.,1779904450.850899,200.
1779904450.950899,0.,1779904450.950899,200.
1779904451.0508988,0.,1779904451.0508988,200.
1779904451.150899,0.,1779904451.150899,200.
1779904451.2508988,0.,1779904451.2508988,200.
1779904451.350899,0.,1779904451.350899,200.
1779904451.450899,0.,1779904451.450899,200.
1779904451.5508988,0.,1779904451.5508988,200.
1779904451.650899,0.,1779904451.650899,200.
1779904451.7508988,0.,1779904451.7508988,200.
1779904451.850899,0.,1779904451.850899,200.
1779904451.950899,0.,1779904451.950899,200.
1779904452.0508988,0.,1779904452.0508988,200.
1779904452.150899,0.,1779904452.150899,200.
1779904452.2508988,0.,1779904452.2508988,200.
1779904452.350899,0.,1779904452.350899,200.
1779904452.450899,0.,1779904452.450899,200.
1779904452.5508988,0.,1779904452.5508988,200.
1779904452.650899,0.,1779904452.650899,200.
1779904452.7508988,0.,1779904452.7508988,200.
1779904452.850899,0.,1779904452.850899,200.
1779904452.950899,0.,1779904452.950899,200.
1779904453.0508988,0.,1779904453.0508988,200.
1779904453.150899,0.,1779904453.150899,200.
1779904453.2508988,0.,1779904453.2508988,200.
1779904453.350899,0.,1779904453.350899,200.
1779904453.450899,0.,1779904453.450899,200.
1779904453.5508988,0.,1779904453.5508988,200.
1779904453.650899,0.,1779904453.650899,200.
1779904453.7508988,0.,1779904453.7508988,200.
1779904453.850899,0.,1779904453.850899,200.
1779904453.950899,0.,1779904453.950899,200.
1779904454.0508988,0.,1779904454.0508988,200.
1779904454.150899,0.,1779904454.150899,200.
1779904454.2508988,0.,1779904454.2508988,200.
1779904454.350899,0.,1779904454.350899,200.
1779904454.450899,0.,1779904454.450899,200.
1779904454.5508988,0.,1779904454.5508988,200.
1779904454.650899,0.,1779904454.650899,200.
1779904454.7508988,0.,1779904454.7508988,200.
1779904454.850899,0.,1779904454.850899,200.
1779904454.950899,0.,1779904454.950899,200.
1779904455.0508988,0.,1779904455.0508988,200.
1779904455.150899,0.,1779904455.150899,200.
1779904455.2508988,0.,1779904455.2508988,200.
1779904455.350899,0.,1779904455.350899,200.
1779904455.450899,0.,1779904455.450899,200.
1779904455.5508988,0.,1779904455.5508988,200.
1779904455.650899,0.,1779904455.650899,200.
1779904455.7508988,0.,1779904455.7508988,200.
1779904455.850899,0.,1779904455.850899,200.
1779904455.950899,0.,1779904455.950899,200.
1779904456.0508988,0.,1779904456.0508988,200.
1779904456.150899,0.,1779904456.150899,200.
1779904456.2508988,0.,1779904456.2508988,200.
1779904456.350899,0.,1779904456.350899,200.
1779904456.450899,0.,1779904456.450899,200.
1779904456.5508988,0.,1779904456.5508988,200.
1779904456.650899,0.,1779904456.650899,200.
1779904456.7508988,0.,1779904456.7508988,200.
1779904456.850899,0.,1779904456.850899,200.
1779904456.950899,0.,1779904456.950899,200.
1779904457.0508988,0.,1779904457.0508988,200.
1779904457.150899,0.,1779904457.150899,200.
1779904457.2508988,0.,1779904457.2508988,200.
1779904457.350899,0.,1779904457.350899,200.
1779904457.450899,0.,1779904457.450899,200.
1779904457.5508988,0.,1779904457.5508988,200.
1779904457.650899,0.,1779904457.650899,200.
1779904457.7508988,0.,1779904457.7508988,200.
1779904457.850899,0.,1779904457.850899,200.
1779904457.950899,0.,1779904457.950899,200.
1779904458.0508988,0.,1779904458.0508988,200.
1779904458.150899,0.,1779904458.150899,200.
1779904458.2508988,0.,1779904458.2508988,200.
1779904458.350899,0.,1779904458.350899,200.
1779904458.450899,0.,1779904458.450899,200.
1779904458.5508988,0.,1779904458.5508988,200.
1779904458.650899,0.,1779904458.650899,200.
1779904458.7508988,0.,1779904458.7508988,200.
1779904458.850899,0.,1779904458.850899,200.
1779904458.950899,0.,1779904458.950899,200.
1779904459.0508988,0.,1779904459.0508988,200.
1779904459.150899,0.,1779904459.150899,200.
1779904459.2508988,0.,1779904459.2508988,200.
1779904459.350899,0.,1779904459.350899,200.
1779904459.450899,0.,1779904459.450899,200.
1779904459.5508988,0.,1779904459.5508988,200.
1779904459.650899,0.,1779904459.650899,200.
1779904459.7508988,0.,1779904459.7508988,200.
1779904459.850899,0.,1779904459.850899,200.
1779904459.950899,0.,1779904459.950899,200.
1779904460.0508988,0.,1779904460.0508988,200.
1779904460.150899,0.,1779904460.150899,200.
1779904460.2508988,0.,1779904460.2508988,200.
1779904460.350899,0.,1779904460.350899,200.
1779904460.450899,0.,1779904460.450899,200.
1779904460.5508988,0.,1779904460.5508988,200.
1779904460.650899,0.,1779904460.650899,200.
1779904460.7508988,0.,1779904460.7508988,200.
1779904460.850899,0.,1779904460.850899,200.
1779904460.950899,0.,1779904460.950899,200.
1779904461.0508988,0.,1779904461.0508988,200.
1779904461.150899,0.,1779904461.150899,200.
1779904461.2508988,0.,1779904461.2508988,200.
1779904461.350899,0.,1779904461.350899,200.
1779904461.450899,0.,1779904461.450899,200.
1779904461.5508988,0.,1779904461.5508988,200.
1779904461.650899,0.,1779904461.650899,200.
1779904461.7508988,0.,1779904461.7508988,200.
1779904461.850899,0.,1779904461.850899,200.
1779904461.950899,0.,1779904461.950899,200.
1779904462.0508988,0.,1779904462.0508988,200.
1779904462.150899,0.,1779904462.150899,200.
1779904462.2508988,0.,1779904462.2508988,200.
1779904462.350899,0.,1779904462.350899,200.
1779904462.450899,0.,1779904462.450899,200.
1779904462.5508988,0.,1779904462.5508988,200.
1779904462.650899,0.,1779904462.650899,200.
1779904462.7508988,0.,1779904462.7508988,200.
1779904462.850899,0.,1779904462.850899,200.
1779904462.950899,0.,1779904462.950899,200.
1779904463.0508988,0.,1779904463.0508988,200.
1779904463.150899,0.,1779904463.150899,200.
1779904463.2508988,0.,1779904463.2508988,200.
1779904463.350899,0.,1779904463.350899,200.
1779904463.450899,0.,1779904463.450899,200.
1779904463.5508988,0.,1779904463.5508988,200.
1779904463.650899,0.,1779904463.650899,200.
1779904463.7508988,0.,1779904463.7508988,200.
1779904463.850899,0.,1779904463.850899,200.
1779904463.950899,0.,1779904463.950899,200.
1779904464.0508988,0.,1779904464.0508988,200.
1779904464.150899,0.,1779904464.150899,200.
1779904464.2508988,0.,1779904464.2508988,200.
1779904464.350899,0.,1779904464.350899,200.
1779904464.450899,0.,1779904464.450899,200.
1779904464.5508988,0.,1779904464.5508988,200.
1779904464.650899,0.,1779904464.650899,200.
1779904464.7508988,0.,1779904464.7508988,200.
1779904464.850899,0.,1779904464.850899,200.
1779904464.950899,0.,1779904464.950899,200.
1779904465.0508988,0.,1779904465.0508988,200.
1779904465.150899,0.,1779904465.150899,200.
1779904465.2508988,0.,1779904465.2508988,200.
1779904465.350899,0.,1779904465.350899,200.
1779904465.450899,0.,1779904465.450899,200.
1779904465.5508988,0.,1779904465.5508988,200.
1779904465.650899,0.,1779904465.650899,200.
1779904465.7508988,0.,1779904465.7508988,200.
1779904465.850899,0.,1779904465.850899,200.
1779904465.950899,0.,1779904465.950899,200.
1779904466.0508988,0.,1779904466.0508988,200.
1779904466.150899,0.,1779904466.150899,200.
1779904466.2508988,0.,1779904466.2508988,200.
1779904466.350899,0.,1779904466.350899,200.
1779904466.450899,0.,1779904466.450899,200.
1779904466.5508988,0.,1779904466.5508988,200.
1779904466.650899,0.,1779904466.650899,200.
1779904466.7508988,0.,1779904466.7508988,200.
1779904466.850899,0.,1779904466.850899,200.
1779904466.950899,0.,1779904466.950899,200.
1779904467.0508988,0.,1779904467.0508988,200.
1779904467.150899,0.,1779904467.150899,200.
1779904467.2508988,0.,1779904467.2508988,200.
1779904467.350899,0.,1779904467.350899,200.
1779904467.450899,0.,1779904467.450899,200.
1779904467.5508988,0.,1779904467.5508988,200.
1779904467.650899,0.,1779904467.650899,200.
1779904467.7508988,0.,1779904467.7508988,200.
1779904467.850899,0.,1779904467.850899,200.
1779904467.950899,0.,1779904467.950899,200.
1779904468.0508988,0.,1779904468.0508988,200.
1779904468.150899,0.,1779904468.150899,200.
1779904468.2508988,0.,1779904468.2508988,200.
1779904468.350899,0.,1779904468.350899,200.
1779904468.450899,0.,1779904468.450899,200.
1779904468.5508988,0.,1779904468.5508988,200.
1779904468.650899,0.,1779904468.650899,200.
1779904468.7508988,0.,1779904468.7508988,200.
1779904468.850899,0.,1779904468.850899,200.
1779904468.950899,0.,1779904468.950899,200.
1779904469.0508988,0.,1779904469.0508988,200.
1779904469.150899,0.,1779904469.150899,200.
1779904469.2508988,0.,1779904469.2508988,200.
1779904469.350899,0.,1779904469.350899,200.
1779904469.450899,0.,1779904469.450899,200.
1779904469.5508988,0.,1779904469.5508988,200.
1779904469.650899,0.,1779904469.650899,200.
1779904469.7508988,0.,1779904469.7508988,200.
1779904469.850899,0.,1779904469.850899,200.
1779904469.950899,0.,1779904469.950899,200.
1779904470.0508988,0.,1779904470.0508988,200.
1779904470.150899,0.,1779904470.150899,200.
1779904470.2508988,0.,1779904470.2508988,200.
1779904470.350899,0.,1779904470.350899,200.
1779904470.450899,0.,1779904470.450899,200.
1779904470.5508988,0.,1779904470.5508988,200.
1779904470.650899,0.,1779904470.650899,200.
1779904470.7508988,0.,1779904470.7508988,200.
1779904470.850899,0.,1779904470.850899,200.
1779904470.950899,0.,1779904470.950899,200.
1779904471.0508988,0.,1779904471.0508988,200.
1779904471.150899,0.,1779904471.150899,200.
1779904471.2508988,0.,1779904471.2508988,200.
1779904471.350899,0.,1779904471.350899,200.
1779904471.450899,0.,1779904471.450899,200.
1779904471.5508988,0.,1779904471.5508988,200.
1779904471.650899,0.,1779904471.650899,200.
1779904471.7508988,0.,1779904471.7508988,200.
1779904471.850899,0.,1779904471.850899,200.
1779904471.950899,0.,1779904471.950899,200.
1779904472.0508988,0.,1779904472.0508988,200.
1779904472.150899,0.,1779904472.150899,200.
1779904472.2508988,0.,1779904472.2508988,200.
1779904472.350899,0.,1779904472.350899,200.
1779904472.450899,0.,1779904472.450899,200.
1779904472.5508988,0.,1779904472.5508988,200.
1779904472.650899,0.,1779904472.650899,200.
1779904472.7508988,0.,1779904472.7508988,200.
1779904472.850899,0.,1779904472.850899,200.
1779904472.950899,0.,1779904472.950899,200.
1779904473.0508988,0.,1779904473.0508988,200.
1779904473.150899,0.,1779904473.150899,200.
1779904473.2508988,0.,1779904473.2508988,200.
1779904473.350899,0.,1779904473.350899,200.
1779904473.450899,0.,1779904473.450899,200.
1779904473.5508988,0.,1779904473.5508988,200.
1779904473.650899,0.,1779904473.650899,200.
1779904473.7508988,0.,1779904473.7508988,200.
1779904473.850899,0.,1779904473.850899,200.
1779904473.950899,0.,1779904473.950899,200.
1779904474.0508988,0.,1779904474.0508988,200.
1779904474.150899,0.,1779904474.150899,200.
1779904474.2508988,0.,1779904474.2508988,200.
1779904474.350899,0.,1779904474.350899,200.
1779904474.450899,0.,1779904474.450899,200.
1779904474.5508988,0.,1779904474.5508988,200.
1779904474.650899,0.,1779904474.650899,200.
1779904474.7508988,0.,1779904474.7508988,200.
1779904474.850899,0.,1779904474.850899,200.
1779904474.950899,0.,1779904474.950899,200.
1779904475.0508988,0.,1779904475.0508988,200.
1779904475.150899,0.,1779904475.150899,200.
1779904475.2508988,0.,1779904475.2508988,200.
1779904475.350899,0.,1779904475.350899,200.
1779904475.450899,0.,1779904475.450899,200.
1779904475.5508988,0.,1779904475.5508988,200.
1779904475.650899,0.,1779904475.650899,200.
1779904475.7508988,0.,1779904475.7508988,200.
1779904475.850899,0.,1779904475.850899,200.
1779904475.950899,0.,1779904475.950899,200.
1779904476.0508988,0.,1779904476.0508988,200.
1779904476.150899,0.,1779904476.150899,200.
1779904476.2508988,0.,1779904476.2508988,200.
1779904476.350899,0.,1779904476.350899,200.
1779904476.450899,0.,1779904476.450899,200.
1779904476.5508988,0.,1779904476.5508988,200.
1779904476.650899,0.,1779904476.650899,200.
1779904476.7508988,0.,1779904476.7508988,200.
1779904476.850899,0.,1779904476.850899,200.
1779904476.950899,0.,1779904476.950899,200.
1779904477.0508988,0.,1779904477.0508988,200.
1779904477.150899,0.,1779904477.150899,200.
1779904477.2508988,0.,1779904477.2508988,200.
1779904477.350899,0.,1779904477.350899,200.
1779904477.450899,0.,1779904477.450899,200.
1779904477.5508988,0.,1779904477.5508988,200.
1779904477.650899,0.,1779904477.650899,200.
1779904477.7508988,0.,1779904477.7508988,200.
1779904477.850899,0.,1779904477.850899,200.
1779904477.950899,0.,1779904477.950899,200.
1779904478.0508988,0.,1779904478.0508988,200.
1779904478.150899,0.,1779904478.150899,200.
1779904478.2508988,0.,1779904478.2508988,200.
1779904478.350899,0.,1779904478.350899,200.
1779904478.450899,0.,1779904478.450899,200.
1779904478.5508988,0.,1779904478.5508988,200.
1779904478.650899,0.,1779904478.650899,200.
1779904478.7508988,0.,1779904478.7508988,200.
1779904478.850899,0.,1779904478.850899,200.
1779904478.950899,0.,1779904478.950899,200.
1779904479.0508988,0.,1779904479.0508988,200.
1779904479.150899,0.,1779904479.150899,200.
1779904479.2508988,0.,1779904479.2508988,200.
1779904479.350899,0.,1779904479.350899,200.
1779904479.450899,0.,1779904479.450899,200.
1779904479.5508988,0.,1779904479.5508988,200.
1779904479.650899,0.,1779904479.650899,200.
1779904479.7508988,0.,1779904479.7508988,200.
1779904479.850899,0.,1779904479.850899,200.
1779904479.950899,0.,1779904479.950899,200.
1779904480.0508988,0.,1779904480.0508988,200.
1779904480.150899,0.,1779904480.150899,200.
1779904480.2508988,0.,1779904480.2508988,200.
1779904480.350899,0.,1779904480.350899,200.
1779904480.450899,0.,1779904480.450899,200.
1779904480.5508988,0.,1779904480.5508988,200.
1779904480.650899,0.,1779904480.650899,200.
1779904480.7508988,0.,1779904480.7508988,200.
1779904480.850899,0.,1779904480.850899,200.
1779904480.950899,0.,1779904480.950899,200.
1779904481.0508988,0.,1779904481.0508988,200.
1779904481.150899,0.,1779904481.150899,200.
1779904481.2508988,0.,1779904481.2508988,200.
1779904481.350899,0.,1779904481.350899,200.
1779904481.450899,0.,1779904481.450899,200.
1779904481.5508988,0.,1779904481.5508988,200.
1779904481.650899,0.,1779904481.650899,200.
1779904481.7508988,0.,1779904481.7508988,200.
1779904481.850899,0.,1779904481.850899,200.
1779904481.950899,0.,1779904481.950899,200.
1779904482.0508988,0.,1779904482.0508988,200.
1779904482.150899,0.,1779904482.150899,200.
1779904482.2508988,0.,1779904482.2508988,200.
1779904482.350899,0.,1779904482.350899,200.
1779904482.450899,0.,1779904482.450899,200.
1779904482.5508988,0.,1779904482.5508988,200.
1779904482.650899,0.,1779904482.650899,200.
1779904482.7508988,0.,1779904482.7508988,200.
1779904482.850899,0.,1779904482.850899,200.
1779904482.950899,0.,1779904482.950899,200.
1779904483.0508988,0.,1779904483.0508988,200.
1779904483.150899,0.,1779904483.150899,200.
1779904483.2508988,0.,1779904483.2508988,200.
1779904483.350899,0.,1779904483.350899,200.
1779904483.450899,0.,1779904483.450899,200.
1779904483.5508988,0.,1779904483.5508988,200.
1779904483.650899,0.,1779904483.650899,200.
1779904483.7508988,0.,1779904483.7508988,200.
1779904483.850899,0.,1779904483.850899,200.
1779904483.950899,0.,1779904483.950899,200.
1779904484.0508988,0.,1779904484.0508988,200.
1779904484.150899,0.,1779904484.150899,200.
1779904484.2508988,0.,1779904484.2508988,200.
1779904484.350899,0.,1779904484.350899,200.
1779904484.450899,0.,1779904484.450899,200.
1779904484.5508988,0.,1779904484.5508988,200.
1779904484.650899,0.,1779904484.650899,200.
1779904484.7508988,0.,1779904484.7508988,200.
1779904484.850899,0.,1779904484.850899,200.
1779904484.950899,0.,1779904484.950899,200.
1779904485.0508988,0.,1779904485.0508988,200.
1779904485.150899,0.,1779904485.150899,200.
1779904485.2508988,0.,1779904485.2508988,200.
1779904485.350899,0.,1779904485.350899,200.
1779904485.450899,0.,1779904485.450899,200.
1779904485.5508988,0.,1779904485.5508988,200.
1779904485.650899,0.,1779904485.650899,200.
1779904485.7508988,0.,1779904485.7508988,200.
1779904485.850899,0.,1779904485.850899,200.
1779904485.950899,0.,1779904485.950899,200.
1779904486.0508988,0.,1779904486.0508988,200.
1779904486.150899,0.,1779904486.150899,200.
1779904486.2508988,0.,1779904486.2508988,200.
1779904486.350899,0.,1779904486.350899,200.
1779904486.450899,0.,1779904486.450899,200.
1779904486.5508988,0.,1779904486.5508988,200.
1779904486.650899,0.,1779904486.650899,200.
1779904486.7508988,0.,1779904486.7508988,200.
1779904486.850899,0.,1779904486.850899,200.
1779904486.950899,0.,1779904486.950899,200.
1779904487.0508988,0.,1779904487.0508988,200.
1779904487.150899,0.,1779904487.150899,200.
1779904487.2508988,0.,1779904487.2508988,200.
1779904487.350899,0.,1779904487.350899,200.
1779904487.450899,0.,1779904487.450899,200.
1779904487.5508988,0.,1779904487.5508988,200.
1779904487.650899,0.,1779904487.650899,200.
1779904487.7508988,0.,1779904487.7508988,200.
1779904487.850899,0.,1779904487.850899,200.
1779904487.950899,0.,1779904487.950899,200.
1779904488.0508988,0.,1779904488.0508988,200.
1779904488.150899,0.,1779904488.150899,200.
1779904488.2508988,0.,1779904488.2508988,200.
1779904488.350899,0.,1779904488.350899,200.
1779904488.450899,0.,1779904488.450899,200.
1779904488.5508988,0.,1779904488.5508988,200.
1779904488.650899,0.,1779904488.650899,200.
1779904488.7508988,0.,1779904488.7508988,200.
1779904488.850899,0.,1779904488.850899,200.
1779904488.950899,120.0946081305,1779904488.950899,200.
1779904489.0508988,186.4434291560,1779904489.0508988,200.
1779904489.150899,172.9204335048,1779904489.150899,200.
1779904489.2508988,181.8853254676,1779904489.2508988,200.
1779904489.350899,241.9652058408,1779904489.350899,200.
1779904489.450899,243.4522939210,1779904489.450899,200.
1779904489.5508988,165.3919131817,1779904489.5508988,200.
1779904489.650899,165.3919131817,1779904489.650899,200.
1779904489.7508988,242.2558280665,1779904489.7508988,200.
1779904489.850899,247.566285576,1779904489.850899,200.
1779904489.950899,335.2017203329,1779904489.950899,200.
1779904490.0508988,251.6097513777,1779904490.0508988,200.
1779904490.150899,219.4876899966,1779904490.150899,200.
1779904490.2508988,341.7884844201,1779904490.2508988,200.
1779904490.350899,226.9395507152,1779904490.350899,200.
1779904490.450899,221.2194467850,1779904490.450899,200.
1779904490.5508988,224.4273583593,1779904490.5508988,200.
1779904490.650899,206.0441936742,1779904490.650899,200.
1779904490.7508988,307.4604890026,1779904490.7508988,204.1079288974
1779904490.850899,329.6433282287,1779904490.850899,203.1504061253
1779904490.950899,268.9392238769,1779904490.950899,208.1022528236
1779904491.0508988,192.0219708205,1779904491.0508988,210.6570004478
1779904491.150899,305.8015764276,1779904491.150899,209.5891762884
1779904491.2508988,278.1967859739,1779904491.2508988,207.9209401314
1779904491.350899,278.1967859739,1779904491.350899,205.9541003346
1779904491.450899,274.3196112918,1779904491.450899,207.0527243452
1779904491.5508988,233.3292258151,1779904491.5508988,206.1958384419
1779904491.650899,324.9251715316,1779904491.650899,202.9898527188
1779904491.7508988,257.2696174116,1779904491.7508988,195.6217601080
1779904491.850899,332.7589675178,1779904491.850899,195.9477649483
1779904491.950899,258.112091742,1779904491.950899,206.0585710997
1779904492.0508988,215.6463262778,1779904492.0508988,213.4222807498
1779904492.150899,208.5306865298,1779904492.150899,220.9968956518
1779904492.2508988,233.5230231524,1779904492.2508988,222.1645352442
1779904492.350899,182.0968198001,1779904492.350899,219.9393091578
1779904492.450899,272.1445304951,1779904492.450899,212.8444591358
1779904492.5508988,327.0676669909,1779904492.5508988,210.3400946347
1779904492.650899,302.6426545619,1779904492.650899,208.3197470228
1779904492.7508988,261.8969861862,1779904492.7508988,206.6228610958
1779904492.850899,365.6159863783,1779904492.850899,202.4150181778
1779904492.950899,307.1525446140,1779904492.950899,202.4457626009
1779904493.0508988,309.3093421437,1779904493.0508988,207.2230035031
1779904493.150899,224.5323034724,1779904493.150899,212.3755485773
1779904493.2508988,188.4349437924,1779904493.2508988,214.5410419589
1779904493.350899,181.756141952,1779904493.350899,210.1763287887
1779904493.450899,246.4898772876,1779904493.450899,205.6704751653
1779904493.5508988,261.2601740005,1779904493.5508988,192.5253442525
1779904493.650899,191.6007799245,1779904493.650899,193.2354510652
1779904493.7508988,257.4903720675,1779904493.7508988,180.2554636508
1779904493.850899,242.19287529,1779904493.850899,169.5009346636
1779904493.950899,259.0720244397,1779904493.950899,164.1738529867
1779904494.0508988,190.4343352808,1779904494.0508988,166.3690312913
1779904494.150899,342.1898745417,1779904494.150899,169.4748727518
1779904494.2508988,315.8885279475,1779904494.2508988,175.0899166405
1779904494.350899,282.5548339585,1779904494.350899,183.9091287874
1779904494.450899,194.8751620506,1779904494.450899,192.7285088456
1779904494.5508988,217.277168705,1779904494.5508988,196.6343485007
1779904494.650899,237.1599619184,1779904494.650899,193.4893558825
1779904494.7508988,290.4190689639,1779904494.7508988,192.9165548563
1779904494.850899,290.4190689639,1779904494.850899,193.8413246226
1779904494.950899,204.1785152389,1779904494.950899,195.0530715083
1779904495.0508988,173.1767274507,1779904495.0508988,194.9676238958
1779904495.150899,204.9174733786,1779904495.150899,190.7602821137
1779904495.2508988,268.0135212609,1779904495.2508988,183.9359081716
1779904495.350899,252.0396700162,1779904495.350899,179.5150463108
1779904495.450899,310.5302836342,1779904495.450899,177.9878451733
1779904495.5508988,215.9083621275,1779904495.5508988,180.3882613966
1779904495.650899,236.8861282959,1779904495.650899,183.2147515399
1779904495.7508988,332.8898284426,1779904495.7508988,186.3357976540
1779904495.850899,197.8629433915,1779904495.850899,191.0387564607
1779904495.950899,189.0690192947,1779904495.950899,194.5775403459
1779904496.0508988,267.2118321773,1779904496.0508988,197.7364760005
1779904496.150899,274.5403124263,1779904496.150899,198.5250643091
1779904496.2508988,252.4611425976,1779904496.2508988,206.8649745124
1779904496.350899,277.4059812905,1779904496.350899,206.1846641589
1779904496.450899,219.657856756,1779904496.450899,205.5692912919
1779904496.5508988,160.3096064286,1779904496.5508988,205.0139089372
1779904496.650899,233.8411205850,1779904496.650899,204.5132914307
1779904496.7508988,359.0917694474,1779904496.7508988,204.0623489812
1779904496.850899,190.4017647641,1779904496.850899,203.6563074299
1779904496.950899,205.9706349746,1779904496.950899,203.2907733603
1779904497.0508988,192.8232875568,1779904497.0508988,202.961744361
1779904497.150899,190.4936043943,1779904497.150899,202.6655940932
1779904497.2508988,210.8773737308,1779904497.2508988,202.3990467681
1779904497.350899,259.2699400564,1779904497.350899,202.1591481334
1779904497.450899,273.3344107750,1779904497.450899,201.9432363411
1779904497.5508988,365.9987856842,1779904497.5508988,208.2802492728
1779904497.650899,373.6113788294,1779904497.650899,213.3412634454
1779904497.7508988,267.3193981062,1779904497.7508988,219.8184235203
1779904497.850899,214.8496345444,1779904497.850899,224.3315709987
1779904497.950899,234.2219193285,1779904497.950899,223.8324073498
1779904498.0508988,251.8226648042,1779904498.0508988,220.1676740917
1779904498.150899,286.3746972188,1779904498.150899,217.0943006921
1779904498.2508988,314.8237713126,1779904498.2508988,211.9749638523
1779904498.350899,313.3708259642,1779904498.350899,203.5090751255
1779904498.450899,352.011627612,1779904498.450899,194.7774233480
1779904498.5508988,238.5906306202,1779904498.5508988,195.2943081216
1779904498.650899,251.3894351283,1779904498.650899,195.7621908637
1779904498.7508988,239.2612235086,1779904498.7508988,196.1846285544
1779904498.850899,239.2612235086,1779904498.850899,196.5654940875
1779904498.950899,221.9197884419,1779904498.950899,188.0323103741
1779904499.0508988,245.2114058248,1779904499.0508988,185.5743887835
1779904499.150899,214.7048747403,1779904499.150899,184.2422755301
1779904499.2508988,285.8896060417,1779904499.2508988,183.0436464608
1779904499.350899,285.8896060417,1779904499.350899,181.0340004084
1779904499.450899,322.3304173591,1779904499.450899,186.1087853509
1779904499.5508988,189.1408084135,1779904499.5508988,190.2485018581
1779904499.650899,203.607972149,1779904499.650899,195.3010774922
1779904499.7508988,258.5578319236,1779904499.7508988,195.7835756221
1779904499.850899,311.5958851960,1779904499.850899,202.0662070118
1779904499.950899,355.3601320164,1779904499.950899,201.8631543701
1779904500.0508988,264.5508859355,1779904500.0508988,201.6786229628
1779904500.150899,283.0322714364,1779904500.150899,207.8191708274
1779904500.2508988,227.55184508,1779904500.2508988,209.6372070074
1779904500.350899,266.1563271586,1779904500.350899,209.2925504165
1779904500.450899,260.1340086319,1779904500.450899,208.5545961353
1779904500.5508988,166.5729022073,1779904500.5508988,208.723571975
1779904500.650899,215.6692666697,1779904500.650899,207.3318600752
1779904500.7508988,215.6692666697,1779904500.7508988,198.6469600537
1779904500.850899,166.7538829433,1779904500.850899,190.7094254487
1779904500.950899,216.1521441371,1779904500.950899,186.4826403251
1779904501.0508988,244.2987193164,1779904501.0508988,184.8270920712
1779904501.150899,290.0183222905,1779904501.150899,184.3413542549
1779904501.2508988,268.3278453335,1779904501.2508988,186.1779486881
1779904501.350899,320.3314896076,1779904501.350899,184.0677017051
1779904501.450899,345.9691563114,1779904501.450899,185.7853577593
1779904501.5508988,345.9691563114,1779904501.5508988,191.8024542958
1779904501.650899,253.7455632752,1779904501.650899,203.3986315899
1779904501.7508988,285.0167133144,1779904501.7508988,203.0619467556
1779904501.850899,241.5659476972,1779904501.850899,202.7573412424
1779904501.950899,323.0367175103,1779904501.950899,213.430025626
1779904502.0508988,334.1603361929,1779904502.0508988,217.1146864919
1779904502.150899,294.4668199941,1779904502.150899,224.6345575844
1779904502.2508988,251.9676078526,1779904502.2508988,226.2396275264
1779904502.350899,219.2020842001,1779904502.350899,227.6452683175
1779904502.450899,212.9783072198,1779904502.450899,228.9117637263
1779904502.5508988,209.903193971,1779904502.5508988,227.3357310683
1779904502.650899,160.7108852966,1779904502.650899,228.0225368860
1779904502.7508988,148.9528565305,1779904502.7508988,228.3946768164
1779904502.850899,222.2846033893,1779904502.850899,223.9665779054
1779904502.950899,245.8881116715,1779904502.950899,218.1516635674
1779904503.0508988,223.6953752455,1779904503.0508988,215.5502749354
1779904503.150899,233.9309772143,1779904503.150899,212.8284143431
1779904503.2508988,216.0934706698,1779904503.2508988,212.3049766731
1779904503.350899,199.2593717278,1779904503.350899,210.8076530094
1779904503.450899,228.1909451379,1779904503.450899,208.2260004948
1779904503.5508988,268.6220435749,1779904503.5508988,205.43600913
1779904503.650899,222.9071858116,1779904503.650899,201.9472677348
1779904503.7508988,190.5967181686,1779904503.7508988,206.2083911887
1779904503.850899,211.7732903901,1779904503.850899,209.1971714574
1779904503.950899,178.8246725595,1779904503.950899,209.0165040246
1779904504.0508988,184.459355674,1779904504.0508988,211.0392230772
1779904504.150899,179.0657528326,1779904504.150899,212.3458604550
1779904504.2508988,256.604280327,1779904504.2508988,211.7509397656
1779904504.350899,250.6631883351,1779904504.350899,215.2365583544
1779904504.450899,196.0176618297,1779904504.450899,217.1693055522
1779904504.5508988,178.7599026289,1779904504.5508988,216.6124968245
1779904504.650899,178.7599026289,1779904504.650899,212.9532174305
1779904504.7508988,297.884191533,1779904504.7508988,208.9732695973
1779904504.850899,207.4348926034,1779904504.850899,209.2957225943
1779904504.950899,279.7106683416,1779904504.950899,212.5337202708
1779904505.0508988,226.1841063871,1779904505.0508988,217.3559023234
1779904505.150899,226.6902502832,1779904505.150899,221.4660111707
1779904505.2508988,229.172921302,1779904505.2508988,220.3958876256
1779904505.350899,209.9220114486,1779904505.350899,214.6983689812
1779904505.450899,285.5638712305,1779904505.450899,211.754898953
1779904505.5508988,239.0354513472,1779904505.5508988,211.6141570179
1779904505.650899,238.1605329901,1779904505.650899,210.3268088404
1779904505.7508988,234.1987686104,1779904505.7508988,212.2789040291
1779904505.850899,305.6763467696,1779904505.850899,211.589236851
1779904505.950899,308.4798635181,1779904505.950899,207.2216781913
1779904506.0508988,236.2768295261,1779904506.0508988,204.9750410019
1779904506.150899,208.3712715462,1779904506.150899,208.1789796581
1779904506.2508988,248.1755025139,1779904506.2508988,214.2760349716
1779904506.350899,177.4385422176,1779904506.350899,217.8062044372
1779904506.450899,237.2422330408,1779904506.450899,216.4127532889
1779904506.5508988,292.8324438846,1779904506.5508988,211.8880251358
1779904506.650899,319.8307618351,1779904506.650899,210.78822285
1779904506.7508988,353.5923168383,1779904506.7508988,213.5130966938
1779904506.850899,243.3304644369,1779904506.850899,218.1870327717
1779904506.950899,240.2984423920,1779904506.950899,220.2890291109
1779904507.0508988,215.8502305113,1779904507.0508988,220.5139101754
1779904507.150899,269.3471892847,1779904507.150899,215.1545197122
1779904507.2508988,235.1212712025,1779904507.2508988,206.1760161789
1779904507.350899,250.8473924449,1779904507.350899,202.8253230736
1779904507.450899,272.0532827115,1779904507.450899,201.7839770286
1779904507.5508988,188.2566796309,1779904507.5508988,197.1362027984
1779904507.650899,147.632294923,1779904507.650899,198.2415847363
1779904507.7508988,204.0258166913,1779904507.7508988,189.5645860873
1779904507.850899,249.9046118012,1779904507.850899,190.5635957739
1779904507.950899,275.3959654607,1779904507.950899,191.4849703442
1779904508.0508988,314.3451878830,1779904508.0508988,192.3253403837
1779904508.150899,221.3411371302,1779904508.150899,200.0914868346
1779904508.2508988,262.4192378372,1779904508.2508988,204.2261261036
1779904508.350899,240.7447082484,1779904508.350899,206.4793069873
1779904508.450899,260.1397627614,1779904508.450899,209.7944508958
1779904508.5508988,213.6214304548,1779904508.5508988,210.9023450626
1779904508.650899,279.7124298401,1779904508.650899,211.1184616561
1779904508.7508988,253.6063604648,1779904508.7508988,209.1852314241
1779904508.850899,233.8839774411,1779904508.850899,209.6797945943
1779904508.950899,346.1443728451,1779904508.950899,210.3310261647
1779904509.0508988,259.3206346341,1779904509.0508988,214.1522110531
1779904509.150899,202.8185409265,1779904509.150899,218.5163273658
1779904509.2508988,207.7285343257,1779904509.2508988,221.1989502741
1779904509.350899,175.8649220959,1779904509.350899,221.4805742442
1779904509.450899,224.8452148999,1779904509.450899,219.9858725647
1779904509.5508988,188.0998951929,1779904509.5508988,220.6613978763
1779904509.650899,160.0170348018,1779904509.650899,222.6750216227
1779904509.7508988,244.0151501734,1779904509.7508988,221.2045507709
1779904509.850899,273.7702628537,1779904509.850899,215.4733798114
1779904509.950899,253.5617819085,1779904509.950899,212.3332057519
1779904510.0508988,212.8706633713,1779904510.0508988,212.5565709192
1779904510.150899,212.4576688140,1779904510.150899,212.1500826680
1779904510.2508988,242.6999470135,1779904510.2508988,214.4285878359
1779904510.350899,252.8781154903,1779904510.350899,209.8554509192
1779904510.450899,285.8389443149,1779904510.450899,205.7393410431
1779904510.5508988,296.9711501069,1779904510.5508988,204.1184349723
1779904510.650899,248.483100963,1779904510.650899,206.1336117981
1779904510.7508988,168.1344477502,1779904510.7508988,209.2419621169
1779904510.850899,193.4742033961,1779904510.850899,209.5101314745
1779904510.950899,350.4457859666,1779904510.950899,208.1956277051
1779904511.0508988,256.3488405022,1779904511.0508988,207.8701580544
1779904511.150899,174.9358261306,1779904511.150899,210.7270955804
1779904511.2508988,249.1322320914,1779904511.2508988,212.5157058925
1779904511.350899,278.4183568250,1779904511.350899,216.2214710826
1779904511.450899,222.3541344139,1779904511.450899,216.0707991612
1779904511.5508988,186.4653123889,1779904511.5508988,214.4405902099
1779904511.650899,244.7706508163,1779904511.650899,211.8083929213
1779904511.7508988,235.0975427846,1779904511.7508988,213.5734242546
1779904511.850899,217.7757343168,1779904511.850899,216.750080588
1779904511.950899,260.6972059574,1779904511.950899,218.3161730863
1779904512.0508988,208.3738075834,1779904512.0508988,213.9494477357
1779904512.150899,254.8630846783,1779904512.150899,215.0660379589
1779904512.2508988,193.4355727093,1779904512.2508988,213.1851915502
1779904512.350899,203.3776596835,1779904512.350899,213.9190204831
1779904512.450899,214.5242734271,1779904512.450899,212.6963763624
1779904512.5508988,209.4649427240,1779904512.5508988,208.6375394739
1779904512.650899,232.9957267903,1779904512.650899,205.7620204644
1779904512.7508988,250.5343027024,1779904512.7508988,204.925181392
1779904512.850899,249.7090056439,1779904512.850899,203.7647708769
1779904512.950899,241.5635245171,1779904512.950899,206.9494920739
1779904513.0508988,232.0512749281,1779904513.0508988,208.9142349016
1779904513.150899,243.7485113611,1779904513.150899,207.7483086384
1779904513.2508988,197.9537254521,1779904513.2508988,207.4772492904
1779904513.350899,218.9957892676,1779904513.350899,207.3183399878
1779904513.450899,188.0999716592,1779904513.450899,209.3097258598
1779904513.5508988,201.3719349384,1779904513.5508988,212.8393428406
1779904513.650899,205.0838294542,1779904513.650899,213.4909983965
1779904513.7508988,343.0572614478,1779904513.7508988,209.5263350807
1779904513.850899,333.0801153765,1779904513.850899,206.9619539032
1779904513.950899,235.5051924636,1779904513.950899,196.0386146394
1779904514.0508988,226.4486621517,1779904514.0508988,190.2183975353
1779904514.150899,239.2884939100,1779904514.150899,199.8443791832
1779904514.2508988,239.2884939100,1779904514.2508988,204.786633099
1779904514.350899,209.8424251259,1779904514.350899,204.1873208961
1779904514.450899,134.8374927964,1779904514.450899,205.7125955417
1779904514.5508988,198.0581885707,1779904514.5508988,204.5515058633
1779904514.650899,241.0600837505,1779904514.650899,203.213641402
1779904514.7508988,247.6811941775,1779904514.7508988,202.6187808839
1779904514.850899,244.4509723195,1779904514.850899,198.951119432
1779904514.950899,342.2432332444,1779904514.950899,193.1866235986
1779904515.0508988,259.7565386958,1779904515.0508988,193.8418755473
1779904515.150899,259.7565386958,1779904515.150899,194.4446451469
1779904515.2508988,271.7698850561,1779904515.2508988,194.9936592094
1779904515.350899,170.4672568172,1779904515.350899,208.1092206778
1779904515.450899,134.9364558123,1779904515.450899,214.0771280292
1779904515.5508988,295.0197918896,1779904515.5508988,211.9403909657
1779904515.650899,250.2774337103,1779904515.650899,208.6946494050
1779904515.7508988,221.3548058431,1779904515.7508988,211.2941528406
1779904515.850899,195.8986193210,1779904515.850899,211.3382238967
1779904515.950899,236.9212894304,1779904515.950899,210.1056561174
1779904516.0508988,249.5769071871,1779904516.0508988,204.8250397666
1779904516.150899,301.3695413197,1779904516.150899,193.5878482188
1779904516.2508988,251.9686535519,1779904516.2508988,194.22322987
1779904516.350899,230.5519625591,1779904516.350899,194.7979901195
1779904516.450899,206.9334835606,1779904516.450899,195.3167327259
1779904516.5508988,212.0684865436,1779904516.5508988,195.7843302624
1779904516.650899,212.2129736428,1779904516.650899,196.2055326407
1779904516.7508988,236.5489358062,1779904516.7508988,196.584797079
1779904516.850899,218.3654755170,1779904516.850899,205.0159322517
1779904516.950899,271.658497451,1779904516.950899,208.6771415780
1779904517.0508988,343.3980885247,1779904517.0508988,209.5588513752
1779904517.150899,185.0445291457,1779904517.150899,210.6263710473
1779904517.2508988,201.5208850089,1779904517.2508988,212.0019575161
1779904517.350899,197.4491286088,1779904517.350899,210.2337930524
1779904517.450899,276.3873447437,1779904517.450899,205.1362487114
1779904517.5508988,295.5419376604,1779904517.5508988,203.1193877558
1779904517.650899,274.2660860218,1779904517.650899,201.9249584959
1779904517.7508988,293.4742371773,1779904517.7508988,195.3568664262
1779904517.850899,245.8899315049,1779904517.850899,195.8175543059
1779904517.950899,308.5109193252,1779904517.950899,196.2339861365
1779904518.0508988,202.7560385502,1779904518.0508988,196.6096811534
1779904518.150899,298.8115169619,1779904518.150899,196.9482598534
1779904518.2508988,236.9869531927,1779904518.2508988,197.2532072757
1779904518.350899,255.9357572823,1779904518.350899,197.5277732519
1779904518.450899,235.5700221805,1779904518.450899,190.548293326
1779904518.5508988,363.8512791507,1779904518.5508988,188.9767064551
1779904518.650899,255.6521051543,1779904518.650899,191.4617166099
1779904518.7508988,236.1083517187,1779904518.7508988,199.51393486
1779904518.850899,268.4501601367,1779904518.850899,199.5633564251
1779904518.950899,217.5842395649,1779904518.950899,199.6074283081
1779904519.0508988,285.6301386126,1779904519.0508988,199.6468892401
1779904519.150899,284.5144345406,1779904519.150899,199.6823021975
1779904519.2508988,244.4700154252,1779904519.2508988,199.7141229184
1779904519.350899,223.1639788953,1779904519.350899,199.7427360969
1779904519.450899,322.4104744264,1779904519.450899,205.7954437634
1779904519.5508988,203.6389721638,1779904519.5508988,207.1118085354
1779904519.650899,168.2511278555,1779904519.650899,212.6097641415
1779904519.7508988,257.8219970416,1779904519.7508988,207.4924508100
1779904519.850899,285.1211320267,1779904519.850899,198.5047297449
1779904519.950899,258.3263735752,1779904519.950899,198.6530393302
1779904520.0508988,205.4677920266,1779904520.0508988,198.7871266771
1779904520.150899,336.1062278679,1779904520.150899,191.4681506344
1779904520.2508988,324.8344425198,1779904520.2508988,188.4700532509
1779904520.350899,323.4775110819,1779904520.350899,188.1717446066
1779904520.450899,223.4939004471,1779904520.450899,191.5506034353
1779904520.5508988,315.4126325226,1779904520.5508988,201.0409774476
1779904520.650899,251.5332678563,1779904520.650899,200.9380594256
1779904520.7508988,191.7271688286,1779904520.7508988,200.8448433444
1779904520.850899,242.4308882000,1779904520.850899,200.7606539406
1779904520.950899,313.0976736384,1779904520.950899,191.8438565040
1779904521.0508988,277.6527625388,1779904521.0508988,189.7387715006
1779904521.150899,297.4755654025,1779904521.150899,190.1141179302
1779904521.2508988,214.1692751095,1779904521.2508988,192.2892488663
1779904521.350899,287.3658496185,1779904521.350899,195.6951910292
1779904521.450899,271.6392337941,1779904521.450899,202.2778538641
1779904521.5508988,345.4372738831,1779904521.5508988,202.0517527869
1779904521.650899,283.1779261979,1779904521.650899,201.8474196628
1779904521.7508988,243.7821815551,1779904521.7508988,201.6630987738
1779904521.850899,299.1949147181,1779904521.850899,201.4969994351
1779904521.950899,331.7986355045,1779904521.950899,201.3474047609
1779904522.0508988,284.6388898518,1779904522.0508988,208.3518315761
1779904522.150899,300.0528813046,1779904522.150899,210.1919574843
1779904522.2508988,256.3720191785,1779904522.2508988,212.6635311519
1779904522.350899,247.4064777577,1779904522.350899,216.1426801205
1779904522.450899,253.9937063817,1779904522.450899,215.5540263233
1779904522.5508988,209.984172747,1779904522.5508988,214.7744905583
1779904522.650899,338.7987139142,1779904522.650899,212.6533385001
1779904522.7508988,250.8541655497,1779904522.7508988,210.0472472761
1779904522.850899,240.4699811906,1779904522.850899,209.6920123435
1779904522.950899,251.4597847738,1779904522.950899,209.5198062015
1779904523.0508988,328.8834082497,1779904523.0508988,203.7171706870
1779904523.150899,327.9417203814,1779904523.150899,203.1027335159
1779904523.2508988,208.0066830327,1779904523.2508988,204.0687339576
1779904523.350899,255.9108311666,1779904523.350899,203.5159990837
1779904523.450899,167.0987058997,1779904523.450899,195.9595494664
1779904523.5508988,282.2024628724,1779904523.5508988,196.3579199712
1779904523.650899,168.2124033618,1779904523.650899,204.7338177117
1779904523.7508988,153.3695030610,1779904523.7508988,207.595670801
1779904523.850899,154.9309470226,1779904523.850899,206.1997649469
1779904523.950899,215.6691857545,1779904523.950899,205.4435926034
1779904524.0508988,186.6700300859,1779904524.0508988,196.032023766
1779904524.150899,135.0703279385,1779904524.150899,196.4260856302
1779904524.2508988,215.5501338829,1779904524.2508988,196.7821091876
1779904524.350899,257.466782889,1779904524.350899,197.1032143291
1779904524.450899,239.6266953368,1779904524.450899,188.9418936961
1779904524.5508988,325.4454668825,1779904524.5508988,190.8560696553
1779904524.650899,219.4825456185,1779904524.650899,191.6310507329
1779904524.7508988,185.2989727338,1779904524.7508988,192.6450980600
1779904524.850899,222.8660453693,1779904524.850899,199.4467620412
1779904524.950899,117.3222006817,1779904524.950899,190.4818648744
1779904525.0508988,163.9643540513,1779904525.0508988,187.7067292934
1779904525.150899,201.170972256,1779904525.150899,185.1332236412
1779904525.2508988,271.7713002205,1779904525.2508988,183.4332875682
1779904525.350899,296.4304214006,1779904525.350899,185.6978747353
1779904525.450899,295.4633913880,1779904525.450899,187.2178545126
1779904525.5508988,164.2528288068,1779904525.5508988,191.1405750787
1779904525.650899,324.2279531089,1779904525.650899,191.8643305273
1779904525.7508988,265.1004761533,1779904525.7508988,194.0430865792
1779904525.850899,225.4861343574,1779904525.850899,204.0064614579
1779904525.950899,339.8789378566,1779904525.950899,203.6103257389
1779904526.0508988,193.0403704009,1779904526.0508988,211.9090045880
1779904526.150899,193.0403704009,1779904526.150899,212.7075996042
1779904526.2508988,334.3015988660,1779904526.2508988,208.7147859219
1779904526.350899,345.1342795797,1779904526.350899,201.435290043
1779904526.450899,345.1342795797,1779904526.450899,201.2920477959
1779904526.5508988,328.8640714429,1779904526.5508988,207.2489494031
1779904526.650899,243.1411422087,1779904526.650899,211.2025047336
1779904526.7508988,265.9760260431,1779904526.7508988,212.0005228367
1779904526.850899,315.312089362,1779904526.850899,213.7834930382
1779904526.950899,297.4193650638,1779904526.950899,216.6108092929
1779904527.0508988,252.9745756934,1779904527.0508988,218.6990479378
1779904527.150899,208.7165029601,1779904527.150899,218.4766094202
1779904527.2508988,259.4016548287,1779904527.2508988,215.1179613453
1779904527.350899,267.7411805866,1779904527.350899,211.5673167389
1779904527.450899,265.1216505935,1779904527.450899,208.211140321
1779904527.5508988,265.1216505935,1779904527.5508988,195.244963127
1779904527.650899,229.3178304222,1779904527.650899,195.7154026112
1779904527.7508988,203.2978859622,1779904527.7508988,196.1413302486
1779904527.850899,274.4431003123,1779904527.850899,196.5259311729
1779904527.950899,293.1998474092,1779904527.950899,182.7631528951
1779904528.0508988,238.7238306774,1779904528.0508988,175.7351809309
1779904528.150899,243.1972525373,1779904528.150899,171.95574005
1779904528.2508988,273.8560272130,1779904528.2508988,169.6483573237
1779904528.350899,199.1318935088,1779904528.350899,170.3032799953
1779904528.450899,181.7756321588,1779904528.450899,173.1743290358
1779904528.5508988,244.1715844759,1779904528.5508988,176.9199741160
1779904528.650899,341.3975425505,1779904528.650899,178.1281749602
1779904528.7508988,254.6667674735,1779904528.7508988,182.6978038313
1779904528.850899,242.3591469419,1779904528.850899,189.1939852858
1779904528.950899,242.3591469419,1779904528.950899,194.5154073405
1779904529.0508988,255.9225547268,1779904529.0508988,204.7949488792
1779904529.150899,324.401641101,1779904529.150899,204.3228922731
1779904529.2508988,266.7647208793,1779904529.2508988,203.8943221868
1779904529.350899,224.1077571879,1779904529.350899,212.8441858212
1779904529.450899,189.8572411450,1779904529.450899,211.3804351951
1779904529.5508988,321.862648307,1779904529.5508988,202.2278213331
1779904529.650899,244.5693073577,1779904529.650899,202.0053801553
1779904529.7508988,368.4852163172,1779904529.7508988,201.8050126175
1779904529.850899,289.8863689031,1779904529.850899,207.7038745156
1779904529.950899,267.2697613981,1779904529.950899,212.4586804867
1779904530.0508988,269.8197706236,1779904530.0508988,214.0077100656
1779904530.150899,190.8056864743,1779904530.150899,213.3909860363
1779904530.2508988,190.8056864743,1779904530.2508988,205.4963822875
1779904530.350899,304.2237155962,1779904530.350899,198.7730280858
1779904530.450899,276.1803123012,1779904530.450899,198.8940258161
1779904530.5508988,276.1803123012,1779904530.5508988,199.003773504
1779904530.650899,280.1741014029,1779904530.650899,191.2126109239
1779904530.7508988,271.0728027083,1779904530.7508988,188.8406021219
1779904530.850899,303.7012299068,1779904530.850899,185.1885463142
1779904530.950899,283.4974733112,1779904530.950899,188.1689200463
1779904531.0508988,187.7525327990,1779904531.0508988,191.1279768179
1779904531.150899,277.9435058422,1779904531.150899,195.5329056177
1779904531.2508988,320.7790131888,1779904531.2508988,201.9688958814
1779904531.350899,203.7423347281,1779904531.350899,201.7739010477
1779904531.450899,250.5036279031,1779904531.450899,201.5974583202
1779904531.5508988,219.9020356098,1779904531.5508988,191.7878633423
1779904531.650899,352.3228917369,1779904531.650899,192.7123729009
1779904531.7508988,305.4953798018,1779904531.7508988,192.0303376572
1779904531.850899,321.2655948909,1779904531.850899,195.151343195
1779904531.950899,230.1705777878,1779904531.950899,202.6376844641
1779904532.0508988,256.2704097646,1779904532.0508988,202.3753889364
1779904532.150899,197.5808680770,1779904532.150899,202.1385865021
1779904532.2508988,221.3210919388,1779904532.2508988,208.3753486536
1779904532.350899,267.8849652206,1779904532.350899,211.2504529491
1779904532.450899,288.6278676024,1779904532.450899,211.8717097754
1779904532.5508988,249.5176210747,1779904532.5508988,212.6981937025
1779904532.650899,238.4998842148,1779904532.650899,213.7033053258
1779904532.7508988,210.1770198281,1779904532.7508988,211.1514747019
1779904532.850899,188.3871685219,1779904532.850899,213.5573269752
1779904532.950899,200.7512461628,1779904532.950899,214.7418954102
1779904533.0508988,276.9485680508,1779904533.0508988,212.2935217001
1779904533.150899,269.3126566051,1779904533.150899,212.4470800719
1779904533.2508988,238.6996476075,1779904533.2508988,215.6587339187
1779904533.350899,245.2261337986,1779904533.350899,217.3990077245
1779904533.450899,234.168977214,1779904533.450899,222.6745745726
1779904533.5508988,326.7380300965,1779904533.5508988,226.3961358651
1779904533.650899,311.8164089697,1779904533.650899,233.1433466783
1779904533.7508988,205.944953721,1779904533.7508988,238.0536325887
1779904533.850899,206.0067859957,1779904533.850899,237.0950870731
1779904533.950899,294.1990055858,1779904533.950899,232.5527452923
1779904534.0508988,201.5147220568,1779904534.0508988,230.4261356552
1779904534.150899,251.7586057716,1779904534.150899,228.4508995132
1779904534.2508988,241.5747171057,1779904534.2508988,225.3265803776
1779904534.350899,206.8489657281,1779904534.350899,222.1459995759
1779904534.450899,265.7664144733,1779904534.450899,219.799002294
1779904534.5508988,265.7664144733,1779904534.5508988,220.1253379385
1779904534.650899,222.2758491493,1779904534.650899,220.5198063716
1779904534.7508988,330.6518132987,1779904534.7508988,219.6789407701
1779904534.850899,286.4575062377,1779904534.850899,222.9066797414
1779904534.950899,197.8848457778,1779904534.950899,222.3264553089
1779904535.0508988,222.9180433971,1779904535.0508988,220.2647495727
1779904535.150899,284.6858730355,1779904535.150899,218.0178443087
1779904535.2508988,296.8717708357,1779904535.2508988,217.9150774417
1779904535.350899,175.759203327,1779904535.350899,220.6706879526
1779904535.450899,175.759203327,1779904535.450899,219.9079728424
1779904535.5508988,324.2843292538,1779904535.5508988,216.3417326524
1779904535.650899,324.2843292538,1779904535.650899,0.
1779904535.7508988,324.2843292538,1779904535.7508988,0.
1779904535.850899,324.2843292538,1779904535.850899,0.
1779904535.950899,324.2843292538,1779904535.950899,0.
1779904536.0508988,324.2843292538,1779904536.0508988,0.
1779904536.150899,324.2843292538,1779904536.150899,0.
1779904536.2508988,324.2843292538,1779904536.2508988,0.
1779904536.350899,324.2843292538,1779904536.350899,0.
1779904536.450899,324.2843292538,1779904536.450899,0.
1779904536.5508988,324.2843292538,1779904536.5508988,0.
1779904536.650899,324.2843292538,1779904536.650899,0.
1779904536.7508988,324.2843292538,1779904536.7508988,0.
1779904536.850899,324.2843292538,1779904536.850899,0.
1779904536.950899,324.2843292538,1779904536.950899,0.
1779904537.0508988,324.2843292538,1779904537.0508988,0.
1779904537.150899,324.2843292538,1779904537.150899,0.
1779904537.2508988,324.2843292538,1779904537.2508988,0.
1779904537.350899,324.2843292538,1779904537.350899,0.
1779904537.450899,324.2843292538,1779904537.450899,0.
1779904537.5508988,324.2843292538,1779904537.5508988,0.
1779904537.650899,324.2843292538,1779904537.650899,0.
1779904537.7508988,324.2843292538,1779904537.7508988,0.
1779904537.850899,324.2843292538,1779904537.850899,0.
1779904537.950899,324.2843292538,1779904537.950899,0.
1779904538.0508988,324.2843292538,1779904538.0508988,0.
1779904538.150899,324.2843292538,1779904538.150899,0.
1779904538.2508988,324.2843292538,1779904538.2508988,0.
1779904538.350899,324.2843292538,1779904538.350899,0.
1779904538.450899,324.2843292538,1779904538.450899,0.
1779904538.5508988,324.2843292538,1779904538.5508988,0.
1779904538.650899,324.2843292538,1779904538.650899,0.
1779904538.7508988,324.2843292538,1779904538.7508988,0.
1779904538.850899,324.2843292538,1779904538.850899,0.
1779904538.950899,324.2843292538,1779904538.950899,0.
1779904539.0508988,324.2843292538,1779904539.0508988,0.
1779904539.150899,324.2843292538,1779904539.150899,0.
1779904539.2508988,324.2843292538,1779904539.2508988,0.
1779904539.350899,324.2843292538,1779904539.350899,0.
1779904539.450899,324.2843292538,1779904539.450899,0.
1779904539.5508988,324.2843292538,1779904539.5508988,0.
1779904539.650899,324.2843292538,1779904539.650899,0.
1779904539.7508988,324.2843292538,1779904539.7508988,0.
1779904539.850899,324.2843292538,1779904539.850899,0.
1779904539.950899,324.2843292538,1779904539.950899,0.
1779904540.0508988,324.2843292538,1779904540.0508988,0.
1779904540.150899,324.2843292538,1779904540.150899,0.
1779904540.2508988,324.2843292538,1779904540.2508988,0.
1779904540.350899,324.2843292538,1779904540.350899,0.
1779904540.450899,324.2843292538,1779904540.450899,0.
1779904540.5508988,324.2843292538,1779904540.5508988,0.
1779904540.650899,324.2843292538,1779904540.650899,0.
1779904540.7508988,324.2843292538,1779904540.7508988,0.
1779904540.850899,324.2843292538,1779904540.850899,0.
1779904540.950899,324.2843292538,1779904540.950899,0.
1779904541.0508988,324.2843292538,1779904541.0508988,0.
1779904541.150899,324.2843292538,1779904541.150899,0.
1779904541.2508988,324.2843292538,1779904541.2508988,0.
1779904541.350899,324.2843292538,1779904541.350899,0.
1779904541.450899,324.2843292538,1779904541.450899,0.
1779904541.5508988,324.2843292538,1779904541.5508988,0.
1779904541.650899,324.2843292538,1779904541.650899,0.
1779904541.7508988,324.2843292538,1779904541.7508988,0.
1779904541.850899,324.2843292538,1779904541.850899,0.
1779904541.950899,324.2843292538,1779904541.950899,0.
1779904542.0508988,324.2843292538,1779904542.0508988,0.
1779904542.150899,324.2843292538,1779904542.150899,0.
1779904542.2508988,324.2843292538,1779904542.2508988,0.
1779904542.350899,324.2843292538,1779904542.350899,0.
1779904542.450899,324.2843292538,1779904542.450899,0.
1779904542.5508988,324.2843292538,1779904542.5508988,0.
1779904542.650899,324.2843292538,1779904542.650899,0.
1779904542.7508988,324.2843292538,1779904542.7508988,0.
1779904542.850899,324.2843292538,1779904542.850899,0.
1779904542.950899,324.2843292538,1779904542.950899,0.
1779904543.0508988,324.2843292538,1779904543.0508988,0.
1779904543.150899,324.2843292538,1779904543.150899,0.
1779904543.2508988,324.2843292538,1779904543.2508988,0.
1779904543.350899,324.2843292538,1779904543.350899,0.
1779904543.450899,324.2843292538,1779904543.450899,0.
1779904543.5508988,324.2843292538,1779904543.5508988,0.
1779904543.650899,324.2843292538,1779904543.650899,0.
1779904543.7508988,324.2843292538,1779904543.7508988,0.
1779904543.850899,324.2843292538,1779904543.850899,0.
1779904543.950899,324.2843292538,1779904543.950899,0.
1779904544.0508988,324.2843292538,1779904544.0508988,0.
1779904544.150899,324.2843292538,1779904544.150899,0.
1779904544.2508988,324.2843292538,1779904544.2508988,0.
1779904544.350899,324.2843292538,1779904544.350899,0.
1779904544.450899,324.2843292538,1779904544.450899,0.
1779904544.5508988,324.2843292538,1779904544.5508988,0.
1779904544.650899,324.2843292538,1779904544.650899,0.
1779904544.7508988,324.2843292538,1779904544.7508988,0.
1779904544.850899,324.2843292538,1779904544.850899,0.
1779904544.950899,324.2843292538,1779904544.950899,0.
1779904545.0508988,324.2843292538,1779904545.0508988,0.
1779904545.150899,324.2843292538,1779904545.150899,0.
1779904545.2508988,324.2843292538,1779904545.2508988,0.
1779904545.350899,324.2843292538,1779904545.350899,0.
1779904545.450899,324.2843292538,1779904545.450899,0.
1779904545.5508988,324.2843292538,1779904545.5508988,0.
1779904545.650899,324.2843292538,1779904545.650899,0.
1779904545.7508988,324.2843292538,1779904545.7508988,0.
1779904545.850899,324.2843292538,1779904545.850899,0.
1779904545.950899,324.2843292538,1779904545.950899,0.
1779904546.0508988,324.2843292538,1779904546.0508988,0.
1779904546.150899,324.2843292538,1779904546.150899,0.
1779904546.2508988,324.2843292538,1779904546.2508988,0.
1779904546.350899,324.2843292538,1779904546.350899,0.
1779904546.450899,324.2843292538,1779904546.450899,0.
1779904546.5508988,324.2843292538,1779904546.5508988,0.
1779904546.650899,324.2843292538,1779904546.650899,0.
1779904546.7508988,324.2843292538,1779904546.7508988,0.
1779904546.850899,324.2843292538,1779904546.850899,0.
1779904546.950899,324.2843292538,1779904546.950899,0.
1779904547.0508988,324.2843292538,1779904547.0508988,0.
1779904547.150899,324.2843292538,1779904547.150899,0.
1779904547.2508988,324.2843292538,1779904547.2508988,0.
1779904547.350899,324.2843292538,1779904547.350899,0.
1779904547.450899,324.2843292538,1779904547.450899,0.
1779904547.5508988,324.2843292538,1779904547.5508988,0.
1779904547.650899,324.2843292538,1779904547.650899,0.
1779904547.7508988,324.2843292538,1779904547.7508988,0.
1779904547.850899,324.2843292538,1779904547.850899,0.
1779904547.950899,324.2843292538,1779904547.950899,0.
1779904548.0508988,324.2843292538,1779904548.0508988,0.
1779904548.150899,324.2843292538,1779904548.150899,0.
1779904548.2508988,324.2843292538,1779904548.2508988,0.
1779904548.350899,324.2843292538,1779904548.350899,0.
1779904548.450899,324.2843292538,1779904548.450899,0.
1779904548.5508988,324.2843292538,1779904548.5508988,0.
1779904548.650899,324.2843292538,1779904548.650899,0.
1779904548.7508988,324.2843292538,1779904548.7508988,0.
1779904548.850899,324.2843292538,1779904548.850899,0.
1779904548.950899,324.2843292538,1779904548.950899,0.
1779904549.0508988,324.2843292538,1779904549.0508988,0.
1779904549.150899,324.2843292538,1779904549.150899,0.
1779904549.2508988,324.2843292538,1779904549.2508988,0.
1779904549.350899,324.2843292538,1779904549.350899,0.
1779904549.450899,324.2843292538,1779904549.450899,0.
1779904549.5508988,324.2843292538,1779904549.5508988,0.
1779904549.650899,324.2843292538,1779904549.650899,0.
1779904549.7508988,324.2843292538,1779904549.7508988,0.
1779904549.850899,324.2843292538,1779904549.850899,0.
1779904549.950899,324.2843292538,1779904549.950899,0.
1779904550.0508988,324.2843292538,1779904550.0508988,0.
1779904550.150899,324.2843292538,1779904550.150899,0.
1779904550.2508988,324.2843292538,1779904550.2508988,0.
1779904550.350899,324.2843292538,1779904550.350899,0.
1779904550.450899,324.2843292538,1779904550.450899,0.
1779904550.5508988,324.2843292538,1779904550.5508988,0.
1779904550.650899,324.2843292538,1779904550.650899,0.
1779904550.7508988,324.2843292538,1779904550.7508988,0.
1779904550.850899,324.2843292538,1779904550.850899,0.
1779904550.950899,324.2843292538,1779904550.950899,0.
1779904551.0508988,324.2843292538,1779904551.0508988,0.
1779904551.150899,324.2843292538,1779904551.150899,0.
1779904551.2508988,324.2843292538,1779904551.2508988,0.
1779904551.350899,324.2843292538,1779904551.350899,0.
1779904551.450899,324.2843292538,1779904551.450899,0.
1779904551.5508988,324.2843292538,1779904551.5508988,0.
1779904551.650899,324.2843292538,1779904551.650899,0.
1779904551.7508988,324.2843292538,1779904551.7508988,0.
1779904551.850899,324.2843292538,1779904551.850899,0.
1779904551.950899,324.2843292538,1779904551.950899,0.
1779904552.0508988,324.2843292538,1779904552.0508988,0.
1779904552.150899,324.2843292538,1779904552.150899,0.
1779904552.2508988,324.2843292538,1779904552.2508988,0.
1779904552.350899,324.2843292538,1779904552.350899,0.
1779904552.450899,324.2843292538,1779904552.450899,0.
1779904552.5508988,324.2843292538,1779904552.5508988,0.
1779904552.650899,324.2843292538,1779904552.650899,0.
1779904552.7508988,324.2843292538,1779904552.7508988,0.
1779904552.850899,324.2843292538,1779904552.850899,0.
1779904552.950899,324.2843292538,1779904552.950899,0.
1779904553.0508988,324.2843292538,1779904553.0508988,0.
1779904553.150899,324.2843292538,1779904553.150899,0.
1779904553.2508988,324.2843292538,1779904553.2508988,0.
1779904553.350899,324.2843292538,1779904553.350899,0.
1779904553.450899,324.2843292538,1779904553.450899,0.
1779904553.5508988,324.2843292538,1779904553.5508988,0.
1779904553.650899,324.2843292538,1779904553.650899,0.
1779904553.7508988,324.2843292538,1779904553.7508988,0.
1779904553.850899,324.2843292538,1779904553.850899,0.
1779904553.950899,324.2843292538,1779904553.950899,0.
1779904554.0508988,324.2843292538,1779904554.0508988,0.
1779904554.150899,324.2843292538,1779904554.150899,0.
1779904554.2508988,324.2843292538,1779904554.2508988,0.
1779904554.350899,324.2843292538,1779904554.350899,0.
1779904554.450899,324.2843292538,1779904554.450899,0.
1779904554.5508988,324.2843292538,1779904554.5508988,0.
1779904554.650899,324.2843292538,1779904554.650899,0.
1779904554.7508988,324.2843292538,1779904554.7508988,0.
1779904554.850899,324.2843292538,1779904554.850899,0.
1779904554.950899,324.2843292538,1779904554.950899,0.
1779904555.0508988,324.2843292538,1779904555.0508988,0.
1779904555.150899,324.2843292538,1779904555.150899,0.
1779904555.2508988,324.2843292538,1779904555.2508988,0.
1779904555.350899,324.2843292538,1779904555.350899,0.
1779904555.450899,324.2843292538,1779904555.450899,0.
1779904555.5508988,324.2843292538,1779904555.5508988,0.
1779904555.650899,324.2843292538,1779904555.650899,0.
1779904555.7508988,324.2843292538,1779904555.7508988,0.
1779904555.850899,324.2843292538,1779904555.850899,0.
1779904555.950899,324.2843292538,1779904555.950899,0.
1779904556.0508988,324.2843292538,1779904556.0508988,0.
1779904556.150899,324.2843292538,1779904556.150899,0.
1779904556.2508988,324.2843292538,1779904556.2508988,0.
1779904556.350899,324.2843292538,1779904556.350899,0.
1779904556.450899,324.2843292538,1779904556.450899,0.
1779904556.5508988,324.2843292538,1779904556.5508988,0.
1779904556.650899,324.2843292538,1779904556.650899,0.
1779904556.7508988,324.2843292538,1779904556.7508988,0.
1779904556.850899,324.2843292538,1779904556.850899,0.
1779904556.950899,324.2843292538,1779904556.950899,0.
1779904557.0508988,324.2843292538,1779904557.0508988,0.
1779904557.150899,324.2843292538,1779904557.150899,0.
1779904557.2508988,324.2843292538,1779904557.2508988,0.
1779904557.350899,324.2843292538,1779904557.350899,0.
1779904557.450899,324.2843292538,1779904557.450899,0.
1779904557.5508988,324.2843292538,1779904557.5508988,0.
1779904557.650899,324.2843292538,1779904557.650899,0.
1779904557.7508988,324.2843292538,1779904557.7508988,0.
1779904557.850899,324.2843292538,1779904557.850899,0.
1779904557.950899,324.2843292538,1779904557.950899,0.
1779904558.0508988,324.2843292538,1779904558.0508988,0.
1779904558.150899,324.2843292538,1779904558.150899,0.
1779904558.2508988,324.2843292538,1779904558.2508988,0.
1779904558.350899,324.2843292538,1779904558.350899,0.
1779904558.450899,324.2843292538,1779904558.450899,0.
1779904558.5508988,324.2843292538,1779904558.5508988,0.
1779904558.650899,324.2843292538,1779904558.650899,0.
1779904558.7508988,324.2843292538,1779904558.7508988,0.
1779904558.850899,324.2843292538,1779904558.850899,0.
1779904558.950899,324.2843292538,1779904558.950899,0.
1779904559.0508988,324.2843292538,1779904559.0508988,0.
1779904559.150899,324.2843292538,1779904559.150899,0.
1779904559.2508988,324.2843292538,1779904559.2508988,0.
1779904559.350899,324.2843292538,1779904559.350899,0.
1779904559.450899,324.2843292538,1779904559.450899,0.
1779904559.5508988,324.2843292538,1779904559.5508988,0.
1779904559.650899,324.2843292538,1779904559.650899,0.
1779904559.7508988,324.2843292538,1779904559.7508988,0.
1779904559.850899,324.2843292538,1779904559.850899,0.
1779904559.950899,324.2843292538,1779904559.950899,0.
1779904560.0508988,324.2843292538,1779904560.0508988,0.
1779904560.150899,324.2843292538,1779904560.150899,0.
1779904560.2508988,324.2843292538,1779904560.2508988,0.
1779904560.350899,324.2843292538,1779904560.350899,0.
1779904560.450899,324.2843292538,1779904560.450899,0.
1779904560.5508988,324.2843292538,1779904560.5508988,0.
1779904560.650899,324.2843292538,1779904560.650899,0.
1779904560.7508988,324.2843292538,1779904560.7508988,0.
1779904560.850899,324.2843292538,1779904560.850899,0.
1779904560.950899,324.2843292538,1779904560.950899,0.
1779904561.0508988,324.2843292538,1779904561.0508988,0.
1779904561.150899,324.2843292538,1779904561.150899,0.
1779904561.2508988,324.2843292538,1779904561.2508988,0.
1779904561.350899,324.2843292538,1779904561.350899,0.
1779904561.450899,324.2843292538,1779904561.450899,0.
1779904561.5508988,324.2843292538,1779904561.5508988,0.
1779904561.650899,324.2843292538,1779904561.650899,0.
1779904561.7508988,324.2843292538,1779904561.7508988,0.
1779904561.850899,324.2843292538,1779904561.850899,0.
1779904561.950899,324.2843292538,1779904561.950899,0.
1779904562.0508988,324.2843292538,1779904562.0508988,0.
1779904562.150899,324.2843292538,1779904562.150899,0.
1779904562.2508988,324.2843292538,1779904562.2508988,0.
1779904562.350899,324.2843292538,1779904562.350899,0.
1779904562.450899,324.2843292538,1779904562.450899,0.
1779904562.5508988,324.2843292538,1779904562.5508988,0.
1779904562.650899,324.2843292538,1779904562.650899,0.
1779904562.7508988,324.2843292538,1779904562.7508988,0.
1779904562.850899,324.2843292538,1779904562.850899,0.
1779904562.950899,324.2843292538,1779904562.950899,0.
1779904563.0508988,324.2843292538,1779904563.0508988,0.
1779904563.150899,324.2843292538,1779904563.150899,0.
1779904563.2508988,324.2843292538,1779904563.2508988,0.
1779904563.350899,324.2843292538,1779904563.350899,0.
1779904563.450899,324.2843292538,1779904563.450899,0.
1779904563.5508988,324.2843292538,1779904563.5508988,0.
1779904563.650899,324.2843292538,1779904563.650899,0.
1779904563.7508988,324.2843292538,1779904563.7508988,0.
1779904563.850899,324.2843292538,1779904563.850899,0.
1779904563.950899,324.2843292538,1779904563.950899,0.
1779904564.0508988,324.2843292538,1779904564.0508988,0.
1779904564.150899,324.2843292538,1779904564.150899,0.
1779904564.2508988,324.2843292538,1779904564.2508988,0.
1779904564.350899,324.2843292538,1779904564.350899,0.
1779904564.450899,324.2843292538,1779904564.450899,0.
1779904564.5508988,324.2843292538,1779904564.5508988,0.
1779904564.650899,324.2843292538,1779904564.650899,0.
1779904564.7508988,324.2843292538,1779904564.7508988,0.
1779904564.850899,324.2843292538,1779904564.850899,0.
1779904564.950899,324.2843292538,1779904564.950899,0.
1779904565.0508988,324.2843292538,1779904565.0508988,0.
1779904565.150899,324.2843292538,1779904565.150899,0.
1779904565.2508988,324.2843292538,1779904565.2508988,0.
1779904565.350899,324.2843292538,1779904565.350899,0.
1779904565.450899,324.2843292538,1779904565.450899,0.
1779904565.5508988,324.2843292538,1779904565.5508988,0.
1779904565.650899,324.2843292538,1779904565.650899,0.
1779904565.7508988,324.2843292538,1779904565.7508988,0.
1779904565.850899,324.2843292538,1779904565.850899,0.
1779904565.950899,324.2843292538,1779904565.950899,0.
1779904566.0508988,324.2843292538,1779904566.0508988,0.
1779904566.150899,324.2843292538,1779904566.150899,0.
1779904566.2508988,324.2843292538,1779904566.2508988,0.
1779904566.350899,324.2843292538,1779904566.350899,0.
1779904566.450899,324.2843292538,1779904566.450899,0.
1779904566.5508988,324.2843292538,1779904566.5508988,0.
1779904566.650899,324.2843292538,1779904566.650899,0.
1779904566.7508988,324.2843292538,1779904566.7508988,0.
1779904566.850899,324.2843292538,1779904566.850899,0.
1779904566.950899,324.2843292538,1779904566.950899,0.
1779904567.0508988,324.2843292538,1779904567.0508988,0.
1779904567.150899,324.2843292538,1779904567.150899,0.
1779904567.2508988,324.2843292538,1779904567.2508988,0.
1779904567.350899,324.2843292538,1779904567.350899,0.
1779904567.450899,324.2843292538,1779904567.450899,0.
1779904567.5508988,324.2843292538,1779904567.5508988,0.
1779904567.650899,324.2843292538,1779904567.650899,0.
1779904567.7508988,324.2843292538,1779904567.7508988,0.
1779904567.850899,324.2843292538,1779904567.850899,0.
1779904567.950899,324.2843292538,1779904567.950899,0.
1779904568.0508988,324.2843292538,1779904568.0508988,0.
1779904568.150899,324.2843292538,1779904568.150899,0.
1779904568.2508988,324.2843292538,1779904568.2508988,0.
1779904568.350899,324.2843292538,1779904568.350899,0.
1779904568.450899,324.2843292538,1779904568.450899,0.
1779904568.5508988,324.2843292538,1779904568.5508988,0.
1779904568.650899,324.2843292538,1779904568.650899,0.
1779904568.7508988,324.2843292538,1779904568.7508988,0.
1779904568.850899,324.2843292538,1779904568.850899,0.
1779904568.950899,324.2843292538,1779904568.950899,0.
1779904569.0508988,324.2843292538,1779904569.0508988,0.
1779904569.150899,324.2843292538,1779904569.150899,0.
1779904569.2508988,324.2843292538,1779904569.2508988,0.
1779904569.350899,324.2843292538,1779904569.350899,0.
1779904569.450899,324.2843292538,1779904569.450899,0.
1779904569.5508988,324.2843292538,1779904569.5508988,0.
1779904569.650899,324.2843292538,1779904569.650899,0.
1779904569.7508988,324.2843292538,1779904569.7508988,0.
1779904569.850899,324.2843292538,1779904569.850899,0.
1779904569.950899,324.2843292538,1779904569.950899,0.
1779904570.0508988,324.2843292538,1779904570.0508988,0.
1779904570.150899,324.2843292538,1779904570.150899,0.
1779904570.2508988,324.2843292538,1779904570.2508988,0.
1779904570.350899,324.2843292538,1779904570.350899,0.
1779904570.450899,324.2843292538,1779904570.450899,0.
1779904570.5508988,324.2843292538,1779904570.5508988,0.
1779904570.650899,324.2843292538,1779904570.650899,0.
1779904570.7508988,324.2843292538,1779904570.7508988,0.
1779904570.850899,324.2843292538,1779904570.850899,0.
1779904570.950899,324.2843292538,1779904570.950899,0.
1779904571.0508988,324.2843292538,1779904571.0508988,0.
1779904571.150899,324.2843292538,1779904571.150899,0.
1779904571.2508988,324.2843292538,1779904571.2508988,0.
1779904571.350899,324.2843292538,1779904571.350899,0.
1779904571.450899,324.2843292538,1779904571.450899,0.
1779904571.5508988,324.2843292538,1779904571.5508988,0.
1779904571.650899,324.2843292538,1779904571.650899,0.
1779904571.7508988,324.2843292538,1779904571.7508988,0.
1779904571.850899,324.2843292538,1779904571.850899,0.
1779904571.950899,324.2843292538,1779904571.950899,0.
1779904572.0508988,324.2843292538,1779904572.0508988,0.
1779904572.150899,324.2843292538,1779904572.150899,0.
1779904572.2508988,324.2843292538,1779904572.2508988,0.
1779904572.350899,324.2843292538,1779904572.350899,0.
1779904572.450899,324.2843292538,1779904572.450899,0.
1779904572.5508988,324.2843292538,1779904572.5508988,0.
1779904572.650899,324.2843292538,1779904572.650899,0.
1779904572.7508988,324.2843292538,1779904572.7508988,0.
1779904572.850899,324.2843292538,1779904572.850899,0.
1779904572.950899,324.2843292538,1779904572.950899,0.
1779904573.0508988,324.2843292538,1779904573.0508988,0.
1779904573.150899,324.2843292538,1779904573.150899,0.
1779904573.2508988,324.2843292538,1779904573.2508988,0.
1779904573.350899,324.2843292538,1779904573.350899,0.
1779904573.450899,324.2843292538,1779904573.450899,0.
1779904573.5508988,324.2843292538,1779904573.5508988,0.
1779904573.650899,324.2843292538,1779904573.650899,0.
1779904573.7508988,324.2843292538,1779904573.7508988,0.
1779904573.850899,324.2843292538,1779904573.850899,0.
1779904573.950899,324.2843292538,1779904573.950899,0.
1779904574.0508988,324.2843292538,1779904574.0508988,0.
1779904574.150899,324.2843292538,1779904574.150899,0.
1779904574.2508988,324.2843292538,1779904574.2508988,0.
1779904574.350899,324.2843292538,1779904574.350899,0.
1779904574.450899,324.2843292538,1779904574.450899,0.
1779904574.5508988,324.2843292538,1779904574.5508988,0.
1779904574.650899,324.2843292538,1779904574.650899,0.
1779904574.7508988,324.2843292538,1779904574.7508988,0.
1779904574.850899,324.2843292538,1779904574.850899,0.
1779904574.950899,324.2843292538,1779904574.950899,0.
1779904575.0508988,324.2843292538,1779904575.0508988,0.
1779904575.150899,324.2843292538,1779904575.150899,0.
1779904575.2508988,324.2843292538,1779904575.2508988,0.
1779904575.350899,324.2843292538,1779904575.350899,0.
1779904575.450899,324.2843292538,1779904575.450899,0.
1779904575.5508988,324.2843292538,1779904575.5508988,0.
1779904575.650899,324.2843292538,1779904575.650899,0.
1779904575.7508988,324.2843292538,1779904575.7508988,0.
1779904575.850899,324.2843292538,1779904575.850899,0.
1779904575.950899,324.2843292538,1779904575.950899,0.
1779904576.0508988,324.2843292538,1779904576.0508988,0.
1779904576.150899,324.2843292538,1779904576.150899,0.
1779904576.2508988,324.2843292538,1779904576.2508988,0.
1779904576.350899,324.2843292538,1779904576.350899,0.
1779904576.450899,324.2843292538,1779904576.450899,0.
1779904576.5508988,324.2843292538,1779904576.5508988,0.
1779904576.650899,324.2843292538,1779904576.650899,0.
1779904576.7508988,324.2843292538,1779904576.7508988,0.
1779904576.850899,324.2843292538,1779904576.850899,0.
1779904576.950899,324.2843292538,1779904576.950899,0.
1779904577.0508988,324.2843292538,1779904577.0508988,0.
1779904577.150899,324.2843292538,1779904577.150899,0.
1779904577.2508988,324.2843292538,1779904577.2508988,0.
1779904577.350899,324.2843292538,1779904577.350899,0.
1779904577.450899,324.2843292538,1779904577.450899,0.
1779904577.5508988,324.2843292538,1779904577.5508988,0.
1779904577.650899,324.2843292538,1779904577.650899,0.
1779904577.7508988,324.2843292538,1779904577.7508988,0.
1779904577.850899,324.2843292538,1779904577.850899,0.
1779904577.950899,324.2843292538,1779904577.950899,0.
1779904578.0508988,324.2843292538,1779904578.0508988,0.
1779904578.150899,324.2843292538,1779904578.150899,0.
1779904578.2508988,324.2843292538,1779904578.2508988,0.
1779904578.350899,324.2843292538,1779904578.350899,0.
1779904578.450899,324.2843292538,1779904578.450899,0.
1779904578.5508988,324.2843292538,1779904578.5508988,0.
1779904578.650899,324.2843292538,1779904578.650899,0.
1779904578.7508988,324.2843292538,1779904578.7508988,0.
1779904578.850899,324.2843292538,1779904578.850899,0.
1779904578.950899,324.2843292538,1779904578.950899,0.
1779904579.0508988,324.2843292538,1779904579.0508988,0.
1779904579.150899,324.2843292538,1779904579.150899,0.
1779904579.2508988,324.2843292538,1779904579.2508988,0.
1779904579.350899,324.2843292538,1779904579.350899,0.
1779904579.450899,324.2843292538,1779904579.450899,0.
1779904579.5508988,324.2843292538,1779904579.5508988,0.
1779904579.650899,324.2843292538,1779904579.650899,0.
1779904579.7508988,324.2843292538,1779904579.7508988,0.
1779904579.850899,324.2843292538,1779904579.850899,0.
1779904579.950899,324.2843292538,1779904579.950899,0.
1779904580.0508988,324.2843292538,1779904580.0508988,0.
1779904580.150899,324.2843292538,1779904580.150899,0.
1779904580.2508988,324.2843292538,1779904580.2508988,0.
1779904580.350899,324.2843292538,1779904580.350899,0.
1779904580.450899,324.2843292538,1779904580.450899,0.
1779904580.5508988,324.2843292538,1779904580.5508988,0.
1779904580.650899,324.2843292538,1779904580.650899,0.
1779904580.7508988,324.2843292538,1779904580.7508988,0.
1779904580.850899,324.2843292538,1779904580.850899,0.
1779904580.950899,324.2843292538,1779904580.950899,0.
1779904581.0508988,324.2843292538,1779904581.0508988,0.
1779904581.150899,324.2843292538,1779904581.150899,0.
1779904581.2508988,324.2843292538,1779904581.2508988,0.
1779904581.350899,324.2843292538,1779904581.350899,0.
1779904581.450899,324.2843292538,1779904581.450899,0.
1779904581.5508988,324.2843292538,1779904581.5508988,0.
1779904581.650899,324.2843292538,1779904581.650899,0.
1779904581.7508988,324.2843292538,1779904581.7508988,0.
1779904581.850899,324.2843292538,1779904581.850899,0.
1779904581.950899,324.2843292538,1779904581.950899,0.
1779904582.0508988,324.2843292538,1779904582.0508988,0.
1779904582.150899,324.2843292538,1779904582.150899,0.
1779904582.2508988,324.2843292538,1779904582.2508988,0.
1779904582.350899,324.2843292538,1779904582.350899,0.
1779904582.450899,324.2843292538,1779904582.450899,0.
1779904582.5508988,324.2843292538,1779904582.5508988,0.
1779904582.650899,324.2843292538,1779904582.650899,0.
1779904582.7508988,324.2843292538,1779904582.7508988,0.
1779904582.850899,324.2843292538,1779904582.850899,0.
1779904582.950899,324.2843292538,1779904582.950899,0.
1779904583.0508988,324.2843292538,1779904583.0508988,0.
1779904583.150899,324.2843292538,1779904583.150899,0.
1779904583.2508988,324.2843292538,1779904583.2508988,0.
1779904583.350899,324.2843292538,1779904583.350899,0.
1779904583.450899,324.2843292538,1779904583.450899,0.
1779904583.5508988,324.2843292538,1779904583.5508988,0.
1779904583.650899,324.2843292538,1779904583.650899,0.
1779904583.7508988,324.2843292538,1779904583.7508988,0.
1779904583.850899,324.2843292538,1779904583.850899,0.
1779904583.950899,324.2843292538,1779904583.950899,0.
1779904584.0508988,324.2843292538,1779904584.0508988,0.
1779904584.150899,324.2843292538,1779904584.150899,0.
1779904584.2508988,324.2843292538,1779904584.2508988,0.
1779904584.350899,324.2843292538,1779904584.350899,0.
1779904584.450899,324.2843292538,1779904584.450899,0.
1779904584.5508988,324.2843292538,1779904584.5508988,0.
1779904584.650899,324.2843292538,1779904584.650899,0.
1779904584.7508988,324.2843292538,1779904584.7508988,0.
1779904584.850899,324.2843292538,1779904584.850899,0.
1779904584.950899,324.2843292538,1779904584.950899,0.
1779904585.0508988,324.2843292538,1779904585.0508988,0.
1779904585.150899,324.2843292538,1779904585.150899,0.
1779904585.2508988,324.2843292538,1779904585.2508988,0.
1779904585.350899,324.2843292538,1779904585.350899,0.
1779904585.450899,324.2843292538,1779904585.450899,0.
1779904585.5508988,324.2843292538,1779904585.5508988,0.
1779904585.650899,324.2843292538,1779904585.650899,0.
1779904585.7508988,324.2843292538,1779904585.7508988,0.
1779904585.850899,324.2843292538,1779904585.850899,0.
1779904585.950899,324.2843292538,1779904585.950899,0.
1779904586.0508988,324.2843292538,1779904586.0508988,0.
1779904586.150899,324.2843292538,1779904586.150899,0.
1779904586.2508988,324.2843292538,1779904586.2508988,0.
1779904586.350899,324.2843292538,1779904586.350899,0.
1779904586.450899,324.2843292538,1779904586.450899,0.
1779904586.5508988,324.2843292538,1779904586.5508988,0.
1779904586.650899,324.2843292538,1779904586.650899,0.
1779904586.7508988,324.2843292538,1779904586.7508988,0.
1779904586.850899,324.2843292538,1779904586.850899,0.
1779904586.950899,324.2843292538,1779904586.950899,0.
1779904587.0508988,324.2843292538,1779904587.0508988,0.
1779904587.150899,324.2843292538,1779904587.150899,0.
1779904587.2508988,324.2843292538,1779904587.2508988,0.
1779904587.350899,324.2843292538,1779904587.350899,0.
1779904587.450899,324.2843292538,1779904587.450899,0.
1779904587.5508988,324.2843292538,1779904587.5508988,0.
1779904587.650899,324.2843292538,1779904587.650899,0.
1779904587.7508988,324.2843292538,1779904587.7508988,0.
1779904587.850899,324.2843292538,1779904587.850899,0.
1779904587.950899,324.2843292538,1779904587.950899,0.
1779904588.0508988,324.2843292538,1779904588.0508988,0.
1779904588.150899,324.2843292538,1779904588.150899,0.
1779904588.2508988,324.2843292538,1779904588.2508988,0.
1779904588.350899,324.2843292538,1779904588.350899,0.
1779904588.450899,324.2843292538,1779904588.450899,0.
1779904588.5508988,324.2843292538,1779904588.5508988,0.
1779904588.650899,324.2843292538,1779904588.650899,0.
1779904588.7508988,324.2843292538,1779904588.7508988,0.
1779904588.850899,324.2843292538,1779904588.850899,0.
1779904588.950899,324.2843292538,1779904588.950899,0.
1779904589.0508988,324.2843292538,1779904589.0508988,0.
1779904589.150899,324.2843292538,1779904589.150899,0.
1779904589.2508988,324.2843292538,1779904589.2508988,0.
1779904589.350899,324.2843292538,1779904589.350899,0.
1779904589.450899,324.2843292538,1779904589.450899,0.
1779904589.5508988,324.2843292538,1779904589.5508988,0.
1779904589.650899,324.2843292538,1779904589.650899,0.
1779904589.7508988,324.2843292538,1779904589.7508988,0.
1779904589.850899,324.2843292538,1779904589.850899,0.
1779904589.950899,324.2843292538,1779904589.950899,0.
1779904590.0508988,324.2843292538,1779904590.0508988,0.
1779904590.150899,324.2843292538,1779904590.150899,0.
1779904590.2508988,324.2843292538,1779904590.2508988,0.
1779904590.350899,324.2843292538,1779904590.350899,0.
1779904590.450899,324.2843292538,1779904590.450899,0.
1779904590.5508988,324.2843292538,1779904590.5508988,0.
1779904590.650899,324.2843292538,1779904590.650899,0.
1779904590.7508988,324.2843292538,1779904590.7508988,0.
1779904590.850899,324.2843292538,1779904590.850899,0.
1779904590.950899,324.2843292538,1779904590.950899,0.
1779904591.0508988,324.2843292538,1779904591.0508988,0.
1779904591.150899,324.2843292538,1779904591.150899,0.
1779904591.2508988,324.2843292538,1779904591.2508988,0.
1779904591.350899,324.2843292538,1779904591.350899,0.
1779904591.450899,324.2843292538,1779904591.450899,0.
1779904591.5508988,324.2843292538,1779904591.5508988,0.
1779904591.650899,324.2843292538,1779904591.650899,0.
1779904591.7508988,324.2843292538,1779904591.7508988,0.
1779904591.850899,324.2843292538,1779904591.850899,0.
1779904591.950899,324.2843292538,1779904591.950899,0.
1779904592.0508988,324.2843292538,1779904592.0508988,0.
1779904592.150899,324.2843292538,1779904592.150899,0.
1779904592.2508988,324.2843292538,1779904592.2508988,0.
1779904592.350899,324.2843292538,1779904592.350899,0.
1779904592.450899,324.2843292538,1779904592.450899,0.
1779904592.5508988,324.2843292538,1779904592.5508988,0.
1779904592.650899,324.2843292538,1779904592.650899,0.
1779904592.7508988,324.2843292538,1779904592.7508988,0.
1779904592.850899,324.2843292538,1779904592.850899,0.
1779904592.950899,324.2843292538,1779904592.950899,0.
1779904593.0508988,324.2843292538,1779904593.0508988,0.
1779904593.150899,324.2843292538,1779904593.150899,0.
1779904593.2508988,324.2843292538,1779904593.2508988,0.
1779904593.350899,324.2843292538,1779904593.350899,0.
1779904593.450899,324.2843292538,1779904593.450899,0.
1779904593.5508988,324.2843292538,1779904593.5508988,0.
1779904593.650899,324.2843292538,1779904593.650899,0.
1779904593.7508988,324.2843292538,1779904593.7508988,0.
1779904593.850899,324.2843292538,1779904593.850899,0.
1779904593.950899,324.2843292538,1779904593.950899,0.
1779904594.0508988,324.2843292538,1779904594.0508988,0.
1779904594.150899,324.2843292538,1779904594.150899,0.
1779904594.2508988,324.2843292538,1779904594.2508988,0.
1779904594.350899,324.2843292538,1779904594.350899,0.
1779904594.450899,324.2843292538,1779904594.450899,0.
1779904594.5508988,324.2843292538,1779904594.5508988,0.
1779904594.650899,324.2843292538,1779904594.650899,0.
1779904594.7508988,324.2843292538,1779904594.7508988,0.
1779904594.850899,324.2843292538,1779904594.850899,0.
1779904594.950899,324.2843292538,1779904594.950899,0.
1779904595.0508988,324.2843292538,1779904595.0508988,0.
1779904595.150899,324.2843292538,1779904595.150899,0.
1779904595.2508988,324.2843292538,1779904595.2508988,0.
1779904595.350899,324.2843292538,1779904595.350899,0.
1779904595.450899,324.2843292538,1779904595.450899,0.
1779904595.5508988,324.2843292538,1779904595.5508988,0.
1779904595.650899,324.2843292538,1779904595.650899,0.
1779904595.7508988,324.2843292538,1779904595.7508988,0.
1779904595.850899,324.2843292538,1779904595.850899,0.
1779904595.950899,324.2843292538,1779904595.950899,0.
1779904596.0508988,324.2843292538,1779904596.0508988,0.
1779904596.150899,324.2843292538,1779904596.150899,0.
1779904596.2508988,324.2843292538,1779904596.2508988,0.
1779904596.350899,324.2843292538,1779904596.350899,0.
1779904596.450899,324.2843292538,1779904596.450899,0.
1779904596.5508988,324.2843292538,1779904596.5508988,0.
1779904596.650899,324.2843292538,1779904596.650899,0.
1779904596.7508988,324.2843292538,1779904596.7508988,0.
1779904596.850899,324.2843292538,1779904596.850899,0.
1779904596.950899,324.2843292538,1779904596.950899,0.
1779904597.0508988,324.2843292538,1779904597.0508988,0.
1779904597.150899,324.2843292538,1779904597.150899,0.
1779904597.2508988,324.2843292538,1779904597.2508988,0.
1779904597.350899,324.2843292538,1779904597.350899,0.
1779904597.450899,324.2843292538,1779904597.450899,0.
1779904597.5508988,324.2843292538,1779904597.5508988,0.
1779904597.650899,324.2843292538,1779904597.650899,0.
1779904597.7508988,324.2843292538,1779904597.7508988,0.
1779904597.850899,324.2843292538,1779904597.850899,0.
1779904597.950899,324.2843292538,1779904597.950899,0.
1779904598.0508988,324.2843292538,1779904598.0508988,0.
1779904598.150899,324.2843292538,1779904598.150899,0.
1779904598.2508988,324.2843292538,1779904598.2508988,0.
1779904598.350899,324.2843292538,1779904598.350899,0.
1779904598.450899,324.2843292538,1779904598.450899,0.
1779904598.5508988,324.2843292538,1779904598.5508988,0.
1779904598.650899,324.2843292538,1779904598.650899,0.
1779904598.7508988,324.2843292538,1779904598.7508988,0.
1779904598.850899,324.2843292538,1779904598.850899,0.
1779904598.950899,324.2843292538,1779904598.950899,0.
1779904599.0508988,324.2843292538,1779904599.0508988,0.
1779904599.150899,324.2843292538,1779904599.150899,0.
1779904599.2508988,324.2843292538,1779904599.2508988,0.
1779904599.350899,324.2843292538,1779904599.350899,0.
1779904599.450899,324.2843292538,1779904599.450899,0.
1779904599.5508988,324.2843292538,1779904599.5508988,0.
1779904599.650899,324.2843292538,1779904599.650899,0.
1779904599.7508988,324.2843292538,1779904599.7508988,0.
1779904599.850899,324.2843292538,1779904599.850899,0.
1779904599.950899,324.2843292538,1779904599.950899,0.
1779904600.0508988,324.2843292538,1779904600.0508988,0.
1779904600.150899,324.2843292538,1779904600.150899,0.
1779904600.2508988,324.2843292538,1779904600.2508988,0.
1779904600.350899,324.2843292538,1779904600.350899,0.
1779904600.450899,324.2843292538,1779904600.450899,0.
1779904600.5508988,324.2843292538,1779904600.5508988,0.
1779904600.650899,324.2843292538,1779904600.650899,0.
1779904600.7508988,324.2843292538,1779904600.7508988,0.
1779904600.850899,324.2843292538,1779904600.850899,0.
1779904600.950899,324.2843292538,1779904600.950899,0.
1779904601.0508988,324.2843292538,1779904601.0508988,0.
1779904601.150899,324.2843292538,1779904601.150899,0.
1779904601.2508988,324.2843292538,1779904601.2508988,0.
1779904601.350899,324.2843292538,1779904601.350899,0.
1779904601.450899,324.2843292538,1779904601.450899,0.
1779904601.5508988,324.2843292538,1779904601.5508988,0.
1779904601.650899,324.2843292538,1779904601.650899,0.
1779904601.7508988,324.2843292538,1779904601.7508988,0.
1779904601.850899,324.2843292538,1779904601.850899,0.
1779904601.950899,324.2843292538,1779904601.950899,0.
1779904602.0508988,324.2843292538,1779904602.0508988,0.
1779904602.150899,324.2843292538,1779904602.150899,0.
1779904602.2508988,324.2843292538,1779904602.2508988,0.
1779904602.350899,324.2843292538,1779904602.350899,0.
1779904602.450899,324.2843292538,1779904602.450899,0.
1779904602.5508988,324.2843292538,1779904602.5508988,0.
1779904602.650899,324.2843292538,1779904602.650899,0.
1779904602.7508988,324.2843292538,1779904602.7508988,0.
1779904602.850899,324.2843292538,1779904602.850899,0.
1779904602.950899,324.2843292538,1779904602.950899,0.
1779904603.0508988,324.2843292538,1779904603.0508988,0.
1779904603.150899,324.2843292538,1779904603.150899,0.
1779904603.2508988,324.2843292538,1779904603.2508988,0.
1779904603.350899,324.2843292538,1779904603.350899,0.
1779904603.450899,324.2843292538,1779904603.450899,0.
1779904603.5508988,324.2843292538,1779904603.5508988,0.
1779904603.650899,324.2843292538,1779904603.650899,0.
1779904603.7508988,324.2843292538,1779904603.7508988,0.
1779904603.850899,324.2843292538,1779904603.850899,0.
1779904603.950899,324.2843292538,1779904603.950899,0.
1779904604.0508988,324.2843292538,1779904604.0508988,0.
1779904604.150899,324.2843292538,1779904604.150899,0.
1779904604.2508988,324.2843292538,1779904604.2508988,0.
1779904604.350899,324.2843292538,1779904604.350899,0.
1779904604.450899,324.2843292538,1779904604.450899,0.
1779904604.5508988,324.2843292538,1779904604.5508988,0.
1779904604.650899,324.2843292538,1779904604.650899,0.
1779904604.7508988,324.2843292538,1779904604.7508988,0.
1779904604.850899,324.2843292538,1779904604.850899,0.
1779904604.950899,324.2843292538,1779904604.950899,0.
1779904605.0508988,324.2843292538,1779904605.0508988,0.
1779904605.150899,324.2843292538,1779904605.150899,0.
1779904605.2508988,324.2843292538,1779904605.2508988,0.
1779904605.350899,324.2843292538,1779904605.350899,0.
1779904605.450899,324.2843292538,1779904605.450899,0.
1779904605.5508988,324.2843292538,1779904605.5508988,0.
1779904605.650899,324.2843292538,1779904605.650899,0.
1779904605.7508988,324.2843292538,1779904605.7508988,0.
1779904605.850899,324.2843292538,1779904605.850899,0.
1779904605.950899,324.2843292538,1779904605.950899,0.
1779904606.0508988,324.2843292538,1779904606.0508988,0.
1779904606.150899,324.2843292538,1779904606.150899,0.
1779904606.2508988,324.2843292538,1779904606.2508988,0.
1779904606.350899,324.2843292538,1779904606.350899,0.
1779904606.450899,324.2843292538,1779904606.450899,0.
1779904606.5508988,324.2843292538,1779904606.5508988,0.
1779904606.650899,324.2843292538,1779904606.650899,0.
1779904606.7508988,324.2843292538,1779904606.7508988,0.
1779904606.850899,324.2843292538,1779904606.850899,0.
1779904606.950899,324.2843292538,1779904606.950899,0.
1779904607.0508988,324.2843292538,1779904607.0508988,0.
1779904607.150899,324.2843292538,1779904607.150899,0.
1779904607.2508988,324.2843292538,1779904607.2508988,0.
1779904607.350899,324.2843292538,1779904607.350899,0.
1779904607.450899,324.2843292538,1779904607.450899,0.
1779904607.5508988,324.2843292538,1779904607.5508988,0.
1779904607.650899,324.2843292538,1779904607.650899,0.
1779904607.7508988,324.2843292538,1779904607.7508988,0.
1779904607.850899,324.2843292538,1779904607.850899,0.
1779904607.950899,324.2843292538,1779904607.950899,0.
1779904608.0508988,324.2843292538,1779904608.0508988,0.
1779904608.150899,324.2843292538,1779904608.150899,0.
1779904608.2508988,324.2843292538,1779904608.2508988,0.
1779904608.350899,324.2843292538,1779904608.350899,0.
1779904608.450899,324.2843292538,1779904608.450899,0.
1779904608.5508988,324.2843292538,1779904608.5508988,0.
1779904608.650899,324.2843292538,1779904608.650899,0.
1779904608.7508988,324.2843292538,1779904608.7508988,0.
1779904608.850899,324.2843292538,1779904608.850899,0.
1779904608.950899,324.2843292538,1779904608.950899,0.
1779904609.0508988,324.2843292538,1779904609.0508988,0.
1779904609.150899,324.2843292538,1779904609.150899,0.
1779904609.2508988,324.2843292538,1779904609.2508988,0.
1779904609.350899,324.2843292538,1779904609.350899,0.
1779904609.450899,324.2843292538,1779904609.450899,0.
1779904609.5508988,324.2843292538,1779904609.5508988,0.
1779904609.650899,324.2843292538,1779904609.650899,0.
1779904609.7508988,324.2843292538,1779904609.7508988,0.
1779904609.850899,324.2843292538,1779904609.850899,0.
1779904609.950899,324.2843292538,1779904609.950899,0.
1779904610.0508988,324.2843292538,1779904610.0508988,0.
1779904610.150899,324.2843292538,1779904610.150899,0.
1779904610.2508988,324.2843292538,1779904610.2508988,0.
1779904610.350899,324.2843292538,1779904610.350899,0.
1779904610.450899,324.2843292538,1779904610.450899,0.
1779904610.5508988,324.2843292538,1779904610.5508988,0.
1779904610.650899,324.2843292538,1779904610.650899,0.
1779904610.7508988,324.2843292538,1779904610.7508988,0.
1779904610.850899,324.2843292538,1779904610.850899,0.
1779904610.950899,324.2843292538,1779904610.950899,0.
1779904611.0508988,324.2843292538,1779904611.0508988,0.
1779904611.150899,324.2843292538,1779904611.150899,0.
1779904611.2508988,324.2843292538,1779904611.2508988,0.
1779904611.350899,324.2843292538,1779904611.350899,0.
1779904611.450899,324.2843292538,1779904611.450899,0.
1779904611.5508988,324.2843292538,1779904611.5508988,0.
1779904611.650899,324.2843292538,1779904611.650899,0.
1779904611.7508988,324.2843292538,1779904611.7508988,0.
1779904611.850899,324.2843292538,1779904611.850899,0.
1779904611.950899,324.2843292538,1779904611.950899,0.
1779904612.0508988,324.2843292538,1779904612.0508988,0.
1779904612.150899,324.2843292538,1779904612.150899,0.
1779904612.2508988,324.2843292538,1779904612.2508988,0.
1779904612.350899,324.2843292538,1779904612.350899,0.
1779904612.450899,324.2843292538,1779904612.450899,0.
1779904612.5508988,324.2843292538,1779904612.5508988,0.
1779904612.650899,324.2843292538,1779904612.650899,0.
1779904612.7508988,324.2843292538,1779904612.7508988,0.
1779904612.850899,324.2843292538,1779904612.850899,0.
1779904612.950899,324.2843292538,1779904612.950899,0.
1779904613.0508988,324.2843292538,1779904613.0508988,0.
1779904613.150899,324.2843292538,1779904613.150899,0.
1779904613.2508988,324.2843292538,1779904613.2508988,0.
1779904613.350899,324.2843292538,1779904613.350899,0.
1779904613.450899,324.2843292538,1779904613.450899,0.
1779904613.5508988,324.2843292538,1779904613.5508988,0.
1779904613.650899,324.2843292538,1779904613.650899,0.
1779904613.7508988,324.2843292538,1779904613.7508988,0.
1779904613.850899,324.2843292538,1779904613.850899,0.
1779904613.950899,324.2843292538,1779904613.950899,0.
1779904614.0508988,324.2843292538,1779904614.0508988,0.
1779904614.150899,324.2843292538,1779904614.150899,0.
1779904614.2508988,324.2843292538,1779904614.2508988,0.
1779904614.350899,324.2843292538,1779904614.350899,0.
1779904614.450899,324.2843292538,1779904614.450899,0.
1779904614.5508988,324.2843292538,1779904614.5508988,0.
1779904614.650899,324.2843292538,1779904614.650899,0.
1779904614.7508988,324.2843292538,1779904614.7508988,0.
1779904614.850899,324.2843292538,1779904614.850899,0.
1779904614.950899,324.2843292538,1779904614.950899,0.
1779904615.0508988,324.2843292538,1779904615.0508988,0.
1779904615.150899,324.2843292538,1779904615.150899,0.
1779904615.2508988,324.2843292538,1779904615.2508988,0.
1779904615.350899,324.2843292538,1779904615.350899,0.
1779904615.450899,324.2843292538,1779904615.450899,0.
1779904615.5508988,324.2843292538,1779904615.5508988,0.
1779904615.650899,324.2843292538,1779904615.650899,0.
1779904615.7508988,324.2843292538,1779904615.7508988,0.
1779904615.850899,324.2843292538,1779904615.850899,0.
1779904615.950899,324.2843292538,1779904615.950899,0.
1779904616.0508988,324.2843292538,1779904616.0508988,0.
1779904616.150899,324.2843292538,1779904616.150899,0.
1779904616.2508988,324.2843292538,1779904616.2508988,0.
1779904616.350899,324.2843292538,1779904616.350899,0.
1779904616.450899,324.2843292538,1779904616.450899,0.
1779904616.5508988,324.2843292538,1779904616.5508988,0.
1779904616.650899,324.2843292538,1779904616.650899,0.
1779904616.7508988,324.2843292538,1779904616.7508988,0.
1779904616.850899,324.2843292538,1779904616.850899,0.
1779904616.950899,324.2843292538,1779904616.950899,0.
1779904617.0508988,324.2843292538,1779904617.0508988,0.
1779904617.150899,324.2843292538,1779904617.150899,0.
1779904617.2508988,324.2843292538,1779904617.2508988,0.
1779904617.350899,324.2843292538,1779904617.350899,0.
1779904617.450899,324.2843292538,1779904617.450899,0.
1779904617.5508988,324.2843292538,1779904617.5508988,0.
1779904617.650899,324.2843292538,1779904617.650899,0.
1779904617.7508988,324.2843292538,1779904617.7508988,0.
1779904617.850899,324.2843292538,1779904617.850899,0.
1779904617.950899,324.2843292538,1779904617.950899,0.
1779904618.0508988,324.2843292538,1779904618.0508988,0.
1779904618.150899,324.2843292538,1779904618.150899,0.
1779904618.2508988,324.2843292538,1779904618.2508988,0.
1779904618.350899,324.2843292538,1779904618.350899,0.
1779904618.450899,324.2843292538,1779904618.450899,0.
1779904618.5508988,324.2843292538,1779904618.5508988,0.
1779904618.650899,324.2843292538,1779904618.650899,0.
1779904618.7508988,324.2843292538,1779904618.7508988,0.
1779904618.850899,324.2843292538,1779904618.850899,0.
1779904618.950899,324.2843292538,1779904618.950899,0.
1779904619.0508988,324.2843292538,1779904619.0508988,0.
1779904619.150899,324.2843292538,1779904619.150899,0.
1779904619.2508988,324.2843292538,1779904619.2508988,0.
1779904619.350899,324.2843292538,1779904619.350899,0.
1779904619.450899,324.2843292538,1779904619.450899,0.
1779904619.5508988,324.2843292538,1779904619.5508988,0.
1779904619.650899,324.2843292538,1779904619.650899,0.
1779904619.7508988,324.2843292538,1779904619.7508988,0.
1779904619.850899,324.2843292538,1779904619.850899,0.
1779904619.950899,324.2843292538,1779904619.950899,0.
1779904620.0508988,324.2843292538,1779904620.0508988,0.
1779904620.150899,324.2843292538,1779904620.150899,0.
1779904620.2508988,324.2843292538,1779904620.2508988,0.
1779904620.350899,324.2843292538,1779904620.350899,0.
1779904620.450899,324.2843292538,1779904620.450899,0.
1779904620.5508988,324.2843292538,1779904620.5508988,0.
1779904620.650899,324.2843292538,1779904620.650899,0.
1779904620.7508988,324.2843292538,1779904620.7508988,0.
1779904620.850899,324.2843292538,1779904620.850899,0.
1779904620.950899,324.2843292538,1779904620.950899,0.
1779904621.0508988,324.2843292538,1779904621.0508988,0.
1779904621.150899,324.2843292538,1779904621.150899,0.
1779904621.2508988,324.2843292538,1779904621.2508988,0.
1779904621.350899,324.2843292538,1779904621.350899,0.
1779904621.450899,324.2843292538,1779904621.450899,0.
1779904621.5508988,324.2843292538,1779904621.5508988,0.
1779904621.650899,324.2843292538,1779904621.650899,0.
1779904621.7508988,324.2843292538,1779904621.7508988,0.
1779904621.850899,324.2843292538,1779904621.850899,0.
1779904621.950899,324.2843292538,1779904621.950899,0.
1779904622.0508988,324.2843292538,1779904622.0508988,0.
1779904622.150899,324.2843292538,1779904622.150899,0.
1779904622.2508988,324.2843292538,1779904622.2508988,0.
1779904622.350899,324.2843292538,1779904622.350899,0.
1779904622.450899,324.2843292538,1779904622.450899,0.
1779904622.5508988,324.2843292538,1779904622.5508988,0.
1779904622.650899,324.2843292538,1779904622.650899,0.
1779904622.7508988,324.2843292538,1779904622.7508988,0.
1779904622.850899,324.2843292538,1779904622.850899,0.
1779904622.950899,324.2843292538,1779904622.950899,0.
1779904623.0508988,324.2843292538,1779904623.0508988,0.
1779904623.150899,324.2843292538,1779904623.150899,0.
1779904623.2508988,324.2843292538,1779904623.2508988,0.
1779904623.350899,324.2843292538,1779904623.350899,0.
1779904623.450899,324.2843292538,1779904623.450899,0.
1779904623.5508988,324.2843292538,1779904623.5508988,0.
1779904623.650899,324.2843292538,1779904623.650899,0.
1779904623.7508988,324.2843292538,1779904623.7508988,0.
1779904623.850899,324.2843292538,1779904623.850899,0.
1779904623.950899,324.2843292538,1779904623.950899,0.
1779904624.0508988,324.2843292538,1779904624.0508988,0.
1779904624.150899,324.2843292538,1779904624.150899,0.
1779904624.2508988,324.2843292538,1779904624.2508988,0.
1779904624.350899,324.2843292538,1779904624.350899,0.
1779904624.450899,324.2843292538,1779904624.450899,0.
1779904624.5508988,324.2843292538,1779904624.5508988,0.
1779904624.650899,324.2843292538,1779904624.650899,0.
1779904624.7508988,324.2843292538,1779904624.7508988,0.
1779904624.850899,324.2843292538,1779904624.850899,0.
1779904624.950899,324.2843292538,1779904624.950899,0.
1779904625.0508988,324.2843292538,1779904625.0508988,0.
1779904625.150899,324.2843292538,1779904625.150899,0.
1779904625.2508988,324.2843292538,1779904625.2508988,0.
1779904625.350899,324.2843292538,1779904625.350899,0.
1779904625.450899,324.2843292538,1779904625.450899,0.
1779904625.5508988,324.2843292538,1779904625.5508988,0.
1779904625.650899,324.2843292538,1779904625.650899,0.
1779904625.7508988,324.2843292538,1779904625.7508988,0.
1779904625.850899,324.2843292538,1779904625.850899,0.
1779904625.950899,324.2843292538,1779904625.950899,0.
1779904626.0508988,324.2843292538,1779904626.0508988,0.
1779904626.150899,324.2843292538,1779904626.150899,0.
1779904626.2508988,324.2843292538,1779904626.2508988,0.
1779904626.350899,324.2843292538,1779904626.350899,0.
1779904626.450899,324.2843292538,1779904626.450899,0.
1779904626.5508988,324.2843292538,1779904626.5508988,0.
1779904626.650899,324.2843292538,1779904626.650899,0.
1779904626.7508988,324.2843292538,1779904626.7508988,0.
1779904626.850899,324.2843292538,1779904626.850899,0.
1779904626.950899,324.2843292538,1779904626.950899,0.
1779904627.0508988,324.2843292538,1779904627.0508988,0.
1779904627.150899,324.2843292538,1779904627.150899,0.
1779904627.2508988,324.2843292538,1779904627.2508988,0.
1779904627.350899,324.2843292538,1779904627.350899,0.
1779904627.450899,324.2843292538,1779904627.450899,0.
1779904627.5508988,324.2843292538,1779904627.5508988,0.
1779904627.650899,324.2843292538,1779904627.650899,0.
1779904627.7508988,324.2843292538,1779904627.7508988,0.
1779904627.850899,324.2843292538,1779904627.850899,0.
1779904627.950899,324.2843292538,1779904627.950899,0.
1779904628.0508988,324.2843292538,1779904628.0508988,0.
1779904628.150899,324.2843292538,1779904628.150899,0.
1779904628.2508988,324.2843292538,1779904628.2508988,0.
1779904628.350899,324.2843292538,1779904628.350899,0.
1779904628.450899,324.2843292538,1779904628.450899,0.
1779904628.5508988,324.2843292538,1779904628.5508988,0.
1779904628.650899,324.2843292538,1779904628.650899,0.
1779904628.7508988,324.2843292538,1779904628.7508988,0.
1779904628.850899,324.2843292538,1779904628.850899,0.
1779904628.950899,324.2843292538,1779904628.950899,0.
1779904629.0508988,324.2843292538,1779904629.0508988,0.
1779904629.150899,324.2843292538,1779904629.150899,0.
1779904629.2508988,324.2843292538,1779904629.2508988,0.
1779904629.350899,324.2843292538,1779904629.350899,0.
1779904629.450899,324.2843292538,1779904629.450899,0.
1779904629.5508988,324.2843292538,1779904629.5508988,0.
1779904629.650899,324.2843292538,1779904629.650899,0.
1779904629.7508988,324.2843292538,1779904629.7508988,0.
1779904629.850899,324.2843292538,1779904629.850899,0.
1779904629.950899,324.2843292538,1779904629.950899,0.
1779904630.0508988,324.2843292538,1779904630.0508988,0.
1779904630.150899,324.2843292538,1779904630.150899,0.
1779904630.2508988,324.2843292538,1779904630.2508988,0.
1779904630.350899,324.2843292538,1779904630.350899,0.
1779904630.450899,324.2843292538,1779904630.450899,0.
1779904630.5508988,324.2843292538,1779904630.5508988,0.
1779904630.650899,324.2843292538,1779904630.650899,0.
1779904630.7508988,324.2843292538,1779904630.7508988,0.
1779904630.850899,324.2843292538,1779904630.850899,0.
1779904630.950899,324.2843292538,1779904630.950899,0.
1779904631.0508988,324.2843292538,1779904631.0508988,0.
1779904631.150899,324.2843292538,1779904631.150899,0.
1779904631.2508988,324.2843292538,1779904631.2508988,0.
1779904631.350899,324.2843292538,1779904631.350899,0.
1779904631.450899,324.2843292538,1779904631.450899,0.
1779904631.5508988,324.2843292538,1779904631.5508988,0.
1779904631.650899,324.2843292538,1779904631.650899,0.
1779904631.7508988,324.2843292538,1779904631.7508988,0.
1779904631.850899,324.2843292538,1779904631.850899,0.
1779904631.950899,324.2843292538,1779904631.950899,0.
1779904632.0508988,324.2843292538,1779904632.0508988,0.
1779904632.150899,324.2843292538,1779904632.150899,0.
1779904632.2508988,324.2843292538,1779904632.2508988,0.
1779904632.350899,324.2843292538,1779904632.350899,0.
1779904632.450899,324.2843292538,1779904632.450899,0.
1779904632.5508988,324.2843292538,1779904632.5508988,0.
1779904632.650899,324.2843292538,1779904632.650899,0.
1779904632.7508988,324.2843292538,1779904632.7508988,0.
1779904632.850899,324.2843292538,1779904632.850899,0.
1779904632.950899,324.2843292538,1779904632.950899,0.
1779904633.0508988,324.2843292538,1779904633.0508988,0.
1779904633.150899,324.2843292538,1779904633.150899,0.
1779904633.2508988,324.2843292538,1779904633.2508988,0.
1779904633.350899,324.2843292538,1779904633.350899,0.
1779904633.450899,324.2843292538,1779904633.450899,0.
1779904633.5508988,324.2843292538,1779904633.5508988,0.
1779904633.650899,324.2843292538,1779904633.650899,0.
1779904633.7508988,324.2843292538,1779904633.7508988,0.
1779904633.850899,324.2843292538,1779904633.850899,0.
1779904633.950899,324.2843292538,1779904633.950899,0.
1779904634.0508988,324.2843292538,1779904634.0508988,0.
1779904634.150899,324.2843292538,1779904634.150899,0.
1779904634.2508988,324.2843292538,1779904634.2508988,0.
1779904634.350899,324.2843292538,1779904634.350899,0.
1779904634.450899,324.2843292538,1779904634.450899,0.
1779904634.5508988,324.2843292538,1779904634.5508988,0.
1779904634.650899,324.2843292538,1779904634.650899,0.
1779904634.7508988,324.2843292538,1779904634.7508988,0.
1779904634.850899,324.2843292538,1779904634.850899,0.
1779904634.950899,324.2843292538,1779904634.950899,0.
1779904635.0508988,324.2843292538,1779904635.0508988,0.
1779904635.150899,324.2843292538,1779904635.150899,0.
1779904635.2508988,324.2843292538,1779904635.2508988,0.
1779904635.350899,324.2843292538,1779904635.350899,0.
1779904635.450899,324.2843292538,1779904635.450899,0.
1779904635.5508988,324.2843292538,1779904635.5508988,0.
1779904635.650899,324.2843292538,1779904635.650899,0.
1779904635.7508988,324.2843292538,1779904635.7508988,0.
1779904635.850899,324.2843292538,1779904635.850899,0.
1779904635.950899,324.2843292538,1779904635.950899,0.
1779904636.0508988,324.2843292538,1779904636.0508988,0.
1779904636.150899,324.2843292538,1779904636.150899,0.
1779904636.2508988,324.2843292538,1779904636.2508988,0.
1779904636.350899,324.2843292538,1779904636.350899,0.
1779904636.450899,324.2843292538,1779904636.450899,0.
1779904636.5508988,324.2843292538,1779904636.5508988,0.
1779904636.650899,324.2843292538,1779904636.650899,0.
1779904636.7508988,324.2843292538,1779904636.7508988,0.
1779904636.850899,324.2843292538,1779904636.850899,0.
1779904636.950899,324.2843292538,1779904636.950899,0.
1779904637.0508988,324.2843292538,1779904637.0508988,0.
1779904637.150899,324.2843292538,1779904637.150899,0.
1779904637.2508988,324.2843292538,1779904637.2508988,0.
1779904637.350899,324.2843292538,1779904637.350899,0.
1779904637.450899,324.2843292538,1779904637.450899,0.
1779904637.5508988,324.2843292538,1779904637.5508988,0.
1779904637.650899,324.2843292538,1779904637.650899,0.
1779904637.7508988,324.2843292538,1779904637.7508988,0.
1779904637.850899,324.2843292538,1779904637.850899,0.
1779904637.950899,324.2843292538,1779904637.950899,0.
1779904638.0508988,324.2843292538,1779904638.0508988,0.
1779904638.150899,324.2843292538,1779904638.150899,0.
1779904638.2508988,324.2843292538,1779904638.2508988,0.
1779904638.350899,324.2843292538,1779904638.350899,0.
1779904638.450899,324.2843292538,1779904638.450899,0.
1779904638.5508988,324.2843292538,1779904638.5508988,0.
1779904638.650899,324.2843292538,1779904638.650899,0.
1779904638.7508988,324.2843292538,1779904638.7508988,0.
1779904638.850899,324.2843292538,1779904638.850899,0.
1779904638.950899,324.2843292538,1779904638.950899,0.
1779904639.0508988,324.2843292538,1779904639.0508988,0.
1779904639.150899,324.2843292538,1779904639.150899,0.
1779904639.2508988,324.2843292538,1779904639.2508988,0.
1779904639.350899,324.2843292538,1779904639.350899,0.
1779904639.450899,324.2843292538,1779904639.450899,0.
1779904639.5508988,324.2843292538,1779904639.5508988,0.
1779904639.650899,324.2843292538,1779904639.650899,0.
1779904639.7508988,324.2843292538,1779904639.7508988,0.
1779904639.850899,324.2843292538,1779904639.850899,0.
1779904639.950899,324.2843292538,1779904639.950899,0.
1779904640.0508988,324.2843292538,1779904640.0508988,0.
1779904640.150899,324.2843292538,1779904640.150899,0.
1779904640.2508988,324.2843292538,1779904640.2508988,0.
1779904640.350899,324.2843292538,1779904640.350899,0.
1779904640.450899,324.2843292538,1779904640.450899,0.
1779904640.5508988,324.2843292538,1779904640.5508988,0.
1779904640.650899,324.2843292538,1779904640.650899,0.
1779904640.7508988,324.2843292538,1779904640.7508988,0.
1779904640.850899,324.2843292538,1779904640.850899,0.
1779904640.950899,324.2843292538,1779904640.950899,0.
1779904641.0508988,324.2843292538,1779904641.0508988,0.
1779904641.150899,324.2843292538,1779904641.150899,0.
1779904641.2508988,324.2843292538,1779904641.2508988,0.
1779904641.350899,324.2843292538,1779904641.350899,0.
1779904641.450899,324.2843292538,1779904641.450899,0.
1779904641.5508988,324.2843292538,1779904641.5508988,0.
1779904641.650899,324.2843292538,1779904641.650899,0.
1779904641.7508988,324.2843292538,1779904641.7508988,0.
1779904641.850899,324.2843292538,1779904641.850899,0.
1779904641.950899,324.2843292538,1779904641.950899,0.
1779904642.0508988,324.2843292538,1779904642.0508988,0.
1779904642.150899,324.2843292538,1779904642.150899,0.
1779904642.2508988,324.2843292538,1779904642.2508988,0.
1779904642.350899,324.2843292538,1779904642.350899,0.
1779904642.450899,324.2843292538,1779904642.450899,0.
1779904642.5508988,324.2843292538,1779904642.5508988,0.
1779904642.650899,324.2843292538,1779904642.650899,0.
1779904642.7508988,324.2843292538,1779904642.7508988,0.
1779904642.850899,324.2843292538,1779904642.850899,0.
1779904642.950899,324.2843292538,1779904642.950899,0.
1779904643.0508988,324.2843292538,1779904643.0508988,0.
1779904643.150899,324.2843292538,1779904643.150899,0.
1779904643.2508988,324.2843292538,1779904643.2508988,0.
1779904643.350899,324.2843292538,1779904643.350899,0.
1779904643.450899,324.2843292538,1779904643.450899,0.
1779904643.5508988,324.2843292538,1779904643.5508988,0.
1779904643.650899,324.2843292538,1779904643.650899,0.
1779904643.7508988,324.2843292538,1779904643.7508988,0.
1779904643.850899,324.2843292538,1779904643.850899,0.
1779904643.950899,324.2843292538,1779904643.950899,0.
1779904644.0508988,324.2843292538,1779904644.0508988,0.
1779904644.150899,324.2843292538,1779904644.150899,0.
1779904644.2508988,324.2843292538,1779904644.2508988,0.
1779904644.350899,324.2843292538,1779904644.350899,0.
1779904644.450899,324.2843292538,1779904644.450899,0.
1779904644.5508988,324.2843292538,1779904644.5508988,0.
1779904644.650899,324.2843292538,1779904644.650899,0.
1779904644.7508988,324.2843292538,1779904644.7508988,0.
1779904644.850899,324.2843292538,1779904644.850899,0.
1779904644.950899,324.2843292538,1779904644.950899,0.
1779904645.0508988,324.2843292538,1779904645.0508988,0.
1779904645.150899,324.2843292538,1779904645.150899,0.
1779904645.2508988,324.2843292538,1779904645.2508988,0.
1779904645.350899,324.2843292538,1779904645.350899,0.
1779904645.450899,324.2843292538,1779904645.450899,0.
1779904645.5508988,324.2843292538,1779904645.5508988,0.
1779904645.650899,324.2843292538,1779904645.650899,0.
1779904645.7508988,324.2843292538,1779904645.7508988,0.
1779904645.850899,324.2843292538,1779904645.850899,0.
1779904645.950899,324.2843292538,1779904645.950899,0.
1779904646.0508988,324.2843292538,1779904646.0508988,0.
1779904646.150899,324.2843292538,1779904646.150899,0.
1779904646.2508988,324.2843292538,1779904646.2508988,0.
1779904646.350899,324.2843292538,1779904646.350899,0.
1779904646.450899,324.2843292538,1779904646.450899,0.
1779904646.5508988,324.2843292538,1779904646.5508988,0.
1779904646.650899,324.2843292538,1779904646.650899,0.
1779904646.7508988,324.2843292538,1779904646.7508988,0.
1779904646.850899,324.2843292538,1779904646.850899,0.
1779904646.950899,324.2843292538,1779904646.950899,0.
1779904647.0508988,324.2843292538,1779904647.0508988,0.
1779904647.150899,324.2843292538,1779904647.150899,0.
1779904647.2508988,324.2843292538,1779904647.2508988,0.
1779904647.350899,324.2843292538,1779904647.350899,0.
1779904647.450899,324.2843292538,1779904647.450899,0.
1779904647.5508988,324.2843292538,1779904647.5508988,0.
1779904647.650899,324.2843292538,1779904647.650899,0.
1779904647.7508988,324.2843292538,1779904647.7508988,0.
1779904647.850899,324.2843292538,1779904647.850899,0.
1779904647.950899,324.2843292538,1779904647.950899,0.
1779904648.0508988,324.2843292538,1779904648.0508988,0.
1779904648.150899,324.2843292538,1779904648.150899,0.
1779904648.2508988,324.2843292538,1779904648.2508988,0.
1779904648.350899,324.2843292538,1779904648.350899,0.
1779904648.450899,324.2843292538,1779904648.450899,0.
1779904648.5508988,324.2843292538,1779904648.5508988,0.
1779904648.650899,324.2843292538,1779904648.650899,0.
1779904648.7508988,324.2843292538,1779904648.7508988,0.
1779904648.850899,324.2843292538,1779904648.850899,0.
1779904648.950899,324.2843292538,1779904648.950899,0.
1779904649.0508988,324.2843292538,1779904649.0508988,0.
1779904649.150899,324.2843292538,1779904649.150899,0.
1779904649.2508988,324.2843292538,1779904649.2508988,0.
1779904649.350899,324.2843292538,1779904649.350899,0.
1779904649.450899,324.2843292538,1779904649.450899,0.
1779904649.5508988,324.2843292538,1779904649.5508988,0.
1779904649.650899,324.2843292538,1779904649.650899,0.
1779904649.7508988,324.2843292538,1779904649.7508988,0.
1779904649.850899,324.2843292538,1779904649.850899,0.
1779904649.950899,324.2843292538,1779904649.950899,0.
1779904650.0508988,324.2843292538,1779904650.0508988,0.
1779904650.150899,324.2843292538,1779904650.150899,0.
1779904650.2508988,324.2843292538,1779904650.2508988,0.
1779904650.350899,324.2843292538,1779904650.350899,0.
1779904650.450899,324.2843292538,1779904650.450899,0.
1779904650.5508988,324.2843292538,1779904650.5508988,0.
1779904650.650899,324.2843292538,1779904650.650899,0.
1779904650.7508988,324.2843292538,1779904650.7508988,0.
1779904650.850899,324.2843292538,1779904650.850899,0.
1779904650.950899,324.2843292538,1779904650.950899,0.
1779904651.0508988,324.2843292538,1779904651.0508988,0.
1779904651.150899,324.2843292538,1779904651.150899,0.
1779904651.2508988,324.2843292538,1779904651.2508988,0.
1779904651.350899,324.2843292538,1779904651.350899,0.
1779904651.450899,324.2843292538,1779904651.450899,0.
1779904651.5508988,324.2843292538,1779904651.5508988,0.
1779904651.650899,324.2843292538,1779904651.650899,0.
1779904651.7508988,324.2843292538,1779904651.7508988,0.
1779904651.850899,324.2843292538,1779904651.850899,0.
1779904651.950899,324.2843292538,1779904651.950899,0.
1779904652.0508988,324.2843292538,1779904652.0508988,0.
1779904652.150899,324.2843292538,1779904652.150899,0.
1779904652.2508988,324.2843292538,1779904652.2508988,0.
1779904652.350899,324.2843292538,1779904652.350899,0.
1779904652.450899,324.2843292538,1779904652.450899,0.
1779904652.5508988,324.2843292538,1779904652.5508988,0.
1779904652.650899,324.2843292538,1779904652.650899,0.
1779904652.7508988,324.2843292538,1779904652.7508988,0.
1779904652.850899,324.2843292538,1779904652.850899,0.
1779904652.950899,324.2843292538,1779904652.950899,0.
1779904653.0508988,324.2843292538,1779904653.0508988,0.
1779904653.150899,324.2843292538,1779904653.150899,0.
1779904653.2508988,324.2843292538,1779904653.2508988,0.
1779904653.350899,324.2843292538,1779904653.350899,0.
1779904653.450899,324.2843292538,1779904653.450899,0.
1779904653.5508988,324.2843292538,1779904653.5508988,0.
1779904653.650899,324.2843292538,1779904653.650899,0.
1779904653.7508988,324.2843292538,1779904653.7508988,0.
1779904653.850899,324.2843292538,1779904653.850899,0.
1779904653.950899,324.2843292538,1779904653.950899,0.
1779904654.0508988,324.2843292538,1779904654.0508988,0.
1779904654.150899,324.2843292538,1779904654.150899,0.
1779904654.2508988,324.2843292538,1779904654.2508988,0.
1779904654.350899,324.2843292538,1779904654.350899,0.
1779904654.450899,324.2843292538,1779904654.450899,0.
1779904654.5508988,324.2843292538,1779904654.5508988,0.
1779904654.650899,324.2843292538,1779904654.650899,0.
1779904654.7508988,324.2843292538,1779904654.7508988,0.
1779904654.850899,324.2843292538,1779904654.850899,0.
1779904654.950899,324.2843292538,1779904654.950899,0.
1779904655.0508988,324.2843292538,1779904655.0508988,0.
1779904655.150899,324.2843292538,1779904655.150899,0.
1779904655.2508988,324.2843292538,1779904655.2508988,0.
1779904655.350899,324.2843292538,1779904655.350899,0.
1779904655.450899,324.2843292538,1779904655.450899,0.
1779904655.5508988,324.2843292538,1779904655.5508988,0.
1779904655.650899,324.2843292538,1779904655.650899,0.
1779904655.7508988,324.2843292538,1779904655.7508988,0.
1779904655.850899,324.2843292538,1779904655.850899,0.
1779904655.950899,324.2843292538,1779904655.950899,0.
1779904656.0508988,324.2843292538,1779904656.0508988,0.
1779904656.150899,324.2843292538,1779904656.150899,0.
1779904656.2508988,324.2843292538,1779904656.2508988,0.
1779904656.350899,324.2843292538,1779904656.350899,0.
1779904656.450899,324.2843292538,1779904656.450899,0.
1779904656.5508988,324.2843292538,1779904656.5508988,0.
1779904656.650899,324.2843292538,1779904656.650899,0.
1779904656.7508988,324.2843292538,1779904656.7508988,0.
1779904656.850899,324.2843292538,1779904656.850899,0.
1779904656.950899,324.2843292538,1779904656.950899,0.
1779904657.0508988,324.2843292538,1779904657.0508988,0.
1779904657.150899,324.2843292538,1779904657.150899,0.
1779904657.2508988,324.2843292538,1779904657.2508988,0.
1779904657.350899,324.2843292538,1779904657.350899,0.
1779904657.450899,324.2843292538,1779904657.450899,0.
1779904657.5508988,324.2843292538,1779904657.5508988,0.
1779904657.650899,324.2843292538,1779904657.650899,0.
1779904657.7508988,324.2843292538,1779904657.7508988,0.
1779904657.850899,324.2843292538,1779904657.850899,0.
1779904657.950899,324.2843292538,1779904657.950899,0.
1779904658.0508988,324.2843292538,1779904658.0508988,0.
1779904658.150899,324.2843292538,1779904658.150899,0.
1779904658.2508988,324.2843292538,1779904658.2508988,0.
1779904658.350899,324.2843292538,1779904658.350899,0.
1779904658.450899,324.2843292538,1779904658.450899,0.
1779904658.5508988,324.2843292538,1779904658.5508988,0.
1779904658.650899,324.2843292538,1779904658.650899,0.
1779904658.7508988,324.2843292538,1779904658.7508988,0.
1779904658.850899,324.2843292538,1779904658.850899,0.
1779904658.950899,324.2843292538,1779904658.950899,0.
1779904659.0508988,324.2843292538,1779904659.0508988,0.
1779904659.150899,324.2843292538,1779904659.150899,0.
1779904659.2508988,324.2843292538,1779904659.2508988,0.
1779904659.350899,324.2843292538,1779904659.350899,0.
1779904659.450899,324.2843292538,1779904659.450899,0.
1779904659.5508988,324.2843292538,1779904659.5508988,0.
1779904659.650899,324.2843292538,1779904659.650899,0.
1779904659.7508988,324.2843292538,1779904659.7508988,0.
1779904659.850899,324.2843292538,1779904659.850899,0.
1779904659.950899,324.2843292538,1779904659.950899,0.
1779904660.0508988,324.2843292538,1779904660.0508988,0.
1779904660.150899,324.2843292538,1779904660.150899,0.
1779904660.2508988,324.2843292538,1779904660.2508988,0.
1779904660.350899,324.2843292538,1779904660.350899,0.
1779904660.450899,324.2843292538,1779904660.450899,0.
1779904660.5508988,324.2843292538,1779904660.5508988,0.
1779904660.650899,324.2843292538,1779904660.650899,0.
1779904660.7508988,324.2843292538,1779904660.7508988,0.
1779904660.850899,324.2843292538,1779904660.850899,0.
1779904660.950899,324.2843292538,1779904660.950899,0.
1779904661.0508988,324.2843292538,1779904661.0508988,0.
1779904661.150899,324.2843292538,1779904661.150899,0.
1779904661.2508988,324.2843292538,1779904661.2508988,0.
1779904661.350899,324.2843292538,1779904661.350899,0.
1779904661.450899,324.2843292538,1779904661.450899,0.
1779904661.5508988,324.2843292538,1779904661.5508988,0.
1779904661.650899,324.2843292538,1779904661.650899,0.
1779904661.7508988,324.2843292538,1779904661.7508988,0.
1779904661.850899,324.2843292538,1779904661.850899,0.
1779904661.950899,324.2843292538,1779904661.950899,0.
1779904662.0508988,324.2843292538,1779904662.0508988,0.
1779904662.150899,324.2843292538,1779904662.150899,0.
1779904662.2508988,324.2843292538,1779904662.2508988,0.
1779904662.350899,324.2843292538,1779904662.350899,0.
1779904662.450899,324.2843292538,1779904662.450899,0.
1779904662.5508988,324.2843292538,1779904662.5508988,0.
1779904662.650899,324.2843292538,1779904662.650899,0.
1779904662.7508988,324.2843292538,1779904662.7508988,0.
1779904662.850899,324.2843292538,1779904662.850899,0.
1779904662.950899,324.2843292538,1779904662.950899,0.
1779904663.0508988,324.2843292538,1779904663.0508988,0.
1779904663.150899,324.2843292538,1779904663.150899,0.
1779904663.2508988,324.2843292538,1779904663.2508988,0.
1779904663.350899,324.2843292538,1779904663.350899,0.
1779904663.450899,324.2843292538,1779904663.450899,0.
1779904663.5508988,324.2843292538,1779904663.5508988,0.
1779904663.650899,324.2843292538,1779904663.650899,0.
1779904663.7508988,324.2843292538,1779904663.7508988,0.
1779904663.850899,324.2843292538,1779904663.850899,0.
1779904663.950899,324.2843292538,1779904663.950899,0.
1779904664.0508988,324.2843292538,1779904664.0508988,0.
1779904664.150899,324.2843292538,1779904664.150899,0.
1779904664.2508988,324.2843292538,1779904664.2508988,0.
1779904664.350899,324.2843292538,1779904664.350899,0.
1779904664.450899,324.2843292538,1779904664.450899,0.
1779904664.5508988,324.2843292538,1779904664.5508988,0.
1779904664.650899,324.2843292538,1779904664.650899,0.
1779904664.7508988,324.2843292538,1779904664.7508988,0.
1779904664.850899,324.2843292538,1779904664.850899,0.
1779904664.950899,324.2843292538,1779904664.950899,0.
1779904665.0508988,324.2843292538,1779904665.0508988,0.
1779904665.150899,324.2843292538,1779904665.150899,0.
1779904665.2508988,324.2843292538,1779904665.2508988,0.
1779904665.350899,324.2843292538,1779904665.350899,0.
1779904665.450899,324.2843292538,1779904665.450899,0.
1779904665.5508988,324.2843292538,1779904665.5508988,0.
1779904665.650899,324.2843292538,1779904665.650899,0.
1779904665.7508988,324.2843292538,1779904665.7508988,0.
1779904665.850899,324.2843292538,1779904665.850899,0.
1779904665.950899,324.2843292538,1779904665.950899,0.
1779904666.0508988,324.2843292538,1779904666.0508988,0.
1779904666.150899,324.2843292538,1779904666.150899,0.
1779904666.2508988,324.2843292538,1779904666.2508988,0.
1779904666.350899,324.2843292538,1779904666.350899,0.
1779904666.450899,324.2843292538,1779904666.450899,0.
1779904666.5508988,324.2843292538,1779904666.5508988,0.
1779904666.650899,324.2843292538,1779904666.650899,0.
1779904666.7508988,324.2843292538,1779904666.7508988,0.
1779904666.850899,324.2843292538,1779904666.850899,0.
1779904666.950899,324.2843292538,1779904666.950899,0.
1779904667.0508988,324.2843292538,1779904667.0508988,0.
1779904667.150899,324.2843292538,1779904667.150899,0.
1779904667.2508988,324.2843292538,1779904667.2508988,0.
1779904667.350899,324.2843292538,1779904667.350899,0.
1779904667.450899,324.2843292538,1779904667.450899,0.
1779904667.5508988,324.2843292538,1779904667.5508988,0.
1779904667.650899,324.2843292538,1779904667.650899,0.
1779904667.7508988,324.2843292538,1779904667.7508988,0.
1779904667.850899,324.2843292538,1779904667.850899,0.
1779904667.950899,324.2843292538,1779904667.950899,0.
1779904668.0508988,324.2843292538,1779904668.0508988,0.
1779904668.150899,324.2843292538,1779904668.150899,0.
1779904668.2508988,324.2843292538,1779904668.2508988,0.
1779904668.350899,324.2843292538,1779904668.350899,0.
1779904668.450899,324.2843292538,1779904668.450899,0.
1779904668.5508988,324.2843292538,1779904668.5508988,0.
1779904668.650899,324.2843292538,1779904668.650899,0.
1779904668.7508988,324.2843292538,1779904668.7508988,0.
1779904668.850899,324.2843292538,1779904668.850899,0.
1779904668.950899,324.2843292538,1779904668.950899,0.
1779904669.0508988,324.2843292538,1779904669.0508988,0.
1779904669.150899,324.2843292538,1779904669.150899,0.
1779904669.2508988,324.2843292538,1779904669.2508988,0.
1779904669.350899,324.2843292538,1779904669.350899,0.
1779904669.450899,324.2843292538,1779904669.450899,0.
1779904669.5508988,324.2843292538,1779904669.5508988,0.
1779904669.650899,324.2843292538,1779904669.650899,0.
1779904669.7508988,324.2843292538,1779904669.7508988,0.
1779904669.850899,324.2843292538,1779904669.850899,0.
1779904669.950899,324.2843292538,1779904669.950899,0.
1779904670.0508988,324.2843292538,1779904670.0508988,0.
1779904670.150899,324.2843292538,1779904670.150899,0.
1779904670.2508988,324.2843292538,1779904670.2508988,0.
1779904670.350899,324.2843292538,1779904670.350899,0.
1779904670.450899,324.2843292538,1779904670.450899,0.
1779904670.5508988,324.2843292538,1779904670.5508988,0.
1779904670.650899,324.2843292538,1779904670.650899,0.
1779904670.7508988,324.2843292538,1779904670.7508988,0.
1779904670.850899,324.2843292538,1779904670.850899,0.
1779904670.950899,324.2843292538,1779904670.950899,0.
1779904671.0508988,324.2843292538,1779904671.0508988,0.
1779904671.150899,324.2843292538,1779904671.150899,0.
1779904671.2508988,324.2843292538,1779904671.2508988,0.
1779904671.350899,324.2843292538,1779904671.350899,0.
1779904671.450899,324.2843292538,1779904671.450899,0.
1779904671.5508988,324.2843292538,1779904671.5508988,0.
1779904671.650899,324.2843292538,1779904671.650899,0.
1779904671.7508988,324.2843292538,1779904671.7508988,0.
1779904671.850899,324.2843292538,1779904671.850899,0.
1779904671.950899,324.2843292538,1779904671.950899,0.
1779904672.0508988,324.2843292538,1779904672.0508988,0.
1779904672.150899,324.2843292538,1779904672.150899,0.
1779904672.2508988,324.2843292538,1779904672.2508988,0.
1779904672.350899,324.2843292538,1779904672.350899,0.
1779904672.450899,324.2843292538,1779904672.450899,0.
1779904672.5508988,324.2843292538,1779904672.5508988,0.
1779904672.650899,324.2843292538,1779904672.650899,0.
1779904672.7508988,324.2843292538,1779904672.7508988,0.
1779904672.850899,324.2843292538,1779904672.850899,0.
1779904672.950899,324.2843292538,1779904672.950899,0.
1779904673.0508988,324.2843292538,1779904673.0508988,0.
1779904673.150899,324.2843292538,1779904673.150899,0.
1779904673.2508988,324.2843292538,1779904673.2508988,0.
1779904673.350899,324.2843292538,1779904673.350899,0.
1779904673.450899,324.2843292538,1779904673.450899,0.
1779904673.5508988,324.2843292538,1779904673.5508988,0.
1779904673.650899,324.2843292538,1779904673.650899,0.
1779904673.7508988,324.2843292538,1779904673.7508988,0.
1779904673.850899,324.2843292538,1779904673.850899,0.
1779904673.950899,324.2843292538,1779904673.950899,0.
1779904674.0508988,324.2843292538,1779904674.0508988,0.
1779904674.150899,324.2843292538,1779904674.150899,0.
1779904674.2508988,324.2843292538,1779904674.2508988,0.
1779904674.350899,324.2843292538,1779904674.350899,0.
1779904674.450899,324.2843292538,1779904674.450899,0.
1779904674.5508988,324.2843292538,1779904674.5508988,0.
1779904674.650899,324.2843292538,1779904674.650899,0.
1779904674.7508988,324.2843292538,1779904674.7508988,0.
1779904674.850899,324.2843292538,1779904674.850899,0.
1779904674.950899,324.2843292538,1779904674.950899,0.
1779904675.0508988,324.2843292538,1779904675.0508988,0.
1779904675.150899,324.2843292538,1779904675.150899,0.
1779904675.2508988,324.2843292538,1779904675.2508988,0.
1779904675.350899,324.2843292538,1779904675.350899,0.
1779904675.450899,324.2843292538,1779904675.450899,0.
1779904675.5508988,324.2843292538,1779904675.5508988,0.
1779904675.650899,324.2843292538,1779904675.650899,0.
1779904675.7508988,324.2843292538,1779904675.7508988,0.
1779904675.850899,324.2843292538,1779904675.850899,0.
1779904675.950899,324.2843292538,1779904675.950899,0.
1779904676.0508988,324.2843292538,1779904676.0508988,0.
1779904676.150899,324.2843292538,1779904676.150899,0.
1779904676.2508988,324.2843292538,1779904676.2508988,0.
1779904676.350899,324.2843292538,1779904676.350899,0.
1779904676.450899,324.2843292538,1779904676.450899,0.
1779904676.5508988,324.2843292538,1779904676.5508988,0.
1779904676.650899,324.2843292538,1779904676.650899,0.
1779904676.7508988,324.2843292538,1779904676.7508988,0.
1779904676.850899,324.2843292538,1779904676.850899,0.
1779904676.950899,324.2843292538,1779904676.950899,0.
1779904677.0508988,324.2843292538,1779904677.0508988,0.
1779904677.150899,324.2843292538,1779904677.150899,0.
1779904677.2508988,324.2843292538,1779904677.2508988,0.
1779904677.350899,324.2843292538,1779904677.350899,0.
1779904677.450899,324.2843292538,1779904677.450899,0.
1779904677.5508988,324.2843292538,1779904677.5508988,0.
1779904677.650899,324.2843292538,1779904677.650899,0.
1779904677.7508988,324.2843292538,1779904677.7508988,0.
1779904677.850899,324.2843292538,1779904677.850899,0.
1779904677.950899,324.2843292538,1779904677.950899,0.
1779904678.0508988,324.2843292538,1779904678.0508988,0.
1779904678.150899,324.2843292538,1779904678.150899,0.
1779904678.2508988,324.2843292538,1779904678.2508988,0.
1779904678.350899,324.2843292538,1779904678.350899,0.
1779904678.450899,324.2843292538,1779904678.450899,0.
1779904678.5508988,324.2843292538,1779904678.5508988,0.
1779904678.650899,324.2843292538,1779904678.650899,0.
1779904678.7508988,324.2843292538,1779904678.7508988,0.
1779904678.850899,324.2843292538,1779904678.850899,0.
1779904678.950899,324.2843292538,1779904678.950899,0.
1779904679.0508988,324.2843292538,1779904679.0508988,0.
1779904679.150899,324.2843292538,1779904679.150899,0.
1779904679.2508988,324.2843292538,1779904679.2508988,0.
1779904679.350899,324.2843292538,1779904679.350899,0.
1779904679.450899,324.2843292538,1779904679.450899,0.
1779904679.5508988,324.2843292538,1779904679.5508988,0.
1779904679.650899,324.2843292538,1779904679.650899,0.
1779904679.7508988,324.2843292538,1779904679.7508988,0.
1779904679.850899,324.2843292538,1779904679.850899,0.
1779904679.950899,324.2843292538,1779904679.950899,0.
1779904680.0508988,324.2843292538,1779904680.0508988,0.
1779904680.150899,324.2843292538,1779904680.150899,0.
1779904680.2508988,324.2843292538,1779904680.2508988,0.
1779904680.350899,324.2843292538,1779904680.350899,0.
1779904680.450899,324.2843292538,1779904680.450899,0.
1779904680.5508988,324.2843292538,1779904680.5508988,0.
1779904680.650899,324.2843292538,1779904680.650899,0.
1779904680.7508988,324.2843292538,1779904680.7508988,0.
1779904680.850899,324.2843292538,1779904680.850899,0.
1779904680.950899,324.2843292538,1779904680.950899,0.
1779904681.0508988,324.2843292538,1779904681.0508988,0.
1779904681.150899,324.2843292538,1779904681.150899,0.
1779904681.2508988,324.2843292538,1779904681.2508988,0.
1779904681.350899,324.2843292538,1779904681.350899,0.
1779904681.450899,324.2843292538,1779904681.450899,0.
1779904681.5508988,324.2843292538,1779904681.5508988,0.
1779904681.650899,324.2843292538,1779904681.650899,0.
1779904681.7508988,324.2843292538,1779904681.7508988,0.
1779904681.850899,324.2843292538,1779904681.850899,0.
1779904681.950899,324.2843292538,1779904681.950899,0.
1779904682.0508988,324.2843292538,1779904682.0508988,0.
1779904682.150899,324.2843292538,1779904682.150899,0.
1779904682.2508988,324.2843292538,1779904682.2508988,0.
1779904682.350899,324.2843292538,1779904682.350899,0.
1779904682.450899,324.2843292538,1779904682.450899,0.
