Command_x,Command_y,Target_x,Target_y
1779989208.461026,0.0000000000,1779989208.461026,0.
1779989208.561026,0.0000000000,1779989208.561026,0.
1779989208.661026,0.0000000000,1779989208.661026,0.
1779989208.7610261,0.0000000000,1779989208.7610261,0.
1779989208.861026,0.0000000000,1779989208.861026,0.
1779989208.961026,0.0000000000,1779989208.961026,0.
1779989209.061026,0.0000000000,1779989209.061026,0.
1779989209.161026,0.0000000000,1779989209.161026,0.
1779989209.2610261,0.0000000000,1779989209.2610261,0.
1779989209.361026,0.0000000000,1779989209.361026,0.
1779989209.461026,0.0000000000,1779989209.461026,0.
1779989209.561026,0.0000000000,1779989209.561026,0.
1779989209.661026,0.0000000000,1779989209.661026,0.
1779989209.7610261,0.0000000000,1779989209.7610261,0.
1779989209.861026,0.0000000000,1779989209.861026,0.
1779989209.961026,0.0000000000,1779989209.961026,0.
1779989210.061026,0.0000000000,1779989210.061026,0.
1779989210.161026,0.0000000000,1779989210.161026,0.
1779989210.2610261,0.0000000000,1779989210.2610261,0.
1779989210.361026,0.0000000000,1779989210.361026,0.
1779989210.461026,0.0000000000,1779989210.461026,0.
1779989210.561026,0.0000000000,1779989210.561026,0.
1779989210.661026,0.0000000000,1779989210.661026,0.
1779989210.7610261,0.0000000000,1779989210.7610261,0.
1779989210.861026,0.0000000000,1779989210.861026,0.
1779989210.961026,0.0000000000,1779989210.961026,0.
1779989211.061026,0.0000000000,1779989211.061026,0.
1779989211.161026,0.0000000000,1779989211.161026,0.
1779989211.2610261,0.0000000000,1779989211.2610261,0.
1779989211.361026,0.0000000000,1779989211.361026,0.
1779989211.461026,0.0000000000,1779989211.461026,0.
1779989211.561026,0.0000000000,1779989211.561026,0.
1779989211.661026,0.0000000000,1779989211.661026,0.
1779989211.7610261,0.0000000000,1779989211.7610261,0.
1779989211.861026,0.0000000000,1779989211.861026,0.
1779989211.961026,0.0000000000,1779989211.961026,0.
1779989212.061026,0.0000000000,1779989212.061026,0.
1779989212.161026,0.0000000000,1779989212.161026,0.
1779989212.2610261,0.0000000000,1779989212.2610261,0.
1779989212.361026,0.0000000000,1779989212.361026,0.
1779989212.461026,0.0000000000,1779989212.461026,0.
1779989212.561026,0.0000000000,1779989212.561026,0.
1779989212.661026,0.0000000000,1779989212.661026,0.
1779989212.7610261,0.0000000000,1779989212.7610261,0.
1779989212.861026,0.0000000000,1779989212.861026,0.
1779989212.961026,0.0000000000,1779989212.961026,0.
1779989213.061026,0.0000000000,1779989213.061026,0.
1779989213.161026,0.0000000000,1779989213.161026,0.
1779989213.2610261,0.0000000000,1779989213.2610261,0.
1779989213.361026,0.0000000000,1779989213.361026,0.
1779989213.461026,0.0000000000,1779989213.461026,0.
1779989213.561026,0.0000000000,1779989213.561026,0.
1779989213.661026,0.0000000000,1779989213.661026,0.
1779989213.7610261,0.0000000000,1779989213.7610261,0.
1779989213.861026,0.0000000000,1779989213.861026,0.
1779989213.961026,0.0000000000,1779989213.961026,0.
1779989214.061026,0.0000000000,1779989214.061026,0.
1779989214.161026,0.0000000000,1779989214.161026,0.
1779989214.2610261,0.0000000000,1779989214.2610261,0.
1779989214.361026,0.0000000000,1779989214.361026,0.
1779989214.461026,0.0000000000,1779989214.461026,0.
1779989214.561026,0.0000000000,1779989214.561026,0.
1779989214.661026,0.0000000000,1779989214.661026,0.
1779989214.7610261,0.0000000000,1779989214.7610261,0.
1779989214.861026,0.0000000000,1779989214.861026,0.
1779989214.961026,0.0000000000,1779989214.961026,0.
1779989215.061026,0.0000000000,1779989215.061026,0.
1779989215.161026,0.0000000000,1779989215.161026,0.
1779989215.2610261,0.0000000000,1779989215.2610261,0.
1779989215.361026,0.0000000000,1779989215.361026,0.
1779989215.461026,0.0000000000,1779989215.461026,0.
1779989215.561026,0.0000000000,1779989215.561026,0.
1779989215.661026,0.0000000000,1779989215.661026,0.
1779989215.7610261,0.0000000000,1779989215.7610261,0.
1779989215.861026,0.0000000000,1779989215.861026,0.
1779989215.961026,0.0000000000,1779989215.961026,0.
1779989216.061026,0.0000000000,1779989216.061026,0.
1779989216.161026,0.0000000000,1779989216.161026,0.
1779989216.2610261,0.0000000000,1779989216.2610261,0.
1779989216.361026,0.0000000000,1779989216.361026,0.
1779989216.461026,0.0000000000,1779989216.461026,0.
1779989216.561026,0.0000000000,1779989216.561026,0.
1779989216.661026,0.0000000000,1779989216.661026,0.
1779989216.7610261,0.0000000000,1779989216.7610261,0.
1779989216.861026,0.0000000000,1779989216.861026,0.
1779989216.961026,0.0000000000,1779989216.961026,0.
1779989217.061026,0.0000000000,1779989217.061026,0.
1779989217.161026,0.0000000000,1779989217.161026,0.
1779989217.2610261,0.0000000000,1779989217.2610261,0.
1779989217.361026,0.0000000000,1779989217.361026,0.
1779989217.461026,0.0000000000,1779989217.461026,0.
1779989217.561026,0.0000000000,1779989217.561026,0.
1779989217.661026,0.0000000000,1779989217.661026,0.
1779989217.7610261,0.0000000000,1779989217.7610261,0.
1779989217.861026,0.0000000000,1779989217.861026,0.
1779989217.961026,0.0000000000,1779989217.961026,0.
1779989218.061026,0.0000000000,1779989218.061026,0.
1779989218.161026,0.0000000000,1779989218.161026,0.
1779989218.2610261,0.0000000000,1779989218.2610261,0.
1779989218.361026,0.0000000000,1779989218.361026,0.
1779989218.461026,0.0000000000,1779989218.461026,0.
1779989218.561026,0.0000000000,1779989218.561026,0.
1779989218.661026,0.0000000000,1779989218.661026,0.
1779989218.7610261,0.0000000000,1779989218.7610261,0.
1779989218.861026,0.0000000000,1779989218.861026,0.
1779989218.961026,0.0000000000,1779989218.961026,0.
1779989219.061026,0.0000000000,1779989219.061026,0.
1779989219.161026,0.0000000000,1779989219.161026,0.
1779989219.2610261,0.0000000000,1779989219.2610261,0.
1779989219.361026,0.0000000000,1779989219.361026,0.
1779989219.461026,0.0000000000,1779989219.461026,0.
1779989219.561026,0.0000000000,1779989219.561026,0.
1779989219.661026,0.0000000000,1779989219.661026,0.
1779989219.7610261,0.0000000000,1779989219.7610261,0.
1779989219.861026,0.0000000000,1779989219.861026,0.
1779989219.961026,0.0000000000,1779989219.961026,0.
1779989220.061026,0.0000000000,1779989220.061026,0.
1779989220.161026,0.0000000000,1779989220.161026,0.
1779989220.2610261,0.0000000000,1779989220.2610261,0.
1779989220.361026,0.0000000000,1779989220.361026,0.
1779989220.461026,0.0000000000,1779989220.461026,0.
1779989220.561026,0.0000000000,1779989220.561026,0.
1779989220.661026,0.0000000000,1779989220.661026,0.
1779989220.7610261,0.0000000000,1779989220.7610261,0.
1779989220.861026,0.0000000000,1779989220.861026,0.
1779989220.961026,0.0000000000,1779989220.961026,0.
1779989221.061026,0.0000000000,1779989221.061026,0.
1779989221.161026,0.0000000000,1779989221.161026,0.
1779989221.2610261,0.0000000000,1779989221.2610261,0.
1779989221.361026,0.0000000000,1779989221.361026,0.
1779989221.461026,0.0000000000,1779989221.461026,0.
1779989221.561026,0.0000000000,1779989221.561026,0.
1779989221.661026,0.0000000000,1779989221.661026,0.
1779989221.7610261,0.0000000000,1779989221.7610261,0.
1779989221.861026,0.0000000000,1779989221.861026,0.
1779989221.961026,0.0000000000,1779989221.961026,0.
1779989222.061026,0.0000000000,1779989222.061026,0.
1779989222.161026,0.0000000000,1779989222.161026,0.
1779989222.2610261,0.0000000000,1779989222.2610261,0.
1779989222.361026,0.0000000000,1779989222.361026,0.
1779989222.461026,0.0000000000,1779989222.461026,0.
1779989222.561026,0.0000000000,1779989222.561026,0.
1779989222.661026,0.0000000000,1779989222.661026,0.
1779989222.7610261,0.0000000000,1779989222.7610261,0.
1779989222.861026,0.0000000000,1779989222.861026,0.
1779989222.961026,0.0000000000,1779989222.961026,0.
1779989223.061026,0.0000000000,1779989223.061026,0.
1779989223.161026,0.0000000000,1779989223.161026,0.
1779989223.2610261,0.0000000000,1779989223.2610261,0.
1779989223.361026,0.0000000000,1779989223.361026,0.
1779989223.461026,0.0000000000,1779989223.461026,0.
1779989223.561026,0.0000000000,1779989223.561026,0.
1779989223.661026,0.0000000000,1779989223.661026,0.
1779989223.7610261,0.0000000000,1779989223.7610261,0.
1779989223.861026,0.0000000000,1779989223.861026,0.
1779989223.961026,0.0000000000,1779989223.961026,0.
1779989224.061026,0.0000000000,1779989224.061026,0.
1779989224.161026,0.0000000000,1779989224.161026,0.
1779989224.2610261,0.0000000000,1779989224.2610261,0.
1779989224.361026,0.0000000000,1779989224.361026,0.
1779989224.461026,0.0000000000,1779989224.461026,0.
1779989224.561026,0.0000000000,1779989224.561026,0.
1779989224.661026,0.0000000000,1779989224.661026,0.
1779989224.7610261,0.0000000000,1779989224.7610261,0.
1779989224.861026,0.0000000000,1779989224.861026,0.
1779989224.961026,0.0000000000,1779989224.961026,0.
1779989225.061026,0.0000000000,1779989225.061026,0.
1779989225.161026,0.0000000000,1779989225.161026,0.
1779989225.2610261,0.0000000000,1779989225.2610261,0.
1779989225.361026,0.0000000000,1779989225.361026,0.
1779989225.461026,0.0000000000,1779989225.461026,0.
1779989225.561026,0.0000000000,1779989225.561026,0.
1779989225.661026,0.0000000000,1779989225.661026,0.
1779989225.7610261,0.0000000000,1779989225.7610261,0.
1779989225.861026,0.0000000000,1779989225.861026,0.
1779989225.961026,0.0000000000,1779989225.961026,0.
1779989226.061026,0.0000000000,1779989226.061026,0.
1779989226.161026,0.0000000000,1779989226.161026,0.
1779989226.2610261,0.0000000000,1779989226.2610261,0.
1779989226.361026,0.0000000000,1779989226.361026,0.
1779989226.461026,0.0000000000,1779989226.461026,0.
1779989226.561026,0.0000000000,1779989226.561026,0.
1779989226.661026,0.0000000000,1779989226.661026,0.
1779989226.7610261,0.0000000000,1779989226.7610261,0.
1779989226.861026,0.0000000000,1779989226.861026,0.
1779989226.961026,0.0000000000,1779989226.961026,0.
1779989227.061026,0.0000000000,1779989227.061026,0.
1779989227.161026,0.0000000000,1779989227.161026,0.
1779989227.2610261,0.0000000000,1779989227.2610261,0.
1779989227.361026,0.0000000000,1779989227.361026,0.
1779989227.461026,0.0000000000,1779989227.461026,0.
1779989227.561026,0.0000000000,1779989227.561026,0.
1779989227.661026,0.0000000000,1779989227.661026,0.
1779989227.7610261,0.0000000000,1779989227.7610261,0.
1779989227.861026,0.0000000000,1779989227.861026,0.
1779989227.961026,0.0000000000,1779989227.961026,0.
1779989228.061026,0.0000000000,1779989228.061026,0.
1779989228.161026,0.0000000000,1779989228.161026,0.
1779989228.2610261,0.0000000000,1779989228.2610261,0.
1779989228.361026,0.0000000000,1779989228.361026,0.
1779989228.461026,0.0000000000,1779989228.461026,0.
1779989228.561026,0.0000000000,1779989228.561026,0.
1779989228.661026,0.0000000000,1779989228.661026,0.
1779989228.7610261,0.0000000000,1779989228.7610261,0.
1779989228.861026,0.0000000000,1779989228.861026,0.
1779989228.961026,0.0000000000,1779989228.961026,0.
1779989229.061026,0.0000000000,1779989229.061026,0.
1779989229.161026,0.0000000000,1779989229.161026,0.
1779989229.2610261,0.0000000000,1779989229.2610261,0.
1779989229.361026,0.0000000000,1779989229.361026,0.
1779989229.461026,0.0000000000,1779989229.461026,0.
1779989229.561026,0.0000000000,1779989229.561026,0.
1779989229.661026,0.0000000000,1779989229.661026,0.
1779989229.7610261,0.0000000000,1779989229.7610261,0.
1779989229.861026,0.0000000000,1779989229.861026,0.
1779989229.961026,0.0000000000,1779989229.961026,0.
1779989230.061026,0.0000000000,1779989230.061026,0.
1779989230.161026,0.0000000000,1779989230.161026,0.
1779989230.2610261,0.0000000000,1779989230.2610261,0.
1779989230.361026,0.0000000000,1779989230.361026,0.
1779989230.461026,0.0000000000,1779989230.461026,0.
1779989230.561026,0.0000000000,1779989230.561026,0.
1779989230.661026,0.0000000000,1779989230.661026,0.
1779989230.7610261,0.0000000000,1779989230.7610261,0.
1779989230.861026,0.0000000000,1779989230.861026,0.
1779989230.961026,0.0000000000,1779989230.961026,0.
1779989231.061026,0.0000000000,1779989231.061026,0.
1779989231.161026,0.0000000000,1779989231.161026,0.
1779989231.2610261,0.0000000000,1779989231.2610261,0.
1779989231.361026,0.0000000000,1779989231.361026,0.
1779989231.461026,0.0000000000,1779989231.461026,0.
1779989231.561026,0.0000000000,1779989231.561026,0.
1779989231.661026,0.0000000000,1779989231.661026,0.
1779989231.7610261,0.0000000000,1779989231.7610261,0.
1779989231.861026,0.0000000000,1779989231.861026,0.
1779989231.961026,0.0000000000,1779989231.961026,0.
1779989232.061026,0.0000000000,1779989232.061026,0.
1779989232.161026,0.0000000000,1779989232.161026,0.
1779989232.2610261,0.0000000000,1779989232.2610261,0.
1779989232.361026,0.0000000000,1779989232.361026,0.
1779989232.461026,0.0000000000,1779989232.461026,0.
1779989232.561026,0.0000000000,1779989232.561026,0.
1779989232.661026,0.0000000000,1779989232.661026,0.
1779989232.7610261,0.0000000000,1779989232.7610261,0.
1779989232.861026,0.0000000000,1779989232.861026,0.
1779989232.961026,0.0000000000,1779989232.961026,0.
1779989233.061026,0.0000000000,1779989233.061026,0.
1779989233.161026,0.0000000000,1779989233.161026,0.
1779989233.2610261,0.0000000000,1779989233.2610261,0.
1779989233.361026,0.0000000000,1779989233.361026,0.
1779989233.461026,0.0000000000,1779989233.461026,0.
1779989233.561026,0.0000000000,1779989233.561026,0.
1779989233.661026,0.0000000000,1779989233.661026,0.
1779989233.7610261,0.0000000000,1779989233.7610261,0.
1779989233.861026,0.0000000000,1779989233.861026,0.
1779989233.961026,0.0000000000,1779989233.961026,0.
1779989234.061026,0.0000000000,1779989234.061026,0.
1779989234.161026,0.0000000000,1779989234.161026,0.
1779989234.2610261,0.0000000000,1779989234.2610261,0.
1779989234.361026,0.0000000000,1779989234.361026,0.
1779989234.461026,0.0000000000,1779989234.461026,0.
1779989234.561026,0.0000000000,1779989234.561026,0.
1779989234.661026,0.0000000000,1779989234.661026,0.
1779989234.7610261,0.0000000000,1779989234.7610261,0.
1779989234.861026,0.0000000000,1779989234.861026,0.
1779989234.961026,0.0000000000,1779989234.961026,0.
1779989235.061026,0.0000000000,1779989235.061026,0.
1779989235.161026,0.0000000000,1779989235.161026,0.
1779989235.2610261,0.0000000000,1779989235.2610261,0.
1779989235.361026,0.0000000000,1779989235.361026,0.
1779989235.461026,0.0000000000,1779989235.461026,0.
1779989235.561026,0.0000000000,1779989235.561026,0.
1779989235.661026,0.0000000000,1779989235.661026,0.
1779989235.7610261,0.0000000000,1779989235.7610261,0.
1779989235.861026,0.0000000000,1779989235.861026,0.
1779989235.961026,0.0000000000,1779989235.961026,0.
1779989236.061026,0.0000000000,1779989236.061026,0.
1779989236.161026,0.0000000000,1779989236.161026,0.
1779989236.2610261,0.0000000000,1779989236.2610261,0.
1779989236.361026,0.0000000000,1779989236.361026,0.
1779989236.461026,0.0000000000,1779989236.461026,0.
1779989236.561026,0.0000000000,1779989236.561026,0.
1779989236.661026,0.0000000000,1779989236.661026,0.
1779989236.7610261,0.0000000000,1779989236.7610261,0.
1779989236.861026,0.0000000000,1779989236.861026,0.
1779989236.961026,0.0000000000,1779989236.961026,0.
1779989237.061026,0.0000000000,1779989237.061026,0.
1779989237.161026,0.0000000000,1779989237.161026,0.
1779989237.2610261,0.0000000000,1779989237.2610261,0.
1779989237.361026,0.0000000000,1779989237.361026,0.
1779989237.461026,0.0000000000,1779989237.461026,0.
1779989237.561026,0.0000000000,1779989237.561026,0.
1779989237.661026,0.0000000000,1779989237.661026,0.
1779989237.7610261,0.0000000000,1779989237.7610261,0.
1779989237.861026,0.0000000000,1779989237.861026,0.
1779989237.961026,0.0000000000,1779989237.961026,0.
1779989238.061026,0.0000000000,1779989238.061026,0.
1779989238.161026,0.0000000000,1779989238.161026,0.
1779989238.2610261,0.0000000000,1779989238.2610261,0.
1779989238.361026,0.0000000000,1779989238.361026,0.
1779989238.461026,0.0000000000,1779989238.461026,0.
1779989238.561026,0.0000000000,1779989238.561026,0.
1779989238.661026,0.0000000000,1779989238.661026,0.
1779989238.7610261,0.0000000000,1779989238.7610261,0.
1779989238.861026,0.0000000000,1779989238.861026,0.
1779989238.961026,0.0000000000,1779989238.961026,0.
1779989239.061026,0.0000000000,1779989239.061026,0.
1779989239.161026,0.0000000000,1779989239.161026,0.
1779989239.2610261,0.0000000000,1779989239.2610261,0.
1779989239.361026,0.0000000000,1779989239.361026,0.
1779989239.461026,0.0000000000,1779989239.461026,0.
1779989239.561026,0.0000000000,1779989239.561026,0.
1779989239.661026,0.0000000000,1779989239.661026,0.
1779989239.7610261,0.0000000000,1779989239.7610261,0.
1779989239.861026,0.0000000000,1779989239.861026,0.
1779989239.961026,0.0000000000,1779989239.961026,0.
1779989240.061026,0.0000000000,1779989240.061026,0.
1779989240.161026,0.0000000000,1779989240.161026,0.
1779989240.2610261,0.0000000000,1779989240.2610261,0.
1779989240.361026,0.0000000000,1779989240.361026,0.
1779989240.461026,0.0000000000,1779989240.461026,0.
1779989240.561026,0.0000000000,1779989240.561026,0.
1779989240.661026,0.0000000000,1779989240.661026,0.
1779989240.7610261,0.0000000000,1779989240.7610261,0.
1779989240.861026,0.0000000000,1779989240.861026,0.
1779989240.961026,0.0000000000,1779989240.961026,0.
1779989241.061026,0.0000000000,1779989241.061026,0.
1779989241.161026,0.0000000000,1779989241.161026,0.
1779989241.2610261,0.0000000000,1779989241.2610261,0.
1779989241.361026,0.0000000000,1779989241.361026,0.
1779989241.461026,0.0000000000,1779989241.461026,0.
1779989241.561026,0.0000000000,1779989241.561026,0.
1779989241.661026,0.0000000000,1779989241.661026,0.
1779989241.7610261,0.0000000000,1779989241.7610261,0.
1779989241.861026,0.0000000000,1779989241.861026,0.
1779989241.961026,0.0000000000,1779989241.961026,0.
1779989242.061026,0.0000000000,1779989242.061026,0.
1779989242.161026,0.0000000000,1779989242.161026,0.
1779989242.2610261,0.0000000000,1779989242.2610261,0.
1779989242.361026,0.0000000000,1779989242.361026,0.
1779989242.461026,0.0000000000,1779989242.461026,0.
1779989242.561026,0.0000000000,1779989242.561026,0.
1779989242.661026,0.0000000000,1779989242.661026,0.
1779989242.7610261,0.0000000000,1779989242.7610261,0.
1779989242.861026,0.0000000000,1779989242.861026,0.
1779989242.961026,0.0000000000,1779989242.961026,0.
1779989243.061026,0.0000000000,1779989243.061026,0.
1779989243.161026,0.0000000000,1779989243.161026,0.
1779989243.2610261,0.0000000000,1779989243.2610261,0.
1779989243.361026,0.0000000000,1779989243.361026,0.
1779989243.461026,0.0000000000,1779989243.461026,0.
1779989243.561026,0.0000000000,1779989243.561026,0.
1779989243.661026,0.0000000000,1779989243.661026,0.
1779989243.7610261,0.0000000000,1779989243.7610261,0.
1779989243.861026,0.0000000000,1779989243.861026,0.
1779989243.961026,0.0000000000,1779989243.961026,0.
1779989244.061026,0.0000000000,1779989244.061026,0.
1779989244.161026,0.0000000000,1779989244.161026,0.
1779989244.2610261,0.0000000000,1779989244.2610261,0.
1779989244.361026,0.0000000000,1779989244.361026,0.
1779989244.461026,0.0000000000,1779989244.461026,0.
1779989244.561026,0.0000000000,1779989244.561026,0.
1779989244.661026,0.0000000000,1779989244.661026,0.
1779989244.7610261,0.0000000000,1779989244.7610261,0.
1779989244.861026,0.0000000000,1779989244.861026,0.
1779989244.961026,0.0000000000,1779989244.961026,0.
1779989245.061026,0.0000000000,1779989245.061026,0.
1779989245.161026,0.0000000000,1779989245.161026,0.
1779989245.2610261,0.0000000000,1779989245.2610261,0.
1779989245.361026,0.0000000000,1779989245.361026,0.
1779989245.461026,0.0000000000,1779989245.461026,0.
1779989245.561026,0.0000000000,1779989245.561026,0.
1779989245.661026,0.0000000000,1779989245.661026,0.
1779989245.7610261,0.0000000000,1779989245.7610261,0.
1779989245.861026,0.0000000000,1779989245.861026,0.
1779989245.961026,0.0000000000,1779989245.961026,0.
1779989246.061026,0.0000000000,1779989246.061026,0.
1779989246.161026,0.0000000000,1779989246.161026,0.
1779989246.2610261,0.0000000000,1779989246.2610261,0.
1779989246.361026,0.0000000000,1779989246.361026,0.
1779989246.461026,0.0000000000,1779989246.461026,0.
1779989246.561026,0.0000000000,1779989246.561026,0.
1779989246.661026,0.0000000000,1779989246.661026,0.
1779989246.7610261,0.0000000000,1779989246.7610261,0.
1779989246.861026,0.0000000000,1779989246.861026,0.
1779989246.961026,0.0000000000,1779989246.961026,0.
1779989247.061026,0.0000000000,1779989247.061026,0.
1779989247.161026,0.0000000000,1779989247.161026,0.
1779989247.2610261,0.0000000000,1779989247.2610261,0.
1779989247.361026,0.0000000000,1779989247.361026,0.
1779989247.461026,0.0000000000,1779989247.461026,0.
1779989247.561026,0.0000000000,1779989247.561026,0.
1779989247.661026,0.0000000000,1779989247.661026,0.
1779989247.7610261,0.0000000000,1779989247.7610261,0.
1779989247.861026,0.0000000000,1779989247.861026,0.
1779989247.961026,0.0000000000,1779989247.961026,0.
1779989248.061026,0.0000000000,1779989248.061026,0.
1779989248.161026,0.0000000000,1779989248.161026,0.
1779989248.2610261,0.0000000000,1779989248.2610261,0.
1779989248.361026,0.0000000000,1779989248.361026,0.
1779989248.461026,0.0000000000,1779989248.461026,0.
1779989248.561026,0.0000000000,1779989248.561026,0.
1779989248.661026,0.0000000000,1779989248.661026,0.
1779989248.7610261,0.0000000000,1779989248.7610261,0.
1779989248.861026,0.0000000000,1779989248.861026,0.
1779989248.961026,0.0000000000,1779989248.961026,0.
1779989249.061026,0.0000000000,1779989249.061026,0.
1779989249.161026,0.0000000000,1779989249.161026,0.
1779989249.2610261,0.0000000000,1779989249.2610261,0.
1779989249.361026,0.0000000000,1779989249.361026,0.
1779989249.461026,0.0000000000,1779989249.461026,0.
1779989249.561026,0.0000000000,1779989249.561026,0.
1779989249.661026,0.0000000000,1779989249.661026,0.
1779989249.7610261,0.0000000000,1779989249.7610261,0.
1779989249.861026,0.0000000000,1779989249.861026,0.
1779989249.961026,0.0000000000,1779989249.961026,0.
1779989250.061026,0.0000000000,1779989250.061026,0.
1779989250.161026,0.0000000000,1779989250.161026,0.
1779989250.2610261,0.0000000000,1779989250.2610261,0.
1779989250.361026,0.0000000000,1779989250.361026,0.
1779989250.461026,0.0000000000,1779989250.461026,0.
1779989250.561026,0.0000000000,1779989250.561026,0.
1779989250.661026,0.0000000000,1779989250.661026,0.
1779989250.7610261,0.0000000000,1779989250.7610261,0.
1779989250.861026,0.0000000000,1779989250.861026,0.
1779989250.961026,0.0000000000,1779989250.961026,0.
1779989251.061026,0.0000000000,1779989251.061026,0.
1779989251.161026,0.0000000000,1779989251.161026,0.
1779989251.2610261,0.0000000000,1779989251.2610261,0.
1779989251.361026,0.0000000000,1779989251.361026,0.
1779989251.461026,0.0000000000,1779989251.461026,0.
1779989251.561026,0.0000000000,1779989251.561026,0.
1779989251.661026,0.0000000000,1779989251.661026,0.
1779989251.7610261,0.0000000000,1779989251.7610261,0.
1779989251.861026,0.0000000000,1779989251.861026,0.
1779989251.961026,0.0000000000,1779989251.961026,0.
1779989252.061026,0.0000000000,1779989252.061026,0.
1779989252.161026,0.0000000000,1779989252.161026,0.
1779989252.2610261,0.0000000000,1779989252.2610261,0.
1779989252.361026,0.0000000000,1779989252.361026,0.
1779989252.461026,0.0000000000,1779989252.461026,0.
1779989252.561026,0.0000000000,1779989252.561026,0.
1779989252.661026,0.0000000000,1779989252.661026,0.
1779989252.7610261,0.0000000000,1779989252.7610261,0.
1779989252.861026,0.0000000000,1779989252.861026,0.
1779989252.961026,0.0000000000,1779989252.961026,0.
1779989253.061026,0.0000000000,1779989253.061026,0.
1779989253.161026,0.0000000000,1779989253.161026,0.
1779989253.2610261,0.0000000000,1779989253.2610261,0.
1779989253.361026,0.0000000000,1779989253.361026,0.
1779989253.461026,0.0000000000,1779989253.461026,0.
1779989253.561026,0.0000000000,1779989253.561026,0.
1779989253.661026,0.0000000000,1779989253.661026,0.
1779989253.7610261,0.0000000000,1779989253.7610261,0.
1779989253.861026,0.0000000000,1779989253.861026,0.
1779989253.961026,0.0000000000,1779989253.961026,0.
1779989254.061026,0.0000000000,1779989254.061026,0.
1779989254.161026,0.0000000000,1779989254.161026,0.
1779989254.2610261,0.0000000000,1779989254.2610261,0.
1779989254.361026,0.0000000000,1779989254.361026,0.
1779989254.461026,0.0000000000,1779989254.461026,0.
1779989254.561026,0.0000000000,1779989254.561026,0.
1779989254.661026,0.0000000000,1779989254.661026,0.
1779989254.7610261,0.0000000000,1779989254.7610261,0.
1779989254.861026,0.0000000000,1779989254.861026,0.
1779989254.961026,0.0000000000,1779989254.961026,0.
1779989255.061026,0.0000000000,1779989255.061026,0.
1779989255.161026,0.0000000000,1779989255.161026,0.
1779989255.2610261,0.0000000000,1779989255.2610261,0.
1779989255.361026,0.0000000000,1779989255.361026,0.
1779989255.461026,0.0000000000,1779989255.461026,0.
1779989255.561026,0.0000000000,1779989255.561026,0.
1779989255.661026,0.0000000000,1779989255.661026,0.
1779989255.7610261,0.0000000000,1779989255.7610261,0.
1779989255.861026,0.0000000000,1779989255.861026,0.
1779989255.961026,0.0000000000,1779989255.961026,0.
1779989256.061026,0.0000000000,1779989256.061026,0.
1779989256.161026,0.0000000000,1779989256.161026,0.
1779989256.2610261,0.0000000000,1779989256.2610261,0.
1779989256.361026,0.0000000000,1779989256.361026,0.
1779989256.461026,0.0000000000,1779989256.461026,0.
1779989256.561026,0.0000000000,1779989256.561026,0.
1779989256.661026,0.0000000000,1779989256.661026,0.
1779989256.7610261,0.0000000000,1779989256.7610261,0.
1779989256.861026,0.0000000000,1779989256.861026,0.
1779989256.961026,0.0000000000,1779989256.961026,0.
1779989257.061026,0.0000000000,1779989257.061026,0.
1779989257.161026,0.0000000000,1779989257.161026,0.
1779989257.2610261,0.0000000000,1779989257.2610261,0.
1779989257.361026,0.0000000000,1779989257.361026,0.
1779989257.461026,0.0000000000,1779989257.461026,0.
1779989257.561026,0.0000000000,1779989257.561026,0.
1779989257.661026,0.0000000000,1779989257.661026,0.
1779989257.7610261,0.0000000000,1779989257.7610261,0.
1779989257.861026,0.0000000000,1779989257.861026,0.
1779989257.961026,0.0000000000,1779989257.961026,0.
1779989258.061026,0.0000000000,1779989258.061026,0.
1779989258.161026,0.0000000000,1779989258.161026,0.
1779989258.2610261,0.0000000000,1779989258.2610261,0.
1779989258.361026,0.0000000000,1779989258.361026,0.
1779989258.461026,0.0000000000,1779989258.461026,0.
1779989258.561026,0.0000000000,1779989258.561026,0.
1779989258.661026,0.0000000000,1779989258.661026,0.
1779989258.7610261,0.0000000000,1779989258.7610261,0.
1779989258.861026,0.0000000000,1779989258.861026,0.
1779989258.961026,0.0000000000,1779989258.961026,0.
1779989259.061026,0.0000000000,1779989259.061026,0.
1779989259.161026,0.0000000000,1779989259.161026,0.
1779989259.2610261,0.0000000000,1779989259.2610261,0.
1779989259.361026,0.0000000000,1779989259.361026,0.
1779989259.461026,0.0000000000,1779989259.461026,0.
1779989259.561026,0.0000000000,1779989259.561026,0.
1779989259.661026,0.0000000000,1779989259.661026,0.
1779989259.7610261,0.0000000000,1779989259.7610261,0.
1779989259.861026,0.0000000000,1779989259.861026,0.
1779989259.961026,0.0000000000,1779989259.961026,0.
1779989260.061026,0.0000000000,1779989260.061026,0.
1779989260.161026,0.0000000000,1779989260.161026,0.
1779989260.2610261,0.0000000000,1779989260.2610261,0.
1779989260.361026,0.0000000000,1779989260.361026,0.
1779989260.461026,0.0000000000,1779989260.461026,0.
1779989260.561026,0.0000000000,1779989260.561026,0.
1779989260.661026,0.0000000000,1779989260.661026,0.
1779989260.7610261,0.0000000000,1779989260.7610261,0.
1779989260.861026,0.0000000000,1779989260.861026,0.
1779989260.961026,0.0000000000,1779989260.961026,0.
1779989261.061026,0.0000000000,1779989261.061026,0.
1779989261.161026,0.0000000000,1779989261.161026,0.
1779989261.2610261,0.0000000000,1779989261.2610261,0.
1779989261.361026,0.0000000000,1779989261.361026,0.
1779989261.461026,0.0000000000,1779989261.461026,0.
1779989261.561026,0.0000000000,1779989261.561026,0.
1779989261.661026,0.0000000000,1779989261.661026,0.
1779989261.7610261,0.0000000000,1779989261.7610261,0.
1779989261.861026,0.0000000000,1779989261.861026,0.
1779989261.961026,0.0000000000,1779989261.961026,0.
1779989262.061026,0.0000000000,1779989262.061026,0.
1779989262.161026,0.0000000000,1779989262.161026,0.
1779989262.2610261,0.0000000000,1779989262.2610261,0.
1779989262.361026,0.0000000000,1779989262.361026,0.
1779989262.461026,0.0000000000,1779989262.461026,0.
1779989262.561026,0.0000000000,1779989262.561026,0.
1779989262.661026,0.0000000000,1779989262.661026,0.
1779989262.7610261,0.0000000000,1779989262.7610261,0.
1779989262.861026,0.0000000000,1779989262.861026,0.
1779989262.961026,0.0000000000,1779989262.961026,0.
1779989263.061026,0.0000000000,1779989263.061026,0.
1779989263.161026,0.0000000000,1779989263.161026,0.
1779989263.2610261,0.0000000000,1779989263.2610261,0.
1779989263.361026,0.0000000000,1779989263.361026,0.
1779989263.461026,0.0000000000,1779989263.461026,0.
1779989263.561026,0.0000000000,1779989263.561026,0.
1779989263.661026,0.0000000000,1779989263.661026,0.
1779989263.7610261,0.0000000000,1779989263.7610261,0.
1779989263.861026,0.0000000000,1779989263.861026,0.
1779989263.961026,0.0000000000,1779989263.961026,0.
1779989264.061026,0.0000000000,1779989264.061026,0.
1779989264.161026,0.0000000000,1779989264.161026,0.
1779989264.2610261,0.0000000000,1779989264.2610261,0.
1779989264.361026,0.0000000000,1779989264.361026,0.
1779989264.461026,0.0000000000,1779989264.461026,0.
1779989264.561026,0.0000000000,1779989264.561026,0.
1779989264.661026,0.0000000000,1779989264.661026,0.
1779989264.7610261,0.0000000000,1779989264.7610261,0.
1779989264.861026,0.0000000000,1779989264.861026,0.
1779989264.961026,0.0000000000,1779989264.961026,0.
1779989265.061026,0.0000000000,1779989265.061026,0.
1779989265.161026,0.0000000000,1779989265.161026,0.
1779989265.2610261,0.0000000000,1779989265.2610261,0.
1779989265.361026,0.0000000000,1779989265.361026,0.
1779989265.461026,0.0000000000,1779989265.461026,0.
1779989265.561026,0.0000000000,1779989265.561026,0.
1779989265.661026,0.0000000000,1779989265.661026,0.
1779989265.7610261,0.0000000000,1779989265.7610261,0.
1779989265.861026,0.0000000000,1779989265.861026,0.
1779989265.961026,0.0000000000,1779989265.961026,0.
1779989266.061026,0.0000000000,1779989266.061026,0.
1779989266.161026,0.0000000000,1779989266.161026,0.
1779989266.2610261,0.0000000000,1779989266.2610261,0.
1779989266.361026,0.0000000000,1779989266.361026,0.
1779989266.461026,0.0000000000,1779989266.461026,0.
1779989266.561026,0.0000000000,1779989266.561026,0.
1779989266.661026,0.0000000000,1779989266.661026,0.
1779989266.7610261,0.0000000000,1779989266.7610261,0.
1779989266.861026,0.0000000000,1779989266.861026,0.
1779989266.961026,0.0000000000,1779989266.961026,0.
1779989267.061026,0.0000000000,1779989267.061026,0.
1779989267.161026,0.0000000000,1779989267.161026,0.
1779989267.2610261,0.0000000000,1779989267.2610261,0.
1779989267.361026,0.0000000000,1779989267.361026,0.
1779989267.461026,0.0000000000,1779989267.461026,0.
1779989267.561026,0.0000000000,1779989267.561026,0.
1779989267.661026,0.0000000000,1779989267.661026,0.
1779989267.7610261,0.0000000000,1779989267.7610261,0.
1779989267.861026,0.0000000000,1779989267.861026,0.
1779989267.961026,0.0000000000,1779989267.961026,0.
1779989268.061026,0.0000000000,1779989268.061026,0.
1779989268.161026,0.0000000000,1779989268.161026,0.
1779989268.2610261,0.0000000000,1779989268.2610261,0.
1779989268.361026,0.0000000000,1779989268.361026,0.
1779989268.461026,0.0000000000,1779989268.461026,0.
1779989268.561026,0.0000000000,1779989268.561026,0.
1779989268.661026,0.0000000000,1779989268.661026,0.
1779989268.7610261,0.0000000000,1779989268.7610261,0.
1779989268.861026,0.0000000000,1779989268.861026,0.
1779989268.961026,0.0000000000,1779989268.961026,0.
1779989269.061026,0.0000000000,1779989269.061026,0.
1779989269.161026,0.0000000000,1779989269.161026,0.
1779989269.2610261,0.0000000000,1779989269.2610261,0.
1779989269.361026,0.0000000000,1779989269.361026,0.
1779989269.461026,0.0000000000,1779989269.461026,0.
1779989269.561026,0.0000000000,1779989269.561026,0.
1779989269.661026,0.0000000000,1779989269.661026,0.
1779989269.7610261,0.0000000000,1779989269.7610261,0.
1779989269.861026,0.0000000000,1779989269.861026,0.
1779989269.961026,0.0000000000,1779989269.961026,0.
1779989270.061026,0.0000000000,1779989270.061026,0.
1779989270.161026,0.0000000000,1779989270.161026,0.
1779989270.2610261,0.0000000000,1779989270.2610261,0.
1779989270.361026,0.0000000000,1779989270.361026,0.
1779989270.461026,0.0000000000,1779989270.461026,0.
1779989270.561026,0.0000000000,1779989270.561026,0.
1779989270.661026,0.0000000000,1779989270.661026,0.
1779989270.7610261,0.0000000000,1779989270.7610261,0.
1779989270.861026,0.0000000000,1779989270.861026,0.
1779989270.961026,0.0000000000,1779989270.961026,0.
1779989271.061026,0.0000000000,1779989271.061026,0.
1779989271.161026,0.0000000000,1779989271.161026,0.
1779989271.2610261,0.0000000000,1779989271.2610261,0.
1779989271.361026,0.0000000000,1779989271.361026,0.
1779989271.461026,0.0000000000,1779989271.461026,0.
1779989271.561026,0.0000000000,1779989271.561026,0.
1779989271.661026,0.0000000000,1779989271.661026,0.
1779989271.7610261,0.0000000000,1779989271.7610261,0.
1779989271.861026,0.0000000000,1779989271.861026,0.
1779989271.961026,0.0000000000,1779989271.961026,0.
1779989272.061026,0.0000000000,1779989272.061026,0.
1779989272.161026,0.0000000000,1779989272.161026,0.
1779989272.2610261,0.0000000000,1779989272.2610261,0.
1779989272.361026,0.0000000000,1779989272.361026,0.
1779989272.461026,0.0000000000,1779989272.461026,0.
1779989272.561026,0.0000000000,1779989272.561026,0.
1779989272.661026,0.0000000000,1779989272.661026,0.
1779989272.7610261,0.0000000000,1779989272.7610261,0.
1779989272.861026,0.0000000000,1779989272.861026,0.
1779989272.961026,0.0000000000,1779989272.961026,0.
1779989273.061026,0.0000000000,1779989273.061026,0.
1779989273.161026,0.0000000000,1779989273.161026,0.
1779989273.2610261,0.0000000000,1779989273.2610261,0.
1779989273.361026,0.0000000000,1779989273.361026,0.
1779989273.461026,0.0000000000,1779989273.461026,0.
1779989273.561026,0.0000000000,1779989273.561026,0.
1779989273.661026,0.0000000000,1779989273.661026,0.
1779989273.7610261,0.0000000000,1779989273.7610261,0.
1779989273.861026,0.0000000000,1779989273.861026,0.
1779989273.961026,0.0000000000,1779989273.961026,0.
1779989274.061026,0.0000000000,1779989274.061026,0.
1779989274.161026,0.0000000000,1779989274.161026,0.
1779989274.2610261,0.0000000000,1779989274.2610261,0.
1779989274.361026,0.0000000000,1779989274.361026,0.
1779989274.461026,0.0000000000,1779989274.461026,0.
1779989274.561026,0.0000000000,1779989274.561026,0.
1779989274.661026,0.0000000000,1779989274.661026,0.
1779989274.7610261,0.0000000000,1779989274.7610261,0.
1779989274.861026,0.0000000000,1779989274.861026,0.
1779989274.961026,0.0000000000,1779989274.961026,0.
1779989275.061026,0.0000000000,1779989275.061026,0.
1779989275.161026,0.0000000000,1779989275.161026,0.
1779989275.2610261,0.0000000000,1779989275.2610261,0.
1779989275.361026,0.0000000000,1779989275.361026,0.
1779989275.461026,0.0000000000,1779989275.461026,0.
1779989275.561026,0.0000000000,1779989275.561026,0.
1779989275.661026,0.0000000000,1779989275.661026,0.
1779989275.7610261,0.0000000000,1779989275.7610261,0.
1779989275.861026,0.0000000000,1779989275.861026,0.
1779989275.961026,0.0000000000,1779989275.961026,0.
1779989276.061026,0.0000000000,1779989276.061026,0.
1779989276.161026,0.0000000000,1779989276.161026,0.
1779989276.2610261,0.0000000000,1779989276.2610261,0.
1779989276.361026,0.0000000000,1779989276.361026,0.
1779989276.461026,0.0000000000,1779989276.461026,0.
1779989276.561026,0.0000000000,1779989276.561026,0.
1779989276.661026,0.0000000000,1779989276.661026,0.
1779989276.7610261,0.0000000000,1779989276.7610261,0.
1779989276.861026,0.0000000000,1779989276.861026,0.
1779989276.961026,0.0000000000,1779989276.961026,0.
1779989277.061026,0.0000000000,1779989277.061026,0.
1779989277.161026,0.0000000000,1779989277.161026,0.
1779989277.2610261,0.0000000000,1779989277.2610261,0.
1779989277.361026,0.0000000000,1779989277.361026,0.
1779989277.461026,0.0000000000,1779989277.461026,0.
1779989277.561026,0.0000000000,1779989277.561026,0.
1779989277.661026,0.0000000000,1779989277.661026,0.
1779989277.7610261,0.0000000000,1779989277.7610261,0.
1779989277.861026,0.0000000000,1779989277.861026,0.
1779989277.961026,0.0000000000,1779989277.961026,0.
1779989278.061026,0.0000000000,1779989278.061026,0.
1779989278.161026,0.0000000000,1779989278.161026,0.
1779989278.2610261,0.0000000000,1779989278.2610261,0.
1779989278.361026,0.0000000000,1779989278.361026,0.
1779989278.461026,0.0000000000,1779989278.461026,0.
1779989278.561026,0.0000000000,1779989278.561026,0.
1779989278.661026,0.0000000000,1779989278.661026,0.
1779989278.7610261,0.0000000000,1779989278.7610261,0.
1779989278.861026,0.0000000000,1779989278.861026,0.
1779989278.961026,0.0000000000,1779989278.961026,0.
1779989279.061026,0.0000000000,1779989279.061026,0.
1779989279.161026,0.0000000000,1779989279.161026,0.
1779989279.2610261,0.0000000000,1779989279.2610261,0.
1779989279.361026,0.0000000000,1779989279.361026,0.
1779989279.461026,0.0000000000,1779989279.461026,0.
1779989279.561026,0.0000000000,1779989279.561026,0.
1779989279.661026,0.0000000000,1779989279.661026,0.
1779989279.7610261,0.0000000000,1779989279.7610261,0.
1779989279.861026,0.0000000000,1779989279.861026,0.
1779989279.961026,0.0000000000,1779989279.961026,0.
1779989280.061026,0.0000000000,1779989280.061026,0.
1779989280.161026,0.0000000000,1779989280.161026,0.
1779989280.2610261,0.0000000000,1779989280.2610261,0.
1779989280.361026,0.0000000000,1779989280.361026,0.
1779989280.461026,0.0000000000,1779989280.461026,0.
1779989280.561026,0.0000000000,1779989280.561026,0.
1779989280.661026,0.0000000000,1779989280.661026,0.
1779989280.7610261,0.0000000000,1779989280.7610261,0.
1779989280.861026,0.0000000000,1779989280.861026,0.
1779989280.961026,0.0000000000,1779989280.961026,0.
1779989281.061026,0.0000000000,1779989281.061026,0.
1779989281.161026,0.0000000000,1779989281.161026,0.
1779989281.2610261,0.0000000000,1779989281.2610261,0.
1779989281.361026,0.0000000000,1779989281.361026,0.
1779989281.461026,0.0000000000,1779989281.461026,0.
1779989281.561026,0.0000000000,1779989281.561026,0.
1779989281.661026,0.0000000000,1779989281.661026,0.
1779989281.7610261,0.0000000000,1779989281.7610261,0.
1779989281.861026,0.0000000000,1779989281.861026,0.
1779989281.961026,0.0000000000,1779989281.961026,0.
1779989282.061026,0.0000000000,1779989282.061026,0.
1779989282.161026,0.0000000000,1779989282.161026,0.
1779989282.2610261,0.0000000000,1779989282.2610261,0.
1779989282.361026,0.0000000000,1779989282.361026,0.
1779989282.461026,0.0000000000,1779989282.461026,0.
1779989282.561026,0.0000000000,1779989282.561026,0.
1779989282.661026,0.0000000000,1779989282.661026,0.
1779989282.7610261,0.0000000000,1779989282.7610261,0.
1779989282.861026,0.0000000000,1779989282.861026,0.
1779989282.961026,0.0000000000,1779989282.961026,0.
1779989283.061026,0.0000000000,1779989283.061026,0.
1779989283.161026,0.0000000000,1779989283.161026,0.
1779989283.2610261,0.0000000000,1779989283.2610261,0.
1779989283.361026,0.0000000000,1779989283.361026,0.
1779989283.461026,0.0000000000,1779989283.461026,0.
1779989283.561026,0.0000000000,1779989283.561026,0.
1779989283.661026,0.0000000000,1779989283.661026,0.
1779989283.7610261,0.0000000000,1779989283.7610261,0.
1779989283.861026,0.0000000000,1779989283.861026,0.
1779989283.961026,0.0000000000,1779989283.961026,0.
1779989284.061026,0.0000000000,1779989284.061026,0.
1779989284.161026,0.0000000000,1779989284.161026,0.
1779989284.2610261,0.0000000000,1779989284.2610261,0.
1779989284.361026,0.0000000000,1779989284.361026,0.
1779989284.461026,0.0000000000,1779989284.461026,0.
1779989284.561026,0.0000000000,1779989284.561026,0.
1779989284.661026,0.0000000000,1779989284.661026,0.
1779989284.7610261,0.0000000000,1779989284.7610261,0.
1779989284.861026,0.0000000000,1779989284.861026,0.
1779989284.961026,0.0000000000,1779989284.961026,0.
1779989285.061026,0.0000000000,1779989285.061026,0.
1779989285.161026,0.0000000000,1779989285.161026,0.
1779989285.2610261,0.0000000000,1779989285.2610261,0.
1779989285.361026,0.0000000000,1779989285.361026,0.
1779989285.461026,0.0000000000,1779989285.461026,0.
1779989285.561026,0.0000000000,1779989285.561026,0.
1779989285.661026,0.0000000000,1779989285.661026,0.
1779989285.7610261,0.0000000000,1779989285.7610261,0.
1779989285.861026,0.0000000000,1779989285.861026,0.
1779989285.961026,0.0000000000,1779989285.961026,0.
1779989286.061026,0.0000000000,1779989286.061026,0.
1779989286.161026,0.0000000000,1779989286.161026,0.
1779989286.2610261,0.0000000000,1779989286.2610261,0.
1779989286.361026,0.0000000000,1779989286.361026,0.
1779989286.461026,0.0000000000,1779989286.461026,0.
1779989286.561026,0.0000000000,1779989286.561026,0.
1779989286.661026,0.0000000000,1779989286.661026,0.
1779989286.7610261,0.0000000000,1779989286.7610261,0.
1779989286.861026,0.0000000000,1779989286.861026,0.
1779989286.961026,0.0000000000,1779989286.961026,0.
1779989287.061026,0.0000000000,1779989287.061026,0.
1779989287.161026,0.0000000000,1779989287.161026,0.
1779989287.2610261,0.0000000000,1779989287.2610261,0.
1779989287.361026,0.0000000000,1779989287.361026,0.
1779989287.461026,0.0000000000,1779989287.461026,0.
1779989287.561026,0.0000000000,1779989287.561026,0.
1779989287.661026,0.0000000000,1779989287.661026,0.
1779989287.7610261,0.0000000000,1779989287.7610261,0.
1779989287.861026,0.0000000000,1779989287.861026,0.
1779989287.961026,0.0000000000,1779989287.961026,0.
1779989288.061026,0.0000000000,1779989288.061026,0.
1779989288.161026,0.0000000000,1779989288.161026,0.
1779989288.2610261,0.0000000000,1779989288.2610261,0.
1779989288.361026,0.0000000000,1779989288.361026,0.
1779989288.461026,0.0000000000,1779989288.461026,0.
1779989288.561026,0.0000000000,1779989288.561026,0.
1779989288.661026,0.0000000000,1779989288.661026,0.
1779989288.7610261,0.0000000000,1779989288.7610261,0.
1779989288.861026,0.0000000000,1779989288.861026,0.
1779989288.961026,0.0000000000,1779989288.961026,0.
1779989289.061026,0.0000000000,1779989289.061026,0.
1779989289.161026,0.0000000000,1779989289.161026,0.
1779989289.2610261,0.0000000000,1779989289.2610261,0.
1779989289.361026,0.0000000000,1779989289.361026,0.
1779989289.461026,0.0000000000,1779989289.461026,0.
1779989289.561026,0.0000000000,1779989289.561026,0.
1779989289.661026,0.0000000000,1779989289.661026,0.
1779989289.7610261,0.0000000000,1779989289.7610261,0.
1779989289.861026,0.0000000000,1779989289.861026,0.
1779989289.961026,0.0000000000,1779989289.961026,0.
1779989290.061026,0.0000000000,1779989290.061026,0.
1779989290.161026,0.0000000000,1779989290.161026,0.
1779989290.2610261,0.0000000000,1779989290.2610261,0.
1779989290.361026,0.0000000000,1779989290.361026,0.
1779989290.461026,0.0000000000,1779989290.461026,0.
1779989290.561026,0.0000000000,1779989290.561026,0.
1779989290.661026,0.0000000000,1779989290.661026,0.
1779989290.7610261,0.0000000000,1779989290.7610261,0.
1779989290.861026,0.0000000000,1779989290.861026,0.
1779989290.961026,0.0000000000,1779989290.961026,0.
1779989291.061026,0.0000000000,1779989291.061026,0.
1779989291.161026,0.0000000000,1779989291.161026,0.
1779989291.2610261,0.0000000000,1779989291.2610261,0.
1779989291.361026,0.0000000000,1779989291.361026,0.
1779989291.461026,0.0000000000,1779989291.461026,0.
1779989291.561026,0.0000000000,1779989291.561026,0.
1779989291.661026,0.0000000000,1779989291.661026,0.
1779989291.7610261,0.0000000000,1779989291.7610261,0.
1779989291.861026,0.0000000000,1779989291.861026,0.
1779989291.961026,0.0000000000,1779989291.961026,0.
1779989292.061026,0.0000000000,1779989292.061026,0.
1779989292.161026,0.0000000000,1779989292.161026,0.
1779989292.2610261,0.0000000000,1779989292.2610261,0.
1779989292.361026,0.0000000000,1779989292.361026,0.
1779989292.461026,0.0000000000,1779989292.461026,0.
1779989292.561026,0.0000000000,1779989292.561026,0.
1779989292.661026,0.0000000000,1779989292.661026,0.
1779989292.7610261,0.0000000000,1779989292.7610261,0.
1779989292.861026,0.0000000000,1779989292.861026,0.
1779989292.961026,0.0000000000,1779989292.961026,0.
1779989293.061026,0.0000000000,1779989293.061026,0.
1779989293.161026,0.0000000000,1779989293.161026,0.
1779989293.2610261,0.0000000000,1779989293.2610261,0.
1779989293.361026,0.0000000000,1779989293.361026,0.
1779989293.461026,0.0000000000,1779989293.461026,0.
1779989293.561026,0.0000000000,1779989293.561026,0.
1779989293.661026,0.0000000000,1779989293.661026,0.
1779989293.7610261,0.0000000000,1779989293.7610261,0.
1779989293.861026,0.0000000000,1779989293.861026,0.
1779989293.961026,0.0000000000,1779989293.961026,0.
1779989294.061026,0.0000000000,1779989294.061026,0.
1779989294.161026,0.0000000000,1779989294.161026,0.
1779989294.2610261,0.0000000000,1779989294.2610261,0.
1779989294.361026,0.0000000000,1779989294.361026,0.
1779989294.461026,0.0000000000,1779989294.461026,0.
1779989294.561026,0.0000000000,1779989294.561026,0.
1779989294.661026,0.0000000000,1779989294.661026,0.
1779989294.7610261,0.0000000000,1779989294.7610261,0.
1779989294.861026,0.0000000000,1779989294.861026,0.
1779989294.961026,0.0000000000,1779989294.961026,0.
1779989295.061026,0.0000000000,1779989295.061026,0.
1779989295.161026,0.0000000000,1779989295.161026,0.
1779989295.2610261,0.0000000000,1779989295.2610261,0.
1779989295.361026,0.0000000000,1779989295.361026,0.
1779989295.461026,0.0000000000,1779989295.461026,0.
1779989295.561026,0.0000000000,1779989295.561026,0.
1779989295.661026,0.0000000000,1779989295.661026,0.
1779989295.7610261,0.0000000000,1779989295.7610261,0.
1779989295.861026,0.0000000000,1779989295.861026,0.
1779989295.961026,0.0000000000,1779989295.961026,0.
1779989296.061026,0.0000000000,1779989296.061026,0.
1779989296.161026,0.0000000000,1779989296.161026,0.
1779989296.2610261,0.0000000000,1779989296.2610261,0.
1779989296.361026,0.0000000000,1779989296.361026,0.
1779989296.461026,0.0000000000,1779989296.461026,0.
1779989296.561026,0.0000000000,1779989296.561026,0.
1779989296.661026,0.0000000000,1779989296.661026,0.
1779989296.7610261,0.0000000000,1779989296.7610261,0.
1779989296.861026,0.0000000000,1779989296.861026,0.
1779989296.961026,0.0000000000,1779989296.961026,0.
1779989297.061026,0.0000000000,1779989297.061026,0.
1779989297.161026,0.0000000000,1779989297.161026,0.
1779989297.2610261,0.0000000000,1779989297.2610261,0.
1779989297.361026,0.0000000000,1779989297.361026,0.
1779989297.461026,0.0000000000,1779989297.461026,0.
1779989297.561026,0.0000000000,1779989297.561026,0.
1779989297.661026,0.0000000000,1779989297.661026,0.
1779989297.7610261,0.0000000000,1779989297.7610261,0.
1779989297.861026,0.0000000000,1779989297.861026,0.
1779989297.961026,0.0000000000,1779989297.961026,0.
1779989298.061026,0.0000000000,1779989298.061026,0.
1779989298.161026,0.0000000000,1779989298.161026,0.
1779989298.2610261,0.0000000000,1779989298.2610261,0.
1779989298.361026,0.0000000000,1779989298.361026,0.
1779989298.461026,0.0000000000,1779989298.461026,0.
1779989298.561026,0.0000000000,1779989298.561026,0.
1779989298.661026,0.0000000000,1779989298.661026,0.
1779989298.7610261,0.0000000000,1779989298.7610261,0.
1779989298.861026,0.0000000000,1779989298.861026,0.
1779989298.961026,0.0000000000,1779989298.961026,0.
1779989299.061026,0.0000000000,1779989299.061026,0.
1779989299.161026,0.0000000000,1779989299.161026,0.
1779989299.2610261,0.0000000000,1779989299.2610261,0.
1779989299.361026,0.0000000000,1779989299.361026,0.
1779989299.461026,0.0000000000,1779989299.461026,0.
1779989299.561026,0.0000000000,1779989299.561026,0.
1779989299.661026,0.0000000000,1779989299.661026,0.
1779989299.7610261,0.0000000000,1779989299.7610261,0.
1779989299.861026,0.0000000000,1779989299.861026,0.
1779989299.961026,0.0000000000,1779989299.961026,0.
1779989300.061026,0.0000000000,1779989300.061026,0.
1779989300.161026,0.0000000000,1779989300.161026,0.
1779989300.2610261,0.0000000000,1779989300.2610261,0.
1779989300.361026,0.0000000000,1779989300.361026,0.
1779989300.461026,0.0000000000,1779989300.461026,0.
1779989300.561026,0.0000000000,1779989300.561026,0.
1779989300.661026,0.0000000000,1779989300.661026,0.
1779989300.7610261,0.0000000000,1779989300.7610261,0.
1779989300.861026,0.0000000000,1779989300.861026,0.
1779989300.961026,0.0000000000,1779989300.961026,0.
1779989301.061026,0.0000000000,1779989301.061026,0.
1779989301.161026,0.0000000000,1779989301.161026,0.
1779989301.2610261,0.0000000000,1779989301.2610261,0.
1779989301.361026,0.0000000000,1779989301.361026,0.
1779989301.461026,0.0000000000,1779989301.461026,0.
1779989301.561026,0.0000000000,1779989301.561026,0.
1779989301.661026,0.0000000000,1779989301.661026,0.
1779989301.7610261,0.0000000000,1779989301.7610261,0.
1779989301.861026,0.0000000000,1779989301.861026,0.
1779989301.961026,0.0000000000,1779989301.961026,0.
1779989302.061026,0.0000000000,1779989302.061026,0.
1779989302.161026,0.0000000000,1779989302.161026,0.
1779989302.2610261,0.0000000000,1779989302.2610261,0.
1779989302.361026,0.0000000000,1779989302.361026,0.
1779989302.461026,0.0000000000,1779989302.461026,0.
1779989302.561026,0.0000000000,1779989302.561026,0.
1779989302.661026,0.0000000000,1779989302.661026,0.
1779989302.7610261,0.0000000000,1779989302.7610261,0.
1779989302.861026,0.0000000000,1779989302.861026,0.
1779989302.961026,0.0000000000,1779989302.961026,0.
1779989303.061026,0.0000000000,1779989303.061026,0.
1779989303.161026,0.0000000000,1779989303.161026,0.
1779989303.2610261,0.0000000000,1779989303.2610261,0.
1779989303.361026,0.0000000000,1779989303.361026,0.
1779989303.461026,0.0000000000,1779989303.461026,0.
1779989303.561026,0.0000000000,1779989303.561026,0.
1779989303.661026,0.0000000000,1779989303.661026,0.
1779989303.7610261,0.0000000000,1779989303.7610261,0.
1779989303.861026,0.0000000000,1779989303.861026,0.
1779989303.961026,0.0000000000,1779989303.961026,0.
1779989304.061026,0.0000000000,1779989304.061026,0.
1779989304.161026,0.0000000000,1779989304.161026,0.
1779989304.2610261,0.0000000000,1779989304.2610261,0.
1779989304.361026,0.0000000000,1779989304.361026,0.
1779989304.461026,0.0000000000,1779989304.461026,0.
1779989304.561026,0.0000000000,1779989304.561026,0.
1779989304.661026,0.0000000000,1779989304.661026,0.
1779989304.7610261,0.0000000000,1779989304.7610261,0.
1779989304.861026,0.0000000000,1779989304.861026,0.
1779989304.961026,0.0000000000,1779989304.961026,0.
1779989305.061026,0.0000000000,1779989305.061026,0.
1779989305.161026,0.0000000000,1779989305.161026,0.
1779989305.2610261,0.0000000000,1779989305.2610261,0.
1779989305.361026,0.0000000000,1779989305.361026,0.
1779989305.461026,0.0000000000,1779989305.461026,0.
1779989305.561026,0.0000000000,1779989305.561026,0.
1779989305.661026,0.0000000000,1779989305.661026,0.
1779989305.7610261,0.0000000000,1779989305.7610261,0.
1779989305.861026,0.0000000000,1779989305.861026,0.
1779989305.961026,0.0000000000,1779989305.961026,0.
1779989306.061026,0.0000000000,1779989306.061026,0.
1779989306.161026,0.0000000000,1779989306.161026,0.
1779989306.2610261,0.0000000000,1779989306.2610261,0.
1779989306.361026,0.0000000000,1779989306.361026,0.
1779989306.461026,0.0000000000,1779989306.461026,0.
1779989306.561026,0.0000000000,1779989306.561026,0.
1779989306.661026,0.0000000000,1779989306.661026,0.
1779989306.7610261,0.0000000000,1779989306.7610261,0.
1779989306.861026,0.0000000000,1779989306.861026,0.
1779989306.961026,0.0000000000,1779989306.961026,0.
1779989307.061026,0.0000000000,1779989307.061026,0.
1779989307.161026,0.0000000000,1779989307.161026,0.
1779989307.2610261,0.0000000000,1779989307.2610261,0.
1779989307.361026,0.0000000000,1779989307.361026,0.
1779989307.461026,0.0000000000,1779989307.461026,0.
1779989307.561026,0.0000000000,1779989307.561026,0.
1779989307.661026,0.0000000000,1779989307.661026,0.
1779989307.7610261,0.0000000000,1779989307.7610261,0.
1779989307.861026,0.0000000000,1779989307.861026,0.
1779989307.961026,0.0000000000,1779989307.961026,0.
1779989308.061026,0.0000000000,1779989308.061026,0.
1779989308.161026,0.0000000000,1779989308.161026,0.
1779989308.2610261,0.0000000000,1779989308.2610261,0.
1779989308.361026,0.0000000000,1779989308.361026,0.
1779989308.461026,0.0000000000,1779989308.461026,0.
1779989308.561026,0.0000000000,1779989308.561026,0.
1779989308.661026,0.0000000000,1779989308.661026,0.
1779989308.7610261,0.0000000000,1779989308.7610261,0.
1779989308.861026,0.0000000000,1779989308.861026,0.
1779989308.961026,0.0000000000,1779989308.961026,0.
1779989309.061026,0.0000000000,1779989309.061026,0.
1779989309.161026,0.0000000000,1779989309.161026,0.
1779989309.2610261,0.0000000000,1779989309.2610261,0.
1779989309.361026,0.0000000000,1779989309.361026,0.
1779989309.461026,0.0000000000,1779989309.461026,0.
1779989309.561026,0.0000000000,1779989309.561026,0.
1779989309.661026,0.0000000000,1779989309.661026,0.
1779989309.7610261,0.0000000000,1779989309.7610261,0.
1779989309.861026,0.0000000000,1779989309.861026,0.
1779989309.961026,0.0000000000,1779989309.961026,0.
1779989310.061026,0.0000000000,1779989310.061026,0.
1779989310.161026,0.0000000000,1779989310.161026,0.
1779989310.2610261,0.0000000000,1779989310.2610261,0.
1779989310.361026,0.0000000000,1779989310.361026,0.
1779989310.461026,0.0000000000,1779989310.461026,0.
1779989310.561026,0.0000000000,1779989310.561026,0.
1779989310.661026,0.0000000000,1779989310.661026,0.
1779989310.7610261,0.0000000000,1779989310.7610261,0.
1779989310.861026,0.0000000000,1779989310.861026,0.
1779989310.961026,0.0000000000,1779989310.961026,0.
1779989311.061026,0.0000000000,1779989311.061026,0.
1779989311.161026,0.0000000000,1779989311.161026,0.
1779989311.2610261,0.0000000000,1779989311.2610261,0.
1779989311.361026,0.0000000000,1779989311.361026,0.
1779989311.461026,0.0000000000,1779989311.461026,0.
1779989311.561026,0.0000000000,1779989311.561026,0.
1779989311.661026,0.0000000000,1779989311.661026,0.
1779989311.7610261,0.0000000000,1779989311.7610261,0.
1779989311.861026,0.0000000000,1779989311.861026,0.
1779989311.961026,0.0000000000,1779989311.961026,0.
1779989312.061026,0.0000000000,1779989312.061026,0.
1779989312.161026,0.0000000000,1779989312.161026,0.
1779989312.2610261,0.0000000000,1779989312.2610261,0.
1779989312.361026,0.0000000000,1779989312.361026,0.
1779989312.461026,0.0000000000,1779989312.461026,0.
1779989312.561026,0.0000000000,1779989312.561026,0.
1779989312.661026,0.0000000000,1779989312.661026,0.
1779989312.7610261,0.0000000000,1779989312.7610261,0.
1779989312.861026,0.0000000000,1779989312.861026,0.
1779989312.961026,0.0000000000,1779989312.961026,0.
1779989313.061026,0.0000000000,1779989313.061026,0.
1779989313.161026,0.0000000000,1779989313.161026,0.
1779989313.2610261,0.0000000000,1779989313.2610261,0.
1779989313.361026,0.0000000000,1779989313.361026,0.
1779989313.461026,0.0000000000,1779989313.461026,0.
1779989313.561026,0.0000000000,1779989313.561026,0.
1779989313.661026,0.0000000000,1779989313.661026,0.
1779989313.7610261,0.0000000000,1779989313.7610261,0.
1779989313.861026,0.0000000000,1779989313.861026,0.
1779989313.961026,0.0000000000,1779989313.961026,0.
1779989314.061026,0.0000000000,1779989314.061026,0.
1779989314.161026,0.0000000000,1779989314.161026,0.
1779989314.2610261,0.0000000000,1779989314.2610261,0.
1779989314.361026,0.0000000000,1779989314.361026,0.
1779989314.461026,0.0000000000,1779989314.461026,0.
1779989314.561026,0.0000000000,1779989314.561026,0.
1779989314.661026,0.0000000000,1779989314.661026,0.
1779989314.7610261,0.0000000000,1779989314.7610261,0.
1779989314.861026,0.0000000000,1779989314.861026,0.
1779989314.961026,0.0000000000,1779989314.961026,0.
1779989315.061026,0.0000000000,1779989315.061026,0.
1779989315.161026,0.0000000000,1779989315.161026,0.
1779989315.2610261,0.0000000000,1779989315.2610261,0.
1779989315.361026,0.0000000000,1779989315.361026,0.
1779989315.461026,0.0000000000,1779989315.461026,0.
1779989315.561026,0.0000000000,1779989315.561026,0.
1779989315.661026,0.0000000000,1779989315.661026,0.
1779989315.7610261,0.0000000000,1779989315.7610261,0.
1779989315.861026,0.0000000000,1779989315.861026,0.
1779989315.961026,0.0000000000,1779989315.961026,0.
1779989316.061026,0.0000000000,1779989316.061026,0.
1779989316.161026,0.0000000000,1779989316.161026,0.
1779989316.2610261,0.0000000000,1779989316.2610261,0.
1779989316.361026,0.0000000000,1779989316.361026,0.
1779989316.461026,0.0000000000,1779989316.461026,0.
1779989316.561026,0.0000000000,1779989316.561026,0.
1779989316.661026,0.0000000000,1779989316.661026,0.
1779989316.7610261,0.0000000000,1779989316.7610261,0.
1779989316.861026,0.0000000000,1779989316.861026,0.
1779989316.961026,0.0000000000,1779989316.961026,0.
1779989317.061026,0.0000000000,1779989317.061026,0.
1779989317.161026,0.0000000000,1779989317.161026,0.
1779989317.2610261,0.0000000000,1779989317.2610261,0.
1779989317.361026,0.0000000000,1779989317.361026,0.
1779989317.461026,0.0000000000,1779989317.461026,0.
1779989317.561026,0.0000000000,1779989317.561026,0.
1779989317.661026,0.0000000000,1779989317.661026,0.
1779989317.7610261,0.0000000000,1779989317.7610261,0.
1779989317.861026,0.0000000000,1779989317.861026,0.
1779989317.961026,0.0000000000,1779989317.961026,0.
1779989318.061026,0.0000000000,1779989318.061026,0.
1779989318.161026,0.0000000000,1779989318.161026,0.
1779989318.2610261,0.0000000000,1779989318.2610261,0.
1779989318.361026,0.0000000000,1779989318.361026,0.
1779989318.461026,0.0000000000,1779989318.461026,0.
1779989318.561026,0.0000000000,1779989318.561026,0.
1779989318.661026,0.0000000000,1779989318.661026,0.
1779989318.7610261,0.0000000000,1779989318.7610261,0.
1779989318.861026,0.0000000000,1779989318.861026,0.
1779989318.961026,0.0000000000,1779989318.961026,0.
1779989319.061026,0.0000000000,1779989319.061026,0.
1779989319.161026,0.0000000000,1779989319.161026,0.
1779989319.2610261,0.0000000000,1779989319.2610261,0.
1779989319.361026,0.0000000000,1779989319.361026,0.
1779989319.461026,0.0000000000,1779989319.461026,0.
1779989319.561026,0.0000000000,1779989319.561026,0.
1779989319.661026,0.0000000000,1779989319.661026,0.
1779989319.7610261,0.0000000000,1779989319.7610261,0.
1779989319.861026,0.0000000000,1779989319.861026,0.
1779989319.961026,0.0000000000,1779989319.961026,0.
1779989320.061026,0.0000000000,1779989320.061026,0.
1779989320.161026,0.0000000000,1779989320.161026,0.
1779989320.2610261,0.0000000000,1779989320.2610261,0.
1779989320.361026,0.0000000000,1779989320.361026,0.
1779989320.461026,0.0000000000,1779989320.461026,0.
1779989320.561026,0.0000000000,1779989320.561026,0.
1779989320.661026,0.0000000000,1779989320.661026,0.
1779989320.7610261,0.0000000000,1779989320.7610261,0.
1779989320.861026,0.0000000000,1779989320.861026,0.
1779989320.961026,0.0000000000,1779989320.961026,0.
1779989321.061026,0.0000000000,1779989321.061026,0.
1779989321.161026,0.0000000000,1779989321.161026,0.
1779989321.2610261,0.0000000000,1779989321.2610261,0.
1779989321.361026,0.0000000000,1779989321.361026,0.
1779989321.461026,0.0000000000,1779989321.461026,0.
1779989321.561026,0.0000000000,1779989321.561026,0.
1779989321.661026,0.0000000000,1779989321.661026,0.
1779989321.7610261,0.0000000000,1779989321.7610261,0.
1779989321.861026,0.0000000000,1779989321.861026,0.
1779989321.961026,0.0000000000,1779989321.961026,0.
1779989322.061026,0.0000000000,1779989322.061026,0.
1779989322.161026,0.0000000000,1779989322.161026,0.
1779989322.2610261,0.0000000000,1779989322.2610261,0.
1779989322.361026,0.0000000000,1779989322.361026,0.
1779989322.461026,0.,1779989322.461026,200.
1779989322.561026,0.,1779989322.561026,200.
1779989322.661026,0.,1779989322.661026,200.
1779989322.7610261,0.,1779989322.7610261,200.
1779989322.861026,0.,1779989322.861026,200.
1779989322.961026,0.,1779989322.961026,200.
1779989323.061026,0.,1779989323.061026,200.
1779989323.161026,0.,1779989323.161026,200.
1779989323.2610261,0.,1779989323.2610261,200.
1779989323.361026,0.,1779989323.361026,200.
1779989323.461026,0.,1779989323.461026,200.
1779989323.561026,0.,1779989323.561026,200.
1779989323.661026,0.,1779989323.661026,200.
1779989323.7610261,0.,1779989323.7610261,200.
1779989323.861026,0.,1779989323.861026,200.
1779989323.961026,0.,1779989323.961026,200.
1779989324.061026,0.,1779989324.061026,200.
1779989324.161026,0.,1779989324.161026,200.
1779989324.2610261,0.,1779989324.2610261,200.
1779989324.361026,0.,1779989324.361026,200.
1779989324.461026,0.,1779989324.461026,200.
1779989324.561026,0.,1779989324.561026,200.
1779989324.661026,0.,1779989324.661026,200.
1779989324.7610261,0.,1779989324.7610261,200.
1779989324.861026,0.,1779989324.861026,200.
1779989324.961026,0.,1779989324.961026,200.
1779989325.061026,0.,1779989325.061026,200.
1779989325.161026,0.,1779989325.161026,200.
1779989325.2610261,0.,1779989325.2610261,200.
1779989325.361026,0.,1779989325.361026,200.
1779989325.461026,0.,1779989325.461026,200.
1779989325.561026,0.,1779989325.561026,200.
1779989325.661026,0.,1779989325.661026,200.
1779989325.7610261,0.,1779989325.7610261,200.
1779989325.861026,0.,1779989325.861026,200.
1779989325.961026,0.,1779989325.961026,200.
1779989326.061026,0.,1779989326.061026,200.
1779989326.161026,0.,1779989326.161026,200.
1779989326.2610261,0.,1779989326.2610261,200.
1779989326.361026,0.,1779989326.361026,200.
1779989326.461026,0.,1779989326.461026,200.
1779989326.561026,0.,1779989326.561026,200.
1779989326.661026,0.,1779989326.661026,200.
1779989326.7610261,0.,1779989326.7610261,200.
1779989326.861026,0.,1779989326.861026,200.
1779989326.961026,0.,1779989326.961026,200.
1779989327.061026,0.,1779989327.061026,200.
1779989327.161026,0.,1779989327.161026,200.
1779989327.2610261,0.,1779989327.2610261,200.
1779989327.361026,0.,1779989327.361026,200.
1779989327.461026,0.,1779989327.461026,200.
1779989327.561026,0.,1779989327.561026,200.
1779989327.661026,0.,1779989327.661026,200.
1779989327.7610261,0.,1779989327.7610261,200.
1779989327.861026,0.,1779989327.861026,200.
1779989327.961026,0.,1779989327.961026,200.
1779989328.061026,0.,1779989328.061026,200.
1779989328.161026,0.,1779989328.161026,200.
1779989328.2610261,0.,1779989328.2610261,200.
1779989328.361026,0.,1779989328.361026,200.
1779989328.461026,0.,1779989328.461026,200.
1779989328.561026,0.,1779989328.561026,200.
1779989328.661026,0.,1779989328.661026,200.
1779989328.7610261,0.,1779989328.7610261,200.
1779989328.861026,0.,1779989328.861026,200.
1779989328.961026,0.,1779989328.961026,200.
1779989329.061026,0.,1779989329.061026,200.
1779989329.161026,0.,1779989329.161026,200.
1779989329.2610261,0.,1779989329.2610261,200.
1779989329.361026,0.,1779989329.361026,200.
1779989329.461026,0.,1779989329.461026,200.
1779989329.561026,0.,1779989329.561026,200.
1779989329.661026,0.,1779989329.661026,200.
1779989329.7610261,0.,1779989329.7610261,200.
1779989329.861026,0.,1779989329.861026,200.
1779989329.961026,0.,1779989329.961026,200.
1779989330.061026,0.,1779989330.061026,200.
1779989330.161026,0.,1779989330.161026,200.
1779989330.2610261,0.,1779989330.2610261,200.
1779989330.361026,0.,1779989330.361026,200.
1779989330.461026,0.,1779989330.461026,200.
1779989330.561026,0.,1779989330.561026,200.
1779989330.661026,0.,1779989330.661026,200.
1779989330.7610261,0.,1779989330.7610261,200.
1779989330.861026,0.,1779989330.861026,200.
1779989330.961026,0.,1779989330.961026,200.
1779989331.061026,0.,1779989331.061026,200.
1779989331.161026,0.,1779989331.161026,200.
1779989331.2610261,0.,1779989331.2610261,200.
1779989331.361026,0.,1779989331.361026,200.
1779989331.461026,0.,1779989331.461026,200.
1779989331.561026,0.,1779989331.561026,200.
1779989331.661026,0.,1779989331.661026,200.
1779989331.7610261,0.,1779989331.7610261,200.
1779989331.861026,0.,1779989331.861026,200.
1779989331.961026,0.,1779989331.961026,200.
1779989332.061026,0.,1779989332.061026,200.
1779989332.161026,0.,1779989332.161026,200.
1779989332.2610261,0.,1779989332.2610261,200.
1779989332.361026,0.,1779989332.361026,200.
1779989332.461026,0.,1779989332.461026,200.
1779989332.561026,0.,1779989332.561026,200.
1779989332.661026,0.,1779989332.661026,200.
1779989332.7610261,0.,1779989332.7610261,200.
1779989332.861026,0.,1779989332.861026,200.
1779989332.961026,0.,1779989332.961026,200.
1779989333.061026,0.,1779989333.061026,200.
1779989333.161026,0.,1779989333.161026,200.
1779989333.2610261,0.,1779989333.2610261,200.
1779989333.361026,0.,1779989333.361026,200.
1779989333.461026,0.,1779989333.461026,200.
1779989333.561026,0.,1779989333.561026,200.
1779989333.661026,0.,1779989333.661026,200.
1779989333.7610261,0.,1779989333.7610261,200.
1779989333.861026,0.,1779989333.861026,200.
1779989333.961026,0.,1779989333.961026,200.
1779989334.061026,0.,1779989334.061026,200.
1779989334.161026,0.,1779989334.161026,200.
1779989334.2610261,0.,1779989334.2610261,200.
1779989334.361026,0.,1779989334.361026,200.
1779989334.461026,0.,1779989334.461026,200.
1779989334.561026,0.,1779989334.561026,200.
1779989334.661026,0.,1779989334.661026,200.
1779989334.7610261,0.,1779989334.7610261,200.
1779989334.861026,0.,1779989334.861026,200.
1779989334.961026,0.,1779989334.961026,200.
1779989335.061026,0.,1779989335.061026,200.
1779989335.161026,0.,1779989335.161026,200.
1779989335.2610261,0.,1779989335.2610261,200.
1779989335.361026,0.,1779989335.361026,200.
1779989335.461026,0.,1779989335.461026,200.
1779989335.561026,0.,1779989335.561026,200.
1779989335.661026,0.,1779989335.661026,200.
1779989335.7610261,0.,1779989335.7610261,200.
1779989335.861026,0.,1779989335.861026,200.
1779989335.961026,0.,1779989335.961026,200.
1779989336.061026,0.,1779989336.061026,200.
1779989336.161026,0.,1779989336.161026,200.
1779989336.2610261,0.,1779989336.2610261,200.
1779989336.361026,0.,1779989336.361026,200.
1779989336.461026,0.,1779989336.461026,200.
1779989336.561026,0.,1779989336.561026,200.
1779989336.661026,0.,1779989336.661026,200.
1779989336.7610261,0.,1779989336.7610261,200.
1779989336.861026,0.,1779989336.861026,200.
1779989336.961026,0.,1779989336.961026,200.
1779989337.061026,0.,1779989337.061026,200.
1779989337.161026,0.,1779989337.161026,200.
1779989337.2610261,0.,1779989337.2610261,200.
1779989337.361026,0.,1779989337.361026,200.
1779989337.461026,0.,1779989337.461026,200.
1779989337.561026,0.,1779989337.561026,200.
1779989337.661026,0.,1779989337.661026,200.
1779989337.7610261,0.,1779989337.7610261,200.
1779989337.861026,0.,1779989337.861026,200.
1779989337.961026,0.,1779989337.961026,200.
1779989338.061026,0.,1779989338.061026,200.
1779989338.161026,0.,1779989338.161026,200.
1779989338.2610261,0.,1779989338.2610261,200.
1779989338.361026,0.,1779989338.361026,200.
1779989338.461026,0.,1779989338.461026,200.
1779989338.561026,0.,1779989338.561026,200.
1779989338.661026,0.,1779989338.661026,200.
1779989338.7610261,0.,1779989338.7610261,200.
1779989338.861026,0.,1779989338.861026,200.
1779989338.961026,0.,1779989338.961026,200.
1779989339.061026,0.,1779989339.061026,200.
1779989339.161026,0.,1779989339.161026,200.
1779989339.2610261,0.,1779989339.2610261,200.
1779989339.361026,0.,1779989339.361026,200.
1779989339.461026,0.,1779989339.461026,200.
1779989339.561026,0.,1779989339.561026,200.
1779989339.661026,0.,1779989339.661026,200.
1779989339.7610261,0.,1779989339.7610261,200.
1779989339.861026,0.,1779989339.861026,200.
1779989339.961026,0.,1779989339.961026,200.
1779989340.061026,0.,1779989340.061026,200.
1779989340.161026,0.,1779989340.161026,200.
1779989340.2610261,0.,1779989340.2610261,200.
1779989340.361026,0.,1779989340.361026,200.
1779989340.461026,0.,1779989340.461026,200.
1779989340.561026,0.,1779989340.561026,200.
1779989340.661026,0.,1779989340.661026,200.
1779989340.7610261,0.,1779989340.7610261,200.
1779989340.861026,0.,1779989340.861026,200.
1779989340.961026,0.,1779989340.961026,200.
1779989341.061026,0.,1779989341.061026,200.
1779989341.161026,0.,1779989341.161026,200.
1779989341.2610261,0.,1779989341.2610261,200.
1779989341.361026,0.,1779989341.361026,200.
1779989341.461026,0.,1779989341.461026,200.
1779989341.561026,143.7270250105,1779989341.561026,200.
1779989341.661026,28.7454050021,1779989341.661026,200.
1779989341.7610261,5.7490810004,1779989341.7610261,200.
1779989341.861026,1.1498162001,1779989341.861026,200.
1779989341.961026,0.2299632400,1779989341.961026,200.
1779989342.061026,0.0459926480,1779989342.061026,200.
1779989342.161026,0.0091985296,1779989342.161026,200.
1779989342.2610261,0.0018397059,1779989342.2610261,200.
1779989342.361026,0.0003679412,1779989342.361026,200.
1779989342.461026,0.0000735882,1779989342.461026,200.
1779989342.561026,0.0000147176,1779989342.561026,200.
1779989342.661026,0.0000029435,1779989342.661026,200.
1779989342.7610261,0.0000005887,1779989342.7610261,200.
1779989342.861026,0.0000001177,1779989342.861026,200.
1779989342.961026,0.0000000235,1779989342.961026,200.
1779989343.061026,0.0000000047,1779989343.061026,200.
1779989343.161026,119.4694231512,1779989343.161026,200.
1779989343.2610261,23.8938846302,1779989343.2610261,200.
1779989343.361026,4.7787769260,1779989343.361026,200.
1779989343.461026,0.9557553852,1779989343.461026,200.
1779989343.561026,0.1911510770,1779989343.561026,200.
1779989343.661026,0.0382302154,1779989343.661026,200.
1779989343.7610261,0.0076460431,1779989343.7610261,200.
1779989343.861026,0.0015292086,1779989343.861026,200.
1779989343.961026,0.0003058417,1779989343.961026,200.
1779989344.061026,0.0000611683,1779989344.061026,200.
1779989344.161026,0.0000122337,1779989344.161026,200.
1779989344.2610261,0.0000024467,1779989344.2610261,200.
1779989344.361026,0.0000004893,1779989344.361026,200.
1779989344.461026,0.0000000979,1779989344.461026,200.
1779989344.561026,0.0000000196,1779989344.561026,200.
1779989344.661026,0.0000000039,1779989344.661026,200.
1779989344.7610261,0.0000000008,1779989344.7610261,200.
1779989344.861026,0.0000000002,1779989344.861026,200.
1779989344.961026,0.0000000000,1779989344.961026,200.
1779989345.061026,0.0000000000,1779989345.061026,200.
1779989345.161026,0.0000000000,1779989345.161026,200.
1779989345.2610261,0.0000000000,1779989345.2610261,200.
1779989345.361026,0.0000000000,1779989345.361026,200.
1779989345.461026,0.0000000000,1779989345.461026,200.
1779989345.561026,0.0000000000,1779989345.561026,200.
1779989345.661026,0.0000000000,1779989345.661026,200.
1779989345.7610261,0.0000000000,1779989345.7610261,200.
1779989345.861026,0.0000000000,1779989345.861026,200.
1779989345.961026,0.0000000000,1779989345.961026,200.
1779989346.061026,0.0000000000,1779989346.061026,200.
1779989346.161026,0.0000000000,1779989346.161026,200.
1779989346.2610261,0.0000000000,1779989346.2610261,200.
1779989346.361026,0.0000000000,1779989346.361026,200.
1779989346.461026,0.0000000000,1779989346.461026,200.
1779989346.561026,0.0000000000,1779989346.561026,200.
1779989346.661026,0.0000000000,1779989346.661026,200.
1779989346.7610261,0.0000000000,1779989346.7610261,200.
1779989346.861026,0.0000000000,1779989346.861026,200.
1779989346.961026,0.0000000000,1779989346.961026,200.
1779989347.061026,0.0000000000,1779989347.061026,200.
1779989347.161026,0.0000000000,1779989347.161026,200.
1779989347.2610261,0.0000000000,1779989347.2610261,200.
1779989347.361026,0.0000000000,1779989347.361026,200.
1779989347.461026,0.0000000000,1779989347.461026,200.
1779989347.561026,0.0000000000,1779989347.561026,200.
1779989347.661026,0.0000000000,1779989347.661026,200.
1779989347.7610261,0.0000000000,1779989347.7610261,200.
1779989347.861026,0.0000000000,1779989347.861026,200.
1779989347.961026,0.0000000000,1779989347.961026,200.
1779989348.061026,0.0000000000,1779989348.061026,200.
1779989348.161026,0.0000000000,1779989348.161026,200.
1779989348.2610261,0.0000000000,1779989348.2610261,200.
1779989348.361026,0.0000000000,1779989348.361026,200.
1779989348.461026,0.0000000000,1779989348.461026,200.
1779989348.561026,0.0000000000,1779989348.561026,200.
1779989348.661026,0.0000000000,1779989348.661026,200.
1779989348.7610261,0.0000000000,1779989348.7610261,200.
1779989348.861026,0.0000000000,1779989348.861026,200.
1779989348.961026,0.0000000000,1779989348.961026,200.
1779989349.061026,41.2820232073,1779989349.061026,200.
1779989349.161026,8.2564046415,1779989349.161026,200.
1779989349.2610261,1.6512809283,1779989349.2610261,200.
1779989349.361026,0.3302561857,1779989349.361026,200.
1779989349.461026,0.0660512371,1779989349.461026,200.
1779989349.561026,0.0132102474,1779989349.561026,200.
1779989349.661026,0.0026420495,1779989349.661026,200.
1779989349.7610261,0.0005284099,1779989349.7610261,200.
1779989349.861026,0.000105682,1779989349.861026,200.
1779989349.961026,0.0000211364,1779989349.961026,200.
1779989350.061026,0.0000042273,1779989350.061026,200.
1779989350.161026,0.0000008455,1779989350.161026,200.
1779989350.2610261,0.0000001691,1779989350.2610261,200.
1779989350.361026,0.0000000338,1779989350.361026,200.
1779989350.461026,0.0000000068,1779989350.461026,200.
1779989350.561026,0.0000000014,1779989350.561026,200.
1779989350.661026,0.0000000003,1779989350.661026,200.
1779989350.7610261,0.0000000001,1779989350.7610261,200.
1779989350.861026,0.0000000000,1779989350.861026,200.
1779989350.961026,0.0000000000,1779989350.961026,200.
1779989351.061026,0.0000000000,1779989351.061026,200.
1779989351.161026,73.346465067,1779989351.161026,200.
1779989351.2610261,14.6692930134,1779989351.2610261,200.
1779989351.361026,2.9338586027,1779989351.361026,200.
1779989351.461026,0.5867717205,1779989351.461026,200.
1779989351.561026,0.1173543441,1779989351.561026,200.
1779989351.661026,0.0234708688,1779989351.661026,200.
1779989351.7610261,0.0046941738,1779989351.7610261,200.
1779989351.861026,0.0009388348,1779989351.861026,200.
1779989351.961026,0.000187767,1779989351.961026,200.
1779989352.061026,0.0000375534,1779989352.061026,200.
1779989352.161026,0.0000075107,1779989352.161026,200.
1779989352.2610261,0.0000015021,1779989352.2610261,200.
1779989352.361026,0.0000003004,1779989352.361026,200.
1779989352.461026,0.0000000601,1779989352.461026,200.
1779989352.561026,0.0000000120,1779989352.561026,200.
1779989352.661026,0.0000000024,1779989352.661026,200.
1779989352.7610261,0.0000000005,1779989352.7610261,200.
1779989352.861026,0.0000000001,1779989352.861026,200.
1779989352.961026,0.0000000000,1779989352.961026,200.
1779989353.061026,0.0000000000,1779989353.061026,200.
1779989353.161026,0.0000000000,1779989353.161026,200.
1779989353.2610261,0.0000000000,1779989353.2610261,200.
1779989353.361026,0.0000000000,1779989353.361026,200.
1779989353.461026,0.0000000000,1779989353.461026,200.
1779989353.561026,0.0000000000,1779989353.561026,200.
1779989353.661026,0.0000000000,1779989353.661026,200.
1779989353.7610261,0.0000000000,1779989353.7610261,200.
1779989353.861026,150.7552019019,1779989353.861026,200.
1779989353.961026,30.1510403804,1779989353.961026,200.
1779989354.061026,6.0302080761,1779989354.061026,200.
1779989354.161026,1.2060416152,1779989354.161026,200.
1779989354.2610261,0.2412083230,1779989354.2610261,200.
1779989354.361026,0.0482416646,1779989354.361026,200.
1779989354.461026,0.0096483329,1779989354.461026,200.
1779989354.561026,0.0019296666,1779989354.561026,200.
1779989354.661026,0.0003859333,1779989354.661026,200.
1779989354.7610261,0.0000771867,1779989354.7610261,200.
1779989354.861026,0.0000154373,1779989354.861026,200.
1779989354.961026,0.0000030875,1779989354.961026,200.
1779989355.061026,73.3213047762,1779989355.061026,200.
1779989355.161026,14.6642609552,1779989355.161026,200.
1779989355.2610261,2.9328521910,1779989355.2610261,200.
1779989355.361026,0.5865704382,1779989355.361026,200.
1779989355.461026,0.1173140876,1779989355.461026,200.
1779989355.561026,110.4511543281,1779989355.561026,200.
1779989355.661026,22.0902308656,1779989355.661026,200.
1779989355.7610261,4.4180461731,1779989355.7610261,200.
1779989355.861026,0.8836092346,1779989355.861026,200.
1779989355.961026,0.1767218469,1779989355.961026,200.
1779989356.061026,0.0353443694,1779989356.061026,200.
1779989356.161026,0.0070688739,1779989356.161026,200.
1779989356.2610261,0.0014137748,1779989356.2610261,200.
1779989356.361026,0.000282755,1779989356.361026,200.
1779989356.461026,0.000056551,1779989356.461026,200.
1779989356.561026,0.0000113102,1779989356.561026,200.
1779989356.661026,0.0000022620,1779989356.661026,200.
1779989356.7610261,0.0000004524,1779989356.7610261,200.
1779989356.861026,0.0000000905,1779989356.861026,200.
1779989356.961026,0.0000000181,1779989356.961026,200.
1779989357.061026,0.0000000036,1779989357.061026,200.
1779989357.161026,0.0000000007,1779989357.161026,200.
1779989357.2610261,0.0000000001,1779989357.2610261,200.
1779989357.361026,0.0000000000,1779989357.361026,200.
1779989357.461026,0.0000000000,1779989357.461026,200.
1779989357.561026,0.0000000000,1779989357.561026,200.
1779989357.661026,0.0000000000,1779989357.661026,200.
1779989357.7610261,91.0738967148,1779989357.7610261,200.
1779989357.861026,18.214779343,1779989357.861026,200.
1779989357.961026,3.6429558686,1779989357.961026,200.
1779989358.061026,0.7285911737,1779989358.061026,200.
1779989358.161026,0.1457182347,1779989358.161026,200.
1779989358.2610261,0.0291436469,1779989358.2610261,200.
1779989358.361026,0.0058287294,1779989358.361026,200.
1779989358.461026,0.0011657459,1779989358.461026,200.
1779989358.561026,0.0002331492,1779989358.561026,200.
1779989358.661026,0.0000466298,1779989358.661026,200.
1779989358.7610261,0.000009326,1779989358.7610261,200.
1779989358.861026,0.0000018652,1779989358.861026,200.
1779989358.961026,0.0000003730,1779989358.961026,200.
1779989359.061026,0.0000000746,1779989359.061026,200.
1779989359.161026,0.0000000149,1779989359.161026,200.
1779989359.2610261,0.000000003,1779989359.2610261,200.
1779989359.361026,48.8231306424,1779989359.361026,200.
1779989359.461026,9.7646261285,1779989359.461026,200.
1779989359.561026,1.9529252257,1779989359.561026,200.
1779989359.661026,0.3905850451,1779989359.661026,200.
1779989359.7610261,0.0781170090,1779989359.7610261,200.
1779989359.861026,0.0156234018,1779989359.861026,200.
1779989359.961026,0.0031246804,1779989359.961026,200.
1779989360.061026,0.0006249361,1779989360.061026,200.
1779989360.161026,0.0001249872,1779989360.161026,200.
1779989360.2610261,0.0000249974,1779989360.2610261,200.
1779989360.361026,0.0000049995,1779989360.361026,200.
1779989360.461026,0.0000009999,1779989360.461026,200.
1779989360.561026,67.5505577814,1779989360.561026,200.
1779989360.661026,13.5101115563,1779989360.661026,200.
1779989360.7610261,2.7020223113,1779989360.7610261,200.
1779989360.861026,0.5404044623,1779989360.861026,200.
1779989360.961026,0.1080808925,1779989360.961026,200.
1779989361.061026,0.0216161785,1779989361.061026,200.
1779989361.161026,97.3739536684,1779989361.161026,200.
1779989361.2610261,19.4747907337,1779989361.2610261,200.
1779989361.361026,3.8949581467,1779989361.361026,200.
1779989361.461026,0.7789916293,1779989361.461026,200.
1779989361.561026,0.1557983259,1779989361.561026,200.
1779989361.661026,0.0311596652,1779989361.661026,200.
1779989361.7610261,0.0062319330,1779989361.7610261,200.
1779989361.861026,0.0012463866,1779989361.861026,200.
1779989361.961026,0.0002492773,1779989361.961026,200.
1779989362.061026,0.0000498555,1779989362.061026,200.
1779989362.161026,0.0000099711,1779989362.161026,200.
1779989362.2610261,0.0000019942,1779989362.2610261,200.
1779989362.361026,0.0000003988,1779989362.361026,200.
1779989362.461026,0.0000000798,1779989362.461026,200.
1779989362.561026,0.000000016,1779989362.561026,200.
1779989362.661026,0.0000000032,1779989362.661026,200.
1779989362.7610261,0.0000000006,1779989362.7610261,200.
1779989362.861026,0.0000000001,1779989362.861026,200.
1779989362.961026,0.0000000000,1779989362.961026,200.
1779989363.061026,0.0000000000,1779989363.061026,200.
1779989363.161026,0.0000000000,1779989363.161026,200.
1779989363.2610261,0.0000000000,1779989363.2610261,200.
1779989363.361026,0.0000000000,1779989363.361026,200.
1779989363.461026,0.0000000000,1779989363.461026,200.
1779989363.561026,0.0000000000,1779989363.561026,200.
1779989363.661026,0.0000000000,1779989363.661026,200.
1779989363.7610261,0.0000000000,1779989363.7610261,200.
1779989363.861026,0.0000000000,1779989363.861026,200.
1779989363.961026,0.0000000000,1779989363.961026,200.
1779989364.061026,0.0000000000,1779989364.061026,200.
1779989364.161026,0.0000000000,1779989364.161026,200.
1779989364.2610261,0.0000000000,1779989364.2610261,200.
1779989364.361026,0.0000000000,1779989364.361026,200.
1779989364.461026,0.0000000000,1779989364.461026,200.
1779989364.561026,0.0000000000,1779989364.561026,200.
1779989364.661026,0.0000000000,1779989364.661026,200.
1779989364.7610261,0.0000000000,1779989364.7610261,200.
1779989364.861026,0.0000000000,1779989364.861026,200.
1779989364.961026,0.0000000000,1779989364.961026,200.
1779989365.061026,0.0000000000,1779989365.061026,200.
1779989365.161026,0.0000000000,1779989365.161026,200.
1779989365.2610261,0.0000000000,1779989365.2610261,200.
1779989365.361026,0.0000000000,1779989365.361026,200.
1779989365.461026,0.0000000000,1779989365.461026,200.
1779989365.561026,0.0000000000,1779989365.561026,200.
1779989365.661026,0.0000000000,1779989365.661026,200.
1779989365.7610261,0.0000000000,1779989365.7610261,200.
1779989365.861026,105.4669484876,1779989365.861026,200.
1779989365.961026,21.0933896975,1779989365.961026,200.
1779989366.061026,4.2186779395,1779989366.061026,200.
1779989366.161026,0.8437355879,1779989366.161026,200.
1779989366.2610261,0.1687471176,1779989366.2610261,200.
1779989366.361026,0.0337494235,1779989366.361026,200.
1779989366.461026,0.0067498847,1779989366.461026,200.
1779989366.561026,0.0013499769,1779989366.561026,200.
1779989366.661026,0.0002699954,1779989366.661026,200.
1779989366.7610261,0.0000539991,1779989366.7610261,200.
1779989366.861026,0.0000107998,1779989366.861026,200.
1779989366.961026,0.00000216,1779989366.961026,200.
1779989367.061026,0.000000432,1779989367.061026,200.
1779989367.161026,0.0000000864,1779989367.161026,200.
1779989367.2610261,0.0000000173,1779989367.2610261,200.
1779989367.361026,70.1750206960,1779989367.361026,200.
1779989367.461026,14.0350041392,1779989367.461026,200.
1779989367.561026,2.8070008278,1779989367.561026,200.
1779989367.661026,0.5614001656,1779989367.661026,200.
1779989367.7610261,0.1122800331,1779989367.7610261,200.
1779989367.861026,0.0224560066,1779989367.861026,200.
1779989367.961026,0.0044912013,1779989367.961026,200.
1779989368.061026,0.0008982403,1779989368.061026,200.
1779989368.161026,0.0001796481,1779989368.161026,200.
1779989368.2610261,0.0000359296,1779989368.2610261,200.
1779989368.361026,0.0000071859,1779989368.361026,200.
1779989368.461026,0.0000014372,1779989368.461026,200.
1779989368.561026,0.0000002874,1779989368.561026,200.
1779989368.661026,0.0000000575,1779989368.661026,200.
1779989368.7610261,0.0000000115,1779989368.7610261,200.
1779989368.861026,0.0000000023,1779989368.861026,200.
1779989368.961026,0.0000000005,1779989368.961026,200.
1779989369.061026,0.0000000001,1779989369.061026,200.
1779989369.161026,0.0000000000,1779989369.161026,200.
1779989369.2610261,0.0000000000,1779989369.2610261,200.
1779989369.361026,0.0000000000,1779989369.361026,200.
1779989369.461026,0.0000000000,1779989369.461026,200.
1779989369.561026,0.0000000000,1779989369.561026,200.
1779989369.661026,0.0000000000,1779989369.661026,200.
1779989369.7610261,0.0000000000,1779989369.7610261,200.
1779989369.861026,0.0000000000,1779989369.861026,200.
1779989369.961026,0.0000000000,1779989369.961026,200.
1779989370.061026,0.0000000000,1779989370.061026,200.
1779989370.161026,0.0000000000,1779989370.161026,200.
1779989370.2610261,70.4065560082,1779989370.2610261,200.
1779989370.361026,14.0813112016,1779989370.361026,200.
1779989370.461026,2.8162622403,1779989370.461026,200.
1779989370.561026,0.5632524481,1779989370.561026,200.
1779989370.661026,0.1126504896,1779989370.661026,200.
1779989370.7610261,0.0225300979,1779989370.7610261,200.
1779989370.861026,0.0045060196,1779989370.861026,200.
1779989370.961026,0.0009012039,1779989370.961026,200.
1779989371.061026,0.0001802408,1779989371.061026,200.
1779989371.161026,0.0000360482,1779989371.161026,200.
1779989371.2610261,0.0000072096,1779989371.2610261,200.
1779989371.361026,0.0000014419,1779989371.361026,200.
1779989371.461026,0.0000002884,1779989371.461026,200.
1779989371.561026,0.0000000577,1779989371.561026,200.
1779989371.661026,0.0000000115,1779989371.661026,200.
1779989371.7610261,0.0000000023,1779989371.7610261,200.
1779989371.861026,0.0000000005,1779989371.861026,200.
1779989371.961026,0.0000000001,1779989371.961026,200.
1779989372.061026,0.0000000000,1779989372.061026,200.
1779989372.161026,0.0000000000,1779989372.161026,200.
1779989372.2610261,0.0000000000,1779989372.2610261,200.
1779989372.361026,0.0000000000,1779989372.361026,200.
1779989372.461026,0.0000000000,1779989372.461026,200.
1779989372.561026,0.0000000000,1779989372.561026,200.
1779989372.661026,0.0000000000,1779989372.661026,200.
1779989372.7610261,0.0000000000,1779989372.7610261,200.
1779989372.861026,0.0000000000,1779989372.861026,200.
1779989372.961026,0.0000000000,1779989372.961026,200.
1779989373.061026,0.0000000000,1779989373.061026,200.
1779989373.161026,0.0000000000,1779989373.161026,200.
1779989373.2610261,0.0000000000,1779989373.2610261,200.
1779989373.361026,0.0000000000,1779989373.361026,200.
1779989373.461026,0.0000000000,1779989373.461026,200.
1779989373.561026,0.0000000000,1779989373.561026,200.
1779989373.661026,0.0000000000,1779989373.661026,200.
1779989373.7610261,0.0000000000,1779989373.7610261,200.
1779989373.861026,0.0000000000,1779989373.861026,200.
1779989373.961026,0.0000000000,1779989373.961026,200.
1779989374.061026,0.0000000000,1779989374.061026,200.
1779989374.161026,0.0000000000,1779989374.161026,200.
1779989374.2610261,0.0000000000,1779989374.2610261,200.
1779989374.361026,0.0000000000,1779989374.361026,200.
1779989374.461026,0.0000000000,1779989374.461026,200.
1779989374.561026,0.0000000000,1779989374.561026,200.
1779989374.661026,0.0000000000,1779989374.661026,200.
1779989374.7610261,0.0000000000,1779989374.7610261,200.
1779989374.861026,0.0000000000,1779989374.861026,200.
1779989374.961026,0.0000000000,1779989374.961026,200.
1779989375.061026,0.0000000000,1779989375.061026,200.
1779989375.161026,0.0000000000,1779989375.161026,200.
1779989375.2610261,0.0000000000,1779989375.2610261,200.
1779989375.361026,0.0000000000,1779989375.361026,200.
1779989375.461026,0.0000000000,1779989375.461026,200.
1779989375.561026,0.0000000000,1779989375.561026,200.
1779989375.661026,0.0000000000,1779989375.661026,200.
1779989375.7610261,0.0000000000,1779989375.7610261,200.
1779989375.861026,0.0000000000,1779989375.861026,200.
1779989375.961026,0.0000000000,1779989375.961026,200.
1779989376.061026,0.0000000000,1779989376.061026,200.
1779989376.161026,0.0000000000,1779989376.161026,200.
1779989376.2610261,0.0000000000,1779989376.2610261,200.
1779989376.361026,0.0000000000,1779989376.361026,200.
1779989376.461026,0.0000000000,1779989376.461026,200.
1779989376.561026,0.0000000000,1779989376.561026,200.
1779989376.661026,0.0000000000,1779989376.661026,200.
1779989376.7610261,0.0000000000,1779989376.7610261,200.
1779989376.861026,0.0000000000,1779989376.861026,200.
1779989376.961026,0.0000000000,1779989376.961026,200.
1779989377.061026,0.0000000000,1779989377.061026,200.
1779989377.161026,0.0000000000,1779989377.161026,200.
1779989377.2610261,0.0000000000,1779989377.2610261,200.
1779989377.361026,0.0000000000,1779989377.361026,200.
1779989377.461026,0.0000000000,1779989377.461026,200.
1779989377.561026,0.0000000000,1779989377.561026,200.
1779989377.661026,0.0000000000,1779989377.661026,200.
1779989377.7610261,0.0000000000,1779989377.7610261,200.
1779989377.861026,0.0000000000,1779989377.861026,200.
1779989377.961026,0.0000000000,1779989377.961026,200.
1779989378.061026,0.0000000000,1779989378.061026,200.
1779989378.161026,0.0000000000,1779989378.161026,200.
1779989378.2610261,0.0000000000,1779989378.2610261,200.
1779989378.361026,0.0000000000,1779989378.361026,200.
1779989378.461026,43.8213946948,1779989378.461026,200.
1779989378.561026,8.764278939,1779989378.561026,200.
1779989378.661026,1.7528557878,1779989378.661026,200.
1779989378.7610261,0.3505711576,1779989378.7610261,200.
1779989378.861026,0.0701142315,1779989378.861026,200.
1779989378.961026,0.0140228463,1779989378.961026,200.
1779989379.061026,0.0028045693,1779989379.061026,200.
1779989379.161026,0.0005609139,1779989379.161026,200.
1779989379.2610261,0.0001121828,1779989379.2610261,200.
1779989379.361026,0.0000224366,1779989379.361026,200.
1779989379.461026,0.0000044873,1779989379.461026,200.
1779989379.561026,0.0000008975,1779989379.561026,200.
1779989379.661026,0.0000001795,1779989379.661026,200.
1779989379.7610261,0.0000000359,1779989379.7610261,200.
1779989379.861026,0.0000000072,1779989379.861026,200.
1779989379.961026,0.0000000014,1779989379.961026,200.
1779989380.061026,0.0000000003,1779989380.061026,200.
1779989380.161026,0.0000000001,1779989380.161026,200.
1779989380.2610261,0.0000000000,1779989380.2610261,200.
1779989380.361026,0.0000000000,1779989380.361026,200.
1779989380.461026,0.0000000000,1779989380.461026,200.
1779989380.561026,0.0000000000,1779989380.561026,200.
1779989380.661026,0.0000000000,1779989380.661026,200.
1779989380.7610261,0.0000000000,1779989380.7610261,200.
1779989380.861026,0.0000000000,1779989380.861026,200.
1779989380.961026,0.0000000000,1779989380.961026,200.
1779989381.061026,88.7172046688,1779989381.061026,200.
1779989381.161026,17.7434409338,1779989381.161026,200.
1779989381.2610261,3.5486881868,1779989381.2610261,200.
1779989381.361026,0.7097376374,1779989381.361026,200.
1779989381.461026,0.1419475275,1779989381.461026,200.
1779989381.561026,0.0283895055,1779989381.561026,200.
1779989381.661026,0.0056779011,1779989381.661026,200.
1779989381.7610261,0.0011355802,1779989381.7610261,200.
1779989381.861026,0.0002271160,1779989381.861026,200.
1779989381.961026,0.0000454232,1779989381.961026,200.
1779989382.061026,0.0000090846,1779989382.061026,200.
1779989382.161026,0.0000018169,1779989382.161026,200.
1779989382.2610261,0.0000003634,1779989382.2610261,200.
1779989382.361026,0.0000000727,1779989382.361026,200.
1779989382.461026,0.0000000145,1779989382.461026,200.
1779989382.561026,0.0000000029,1779989382.561026,200.
1779989382.661026,111.4101721191,1779989382.661026,200.
1779989382.7610261,22.2820344238,1779989382.7610261,200.
1779989382.861026,4.4564068848,1779989382.861026,200.
1779989382.961026,0.891281377,1779989382.961026,200.
1779989383.061026,0.1782562754,1779989383.061026,200.
1779989383.161026,0.0356512551,1779989383.161026,200.
1779989383.2610261,0.0071302510,1779989383.2610261,200.
1779989383.361026,0.0014260502,1779989383.361026,200.
1779989383.461026,0.0002852100,1779989383.461026,200.
1779989383.561026,0.0000570420,1779989383.561026,200.
1779989383.661026,0.0000114084,1779989383.661026,200.
1779989383.7610261,0.0000022817,1779989383.7610261,200.
1779989383.861026,0.0000004563,1779989383.861026,200.
1779989383.961026,0.0000000913,1779989383.961026,200.
1779989384.061026,0.0000000183,1779989384.061026,200.
1779989384.161026,0.0000000037,1779989384.161026,200.
1779989384.2610261,0.0000000007,1779989384.2610261,200.
1779989384.361026,0.0000000001,1779989384.361026,200.
1779989384.461026,0.0000000000,1779989384.461026,200.
1779989384.561026,0.0000000000,1779989384.561026,200.
1779989384.661026,0.0000000000,1779989384.661026,200.
1779989384.7610261,0.0000000000,1779989384.7610261,200.
1779989384.861026,0.0000000000,1779989384.861026,200.
1779989384.961026,0.0000000000,1779989384.961026,200.
1779989385.061026,0.0000000000,1779989385.061026,200.
1779989385.161026,0.0000000000,1779989385.161026,200.
1779989385.2610261,0.0000000000,1779989385.2610261,200.
1779989385.361026,0.0000000000,1779989385.361026,200.
1779989385.461026,0.0000000000,1779989385.461026,200.
1779989385.561026,0.0000000000,1779989385.561026,200.
1779989385.661026,0.0000000000,1779989385.661026,200.
1779989385.7610261,0.0000000000,1779989385.7610261,200.
1779989385.861026,0.0000000000,1779989385.861026,200.
1779989385.961026,0.0000000000,1779989385.961026,200.
1779989386.061026,0.0000000000,1779989386.061026,200.
1779989386.161026,0.0000000000,1779989386.161026,200.
1779989386.2610261,0.0000000000,1779989386.2610261,200.
1779989386.361026,0.0000000000,1779989386.361026,200.
1779989386.461026,0.0000000000,1779989386.461026,200.
1779989386.561026,0.0000000000,1779989386.561026,200.
1779989386.661026,0.0000000000,1779989386.661026,200.
1779989386.7610261,0.0000000000,1779989386.7610261,200.
1779989386.861026,0.0000000000,1779989386.861026,200.
1779989386.961026,0.0000000000,1779989386.961026,200.
1779989387.061026,0.0000000000,1779989387.061026,200.
1779989387.161026,0.0000000000,1779989387.161026,200.
1779989387.2610261,0.0000000000,1779989387.2610261,200.
1779989387.361026,0.0000000000,1779989387.361026,200.
1779989387.461026,0.0000000000,1779989387.461026,200.
1779989387.561026,0.0000000000,1779989387.561026,200.
1779989387.661026,0.0000000000,1779989387.661026,200.
1779989387.7610261,0.0000000000,1779989387.7610261,200.
1779989387.861026,0.0000000000,1779989387.861026,200.
1779989387.961026,0.0000000000,1779989387.961026,200.
1779989388.061026,0.0000000000,1779989388.061026,200.
1779989388.161026,0.0000000000,1779989388.161026,200.
1779989388.2610261,0.0000000000,1779989388.2610261,200.
1779989388.361026,0.0000000000,1779989388.361026,200.
1779989388.461026,0.0000000000,1779989388.461026,200.
1779989388.561026,0.0000000000,1779989388.561026,200.
1779989388.661026,0.0000000000,1779989388.661026,200.
1779989388.7610261,0.0000000000,1779989388.7610261,200.
1779989388.861026,0.0000000000,1779989388.861026,200.
1779989388.961026,0.0000000000,1779989388.961026,200.
1779989389.061026,0.0000000000,1779989389.061026,200.
1779989389.161026,0.0000000000,1779989389.161026,200.
1779989389.2610261,0.0000000000,1779989389.2610261,200.
1779989389.361026,0.0000000000,1779989389.361026,200.
1779989389.461026,0.0000000000,1779989389.461026,200.
1779989389.561026,0.0000000000,1779989389.561026,200.
1779989389.661026,0.0000000000,1779989389.661026,200.
1779989389.7610261,0.0000000000,1779989389.7610261,200.
1779989389.861026,0.0000000000,1779989389.861026,200.
1779989389.961026,0.0000000000,1779989389.961026,200.
1779989390.061026,0.0000000000,1779989390.061026,200.
1779989390.161026,0.0000000000,1779989390.161026,200.
1779989390.2610261,0.0000000000,1779989390.2610261,200.
1779989390.361026,0.0000000000,1779989390.361026,200.
1779989390.461026,0.0000000000,1779989390.461026,200.
1779989390.561026,0.0000000000,1779989390.561026,200.
1779989390.661026,0.0000000000,1779989390.661026,200.
1779989390.7610261,0.0000000000,1779989390.7610261,200.
1779989390.861026,0.0000000000,1779989390.861026,200.
1779989390.961026,0.0000000000,1779989390.961026,200.
1779989391.061026,0.0000000000,1779989391.061026,200.
1779989391.161026,0.0000000000,1779989391.161026,200.
1779989391.2610261,0.0000000000,1779989391.2610261,200.
1779989391.361026,0.0000000000,1779989391.361026,200.
1779989391.461026,0.0000000000,1779989391.461026,200.
1779989391.561026,0.0000000000,1779989391.561026,200.
1779989391.661026,0.0000000000,1779989391.661026,200.
1779989391.7610261,0.0000000000,1779989391.7610261,200.
1779989391.861026,0.0000000000,1779989391.861026,200.
1779989391.961026,0.0000000000,1779989391.961026,200.
1779989392.061026,0.0000000000,1779989392.061026,200.
1779989392.161026,0.0000000000,1779989392.161026,200.
1779989392.2610261,0.0000000000,1779989392.2610261,200.
1779989392.361026,0.0000000000,1779989392.361026,200.
1779989392.461026,0.0000000000,1779989392.461026,200.
1779989392.561026,0.0000000000,1779989392.561026,200.
1779989392.661026,0.0000000000,1779989392.661026,200.
1779989392.7610261,0.0000000000,1779989392.7610261,200.
1779989392.861026,0.0000000000,1779989392.861026,200.
1779989392.961026,0.0000000000,1779989392.961026,200.
1779989393.061026,0.0000000000,1779989393.061026,200.
1779989393.161026,0.0000000000,1779989393.161026,200.
1779989393.2610261,0.0000000000,1779989393.2610261,200.
1779989393.361026,0.0000000000,1779989393.361026,200.
1779989393.461026,0.0000000000,1779989393.461026,200.
1779989393.561026,0.0000000000,1779989393.561026,200.
1779989393.661026,0.0000000000,1779989393.661026,200.
1779989393.7610261,0.0000000000,1779989393.7610261,200.
1779989393.861026,0.0000000000,1779989393.861026,200.
1779989393.961026,0.0000000000,1779989393.961026,200.
1779989394.061026,0.0000000000,1779989394.061026,200.
1779989394.161026,0.0000000000,1779989394.161026,200.
1779989394.2610261,0.0000000000,1779989394.2610261,200.
1779989394.361026,0.0000000000,1779989394.361026,200.
1779989394.461026,0.0000000000,1779989394.461026,200.
1779989394.561026,0.0000000000,1779989394.561026,200.
1779989394.661026,0.0000000000,1779989394.661026,200.
1779989394.7610261,0.0000000000,1779989394.7610261,200.
1779989394.861026,0.0000000000,1779989394.861026,200.
1779989394.961026,0.0000000000,1779989394.961026,200.
1779989395.061026,0.0000000000,1779989395.061026,200.
1779989395.161026,0.0000000000,1779989395.161026,200.
1779989395.2610261,0.0000000000,1779989395.2610261,200.
1779989395.361026,0.0000000000,1779989395.361026,200.
1779989395.461026,0.0000000000,1779989395.461026,200.
1779989395.561026,0.0000000000,1779989395.561026,200.
1779989395.661026,0.0000000000,1779989395.661026,200.
1779989395.7610261,0.0000000000,1779989395.7610261,200.
1779989395.861026,0.0000000000,1779989395.861026,200.
1779989395.961026,0.0000000000,1779989395.961026,200.
1779989396.061026,0.0000000000,1779989396.061026,200.
1779989396.161026,0.0000000000,1779989396.161026,200.
1779989396.2610261,0.0000000000,1779989396.2610261,200.
1779989396.361026,0.0000000000,1779989396.361026,200.
1779989396.461026,0.0000000000,1779989396.461026,200.
1779989396.561026,0.0000000000,1779989396.561026,200.
1779989396.661026,0.0000000000,1779989396.661026,200.
1779989396.7610261,0.0000000000,1779989396.7610261,200.
1779989396.861026,0.0000000000,1779989396.861026,200.
1779989396.961026,0.0000000000,1779989396.961026,200.
1779989397.061026,0.0000000000,1779989397.061026,200.
1779989397.161026,0.0000000000,1779989397.161026,200.
1779989397.2610261,0.0000000000,1779989397.2610261,200.
1779989397.361026,0.0000000000,1779989397.361026,200.
1779989397.461026,0.0000000000,1779989397.461026,200.
1779989397.561026,0.0000000000,1779989397.561026,200.
1779989397.661026,0.0000000000,1779989397.661026,200.
1779989397.7610261,0.0000000000,1779989397.7610261,200.
1779989397.861026,0.0000000000,1779989397.861026,200.
1779989397.961026,0.0000000000,1779989397.961026,200.
1779989398.061026,0.0000000000,1779989398.061026,200.
1779989398.161026,0.0000000000,1779989398.161026,200.
1779989398.2610261,0.0000000000,1779989398.2610261,200.
1779989398.361026,0.0000000000,1779989398.361026,200.
1779989398.461026,0.0000000000,1779989398.461026,200.
1779989398.561026,0.0000000000,1779989398.561026,200.
1779989398.661026,0.0000000000,1779989398.661026,200.
1779989398.7610261,0.0000000000,1779989398.7610261,200.
1779989398.861026,0.0000000000,1779989398.861026,200.
1779989398.961026,0.0000000000,1779989398.961026,200.
1779989399.061026,0.0000000000,1779989399.061026,200.
1779989399.161026,0.0000000000,1779989399.161026,200.
1779989399.2610261,0.0000000000,1779989399.2610261,200.
1779989399.361026,0.0000000000,1779989399.361026,200.
1779989399.461026,0.0000000000,1779989399.461026,200.
1779989399.561026,0.0000000000,1779989399.561026,200.
1779989399.661026,0.0000000000,1779989399.661026,200.
1779989399.7610261,0.0000000000,1779989399.7610261,200.
1779989399.861026,0.0000000000,1779989399.861026,200.
1779989399.961026,0.0000000000,1779989399.961026,200.
1779989400.061026,0.0000000000,1779989400.061026,200.
1779989400.161026,0.0000000000,1779989400.161026,200.
1779989400.2610261,0.0000000000,1779989400.2610261,200.
1779989400.361026,0.0000000000,1779989400.361026,200.
1779989400.461026,0.0000000000,1779989400.461026,200.
1779989400.561026,0.0000000000,1779989400.561026,200.
1779989400.661026,0.0000000000,1779989400.661026,200.
1779989400.7610261,0.0000000000,1779989400.7610261,200.
1779989400.861026,0.0000000000,1779989400.861026,200.
1779989400.961026,0.0000000000,1779989400.961026,200.
1779989401.061026,0.0000000000,1779989401.061026,200.
1779989401.161026,0.0000000000,1779989401.161026,200.
1779989401.2610261,0.0000000000,1779989401.2610261,200.
1779989401.361026,0.0000000000,1779989401.361026,200.
1779989401.461026,0.0000000000,1779989401.461026,200.
1779989401.561026,0.0000000000,1779989401.561026,200.
1779989401.661026,0.0000000000,1779989401.661026,200.
1779989401.7610261,0.0000000000,1779989401.7610261,200.
1779989401.861026,0.0000000000,1779989401.861026,200.
1779989401.961026,0.0000000000,1779989401.961026,200.
1779989402.061026,0.0000000000,1779989402.061026,200.
1779989402.161026,0.0000000000,1779989402.161026,200.
1779989402.2610261,0.0000000000,1779989402.2610261,200.
1779989402.361026,0.0000000000,1779989402.361026,200.
1779989402.461026,0.0000000000,1779989402.461026,200.
1779989402.561026,0.0000000000,1779989402.561026,200.
1779989402.661026,0.0000000000,1779989402.661026,0.
1779989402.7610261,0.0000000000,1779989402.7610261,0.
1779989402.861026,0.0000000000,1779989402.861026,0.
1779989402.961026,0.0000000000,1779989402.961026,0.
1779989403.061026,0.0000000000,1779989403.061026,0.
1779989403.161026,0.0000000000,1779989403.161026,0.
1779989403.2610261,0.0000000000,1779989403.2610261,0.
1779989403.361026,0.0000000000,1779989403.361026,0.
1779989403.461026,0.0000000000,1779989403.461026,0.
1779989403.561026,0.0000000000,1779989403.561026,0.
1779989403.661026,0.0000000000,1779989403.661026,0.
1779989403.7610261,0.0000000000,1779989403.7610261,0.
1779989403.861026,0.0000000000,1779989403.861026,0.
1779989403.961026,0.0000000000,1779989403.961026,0.
1779989404.061026,0.0000000000,1779989404.061026,0.
1779989404.161026,0.0000000000,1779989404.161026,0.
1779989404.2610261,0.0000000000,1779989404.2610261,0.
1779989404.361026,0.0000000000,1779989404.361026,0.
1779989404.461026,0.0000000000,1779989404.461026,0.
1779989404.561026,0.0000000000,1779989404.561026,0.
1779989404.661026,0.0000000000,1779989404.661026,0.
1779989404.7610261,0.0000000000,1779989404.7610261,0.
1779989404.861026,0.0000000000,1779989404.861026,0.
1779989404.961026,0.0000000000,1779989404.961026,0.
1779989405.061026,0.0000000000,1779989405.061026,0.
1779989405.161026,0.0000000000,1779989405.161026,0.
1779989405.2610261,0.0000000000,1779989405.2610261,0.
1779989405.361026,0.0000000000,1779989405.361026,0.
1779989405.461026,0.0000000000,1779989405.461026,0.
1779989405.561026,0.0000000000,1779989405.561026,0.
1779989405.661026,0.0000000000,1779989405.661026,0.
1779989405.7610261,0.0000000000,1779989405.7610261,0.
1779989405.861026,0.0000000000,1779989405.861026,0.
1779989405.961026,0.0000000000,1779989405.961026,0.
1779989406.061026,0.0000000000,1779989406.061026,0.
1779989406.161026,0.0000000000,1779989406.161026,0.
1779989406.2610261,0.0000000000,1779989406.2610261,0.
1779989406.361026,0.0000000000,1779989406.361026,0.
1779989406.461026,0.0000000000,1779989406.461026,0.
1779989406.561026,0.0000000000,1779989406.561026,0.
1779989406.661026,0.0000000000,1779989406.661026,0.
1779989406.7610261,0.0000000000,1779989406.7610261,0.
1779989406.861026,0.0000000000,1779989406.861026,0.
1779989406.961026,0.0000000000,1779989406.961026,0.
1779989407.061026,0.0000000000,1779989407.061026,0.
1779989407.161026,0.0000000000,1779989407.161026,0.
1779989407.2610261,0.0000000000,1779989407.2610261,0.
1779989407.361026,0.0000000000,1779989407.361026,0.
1779989407.461026,0.0000000000,1779989407.461026,0.
1779989407.561026,0.0000000000,1779989407.561026,0.
1779989407.661026,0.0000000000,1779989407.661026,0.
1779989407.7610261,0.0000000000,1779989407.7610261,0.
1779989407.861026,0.0000000000,1779989407.861026,0.
1779989407.961026,0.0000000000,1779989407.961026,0.
1779989408.061026,0.0000000000,1779989408.061026,0.
1779989408.161026,0.0000000000,1779989408.161026,0.
1779989408.2610261,0.0000000000,1779989408.2610261,0.
1779989408.361026,0.0000000000,1779989408.361026,0.
1779989408.461026,0.0000000000,1779989408.461026,0.
1779989408.561026,0.0000000000,1779989408.561026,0.
1779989408.661026,0.0000000000,1779989408.661026,0.
1779989408.7610261,0.0000000000,1779989408.7610261,0.
1779989408.861026,0.0000000000,1779989408.861026,0.
1779989408.961026,0.0000000000,1779989408.961026,0.
1779989409.061026,0.0000000000,1779989409.061026,0.
1779989409.161026,0.0000000000,1779989409.161026,0.
1779989409.2610261,0.0000000000,1779989409.2610261,0.
1779989409.361026,0.0000000000,1779989409.361026,0.
1779989409.461026,0.0000000000,1779989409.461026,0.
1779989409.561026,0.0000000000,1779989409.561026,0.
1779989409.661026,0.0000000000,1779989409.661026,0.
1779989409.7610261,0.0000000000,1779989409.7610261,0.
1779989409.861026,0.0000000000,1779989409.861026,0.
1779989409.961026,0.0000000000,1779989409.961026,0.
1779989410.061026,0.0000000000,1779989410.061026,0.
1779989410.161026,0.0000000000,1779989410.161026,0.
1779989410.2610261,0.0000000000,1779989410.2610261,0.
1779989410.361026,0.0000000000,1779989410.361026,0.
1779989410.461026,0.0000000000,1779989410.461026,0.
1779989410.561026,0.0000000000,1779989410.561026,0.
1779989410.661026,0.0000000000,1779989410.661026,0.
1779989410.7610261,0.0000000000,1779989410.7610261,0.
1779989410.861026,0.0000000000,1779989410.861026,0.
1779989410.961026,0.0000000000,1779989410.961026,0.
1779989411.061026,0.0000000000,1779989411.061026,0.
1779989411.161026,0.0000000000,1779989411.161026,0.
1779989411.2610261,0.0000000000,1779989411.2610261,0.
1779989411.361026,0.0000000000,1779989411.361026,0.
1779989411.461026,0.0000000000,1779989411.461026,0.
1779989411.561026,0.0000000000,1779989411.561026,0.
1779989411.661026,0.0000000000,1779989411.661026,0.
1779989411.7610261,0.0000000000,1779989411.7610261,0.
1779989411.861026,0.0000000000,1779989411.861026,0.
1779989411.961026,0.0000000000,1779989411.961026,0.
1779989412.061026,0.0000000000,1779989412.061026,0.
1779989412.161026,0.0000000000,1779989412.161026,0.
1779989412.2610261,0.0000000000,1779989412.2610261,0.
1779989412.361026,0.0000000000,1779989412.361026,0.
1779989412.461026,0.,1779989412.461026,200.
1779989412.561026,0.,1779989412.561026,200.
1779989412.661026,0.,1779989412.661026,200.
1779989412.7610261,0.,1779989412.7610261,200.
1779989412.861026,0.,1779989412.861026,200.
1779989412.961026,0.,1779989412.961026,200.
1779989413.061026,0.,1779989413.061026,200.
1779989413.161026,0.,1779989413.161026,200.
1779989413.2610261,0.,1779989413.2610261,200.
1779989413.361026,0.,1779989413.361026,200.
1779989413.461026,0.,1779989413.461026,200.
1779989413.561026,0.,1779989413.561026,200.
1779989413.661026,0.,1779989413.661026,200.
1779989413.7610261,0.,1779989413.7610261,200.
1779989413.861026,0.,1779989413.861026,200.
1779989413.961026,0.,1779989413.961026,200.
1779989414.061026,0.,1779989414.061026,200.
1779989414.161026,0.,1779989414.161026,200.
1779989414.2610261,0.,1779989414.2610261,200.
1779989414.361026,0.,1779989414.361026,200.
1779989414.461026,0.,1779989414.461026,200.
1779989414.561026,0.,1779989414.561026,200.
1779989414.661026,0.,1779989414.661026,200.
1779989414.7610261,0.,1779989414.7610261,200.
1779989414.861026,0.,1779989414.861026,200.
1779989414.961026,0.,1779989414.961026,200.
1779989415.061026,0.,1779989415.061026,200.
1779989415.161026,0.,1779989415.161026,200.
1779989415.2610261,0.,1779989415.2610261,200.
1779989415.361026,0.,1779989415.361026,200.
1779989415.461026,0.,1779989415.461026,200.
1779989415.561026,0.,1779989415.561026,200.
1779989415.661026,0.,1779989415.661026,200.
1779989415.7610261,0.,1779989415.7610261,200.
1779989415.861026,0.,1779989415.861026,200.
1779989415.961026,0.,1779989415.961026,200.
1779989416.061026,0.,1779989416.061026,200.
1779989416.161026,0.,1779989416.161026,200.
1779989416.2610261,0.,1779989416.2610261,200.
1779989416.361026,0.,1779989416.361026,200.
1779989416.461026,0.,1779989416.461026,200.
1779989416.561026,0.,1779989416.561026,200.
1779989416.661026,0.,1779989416.661026,200.
1779989416.7610261,0.,1779989416.7610261,200.
1779989416.861026,0.,1779989416.861026,200.
1779989416.961026,0.,1779989416.961026,200.
1779989417.061026,0.,1779989417.061026,200.
1779989417.161026,0.,1779989417.161026,200.
1779989417.2610261,0.,1779989417.2610261,200.
1779989417.361026,0.,1779989417.361026,200.
1779989417.461026,0.,1779989417.461026,200.
1779989417.561026,0.,1779989417.561026,200.
1779989417.661026,0.,1779989417.661026,200.
1779989417.7610261,0.,1779989417.7610261,200.
1779989417.861026,0.,1779989417.861026,200.
1779989417.961026,0.,1779989417.961026,200.
1779989418.061026,0.,1779989418.061026,200.
1779989418.161026,0.,1779989418.161026,200.
1779989418.2610261,0.,1779989418.2610261,200.
1779989418.361026,0.,1779989418.361026,200.
1779989418.461026,0.,1779989418.461026,200.
1779989418.561026,0.,1779989418.561026,200.
1779989418.661026,0.,1779989418.661026,200.
1779989418.7610261,0.,1779989418.7610261,200.
1779989418.861026,0.,1779989418.861026,200.
1779989418.961026,0.,1779989418.961026,200.
1779989419.061026,0.,1779989419.061026,200.
1779989419.161026,0.,1779989419.161026,200.
1779989419.2610261,0.,1779989419.2610261,200.
1779989419.361026,0.,1779989419.361026,200.
1779989419.461026,0.,1779989419.461026,200.
1779989419.561026,0.,1779989419.561026,200.
1779989419.661026,0.,1779989419.661026,200.
1779989419.7610261,0.,1779989419.7610261,200.
1779989419.861026,0.,1779989419.861026,200.
1779989419.961026,0.,1779989419.961026,200.
1779989420.061026,0.,1779989420.061026,200.
1779989420.161026,0.,1779989420.161026,200.
1779989420.2610261,0.,1779989420.2610261,200.
1779989420.361026,0.,1779989420.361026,200.
1779989420.461026,0.,1779989420.461026,200.
1779989420.561026,0.,1779989420.561026,200.
1779989420.661026,0.,1779989420.661026,200.
1779989420.7610261,0.,1779989420.7610261,200.
1779989420.861026,0.,1779989420.861026,200.
1779989420.961026,0.,1779989420.961026,200.
1779989421.061026,0.,1779989421.061026,200.
1779989421.161026,0.,1779989421.161026,200.
1779989421.2610261,0.,1779989421.2610261,200.
1779989421.361026,0.,1779989421.361026,200.
1779989421.461026,0.,1779989421.461026,200.
1779989421.561026,0.,1779989421.561026,200.
1779989421.661026,0.,1779989421.661026,200.
1779989421.7610261,0.,1779989421.7610261,200.
1779989421.861026,0.,1779989421.861026,200.
1779989421.961026,0.,1779989421.961026,200.
1779989422.061026,0.,1779989422.061026,200.
1779989422.161026,0.,1779989422.161026,200.
1779989422.2610261,0.,1779989422.2610261,200.
1779989422.361026,0.,1779989422.361026,200.
1779989422.461026,0.,1779989422.461026,200.
1779989422.561026,0.,1779989422.561026,200.
1779989422.661026,0.,1779989422.661026,200.
1779989422.7610261,0.,1779989422.7610261,200.
1779989422.861026,0.,1779989422.861026,200.
1779989422.961026,0.,1779989422.961026,200.
1779989423.061026,0.,1779989423.061026,200.
1779989423.161026,0.,1779989423.161026,200.
1779989423.2610261,0.,1779989423.2610261,200.
1779989423.361026,0.,1779989423.361026,200.
1779989423.461026,0.,1779989423.461026,200.
1779989423.561026,0.,1779989423.561026,200.
1779989423.661026,0.,1779989423.661026,200.
1779989423.7610261,0.,1779989423.7610261,200.
1779989423.861026,0.,1779989423.861026,200.
1779989423.961026,0.,1779989423.961026,200.
1779989424.061026,0.,1779989424.061026,200.
1779989424.161026,0.,1779989424.161026,200.
1779989424.2610261,0.,1779989424.2610261,200.
1779989424.361026,0.,1779989424.361026,200.
1779989424.461026,0.,1779989424.461026,200.
1779989424.561026,0.,1779989424.561026,200.
1779989424.661026,0.,1779989424.661026,200.
1779989424.7610261,0.,1779989424.7610261,200.
1779989424.861026,0.,1779989424.861026,200.
1779989424.961026,0.,1779989424.961026,200.
1779989425.061026,0.,1779989425.061026,200.
1779989425.161026,0.,1779989425.161026,200.
1779989425.2610261,0.,1779989425.2610261,200.
1779989425.361026,0.,1779989425.361026,200.
1779989425.461026,0.,1779989425.461026,200.
1779989425.561026,0.,1779989425.561026,200.
1779989425.661026,0.,1779989425.661026,200.
1779989425.7610261,0.,1779989425.7610261,200.
1779989425.861026,0.,1779989425.861026,200.
1779989425.961026,0.,1779989425.961026,200.
1779989426.061026,0.,1779989426.061026,200.
1779989426.161026,0.,1779989426.161026,200.
1779989426.2610261,0.,1779989426.2610261,200.
1779989426.361026,0.,1779989426.361026,200.
1779989426.461026,0.,1779989426.461026,200.
1779989426.561026,0.,1779989426.561026,200.
1779989426.661026,0.,1779989426.661026,200.
1779989426.7610261,0.,1779989426.7610261,200.
1779989426.861026,0.,1779989426.861026,200.
1779989426.961026,0.,1779989426.961026,200.
1779989427.061026,0.,1779989427.061026,200.
1779989427.161026,0.,1779989427.161026,200.
1779989427.2610261,0.,1779989427.2610261,200.
1779989427.361026,0.,1779989427.361026,200.
1779989427.461026,0.,1779989427.461026,200.
1779989427.561026,0.,1779989427.561026,200.
1779989427.661026,0.,1779989427.661026,200.
1779989427.7610261,0.,1779989427.7610261,200.
1779989427.861026,0.,1779989427.861026,200.
1779989427.961026,0.,1779989427.961026,200.
1779989428.061026,0.,1779989428.061026,200.
1779989428.161026,0.,1779989428.161026,200.
1779989428.2610261,0.,1779989428.2610261,200.
1779989428.361026,0.,1779989428.361026,200.
1779989428.461026,0.,1779989428.461026,200.
1779989428.561026,0.,1779989428.561026,200.
1779989428.661026,0.,1779989428.661026,200.
1779989428.7610261,0.,1779989428.7610261,200.
1779989428.861026,0.,1779989428.861026,200.
1779989428.961026,0.,1779989428.961026,200.
1779989429.061026,0.,1779989429.061026,200.
1779989429.161026,0.,1779989429.161026,200.
1779989429.2610261,0.,1779989429.2610261,200.
1779989429.361026,0.,1779989429.361026,200.
1779989429.461026,0.,1779989429.461026,200.
1779989429.561026,0.,1779989429.561026,200.
1779989429.661026,0.,1779989429.661026,200.
1779989429.7610261,0.,1779989429.7610261,200.
1779989429.861026,0.,1779989429.861026,200.
1779989429.961026,0.,1779989429.961026,200.
1779989430.061026,0.,1779989430.061026,200.
1779989430.161026,0.,1779989430.161026,200.
1779989430.2610261,0.,1779989430.2610261,200.
1779989430.361026,0.,1779989430.361026,200.
1779989430.461026,0.,1779989430.461026,200.
1779989430.561026,0.,1779989430.561026,200.
1779989430.661026,0.,1779989430.661026,200.
1779989430.7610261,0.,1779989430.7610261,200.
1779989430.861026,0.,1779989430.861026,200.
1779989430.961026,0.,1779989430.961026,200.
1779989431.061026,0.,1779989431.061026,200.
1779989431.161026,0.,1779989431.161026,200.
1779989431.2610261,0.,1779989431.2610261,200.
1779989431.361026,0.,1779989431.361026,200.
1779989431.461026,0.,1779989431.461026,200.
1779989431.561026,0.,1779989431.561026,200.
1779989431.661026,0.,1779989431.661026,200.
1779989431.7610261,0.,1779989431.7610261,200.
1779989431.861026,0.,1779989431.861026,200.
1779989431.961026,0.,1779989431.961026,200.
1779989432.061026,0.,1779989432.061026,200.
1779989432.161026,0.,1779989432.161026,200.
1779989432.2610261,0.,1779989432.2610261,200.
1779989432.361026,0.,1779989432.361026,200.
1779989432.461026,0.,1779989432.461026,200.
1779989432.561026,0.,1779989432.561026,200.
1779989432.661026,0.,1779989432.661026,200.
1779989432.7610261,0.,1779989432.7610261,200.
1779989432.861026,0.,1779989432.861026,200.
1779989432.961026,0.,1779989432.961026,200.
1779989433.061026,0.,1779989433.061026,200.
1779989433.161026,0.,1779989433.161026,200.
1779989433.2610261,0.,1779989433.2610261,200.
1779989433.361026,0.,1779989433.361026,200.
1779989433.461026,0.,1779989433.461026,200.
1779989433.561026,0.,1779989433.561026,200.
1779989433.661026,0.,1779989433.661026,200.
1779989433.7610261,0.,1779989433.7610261,200.
1779989433.861026,0.,1779989433.861026,200.
1779989433.961026,0.,1779989433.961026,200.
1779989434.061026,0.,1779989434.061026,200.
1779989434.161026,0.,1779989434.161026,200.
1779989434.2610261,0.,1779989434.2610261,200.
1779989434.361026,0.,1779989434.361026,200.
1779989434.461026,0.,1779989434.461026,200.
1779989434.561026,0.,1779989434.561026,200.
1779989434.661026,0.,1779989434.661026,200.
1779989434.7610261,0.,1779989434.7610261,200.
1779989434.861026,0.,1779989434.861026,200.
1779989434.961026,0.,1779989434.961026,200.
1779989435.061026,0.,1779989435.061026,200.
1779989435.161026,0.,1779989435.161026,200.
1779989435.2610261,0.,1779989435.2610261,200.
1779989435.361026,0.,1779989435.361026,200.
1779989435.461026,0.,1779989435.461026,200.
1779989435.561026,0.,1779989435.561026,200.
1779989435.661026,0.,1779989435.661026,200.
1779989435.7610261,0.,1779989435.7610261,200.
1779989435.861026,0.,1779989435.861026,200.
1779989435.961026,0.,1779989435.961026,200.
1779989436.061026,0.,1779989436.061026,200.
1779989436.161026,0.,1779989436.161026,200.
1779989436.2610261,0.,1779989436.2610261,200.
1779989436.361026,0.,1779989436.361026,200.
1779989436.461026,0.,1779989436.461026,200.
1779989436.561026,0.,1779989436.561026,200.
1779989436.661026,0.,1779989436.661026,200.
1779989436.7610261,117.1877758032,1779989436.7610261,200.
1779989436.861026,114.6267194261,1779989436.861026,200.
1779989436.961026,117.9087920791,1779989436.961026,200.
1779989437.061026,120.7869226227,1779989437.061026,200.
1779989437.161026,118.2902931118,1779989437.161026,200.
1779989437.2610261,144.3875326648,1779989437.2610261,200.
1779989437.361026,207.7155871408,1779989437.361026,200.
1779989437.461026,163.2739040115,1779989437.461026,200.
1779989437.561026,207.8211315866,1779989437.561026,200.
1779989437.661026,204.8651568527,1779989437.661026,200.
1779989437.7610261,172.0670888443,1779989437.7610261,200.
1779989437.861026,151.7574023895,1779989437.861026,200.
1779989437.961026,150.3568579189,1779989437.961026,200.
1779989438.061026,179.7433214057,1779989438.061026,200.
1779989438.161026,197.9573378209,1779989438.161026,200.
1779989438.2610261,177.0396442324,1779989438.2610261,200.
1779989438.361026,177.0396442324,1779989438.361026,200.
1779989438.461026,159.8965994127,1779989438.461026,200.
1779989438.561026,193.4653621204,1779989438.561026,200.
1779989438.661026,185.4884917218,1779989438.661026,200.
1779989438.7610261,232.7078659041,1779989438.7610261,200.
1779989438.861026,182.6827244775,1779989438.861026,200.
1779989438.961026,155.5717856954,1779989438.961026,200.
1779989439.061026,173.3589459306,1779989439.061026,200.
1779989439.161026,198.9881705645,1779989439.161026,200.
1779989439.2610261,158.2041032745,1779989439.2610261,200.
1779989439.361026,174.4247513346,1779989439.361026,200.
1779989439.461026,175.2329904049,1779989439.461026,200.
1779989439.561026,204.9984320115,1779989439.561026,200.
1779989439.661026,198.2504871273,1779989439.661026,200.
1779989439.7610261,218.1584902206,1779989439.7610261,200.
1779989439.861026,184.136384046,1779989439.861026,200.
1779989439.961026,177.9511718287,1779989439.961026,200.
1779989440.061026,181.3983350082,1779989440.061026,200.
1779989440.161026,200.8249773296,1779989440.161026,200.
1779989440.2610261,206.1695591885,1779989440.2610261,200.
1779989440.361026,181.4750605830,1779989440.361026,200.
1779989440.461026,181.4416165878,1779989440.461026,200.
1779989440.561026,182.7468272339,1779989440.561026,200.
1779989440.661026,192.6975810734,1779989440.661026,200.
1779989440.7610261,182.6459676499,1779989440.7610261,200.
1779989440.861026,156.3841690097,1779989440.861026,200.
1779989440.961026,165.0993118355,1779989440.961026,200.
1779989441.061026,181.2447382375,1779989441.061026,200.
1779989441.161026,196.7204281406,1779989441.161026,200.
1779989441.2610261,169.8748580129,1779989441.2610261,200.
1779989441.361026,259.9242267888,1779989441.361026,200.
1779989441.461026,145.7184712648,1779989441.461026,200.
1779989441.561026,195.5744370866,1779989441.561026,200.
1779989441.661026,135.2189113739,1779989441.661026,200.
1779989441.7610261,153.8592312923,1779989441.7610261,200.
1779989441.861026,179.1078454679,1779989441.861026,200.
1779989441.961026,154.1867914969,1779989441.961026,200.
1779989442.061026,166.6730312452,1779989442.061026,200.
1779989442.161026,208.1570867675,1779989442.161026,200.
1779989442.2610261,226.0708024594,1779989442.2610261,200.
1779989442.361026,224.0105745507,1779989442.361026,200.
1779989442.461026,202.7515677293,1779989442.461026,200.
1779989442.561026,202.7515677293,1779989442.561026,200.
1779989442.661026,185.3112202996,1779989442.661026,200.
1779989442.7610261,218.0010205883,1779989442.7610261,200.
1779989442.861026,202.4499023489,1779989442.861026,200.
1779989442.961026,166.4966239179,1779989442.961026,200.
1779989443.061026,214.2156541192,1779989443.061026,200.
1779989443.161026,205.7747801627,1779989443.161026,200.
1779989443.2610261,245.0296368149,1779989443.2610261,200.
1779989443.361026,217.7102053027,1779989443.361026,200.
1779989443.461026,136.1925205433,1779989443.461026,200.
1779989443.561026,170.955354607,1779989443.561026,200.
1779989443.661026,205.2687916216,1779989443.661026,200.
1779989443.7610261,192.4127103493,1779989443.7610261,200.
1779989443.861026,177.2610279086,1779989443.861026,200.
1779989443.961026,186.1466668787,1779989443.961026,200.
1779989444.061026,158.7811674082,1779989444.061026,200.
1779989444.161026,163.7569535453,1779989444.161026,200.
1779989444.2610261,151.7463462254,1779989444.2610261,200.
1779989444.361026,154.3630675989,1779989444.361026,200.
1779989444.461026,170.8446331136,1779989444.461026,200.
1779989444.561026,178.809362652,1779989444.561026,200.
1779989444.661026,176.0307211575,1779989444.661026,200.
1779989444.7610261,199.9641935051,1779989444.7610261,200.
1779989444.861026,211.9773711900,1779989444.861026,200.
1779989444.961026,180.5265407642,1779989444.961026,200.
1779989445.061026,243.0021175068,1779989445.061026,200.
1779989445.161026,195.3925731269,1779989445.161026,200.
1779989445.2610261,207.6118907389,1779989445.2610261,200.
1779989445.361026,212.8308850379,1779989445.361026,200.
1779989445.461026,227.8554784099,1779989445.461026,200.
1779989445.561026,259.6020481607,1779989445.561026,200.
1779989445.661026,273.6368130808,1779989445.661026,200.
1779989445.7610261,237.6146000038,1779989445.7610261,200.
1779989445.861026,192.8465479499,1779989445.861026,200.
1779989445.961026,176.4615031171,1779989445.961026,200.
1779989446.061026,179.201850593,1779989446.061026,200.
1779989446.161026,183.0613201177,1779989446.161026,200.
1779989446.2610261,179.6502008734,1779989446.2610261,200.
1779989446.361026,175.1718886159,1779989446.361026,200.
1779989446.461026,152.9617383214,1779989446.461026,200.
1779989446.561026,193.7474582856,1779989446.561026,200.
1779989446.661026,162.1262442856,1779989446.661026,200.
1779989446.7610261,189.7927439509,1779989446.7610261,200.
1779989446.861026,159.6830687544,1779989446.861026,200.
1779989446.961026,144.0387681094,1779989446.961026,200.
1779989447.061026,153.9876762896,1779989447.061026,200.
1779989447.161026,172.8668389927,1779989447.161026,200.
1779989447.2610261,166.528123372,1779989447.2610261,200.
1779989447.361026,158.3916930102,1779989447.361026,200.
1779989447.461026,165.7221363334,1779989447.461026,200.
1779989447.561026,156.6944315462,1779989447.561026,200.
1779989447.661026,177.2720956386,1779989447.661026,200.
1779989447.7610261,168.5829010097,1779989447.7610261,200.
1779989447.861026,180.4163443731,1779989447.861026,200.
1779989447.961026,209.2272483789,1779989447.961026,200.
1779989448.061026,202.9657621742,1779989448.061026,200.
1779989448.161026,200.7271052485,1779989448.161026,200.
1779989448.2610261,166.5714700081,1779989448.2610261,200.
1779989448.361026,209.643674492,1779989448.361026,200.
1779989448.461026,216.8205734058,1779989448.461026,200.
1779989448.561026,201.9660686662,1779989448.561026,200.
1779989448.661026,188.3923973539,1779989448.661026,200.
1779989448.7610261,194.7952902270,1779989448.7610261,200.
1779989448.861026,162.7277222825,1779989448.861026,200.
1779989448.961026,177.7386557815,1779989448.961026,200.
1779989449.061026,177.3009943825,1779989449.061026,200.
1779989449.161026,148.1828843027,1779989449.161026,200.
1779989449.2610261,203.1393133093,1779989449.2610261,200.
1779989449.361026,189.0137737164,1779989449.361026,200.
1779989449.461026,166.3592611177,1779989449.461026,200.
1779989449.561026,169.9987652626,1779989449.561026,200.
1779989449.661026,204.3126015350,1779989449.661026,200.
1779989449.7610261,134.5612111233,1779989449.7610261,200.
1779989449.861026,194.34372027,1779989449.861026,200.
1779989449.961026,156.5574462171,1779989449.961026,200.
1779989450.061026,147.9645825126,1779989450.061026,200.
1779989450.161026,171.6080715116,1779989450.161026,200.
1779989450.2610261,132.7166397450,1779989450.2610261,200.
1779989450.361026,185.3203532046,1779989450.361026,200.
1779989450.461026,227.8657312712,1779989450.461026,200.
1779989450.561026,165.3413907086,1779989450.561026,200.
1779989450.661026,154.1077896749,1779989450.661026,200.
1779989450.7610261,171.7622058023,1779989450.7610261,200.
1779989450.861026,173.3735301479,1779989450.861026,200.
1779989450.961026,197.9282004685,1779989450.961026,200.
1779989451.061026,137.2277271039,1779989451.061026,200.
1779989451.161026,213.013252805,1779989451.161026,200.
1779989451.2610261,231.4592737114,1779989451.2610261,200.
1779989451.361026,300.6808036699,1779989451.361026,200.
1779989451.461026,201.6143641054,1779989451.461026,200.
1779989451.561026,183.7714385013,1779989451.561026,200.
1779989451.661026,176.7417802845,1779989451.661026,200.
1779989451.7610261,179.5972112971,1779989451.7610261,200.
1779989451.861026,153.3230187264,1779989451.861026,200.
1779989451.961026,143.684397316,1779989451.961026,200.
1779989452.061026,174.360010905,1779989452.061026,200.
1779989452.161026,170.2640518622,1779989452.161026,200.
1779989452.2610261,156.16869397,1779989452.2610261,200.
1779989452.361026,146.2572875174,1779989452.361026,200.
1779989452.461026,155.4062217078,1779989452.461026,200.
1779989452.561026,142.193384269,1779989452.561026,200.
1779989452.661026,152.9473507114,1779989452.661026,200.
1779989452.7610261,170.0064330507,1779989452.7610261,200.
1779989452.861026,149.3911200562,1779989452.861026,200.
1779989452.961026,174.3716691266,1779989452.961026,200.
1779989453.061026,174.7334182219,1779989453.061026,200.
1779989453.161026,152.8441138429,1779989453.161026,200.
1779989453.2610261,147.3633320564,1779989453.2610261,200.
1779989453.361026,173.4110938702,1779989453.361026,200.
1779989453.461026,157.7391107134,1779989453.461026,200.
1779989453.561026,173.8697934415,1779989453.561026,200.
1779989453.661026,170.6727080801,1779989453.661026,200.
1779989453.7610261,226.0999878355,1779989453.7610261,200.
1779989453.861026,184.9034887448,1779989453.861026,200.
1779989453.961026,181.5572708575,1779989453.961026,200.
1779989454.061026,215.9369227199,1779989454.061026,200.
1779989454.161026,207.7726952482,1779989454.161026,200.
1779989454.2610261,166.3447511045,1779989454.2610261,200.
1779989454.361026,215.4813440671,1779989454.361026,200.
1779989454.461026,190.1238940176,1779989454.461026,200.
1779989454.561026,155.8027016007,1779989454.561026,200.
1779989454.661026,170.7335428890,1779989454.661026,200.
1779989454.7610261,156.7771787629,1779989454.7610261,200.
1779989454.861026,172.5487221843,1779989454.861026,200.
1779989454.961026,178.6291502466,1779989454.961026,200.
1779989455.061026,174.5689896156,1779989455.061026,200.
1779989455.161026,178.5288564285,1779989455.161026,200.
1779989455.2610261,133.1242011598,1779989455.2610261,200.
1779989455.361026,162.3503123912,1779989455.361026,200.
1779989455.461026,191.8736894842,1779989455.461026,200.
1779989455.561026,178.2924579208,1779989455.561026,200.
1779989455.661026,135.5509490296,1779989455.661026,200.
1779989455.7610261,175.6318003900,1779989455.7610261,200.
1779989455.861026,240.3948385781,1779989455.861026,200.
1779989455.961026,194.1773465903,1779989455.961026,200.
1779989456.061026,132.2022497443,1779989456.061026,200.
1779989456.161026,164.4459267537,1779989456.161026,200.
1779989456.2610261,181.0075894335,1779989456.2610261,200.
1779989456.361026,155.2596797236,1779989456.361026,200.
1779989456.461026,198.1781765615,1779989456.461026,200.
1779989456.561026,215.6057357921,1779989456.561026,200.
1779989456.661026,189.5535802345,1779989456.661026,200.
1779989456.7610261,186.109629946,1779989456.7610261,200.
1779989456.861026,198.6751479888,1779989456.861026,200.
1779989456.961026,185.3078625368,1779989456.961026,200.
1779989457.061026,195.0338716697,1779989457.061026,200.
1779989457.161026,209.6495566449,1779989457.161026,200.
1779989457.2610261,200.9567639221,1779989457.2610261,200.
1779989457.361026,162.7069608643,1779989457.361026,200.
1779989457.461026,149.1810049296,1779989457.461026,200.
1779989457.561026,207.1918771810,1779989457.561026,200.
1779989457.661026,166.4300569791,1779989457.661026,200.
1779989457.7610261,177.453459003,1779989457.7610261,200.
1779989457.861026,176.8424413298,1779989457.861026,200.
1779989457.961026,156.4114073717,1779989457.961026,200.
1779989458.061026,149.4952512811,1779989458.061026,200.
1779989458.161026,150.2288441390,1779989458.161026,200.
1779989458.2610261,140.2630089368,1779989458.2610261,200.
1779989458.361026,172.1434856717,1779989458.361026,200.
1779989458.461026,182.8159594482,1779989458.461026,200.
1779989458.561026,180.6172121467,1779989458.561026,200.
1779989458.661026,199.2116179932,1779989458.661026,200.
1779989458.7610261,153.7082208278,1779989458.7610261,200.
1779989458.861026,203.0072594926,1779989458.861026,200.
1779989458.961026,161.4621821354,1779989458.961026,200.
1779989459.061026,175.9448765307,1779989459.061026,200.
1779989459.161026,191.4989842770,1779989459.161026,200.
1779989459.2610261,294.9744461039,1779989459.2610261,200.
1779989459.361026,212.6548666027,1779989459.361026,200.
1779989459.461026,187.1466064092,1779989459.461026,200.
1779989459.561026,175.9375969633,1779989459.561026,200.
1779989459.661026,218.6137044307,1779989459.661026,200.
1779989459.7610261,194.9498559830,1779989459.7610261,200.
1779989459.861026,172.6246246893,1779989459.861026,200.
1779989459.961026,233.8312351723,1779989459.961026,200.
1779989460.061026,239.366947433,1779989460.061026,200.
1779989460.161026,211.7452460256,1779989460.161026,200.
1779989460.2610261,195.5909458352,1779989460.2610261,200.
1779989460.361026,197.1252843002,1779989460.361026,200.
1779989460.461026,181.9149024549,1779989460.461026,200.
1779989460.561026,173.8037574128,1779989460.561026,200.
1779989460.661026,230.1938584249,1779989460.661026,200.
1779989460.7610261,214.1567047345,1779989460.7610261,200.
1779989460.861026,204.4489127324,1779989460.861026,200.
1779989460.961026,187.5384480892,1779989460.961026,200.
1779989461.061026,150.4103166155,1779989461.061026,200.
1779989461.161026,225.4089509577,1779989461.161026,200.
1779989461.2610261,184.1678786851,1779989461.2610261,200.
1779989461.361026,191.3456454746,1779989461.361026,200.
1779989461.461026,225.6678313127,1779989461.461026,200.
1779989461.561026,140.3529085799,1779989461.561026,200.
1779989461.661026,146.0880847545,1779989461.661026,200.
1779989461.7610261,143.4273730471,1779989461.7610261,200.
1779989461.861026,177.2437367918,1779989461.861026,200.
1779989461.961026,183.7221514478,1779989461.961026,200.
1779989462.061026,178.4635405721,1779989462.061026,200.
1779989462.161026,178.9839209961,1779989462.161026,200.
1779989462.2610261,193.6313599599,1779989462.2610261,200.
1779989462.361026,177.6299971064,1779989462.361026,200.
1779989462.461026,182.1048654829,1779989462.461026,200.
1779989462.561026,178.5606532272,1779989462.561026,200.
1779989462.661026,180.2061859578,1779989462.661026,200.
1779989462.7610261,180.7497951203,1779989462.7610261,200.
1779989462.861026,216.0842324080,1779989462.861026,200.
1779989462.961026,185.0053401526,1779989462.961026,200.
1779989463.061026,177.2944140127,1779989463.061026,200.
1779989463.161026,182.5989609540,1779989463.161026,200.
1779989463.2610261,186.4877311876,1779989463.2610261,200.
1779989463.361026,166.9106115973,1779989463.361026,200.
1779989463.461026,183.0768993471,1779989463.461026,200.
1779989463.561026,171.8792860912,1779989463.561026,200.
1779989463.661026,153.7810201001,1779989463.661026,200.
1779989463.7610261,142.2447171683,1779989463.7610261,200.
1779989463.861026,165.0621654265,1779989463.861026,200.
1779989463.961026,202.0531287473,1779989463.961026,200.
1779989464.061026,140.5907914291,1779989464.061026,200.
1779989464.161026,186.0602866731,1779989464.161026,200.
1779989464.2610261,171.6252136940,1779989464.2610261,200.
1779989464.361026,161.0041518981,1779989464.361026,200.
1779989464.461026,168.9081523167,1779989464.461026,200.
1779989464.561026,153.0706239250,1779989464.561026,200.
1779989464.661026,153.52247811,1779989464.661026,200.
1779989464.7610261,162.4478730265,1779989464.7610261,200.
1779989464.861026,198.7625520586,1779989464.861026,200.
1779989464.961026,357.4442534425,1779989464.961026,200.
1779989465.061026,240.9614420980,1779989465.061026,200.
1779989465.161026,228.8763475392,1779989465.161026,200.
1779989465.2610261,187.1050773951,1779989465.2610261,200.
1779989465.361026,156.4188773650,1779989465.361026,200.
1779989465.461026,173.3773794767,1779989465.461026,200.
1779989465.561026,188.3469747657,1779989465.561026,200.
1779989465.661026,210.6172408519,1779989465.661026,200.
1779989465.7610261,237.5277168561,1779989465.7610261,200.
1779989465.861026,188.8109787204,1779989465.861026,200.
1779989465.961026,174.7360949300,1779989465.961026,200.
1779989466.061026,183.3249098642,1779989466.061026,200.
1779989466.161026,176.2406415324,1779989466.161026,200.
1779989466.2610261,178.1180529193,1779989466.2610261,200.
1779989466.361026,155.434686489,1779989466.361026,200.
1779989466.461026,145.7228676260,1779989466.461026,200.
1779989466.561026,174.4210423125,1779989466.561026,200.
1779989466.661026,218.1070221768,1779989466.661026,200.
1779989466.7610261,169.0285177271,1779989466.7610261,200.
1779989466.861026,172.6877206678,1779989466.861026,200.
1779989466.961026,148.3183490537,1779989466.961026,200.
1779989467.061026,154.0595915529,1779989467.061026,200.
1779989467.161026,171.4412676577,1779989467.161026,200.
1779989467.2610261,128.2521084749,1779989467.2610261,200.
1779989467.361026,167.1715739869,1779989467.361026,200.
1779989467.461026,177.2806121518,1779989467.461026,200.
1779989467.561026,150.8776634597,1779989467.561026,200.
1779989467.661026,196.333569224,1779989467.661026,200.
1779989467.7610261,186.8502335619,1779989467.7610261,200.
1779989467.861026,180.6597809928,1779989467.861026,200.
1779989467.961026,182.5646211427,1779989467.961026,200.
1779989468.061026,193.5113789271,1779989468.061026,200.
1779989468.161026,207.0265794889,1779989468.161026,200.
1779989468.2610261,184.0090146336,1779989468.2610261,200.
1779989468.361026,223.5792968732,1779989468.361026,200.
1779989468.461026,227.8103799176,1779989468.461026,200.
1779989468.561026,214.4370985357,1779989468.561026,200.
1779989468.661026,232.6884344984,1779989468.661026,200.
1779989468.7610261,210.8037661503,1779989468.7610261,200.
1779989468.861026,185.6400567944,1779989468.861026,200.
1779989468.961026,174.544441056,1779989468.961026,200.
1779989469.061026,175.5244543350,1779989469.061026,200.
1779989469.161026,175.3400945190,1779989469.161026,200.
1779989469.2610261,172.2420615854,1779989469.2610261,200.
1779989469.361026,163.7054163447,1779989469.361026,200.
1779989469.461026,174.8892340206,1779989469.461026,200.
1779989469.561026,169.5933982505,1779989469.561026,200.
1779989469.661026,169.9833384077,1779989469.661026,200.
1779989469.7610261,151.6488743656,1779989469.7610261,200.
1779989469.861026,161.4442520811,1779989469.861026,200.
1779989469.961026,163.3892072116,1779989469.961026,200.
1779989470.061026,169.229048216,1779989470.061026,200.
1779989470.161026,189.909660827,1779989470.161026,200.
1779989470.2610261,181.3143485360,1779989470.2610261,200.
1779989470.361026,177.4328049579,1779989470.361026,200.
1779989470.461026,181.4416025006,1779989470.461026,200.
1779989470.561026,226.5519536553,1779989470.561026,200.
1779989470.661026,235.7787413940,1779989470.661026,200.
1779989470.7610261,235.7787413940,1779989470.7610261,200.
1779989470.861026,202.7997802607,1779989470.861026,200.
1779989470.961026,177.7829121948,1779989470.961026,200.
1779989471.061026,201.6651276894,1779989471.061026,200.
1779989471.161026,181.2313324786,1779989471.161026,200.
1779989471.2610261,181.5766633014,1779989471.2610261,200.
1779989471.361026,172.3419075371,1779989471.361026,200.
1779989471.461026,196.8605291976,1779989471.461026,200.
1779989471.561026,163.8537448448,1779989471.561026,200.
1779989471.661026,169.6914177702,1779989471.661026,200.
1779989471.7610261,156.1912018993,1779989471.7610261,200.
1779989471.861026,135.5289496195,1779989471.861026,200.
1779989471.961026,161.7245106673,1779989471.961026,200.
1779989472.061026,175.8533326608,1779989472.061026,200.
1779989472.161026,152.2132394807,1779989472.161026,200.
1779989472.2610261,148.9538836794,1779989472.2610261,200.
1779989472.361026,163.8440019545,1779989472.361026,200.
1779989472.461026,161.1185037040,1779989472.461026,200.
1779989472.561026,167.9955630997,1779989472.561026,200.
1779989472.661026,152.6778622549,1779989472.661026,200.
1779989472.7610261,170.9065161216,1779989472.7610261,200.
1779989472.861026,176.5318813815,1779989472.861026,200.
1779989472.961026,210.8056726889,1779989472.961026,200.
1779989473.061026,318.3144370259,1779989473.061026,200.
1779989473.161026,208.0715378927,1779989473.161026,200.
1779989473.2610261,181.6539854872,1779989473.2610261,200.
1779989473.361026,172.9370350145,1779989473.361026,200.
1779989473.461026,209.2574080643,1779989473.461026,200.
1779989473.561026,187.315931874,1779989473.561026,200.
1779989473.661026,202.4203526693,1779989473.661026,200.
1779989473.7610261,204.1033564074,1779989473.7610261,200.
1779989473.861026,181.9742569986,1779989473.861026,200.
1779989473.961026,176.0516032288,1779989473.961026,200.
1779989474.061026,180.3226341,1779989474.061026,200.
1779989474.161026,174.8100292975,1779989474.161026,200.
1779989474.2610261,177.2961948324,1779989474.2610261,200.
1779989474.361026,172.1598799511,1779989474.361026,200.
1779989474.461026,135.3719999410,1779989474.461026,200.
1779989474.561026,153.8730587754,1779989474.561026,200.
1779989474.661026,157.4978912726,1779989474.661026,200.
1779989474.7610261,153.2014215371,1779989474.7610261,200.
1779989474.861026,170.4777114514,1779989474.861026,200.
1779989474.961026,156.3079498376,1779989474.961026,200.
1779989475.061026,164.6669560226,1779989475.061026,200.
1779989475.161026,151.6028420278,1779989475.161026,200.
1779989475.2610261,191.7929287488,1779989475.2610261,200.
1779989475.361026,179.6010110121,1779989475.361026,200.
1779989475.461026,150.5318830234,1779989475.461026,200.
1779989475.561026,152.428665255,1779989475.561026,200.
1779989475.661026,231.0754291467,1779989475.661026,200.
1779989475.7610261,186.1804552869,1779989475.7610261,200.
1779989475.861026,190.2495546028,1779989475.861026,200.
1779989475.961026,190.2495546028,1779989475.961026,200.
1779989476.061026,219.5005075086,1779989476.061026,200.
1779989476.161026,217.7606844390,1779989476.161026,200.
1779989476.2610261,256.7880472085,1779989476.2610261,200.
1779989476.361026,212.985000236,1779989476.361026,200.
1779989476.461026,209.0321585868,1779989476.461026,200.
1779989476.561026,175.179228579,1779989476.561026,200.
1779989476.661026,177.5243857037,1779989476.661026,200.
1779989476.7610261,173.7521869634,1779989476.7610261,200.
1779989476.861026,179.6001588848,1779989476.861026,200.
1779989476.961026,174.2220402017,1779989476.961026,200.
1779989477.061026,191.3322631765,1779989477.061026,200.
1779989477.161026,226.6902037552,1779989477.161026,200.
1779989477.2610261,166.4594689291,1779989477.2610261,200.
1779989477.361026,174.6924023897,1779989477.361026,200.
1779989477.461026,126.7191531606,1779989477.461026,200.
1779989477.561026,232.3826898417,1779989477.561026,200.
1779989477.661026,193.6461354771,1779989477.661026,200.
1779989477.7610261,177.1568002221,1779989477.7610261,200.
1779989477.861026,196.8352030178,1779989477.861026,200.
1779989477.961026,151.6125001721,1779989477.961026,200.
1779989478.061026,157.3390101798,1779989478.061026,200.
1779989478.161026,160.8897395812,1779989478.161026,200.
1779989478.2610261,132.6272377090,1779989478.2610261,200.
1779989478.361026,195.0100902467,1779989478.361026,200.
1779989478.461026,230.5000442734,1779989478.461026,200.
1779989478.561026,155.4049827938,1779989478.561026,200.
1779989478.661026,202.6716914281,1779989478.661026,200.
1779989478.7610261,208.6643582738,1779989478.7610261,200.
1779989478.861026,186.9691563145,1779989478.861026,200.
1779989478.961026,181.5110720790,1779989478.961026,200.
1779989479.061026,209.0876731377,1779989479.061026,200.
1779989479.161026,243.3117950738,1779989479.161026,200.
1779989479.2610261,219.4241127645,1779989479.2610261,200.
1779989479.361026,183.2817060606,1779989479.361026,200.
1779989479.461026,224.6361836252,1779989479.461026,200.
1779989479.561026,185.7320874207,1779989479.561026,200.
1779989479.661026,207.6025972843,1779989479.661026,200.
1779989479.7610261,208.6515617136,1779989479.7610261,200.
1779989479.861026,202.2988150669,1779989479.861026,200.
1779989479.961026,204.2231150267,1779989479.961026,200.
1779989480.061026,219.9535248749,1779989480.061026,200.
1779989480.161026,175.0973292284,1779989480.161026,200.
1779989480.2610261,200.1987552816,1779989480.2610261,200.
1779989480.361026,169.9040026011,1779989480.361026,200.
1779989480.461026,157.1930118693,1779989480.461026,200.
1779989480.561026,179.4836596812,1779989480.561026,200.
1779989480.661026,199.7872972889,1779989480.661026,200.
1779989480.7610261,196.1349934888,1779989480.7610261,200.
1779989480.861026,166.4490902288,1779989480.861026,200.
1779989480.961026,170.65466463,1779989480.961026,200.
1779989481.061026,181.2089207532,1779989481.061026,200.
1779989481.161026,153.6661890343,1779989481.161026,200.
1779989481.2610261,192.21424937,1779989481.2610261,200.
1779989481.361026,203.6573629223,1779989481.361026,200.
1779989481.461026,182.9994397546,1779989481.461026,200.
1779989481.561026,201.6173199798,1779989481.561026,200.
1779989481.661026,199.1949994796,1779989481.661026,200.
1779989481.7610261,233.6732827902,1779989481.7610261,200.
1779989481.861026,232.9830636244,1779989481.861026,200.
1779989481.961026,214.2082197568,1779989481.961026,200.
1779989482.061026,223.8944848928,1779989482.061026,200.
1779989482.161026,212.7450249293,1779989482.161026,200.
1779989482.2610261,236.3332912417,1779989482.2610261,200.
1779989482.361026,174.6396682861,1779989482.361026,200.
1779989482.461026,245.4161700014,1779989482.461026,200.
1779989482.561026,209.4022887686,1779989482.561026,200.
1779989482.661026,205.6485685817,1779989482.661026,200.
1779989482.7610261,162.4130024920,1779989482.7610261,200.
1779989482.861026,170.8865695625,1779989482.861026,200.
1779989482.961026,175.5009578351,1779989482.961026,200.
1779989483.061026,156.0588786720,1779989483.061026,200.
1779989483.161026,149.0477186429,1779989483.161026,200.
1779989483.2610261,166.9093136782,1779989483.2610261,200.
1779989483.361026,178.1827724952,1779989483.361026,200.
1779989483.461026,176.7799421844,1779989483.461026,200.
1779989483.561026,165.8879215651,1779989483.561026,200.
1779989483.661026,157.2649065468,1779989483.661026,200.
1779989483.7610261,153.538357017,1779989483.7610261,200.
1779989483.861026,201.2649249962,1779989483.861026,200.
1779989483.961026,185.3033103605,1779989483.961026,200.
1779989484.061026,176.4671418889,1779989484.061026,200.
1779989484.161026,172.1859430083,1779989484.161026,200.
1779989484.2610261,183.8575669427,1779989484.2610261,200.
1779989484.361026,171.1419882177,1779989484.361026,200.
1779989484.461026,266.8526592721,1779989484.461026,200.
1779989484.561026,204.9808050971,1779989484.561026,200.
1779989484.661026,179.2322789071,1779989484.661026,200.
1779989484.7610261,151.3523768168,1779989484.7610261,200.
1779989484.861026,196.9954924781,1779989484.861026,200.
1779989484.961026,233.2234156093,1779989484.961026,200.
1779989485.061026,221.4545312063,1779989485.061026,200.
1779989485.161026,193.4255848914,1779989485.161026,200.
1779989485.2610261,229.1576680686,1779989485.2610261,200.
1779989485.361026,267.5309329986,1779989485.361026,200.
1779989485.461026,240.8001486093,1779989485.461026,200.
1779989485.561026,189.1206826407,1779989485.561026,200.
1779989485.661026,179.9775382519,1779989485.661026,200.
1779989485.7610261,154.6129994325,1779989485.7610261,200.
1779989485.861026,145.3138678981,1779989485.861026,200.
1779989485.961026,172.5101568803,1779989485.961026,200.
1779989486.061026,128.8684950447,1779989486.061026,200.
1779989486.161026,166.6232343503,1779989486.161026,200.
1779989486.2610261,131.7589266081,1779989486.2610261,200.
1779989486.361026,166.2605671278,1779989486.361026,200.
1779989486.461026,151.4266023721,1779989486.461026,200.
1779989486.561026,151.7465894212,1779989486.561026,200.
1779989486.661026,166.9819601128,1779989486.661026,200.
1779989486.7610261,172.9443718891,1779989486.7610261,200.
1779989486.861026,155.7253366920,1779989486.861026,200.
1779989486.961026,147.2212826719,1779989486.961026,200.
1779989487.061026,161.3596351274,1779989487.061026,200.
1779989487.161026,161.9174852526,1779989487.161026,200.
1779989487.2610261,165.6246903972,1779989487.2610261,200.
1779989487.361026,281.947542973,1779989487.361026,200.
1779989487.461026,199.9562285406,1779989487.461026,200.
1779989487.561026,181.5428238153,1779989487.561026,200.
1779989487.661026,211.6133522226,1779989487.661026,200.
1779989487.7610261,291.3548244298,1779989487.7610261,200.
1779989487.861026,219.0309308314,1779989487.861026,200.
1779989487.961026,260.0719530048,1779989487.961026,200.
1779989488.061026,199.0430171047,1779989488.061026,200.
1779989488.161026,226.9131860245,1779989488.161026,200.
1779989488.2610261,178.2794524907,1779989488.2610261,200.
1779989488.361026,158.3415946597,1779989488.361026,200.
1779989488.461026,177.5639082265,1779989488.461026,200.
1779989488.561026,281.0402858773,1779989488.561026,200.
1779989488.661026,267.5909475311,1779989488.661026,200.
1779989488.7610261,163.7602370377,1779989488.7610261,200.
1779989488.861026,155.3960936065,1779989488.861026,200.
1779989488.961026,127.1486557887,1779989488.961026,200.
1779989489.061026,145.8060190076,1779989489.061026,200.
1779989489.161026,151.039025368,1779989489.161026,200.
1779989489.2610261,143.9326964304,1779989489.2610261,200.
1779989489.361026,172.6415923727,1779989489.361026,200.
1779989489.461026,152.2656679938,1779989489.461026,200.
1779989489.561026,171.4237539118,1779989489.561026,200.
1779989489.661026,153.1126890365,1779989489.661026,200.
1779989489.7610261,171.0531565977,1779989489.7610261,200.
1779989489.861026,176.1962487086,1779989489.861026,200.
1779989489.961026,154.0171357580,1779989489.961026,200.
1779989490.061026,170.0035736367,1779989490.061026,200.
1779989490.161026,173.529690099,1779989490.161026,200.
1779989490.2610261,158.7511914237,1779989490.2610261,200.
1779989490.361026,170.0530596306,1779989490.361026,200.
1779989490.461026,150.0573083048,1779989490.461026,200.
1779989490.561026,179.1594429422,1779989490.561026,200.
1779989490.661026,176.1376641751,1779989490.661026,200.
1779989490.7610261,218.8714288804,1779989490.7610261,200.
1779989490.861026,192.449175905,1779989490.861026,200.
1779989490.961026,278.860450615,1779989490.961026,200.
1779989491.061026,197.4676735947,1779989491.061026,200.
1779989491.161026,190.9230769187,1779989491.161026,200.
1779989491.2610261,173.9001381563,1779989491.2610261,200.
1779989491.361026,181.3064404366,1779989491.361026,200.
1779989491.461026,201.153378875,1779989491.461026,200.
1779989491.561026,161.3473484852,1779989491.561026,200.
1779989491.661026,171.3702874293,1779989491.661026,200.
1779989491.7610261,149.5322091883,1779989491.7610261,200.
1779989491.861026,173.8801795878,1779989491.861026,200.
1779989491.961026,151.3218974571,1779989491.961026,200.
1779989492.061026,146.5358341547,1779989492.061026,200.
1779989492.161026,176.4273971306,1779989492.161026,200.
1779989492.2610261,175.4255796255,1779989492.2610261,200.
1779989492.361026,170.971328434,1779989492.361026,200.
1779989492.461026,157.5530224038,1779989492.461026,200.
1779989492.561026,152.9077963248,1779989492.561026,200.
1779989492.661026,145.4651749340,1779989492.661026,200.
1779989492.7610261,160.4724378825,1779989492.7610261,200.
1779989492.861026,158.9491985924,1779989492.861026,200.
1779989492.961026,144.7497989056,1779989492.961026,200.
1779989493.061026,177.2768431316,1779989493.061026,200.
1779989493.161026,179.7781713983,1779989493.161026,200.
1779989493.2610261,158.4198094261,1779989493.2610261,200.
1779989493.361026,183.6668654131,1779989493.361026,200.
1779989493.461026,157.6493783261,1779989493.461026,200.
1779989493.561026,200.3041750204,1779989493.561026,200.
1779989493.661026,203.6338825941,1779989493.661026,200.
1779989493.7610261,179.5524600874,1779989493.7610261,200.
1779989493.861026,354.0532563684,1779989493.861026,200.
1779989493.961026,261.6077461852,1779989493.961026,200.
1779989494.061026,171.6463035775,1779989494.061026,200.
1779989494.161026,152.0034307453,1779989494.161026,200.
1779989494.2610261,167.2449959256,1779989494.2610261,200.
1779989494.361026,174.5663125659,1779989494.361026,200.
1779989494.461026,185.5034222116,1779989494.461026,200.
1779989494.561026,147.4149679056,1779989494.561026,200.
1779989494.661026,146.5340445189,1779989494.661026,200.
1779989494.7610261,126.4090268609,1779989494.7610261,200.
1779989494.861026,153.7227127526,1779989494.861026,200.
1779989494.961026,215.6500784941,1779989494.961026,200.
1779989495.061026,135.9066959093,1779989495.061026,200.
1779989495.161026,200.2721315152,1779989495.161026,200.
1779989495.2610261,179.5426544554,1779989495.2610261,200.
1779989495.361026,149.6545236910,1779989495.361026,200.
1779989495.461026,195.9703475263,1779989495.461026,200.
1779989495.561026,161.6779282507,1779989495.561026,200.
1779989495.661026,177.3956804714,1779989495.661026,200.
1779989495.7610261,170.3176568527,1779989495.7610261,200.
1779989495.861026,152.5462289125,1779989495.861026,200.
1779989495.961026,218.9113256123,1779989495.961026,200.
1779989496.061026,184.0850523724,1779989496.061026,200.
1779989496.161026,171.2403904646,1779989496.161026,200.
1779989496.2610261,175.7210566262,1779989496.2610261,200.
1779989496.361026,181.4114619472,1779989496.361026,200.
1779989496.461026,300.1719190142,1779989496.461026,200.
1779989496.561026,185.6493015375,1779989496.561026,200.
1779989496.661026,179.4674624443,1779989496.661026,200.
1779989496.7610261,257.5409886822,1779989496.7610261,200.
1779989496.861026,215.9457486369,1779989496.861026,200.
1779989496.961026,154.8577425067,1779989496.961026,200.
1779989497.061026,149.6980312587,1779989497.061026,200.
1779989497.161026,177.0629810630,1779989497.161026,200.
1779989497.2610261,220.4793782840,1779989497.2610261,200.
1779989497.361026,214.9043619522,1779989497.361026,200.
1779989497.461026,178.6574472052,1779989497.461026,200.
1779989497.561026,168.9731155237,1779989497.561026,200.
1779989497.661026,158.9358423639,1779989497.661026,200.
1779989497.7610261,159.7636799481,1779989497.7610261,200.
1779989497.861026,164.9989246037,1779989497.861026,200.
1779989497.961026,163.7453333546,1779989497.961026,200.
1779989498.061026,185.0361650772,1779989498.061026,200.
1779989498.161026,177.0049570805,1779989498.161026,200.
1779989498.2610261,152.6029676911,1779989498.2610261,200.
1779989498.361026,126.7111219659,1779989498.361026,200.
1779989498.461026,169.8228638018,1779989498.461026,200.
1779989498.561026,150.5884208192,1779989498.561026,200.
1779989498.661026,164.3513400277,1779989498.661026,200.
1779989498.7610261,178.8816285207,1779989498.7610261,200.
1779989498.861026,173.8879133064,1779989498.861026,200.
1779989498.961026,174.4007577466,1779989498.961026,200.
1779989499.061026,160.7359420832,1779989499.061026,200.
1779989499.161026,215.9590184078,1779989499.161026,200.
1779989499.2610261,164.5145356866,1779989499.2610261,200.
1779989499.361026,199.6407947012,1779989499.361026,200.
1779989499.461026,328.8161062694,1779989499.461026,200.
1779989499.561026,239.5933894894,1779989499.561026,200.
1779989499.661026,210.1902496309,1779989499.661026,200.
1779989499.7610261,202.7672845870,1779989499.7610261,200.
1779989499.861026,210.0555916152,1779989499.861026,200.
1779989499.961026,182.6193867629,1779989499.961026,200.
1779989500.061026,197.4076317348,1779989500.061026,200.
1779989500.161026,189.1957297302,1779989500.161026,200.
1779989500.2610261,191.9869127656,1779989500.2610261,200.
1779989500.361026,210.3692658061,1779989500.361026,200.
1779989500.461026,165.8823626248,1779989500.461026,200.
1779989500.561026,175.5353128354,1779989500.561026,200.
1779989500.661026,181.0582134466,1779989500.661026,200.
1779989500.7610261,188.6877152456,1779989500.7610261,200.
1779989500.861026,199.1454070019,1779989500.861026,200.
1779989500.961026,209.2543870325,1779989500.961026,200.
1779989501.061026,152.1367732804,1779989501.061026,200.
1779989501.161026,179.6944083317,1779989501.161026,200.
1779989501.2610261,180.3375027233,1779989501.2610261,200.
1779989501.361026,266.3229207721,1779989501.361026,200.
1779989501.461026,187.2025668690,1779989501.461026,200.
1779989501.561026,186.4895217017,1779989501.561026,200.
1779989501.661026,184.4396814508,1779989501.661026,200.
1779989501.7610261,157.7299355475,1779989501.7610261,200.
1779989501.861026,150.3541005513,1779989501.861026,200.
1779989501.961026,140.9690722944,1779989501.961026,200.
1779989502.061026,154.7598236008,1779989502.061026,200.
1779989502.161026,145.3741988976,1779989502.161026,200.
1779989502.2610261,176.1916731949,1779989502.2610261,200.
1779989502.361026,164.6766450908,1779989502.361026,200.
1779989502.461026,226.2649710308,1779989502.461026,200.
1779989502.561026,214.901824763,1779989502.561026,200.
1779989502.661026,188.6865302367,1779989502.661026,200.
1779989502.7610261,326.8202425257,1779989502.7610261,200.
1779989502.861026,202.9839644314,1779989502.861026,200.
1779989502.961026,206.9355296642,1779989502.961026,200.
1779989503.061026,182.7375192912,1779989503.061026,200.
1779989503.161026,179.7225236665,1779989503.161026,200.
1779989503.2610261,174.6584759467,1779989503.2610261,200.
1779989503.361026,180.3603704986,1779989503.361026,200.
1779989503.461026,167.0063377161,1779989503.461026,200.
1779989503.561026,141.4582445015,1779989503.561026,200.
1779989503.661026,168.4288714635,1779989503.661026,200.
1779989503.7610261,144.8924933208,1779989503.7610261,200.
1779989503.861026,197.5856107233,1779989503.861026,200.
1779989503.961026,176.1396569177,1779989503.961026,200.
1779989504.061026,156.0400120682,1779989504.061026,200.
1779989504.161026,150.1049903014,1779989504.161026,200.
1779989504.2610261,155.5675033052,1779989504.2610261,200.
1779989504.361026,193.7906443298,1779989504.361026,200.
1779989504.461026,160.5852654586,1779989504.461026,200.
1779989504.561026,158.9858637107,1779989504.561026,200.
1779989504.661026,156.3116764249,1779989504.661026,200.
1779989504.7610261,155.5718477388,1779989504.7610261,200.
1779989504.861026,170.8658219783,1779989504.861026,200.
1779989504.961026,165.5693948840,1779989504.961026,200.
1779989505.061026,160.0756136729,1779989505.061026,200.
1779989505.161026,170.3932790429,1779989505.161026,200.
1779989505.2610261,183.1971773946,1779989505.2610261,200.
1779989505.361026,184.7393832322,1779989505.361026,200.
1779989505.461026,160.8477631013,1779989505.461026,200.
1779989505.561026,245.8105998441,1779989505.561026,200.
1779989505.661026,332.0708936760,1779989505.661026,200.
1779989505.7610261,206.8736382092,1779989505.7610261,200.
1779989505.861026,161.4081809653,1779989505.861026,200.
1779989505.961026,182.395843395,1779989505.961026,200.
1779989506.061026,174.2842685717,1779989506.061026,200.
1779989506.161026,169.0858061185,1779989506.161026,200.
1779989506.2610261,185.6775378407,1779989506.2610261,200.
1779989506.361026,154.453360993,1779989506.361026,200.
1779989506.461026,145.7287642696,1779989506.461026,200.
1779989506.561026,174.0363737667,1779989506.561026,200.
1779989506.661026,150.5451008389,1779989506.661026,200.
1779989506.7610261,153.6930726221,1779989506.7610261,200.
1779989506.861026,169.729188531,1779989506.861026,200.
1779989506.961026,154.7716142265,1779989506.961026,200.
1779989507.061026,162.7442316094,1779989507.061026,200.
1779989507.161026,158.0672884803,1779989507.161026,200.
1779989507.2610261,154.336779011,1779989507.2610261,200.
1779989507.361026,173.1523731457,1779989507.361026,200.
1779989507.461026,165.8484586369,1779989507.461026,200.
1779989507.561026,158.9637918812,1779989507.561026,200.
1779989507.661026,177.0134999040,1779989507.661026,200.
1779989507.7610261,154.6420187089,1779989507.7610261,200.
1779989507.861026,170.5019082087,1779989507.861026,200.
1779989507.961026,173.1028817465,1779989507.961026,200.
1779989508.061026,178.4013896887,1779989508.061026,200.
1779989508.161026,174.0475863612,1779989508.161026,200.
1779989508.2610261,174.0475863612,1779989508.2610261,200.
1779989508.361026,198.5590046897,1779989508.361026,200.
1779989508.461026,250.8474694954,1779989508.461026,200.
1779989508.561026,199.9586796622,1779989508.561026,200.
1779989508.661026,174.4097479463,1779989508.661026,200.
1779989508.7610261,177.3326669828,1779989508.7610261,200.
1779989508.861026,203.4735342485,1779989508.861026,200.
1779989508.961026,208.322696757,1779989508.961026,200.
1779989509.061026,186.4361983525,1779989509.061026,200.
1779989509.161026,171.1367388104,1779989509.161026,200.
1779989509.2610261,136.6375636593,1779989509.2610261,200.
1779989509.361026,167.4398370849,1779989509.361026,200.
1779989509.461026,173.9864323586,1779989509.461026,200.
1779989509.561026,162.4644485344,1779989509.561026,200.
1779989509.661026,160.3439388025,1779989509.661026,200.
1779989509.7610261,173.0100494913,1779989509.7610261,200.
1779989509.861026,219.6514172224,1779989509.861026,200.
1779989509.961026,168.4675690515,1779989509.961026,200.
1779989510.061026,170.3335732732,1779989510.061026,200.
1779989510.161026,157.3308880212,1779989510.161026,200.
1779989510.2610261,149.5364500589,1779989510.2610261,200.
1779989510.361026,171.7903158128,1779989510.361026,200.
1779989510.461026,191.5280616661,1779989510.461026,200.
1779989510.561026,201.4265445416,1779989510.561026,200.
1779989510.661026,185.407749719,1779989510.661026,200.
1779989510.7610261,189.7216582314,1779989510.7610261,200.
1779989510.861026,190.347355856,1779989510.861026,200.
1779989510.961026,178.993465371,1779989510.961026,200.
1779989511.061026,222.0435879994,1779989511.061026,200.
1779989511.161026,189.2847889983,1779989511.161026,200.
1779989511.2610261,201.2069868673,1779989511.2610261,200.
1779989511.361026,269.3581806235,1779989511.361026,200.
1779989511.461026,197.7214727187,1779989511.461026,200.
1779989511.561026,157.4021201341,1779989511.561026,200.
1779989511.661026,223.6379932338,1779989511.661026,200.
1779989511.7610261,209.409353508,1779989511.7610261,200.
1779989511.861026,183.354487861,1779989511.861026,200.
1779989511.961026,172.2592944372,1779989511.961026,200.
1779989512.061026,177.6067682164,1779989512.061026,200.
1779989512.161026,132.471864205,1779989512.161026,200.
1779989512.2610261,170.5685710528,1779989512.2610261,200.
1779989512.361026,147.5953892137,1779989512.361026,200.
1779989512.461026,147.0255689502,1779989512.461026,200.
1779989512.561026,173.3918079797,1779989512.561026,200.
1779989512.661026,131.4626911560,1779989512.661026,200.
1779989512.7610261,162.3318213884,1779989512.7610261,200.
1779989512.861026,148.2942854146,1779989512.861026,200.
1779989512.961026,155.9438024557,1779989512.961026,200.
1779989513.061026,149.9327354095,1779989513.061026,200.
1779989513.161026,144.0771805100,1779989513.161026,200.
1779989513.2610261,176.1939801642,1779989513.2610261,200.
1779989513.361026,172.6817487368,1779989513.361026,200.
1779989513.461026,152.6422592925,1779989513.461026,200.
1779989513.561026,152.8356175401,1779989513.561026,200.
1779989513.661026,168.8070752900,1779989513.661026,200.
1779989513.7610261,170.7728664750,1779989513.7610261,200.
1779989513.861026,164.5460928478,1779989513.861026,200.
1779989513.961026,191.9392010555,1779989513.961026,200.
1779989514.061026,181.4563582873,1779989514.061026,200.
1779989514.161026,173.091164954,1779989514.161026,200.
1779989514.2610261,180.5775751438,1779989514.2610261,200.
1779989514.361026,259.5862142499,1779989514.361026,200.
1779989514.461026,259.5862142499,1779989514.461026,200.
1779989514.561026,199.0622781630,1779989514.561026,200.
1779989514.661026,180.7928128688,1779989514.661026,200.
1779989514.7610261,178.5944836944,1779989514.7610261,200.
1779989514.861026,157.0382225694,1779989514.861026,200.
1779989514.961026,172.3111587486,1779989514.961026,200.
1779989515.061026,175.6091057756,1779989515.061026,200.
1779989515.161026,152.8001154902,1779989515.161026,200.
1779989515.2610261,170.7696629932,1779989515.2610261,200.
1779989515.361026,153.8238649749,1779989515.361026,200.
1779989515.461026,162.6006207752,1779989515.461026,200.
1779989515.561026,189.3397523964,1779989515.561026,200.
1779989515.661026,185.266660674,1779989515.661026,200.
1779989515.7610261,170.9080653485,1779989515.7610261,200.
1779989515.861026,144.4725770847,1779989515.861026,200.
1779989515.961026,184.1486886004,1779989515.961026,200.
1779989516.061026,172.7642407006,1779989516.061026,200.
1779989516.161026,156.9956731057,1779989516.161026,200.
1779989516.2610261,163.3900627750,1779989516.2610261,200.
1779989516.361026,156.2615928201,1779989516.361026,200.
1779989516.461026,151.5319470503,1779989516.461026,200.
1779989516.561026,171.0768792852,1779989516.561026,200.
1779989516.661026,249.6135524897,1779989516.661026,200.
1779989516.7610261,203.5755228138,1779989516.7610261,200.
1779989516.861026,175.0584084642,1779989516.861026,200.
1779989516.961026,182.3143986272,1779989516.961026,200.
1779989517.061026,182.3143986272,1779989517.061026,200.
1779989517.161026,174.2041716206,1779989517.161026,200.
1779989517.2610261,200.7057841992,1779989517.2610261,200.
1779989517.361026,183.4306259166,1779989517.361026,200.
1779989517.461026,179.3802895043,1779989517.461026,200.
1779989517.561026,198.9839086762,1779989517.561026,200.
1779989517.661026,177.9915776645,1779989517.661026,200.
1779989517.7610261,157.0513886009,1779989517.7610261,200.
1779989517.861026,158.9315119982,1779989517.861026,200.
1779989517.961026,188.5586301676,1779989517.961026,200.
1779989518.061026,154.9734696651,1779989518.061026,200.
1779989518.161026,176.9000013074,1779989518.161026,200.
1779989518.2610261,156.2219106851,1779989518.2610261,200.
1779989518.361026,161.479865527,1779989518.361026,200.
1779989518.461026,131.6181725514,1779989518.461026,200.
1779989518.561026,170.8422424251,1779989518.561026,200.
1779989518.661026,151.6557430173,1779989518.661026,200.
1779989518.7610261,163.0033053301,1779989518.7610261,200.
1779989518.861026,159.9846876226,1779989518.861026,200.
1779989518.961026,176.3054908577,1779989518.961026,200.
1779989519.061026,141.1368251607,1779989519.061026,200.
1779989519.161026,159.2387243610,1779989519.161026,200.
1779989519.2610261,171.0340639707,1779989519.2610261,200.
1779989519.361026,154.5475334765,1779989519.361026,200.
1779989519.461026,151.9033367059,1779989519.461026,200.
1779989519.561026,258.4549532096,1779989519.561026,200.
1779989519.661026,204.1126549298,1779989519.661026,200.
1779989519.7610261,206.8037692374,1779989519.7610261,200.
1779989519.861026,206.8037692374,1779989519.861026,200.
1779989519.961026,189.0810550237,1779989519.961026,200.
1779989520.061026,191.6865977928,1779989520.061026,200.
1779989520.161026,229.3580194674,1779989520.161026,200.
1779989520.2610261,235.2319901717,1779989520.2610261,200.
1779989520.361026,192.1045435343,1779989520.361026,200.
1779989520.461026,185.1552772525,1779989520.461026,200.
1779989520.561026,168.8224164369,1779989520.561026,200.
1779989520.661026,183.9144299063,1779989520.661026,200.
1779989520.7610261,249.4462760764,1779989520.7610261,200.
1779989520.861026,167.1133453867,1779989520.861026,200.
1779989520.961026,174.3540199776,1779989520.961026,200.
1779989521.061026,161.0112140394,1779989521.061026,200.
1779989521.161026,178.9591535605,1779989521.161026,200.
1779989521.2610261,152.3514228234,1779989521.2610261,200.
1779989521.361026,170.226610288,1779989521.361026,200.
1779989521.461026,158.2204345460,1779989521.461026,200.
1779989521.561026,169.0252401672,1779989521.561026,200.
1779989521.661026,126.0004348354,1779989521.661026,200.
1779989521.7610261,172.1470825127,1779989521.7610261,200.
1779989521.861026,176.7889590906,1779989521.861026,200.
1779989521.961026,151.2170469220,1779989521.961026,200.
1779989522.061026,168.3973984689,1779989522.061026,200.
1779989522.161026,163.4863263846,1779989522.161026,200.
1779989522.2610261,214.0408626575,1779989522.2610261,200.
1779989522.361026,186.2802483773,1779989522.361026,200.
1779989522.461026,262.1699325779,1779989522.461026,200.
1779989522.561026,168.1395429688,1779989522.561026,200.
1779989522.661026,204.7178639763,1779989522.661026,200.
1779989522.7610261,204.7178639763,1779989522.7610261,200.
1779989522.861026,198.4978413782,1779989522.861026,200.
1779989522.961026,281.6332473994,1779989522.961026,200.
1779989523.061026,200.2842079124,1779989523.061026,200.
1779989523.161026,211.5505178291,1779989523.161026,200.
1779989523.2610261,165.7322326416,1779989523.2610261,200.
1779989523.361026,210.9953582245,1779989523.361026,200.
1779989523.461026,157.3371531480,1779989523.461026,200.
1779989523.561026,149.9028758950,1779989523.561026,200.
1779989523.661026,163.9412413505,1779989523.661026,200.
1779989523.7610261,256.9748781592,1779989523.7610261,200.
1779989523.861026,195.5214870009,1779989523.861026,200.
1779989523.961026,179.9956094981,1779989523.961026,200.
1779989524.061026,143.8376337280,1779989524.061026,200.
1779989524.161026,152.1908795527,1779989524.161026,200.
1779989524.2610261,149.4365330226,1779989524.2610261,200.
1779989524.361026,242.4000224237,1779989524.361026,200.
1779989524.461026,188.4339363155,1779989524.461026,200.
1779989524.561026,180.6065525135,1779989524.561026,200.
1779989524.661026,175.5665385088,1779989524.661026,200.
1779989524.7610261,154.3935622958,1779989524.7610261,200.
1779989524.861026,148.6778534388,1779989524.861026,200.
1779989524.961026,148.832068923,1779989524.961026,200.
1779989525.061026,150.8203688336,1779989525.061026,200.
1779989525.161026,196.4875020088,1779989525.161026,200.
1779989525.2610261,175.7678977124,1779989525.2610261,200.
1779989525.361026,197.7776789120,1779989525.361026,200.
1779989525.461026,331.4828218861,1779989525.461026,200.
1779989525.561026,277.1986703081,1779989525.561026,200.
1779989525.661026,173.5902635661,1779989525.661026,200.
1779989525.7610261,307.6258646717,1779989525.7610261,200.
1779989525.861026,200.6736580318,1779989525.861026,200.
1779989525.961026,177.7305620854,1779989525.961026,200.
1779989526.061026,197.2159882471,1779989526.061026,200.
1779989526.161026,157.7764092803,1779989526.161026,200.
1779989526.2610261,150.8013817781,1779989526.2610261,200.
1779989526.361026,179.2249128419,1779989526.361026,200.
1779989526.461026,178.7801952776,1779989526.461026,200.
1779989526.561026,152.2003265674,1779989526.561026,200.
1779989526.661026,173.2619164377,1779989526.661026,200.
1779989526.7610261,170.1421223814,1779989526.7610261,200.
1779989526.861026,154.7547721327,1779989526.861026,200.
1779989526.961026,178.3002028426,1779989526.961026,200.
1779989527.061026,144.8691128833,1779989527.061026,200.
1779989527.161026,159.2217546167,1779989527.161026,200.
1779989527.2610261,168.8252457693,1779989527.2610261,200.
1779989527.361026,158.1958456602,1779989527.361026,200.
1779989527.461026,200.6546596216,1779989527.461026,200.
1779989527.561026,169.7705502064,1779989527.561026,200.
1779989527.661026,186.1968260362,1779989527.661026,200.
1779989527.7610261,194.6262766124,1779989527.7610261,200.
1779989527.861026,273.4266318702,1779989527.861026,200.
1779989527.961026,211.8834568389,1779989527.961026,200.
1779989528.061026,192.4228613783,1779989528.061026,200.
1779989528.161026,232.6021599981,1779989528.161026,200.
1779989528.2610261,211.2379479307,1779989528.2610261,200.
1779989528.361026,179.8255757631,1779989528.361026,200.
1779989528.461026,203.6868229097,1779989528.461026,200.
1779989528.561026,322.7315593782,1779989528.561026,200.
1779989528.661026,191.4493672796,1779989528.661026,200.
1779989528.7610261,224.1416890982,1779989528.7610261,200.
1779989528.861026,187.1614857117,1779989528.861026,200.
1779989528.961026,180.7233246619,1779989528.961026,200.
1779989529.061026,195.8551858105,1779989529.061026,200.
1779989529.161026,203.8074542457,1779989529.161026,200.
1779989529.2610261,190.2854315426,1779989529.2610261,200.
1779989529.361026,188.3533309421,1779989529.361026,200.
1779989529.461026,185.4170763431,1779989529.461026,200.
1779989529.561026,230.5547297914,1779989529.561026,200.
1779989529.661026,141.3423050891,1779989529.661026,200.
1779989529.7610261,166.1640045693,1779989529.7610261,200.
1779989529.861026,140.2747223034,1779989529.861026,200.
1779989529.961026,158.4919331556,1779989529.961026,200.
1779989530.061026,154.6057832206,1779989530.061026,200.
1779989530.161026,153.5027244624,1779989530.161026,200.
1779989530.2610261,159.5803644609,1779989530.2610261,200.
1779989530.361026,179.1139467010,1779989530.361026,200.
1779989530.461026,152.5698916794,1779989530.461026,200.
1779989530.561026,224.6374012803,1779989530.561026,200.
1779989530.661026,150.3210275344,1779989530.661026,200.
1779989530.7610261,193.3009618533,1779989530.7610261,200.
1779989530.861026,168.4188009897,1779989530.861026,200.
1779989530.961026,186.9633550434,1779989530.961026,200.
1779989531.061026,178.9533288955,1779989531.061026,200.
1779989531.161026,174.8350972144,1779989531.161026,200.
1779989531.2610261,292.0343880854,1779989531.2610261,200.
1779989531.361026,219.8776285695,1779989531.361026,200.
1779989531.461026,329.5506746136,1779989531.461026,200.
1779989531.561026,221.4399337357,1779989531.561026,200.
1779989531.661026,164.5511188723,1779989531.661026,200.
1779989531.7610261,240.5079367738,1779989531.7610261,200.
1779989531.861026,181.1424672698,1779989531.861026,200.
1779989531.961026,189.0188334030,1779989531.961026,200.
1779989532.061026,179.9250287658,1779989532.061026,200.
1779989532.161026,151.4774222034,1779989532.161026,200.
1779989532.2610261,196.4447362936,1779989532.2610261,200.
1779989532.361026,198.8612539641,1779989532.361026,200.
1779989532.461026,167.9915858643,1779989532.461026,200.
1779989532.561026,169.7562737914,1779989532.561026,200.
1779989532.661026,206.0055560795,1779989532.661026,200.
1779989532.7610261,152.6866692837,1779989532.7610261,200.
1779989532.861026,154.4488307308,1779989532.861026,200.
1779989532.961026,168.8122372818,1779989532.961026,200.
1779989533.061026,157.9431047725,1779989533.061026,200.
1779989533.161026,145.1906597780,1779989533.161026,200.
1779989533.2610261,169.8218752503,1779989533.2610261,200.
1779989533.361026,168.4695548725,1779989533.361026,200.
1779989533.461026,164.7730293743,1779989533.461026,200.
1779989533.561026,134.2569188642,1779989533.561026,200.
1779989533.661026,177.7639710524,1779989533.661026,200.
1779989533.7610261,171.0163613745,1779989533.7610261,200.
1779989533.861026,215.9762862529,1779989533.861026,200.
1779989533.961026,204.9337317408,1779989533.961026,200.
1779989534.061026,224.0580215734,1779989534.061026,200.
1779989534.161026,199.5975769135,1779989534.161026,200.
1779989534.2610261,199.5975769135,1779989534.2610261,200.
1779989534.361026,200.1130749726,1779989534.361026,200.
1779989534.461026,204.6228885212,1779989534.461026,200.
1779989534.561026,191.2617338324,1779989534.561026,200.
1779989534.661026,228.5461176324,1779989534.661026,200.
1779989534.7610261,200.0100263836,1779989534.7610261,200.
1779989534.861026,178.7198850433,1779989534.861026,200.
1779989534.961026,188.34283895,1779989534.961026,200.
1779989535.061026,211.1358721251,1779989535.061026,200.
1779989535.161026,180.8330695933,1779989535.161026,200.
1779989535.2610261,172.1628325438,1779989535.2610261,200.
1779989535.361026,179.9296514902,1779989535.361026,200.
1779989535.461026,130.6985060442,1779989535.461026,200.
1779989535.561026,170.7821538047,1779989535.561026,200.
1779989535.661026,170.7821538047,1779989535.661026,200.
1779989535.7610261,193.8462887234,1779989535.7610261,200.
1779989535.861026,183.3124728281,1779989535.861026,200.
1779989535.961026,152.7226806702,1779989535.961026,200.
1779989536.061026,170.9727200004,1779989536.061026,200.
1779989536.161026,185.6677248214,1779989536.161026,200.
1779989536.2610261,145.5187099651,1779989536.2610261,200.
1779989536.361026,166.3998529779,1779989536.361026,200.
1779989536.461026,173.3340001333,1779989536.461026,200.
1779989536.561026,182.5142565652,1779989536.561026,200.
1779989536.661026,206.3720409150,1779989536.661026,200.
1779989536.7610261,179.1846504509,1779989536.7610261,200.
1779989536.861026,220.5973978631,1779989536.861026,200.
1779989536.961026,235.3780694742,1779989536.961026,200.
1779989537.061026,342.9720537824,1779989537.061026,200.
1779989537.161026,201.2578306699,1779989537.161026,200.
1779989537.2610261,192.2287352797,1779989537.2610261,200.
1779989537.361026,175.2934042522,1779989537.361026,200.
1779989537.461026,200.9894626081,1779989537.461026,200.
1779989537.561026,200.6472071418,1779989537.561026,200.
1779989537.661026,164.439596467,1779989537.661026,200.
1779989537.7610261,164.0935038113,1779989537.7610261,200.
1779989537.861026,218.1014657524,1779989537.861026,200.
1779989537.961026,208.8721855771,1779989537.961026,200.
1779989538.061026,269.8695206042,1779989538.061026,200.
1779989538.161026,170.1452834698,1779989538.161026,200.
1779989538.2610261,130.7156747787,1779989538.2610261,200.
1779989538.361026,168.5101060713,1779989538.361026,200.
1779989538.461026,256.5996645732,1779989538.461026,200.
1779989538.561026,194.1303223705,1779989538.561026,200.
1779989538.661026,186.5592268256,1779989538.661026,200.
1779989538.7610261,179.0760913652,1779989538.7610261,200.
1779989538.861026,171.0201382296,1779989538.861026,200.
1779989538.961026,136.1018914938,1779989538.961026,200.
1779989539.061026,187.1707794571,1779989539.061026,200.
1779989539.161026,129.996361333,1779989539.161026,200.
1779989539.2610261,202.5155285214,1779989539.2610261,200.
1779989539.361026,183.4019225221,1779989539.361026,200.
1779989539.461026,171.9748761351,1779989539.461026,200.
1779989539.561026,157.1883664743,1779989539.561026,200.
1779989539.661026,213.6297335791,1779989539.661026,200.
1779989539.7610261,185.9352466404,1779989539.7610261,200.
1779989539.861026,185.9352466404,1779989539.861026,200.
1779989539.961026,252.0176939056,1779989539.961026,200.
1779989540.061026,221.0931324741,1779989540.061026,200.
1779989540.161026,150.4794253177,1779989540.161026,200.
1779989540.2610261,202.1136912,1779989540.2610261,200.
1779989540.361026,166.6708759881,1779989540.361026,200.
1779989540.461026,219.2932590266,1779989540.461026,200.
1779989540.561026,186.5606713381,1779989540.561026,200.
1779989540.661026,176.0393192815,1779989540.661026,200.
1779989540.7610261,154.1265410813,1779989540.7610261,200.
1779989540.861026,171.8814661989,1779989540.861026,200.
1779989540.961026,171.629655025,1779989540.961026,200.
1779989541.061026,183.8417349767,1779989541.061026,200.
1779989541.161026,153.8777405192,1779989541.161026,200.
1779989541.2610261,166.4496797935,1779989541.2610261,200.
1779989541.361026,154.3524153865,1779989541.361026,200.
1779989541.461026,173.8864545344,1779989541.461026,200.
1779989541.561026,159.6436492183,1779989541.561026,200.
1779989541.661026,189.7037445140,1779989541.661026,200.
1779989541.7610261,155.5928483112,1779989541.7610261,200.
1779989541.861026,147.3596977399,1779989541.861026,200.
1779989541.961026,148.1583010953,1779989541.961026,200.
1779989542.061026,171.4721137824,1779989542.061026,200.
1779989542.161026,195.0927712422,1779989542.161026,200.
1779989542.2610261,162.7177553546,1779989542.2610261,200.
1779989542.361026,196.5601648603,1779989542.361026,200.
1779989542.461026,210.1143303271,1779989542.461026,200.
1779989542.561026,143.5715222102,1779989542.561026,200.
1779989542.661026,174.02598503,1779989542.661026,200.
1779989542.7610261,178.8018634832,1779989542.7610261,200.
1779989542.861026,169.8737104442,1779989542.861026,200.
1779989542.961026,201.7720496535,1779989542.961026,200.
1779989543.061026,210.8342609881,1779989543.061026,200.
1779989543.161026,226.4430198258,1779989543.161026,200.
1779989543.2610261,226.4430198258,1779989543.2610261,200.
1779989543.361026,184.4947561349,1779989543.361026,200.
1779989543.461026,179.4968968538,1779989543.461026,200.
1779989543.561026,177.5259029503,1779989543.561026,200.
1779989543.661026,150.6244018930,1779989543.661026,200.
1779989543.7610261,174.1581952839,1779989543.7610261,200.
1779989543.861026,197.8902462103,1779989543.861026,200.
1779989543.961026,163.9013935400,1779989543.961026,200.
1779989544.061026,149.3106102273,1779989544.061026,200.
1779989544.161026,147.8194073734,1779989544.161026,200.
1779989544.2610261,127.7095087909,1779989544.2610261,200.
1779989544.361026,127.7095087909,1779989544.361026,200.
1779989544.461026,206.1232110509,1779989544.461026,200.
1779989544.561026,206.5430552159,1779989544.561026,200.
1779989544.661026,156.763843955,1779989544.661026,200.
1779989544.7610261,147.3218762828,1779989544.7610261,200.
1779989544.861026,149.7162138720,1779989544.861026,200.
1779989544.961026,127.6587290106,1779989544.961026,200.
1779989545.061026,162.6388623844,1779989545.061026,200.
1779989545.161026,152.8346223157,1779989545.161026,200.
1779989545.2610261,153.6402007839,1779989545.2610261,200.
1779989545.361026,170.7331756229,1779989545.361026,200.
1779989545.461026,174.7439207091,1779989545.461026,200.
1779989545.561026,246.9582175008,1779989545.561026,200.
1779989545.661026,246.9582175008,1779989545.661026,200.
1779989545.7610261,208.8284413636,1779989545.7610261,200.
1779989545.861026,200.472132505,1779989545.861026,200.
1779989545.961026,317.5728930681,1779989545.961026,200.
1779989546.061026,206.3767344020,1779989546.061026,200.
1779989546.161026,272.3196002885,1779989546.161026,200.
1779989546.2610261,176.3461881449,1779989546.2610261,200.
1779989546.361026,155.8527727065,1779989546.361026,200.
1779989546.461026,168.8434891955,1779989546.461026,200.
1779989546.561026,177.9966587854,1779989546.561026,200.
1779989546.661026,171.9008696048,1779989546.661026,200.
1779989546.7610261,229.3726948907,1779989546.7610261,200.
1779989546.861026,238.9699266312,1779989546.861026,200.
1779989546.961026,158.8067227058,1779989546.961026,200.
1779989547.061026,157.2902422457,1779989547.061026,200.
1779989547.161026,148.4945964468,1779989547.161026,200.
1779989547.2610261,199.2323799572,1779989547.2610261,200.
1779989547.361026,279.6877370521,1779989547.361026,200.
1779989547.461026,207.0615578757,1779989547.461026,200.
1779989547.561026,163.6912510715,1779989547.561026,200.
1779989547.661026,149.7882439053,1779989547.661026,200.
1779989547.7610261,158.3637499116,1779989547.7610261,200.
1779989547.861026,254.5648639045,1779989547.861026,200.
1779989547.961026,147.9888246460,1779989547.961026,200.
1779989548.061026,121.3133721425,1779989548.061026,200.
1779989548.161026,197.5899940260,1779989548.161026,200.
1779989548.2610261,175.2789107159,1779989548.2610261,200.
1779989548.361026,171.9127125731,1779989548.361026,200.
1779989548.461026,175.6761427269,1779989548.461026,200.
1779989548.561026,195.1412112457,1779989548.561026,200.
1779989548.661026,188.0317240362,1779989548.661026,200.
1779989548.7610261,188.0317240362,1779989548.7610261,200.
1779989548.861026,179.7949254223,1779989548.861026,200.
1779989548.961026,215.1497651211,1779989548.961026,200.
1779989549.061026,166.4953056990,1779989549.061026,200.
1779989549.161026,251.4694587316,1779989549.161026,200.
1779989549.2610261,247.4476913737,1779989549.2610261,200.
1779989549.361026,212.1063655483,1779989549.361026,200.
1779989549.461026,212.6025874223,1779989549.461026,200.
1779989549.561026,209.1566622946,1779989549.561026,200.
1779989549.661026,223.6603568657,1779989549.661026,200.
1779989549.7610261,165.9091038785,1779989549.7610261,200.
1779989549.861026,158.2168338352,1779989549.861026,200.
1779989549.961026,218.6465248391,1779989549.961026,200.
1779989550.061026,208.0566801557,1779989550.061026,200.
1779989550.161026,157.9239245617,1779989550.161026,200.
1779989550.2610261,202.1200127709,1779989550.2610261,200.
1779989550.361026,155.3805396907,1779989550.361026,200.
1779989550.461026,228.9170695240,1779989550.461026,200.
1779989550.561026,161.11289071,1779989550.561026,200.
1779989550.661026,173.9619918247,1779989550.661026,200.
1779989550.7610261,195.1155334612,1779989550.7610261,200.
1779989550.861026,180.7959084327,1779989550.861026,200.
1779989550.961026,155.7522113902,1779989550.961026,200.
1779989551.061026,198.1372647617,1779989551.061026,200.
1779989551.161026,186.1451709276,1779989551.161026,200.
1779989551.2610261,178.6689713232,1779989551.2610261,200.
1779989551.361026,202.3975509296,1779989551.361026,200.
1779989551.461026,175.3483653972,1779989551.461026,200.
1779989551.561026,186.7902508082,1779989551.561026,200.
1779989551.661026,198.3051217453,1779989551.661026,200.
1779989551.7610261,249.7706779502,1779989551.7610261,200.
1779989551.861026,195.4314926499,1779989551.861026,200.
1779989551.961026,256.2975231646,1779989551.961026,200.
1779989552.061026,193.0188158494,1779989552.061026,200.
1779989552.161026,357.0242375913,1779989552.161026,200.
1779989552.2610261,215.6993164553,1779989552.2610261,200.
1779989552.361026,229.3444178389,1779989552.361026,200.
1779989552.461026,187.127344999,1779989552.461026,200.
1779989552.561026,179.8160073860,1779989552.561026,200.
1779989552.661026,205.5014474126,1779989552.661026,200.
1779989552.7610261,177.3691041723,1779989552.7610261,200.
1779989552.861026,163.6279224397,1779989552.861026,200.
1779989552.961026,170.6072826803,1779989552.961026,200.
1779989553.061026,161.2421160409,1779989553.061026,200.
1779989553.161026,157.1815462472,1779989553.161026,200.
1779989553.2610261,153.9275783266,1779989553.2610261,200.
1779989553.361026,195.1108961555,1779989553.361026,200.
1779989553.461026,179.436567248,1779989553.461026,200.
1779989553.561026,133.5806655369,1779989553.561026,200.
1779989553.661026,168.1676742458,1779989553.661026,200.
1779989553.7610261,168.1676742458,1779989553.7610261,0.
1779989553.861026,168.1676742458,1779989553.861026,0.
1779989553.961026,168.1676742458,1779989553.961026,0.
1779989554.061026,168.1676742458,1779989554.061026,0.
1779989554.161026,168.1676742458,1779989554.161026,0.
1779989554.2610261,168.1676742458,1779989554.2610261,0.
1779989554.361026,168.1676742458,1779989554.361026,0.
1779989554.461026,168.1676742458,1779989554.461026,0.
1779989554.561026,168.1676742458,1779989554.561026,0.
1779989554.661026,168.1676742458,1779989554.661026,0.
1779989554.7610261,168.1676742458,1779989554.7610261,0.
1779989554.861026,168.1676742458,1779989554.861026,0.
1779989554.961026,168.1676742458,1779989554.961026,0.
1779989555.061026,168.1676742458,1779989555.061026,0.
1779989555.161026,168.1676742458,1779989555.161026,0.
1779989555.2610261,168.1676742458,1779989555.2610261,0.
1779989555.361026,168.1676742458,1779989555.361026,0.
1779989555.461026,168.1676742458,1779989555.461026,0.
1779989555.561026,168.1676742458,1779989555.561026,0.
1779989555.661026,168.1676742458,1779989555.661026,0.
1779989555.7610261,168.1676742458,1779989555.7610261,0.
1779989555.861026,168.1676742458,1779989555.861026,0.
1779989555.961026,168.1676742458,1779989555.961026,0.
1779989556.061026,168.1676742458,1779989556.061026,0.
1779989556.161026,168.1676742458,1779989556.161026,0.
1779989556.2610261,168.1676742458,1779989556.2610261,0.
1779989556.361026,168.1676742458,1779989556.361026,0.
1779989556.461026,168.1676742458,1779989556.461026,0.
1779989556.561026,168.1676742458,1779989556.561026,0.
1779989556.661026,168.1676742458,1779989556.661026,0.
1779989556.7610261,168.1676742458,1779989556.7610261,0.
1779989556.861026,168.1676742458,1779989556.861026,0.
1779989556.961026,168.1676742458,1779989556.961026,0.
1779989557.061026,168.1676742458,1779989557.061026,0.
1779989557.161026,168.1676742458,1779989557.161026,0.
1779989557.2610261,168.1676742458,1779989557.2610261,0.
1779989557.361026,168.1676742458,1779989557.361026,0.
1779989557.461026,168.1676742458,1779989557.461026,0.
1779989557.561026,168.1676742458,1779989557.561026,0.
1779989557.661026,168.1676742458,1779989557.661026,0.
1779989557.7610261,168.1676742458,1779989557.7610261,0.
1779989557.861026,168.1676742458,1779989557.861026,0.
1779989557.961026,168.1676742458,1779989557.961026,0.
1779989558.061026,168.1676742458,1779989558.061026,0.
1779989558.161026,168.1676742458,1779989558.161026,0.
1779989558.2610261,168.1676742458,1779989558.2610261,0.
1779989558.361026,168.1676742458,1779989558.361026,0.
1779989558.461026,168.1676742458,1779989558.461026,0.
1779989558.561026,168.1676742458,1779989558.561026,0.
1779989558.661026,168.1676742458,1779989558.661026,0.
1779989558.7610261,168.1676742458,1779989558.7610261,0.
1779989558.861026,168.1676742458,1779989558.861026,0.
1779989558.961026,168.1676742458,1779989558.961026,0.
1779989559.061026,168.1676742458,1779989559.061026,0.
1779989559.161026,168.1676742458,1779989559.161026,0.
1779989559.2610261,168.1676742458,1779989559.2610261,0.
1779989559.361026,168.1676742458,1779989559.361026,0.
1779989559.461026,168.1676742458,1779989559.461026,0.
1779989559.561026,168.1676742458,1779989559.561026,0.
1779989559.661026,168.1676742458,1779989559.661026,0.
1779989559.7610261,168.1676742458,1779989559.7610261,0.
1779989559.861026,168.1676742458,1779989559.861026,0.
1779989559.961026,168.1676742458,1779989559.961026,0.
1779989560.061026,168.1676742458,1779989560.061026,0.
1779989560.161026,168.1676742458,1779989560.161026,0.
1779989560.2610261,168.1676742458,1779989560.2610261,0.
1779989560.361026,168.1676742458,1779989560.361026,0.
1779989560.461026,168.1676742458,1779989560.461026,0.
1779989560.561026,168.1676742458,1779989560.561026,0.
1779989560.661026,168.1676742458,1779989560.661026,0.
1779989560.7610261,168.1676742458,1779989560.7610261,0.
1779989560.861026,168.1676742458,1779989560.861026,0.
1779989560.961026,168.1676742458,1779989560.961026,0.
1779989561.061026,168.1676742458,1779989561.061026,0.
1779989561.161026,168.1676742458,1779989561.161026,0.
1779989561.2610261,168.1676742458,1779989561.2610261,0.
1779989561.361026,168.1676742458,1779989561.361026,0.
1779989561.461026,168.1676742458,1779989561.461026,0.
1779989561.561026,168.1676742458,1779989561.561026,0.
1779989561.661026,168.1676742458,1779989561.661026,0.
1779989561.7610261,168.1676742458,1779989561.7610261,0.
1779989561.861026,168.1676742458,1779989561.861026,0.
1779989561.961026,168.1676742458,1779989561.961026,0.
1779989562.061026,168.1676742458,1779989562.061026,0.
1779989562.161026,168.1676742458,1779989562.161026,0.
1779989562.2610261,168.1676742458,1779989562.2610261,0.
1779989562.361026,168.1676742458,1779989562.361026,0.
1779989562.461026,168.1676742458,1779989562.461026,0.
1779989562.561026,168.1676742458,1779989562.561026,0.
1779989562.661026,168.1676742458,1779989562.661026,0.
1779989562.7610261,168.1676742458,1779989562.7610261,0.
1779989562.861026,168.1676742458,1779989562.861026,0.
1779989562.961026,168.1676742458,1779989562.961026,0.
1779989563.061026,168.1676742458,1779989563.061026,0.
1779989563.161026,168.1676742458,1779989563.161026,0.
1779989563.2610261,168.1676742458,1779989563.2610261,0.
1779989563.361026,168.1676742458,1779989563.361026,0.
1779989563.461026,168.1676742458,1779989563.461026,0.
1779989563.561026,168.1676742458,1779989563.561026,0.
1779989563.661026,168.1676742458,1779989563.661026,0.
1779989563.7610261,168.1676742458,1779989563.7610261,0.
1779989563.861026,168.1676742458,1779989563.861026,0.
1779989563.961026,168.1676742458,1779989563.961026,0.
1779989564.061026,168.1676742458,1779989564.061026,0.
1779989564.161026,168.1676742458,1779989564.161026,0.
1779989564.2610261,168.1676742458,1779989564.2610261,0.
1779989564.361026,168.1676742458,1779989564.361026,0.
1779989564.461026,168.1676742458,1779989564.461026,0.
1779989564.561026,168.1676742458,1779989564.561026,0.
1779989564.661026,168.1676742458,1779989564.661026,0.
1779989564.7610261,168.1676742458,1779989564.7610261,0.
1779989564.861026,168.1676742458,1779989564.861026,0.
1779989564.961026,168.1676742458,1779989564.961026,0.
1779989565.061026,168.1676742458,1779989565.061026,0.
1779989565.161026,168.1676742458,1779989565.161026,0.
1779989565.2610261,168.1676742458,1779989565.2610261,0.
1779989565.361026,168.1676742458,1779989565.361026,0.
1779989565.461026,168.1676742458,1779989565.461026,0.
1779989565.561026,168.1676742458,1779989565.561026,0.
1779989565.661026,168.1676742458,1779989565.661026,0.
1779989565.7610261,168.1676742458,1779989565.7610261,0.
1779989565.861026,168.1676742458,1779989565.861026,0.
1779989565.961026,168.1676742458,1779989565.961026,0.
1779989566.061026,168.1676742458,1779989566.061026,0.
1779989566.161026,168.1676742458,1779989566.161026,0.
1779989566.2610261,168.1676742458,1779989566.2610261,0.
1779989566.361026,168.1676742458,1779989566.361026,0.
1779989566.461026,168.1676742458,1779989566.461026,0.
1779989566.561026,168.1676742458,1779989566.561026,0.
1779989566.661026,168.1676742458,1779989566.661026,0.
1779989566.7610261,168.1676742458,1779989566.7610261,0.
1779989566.861026,168.1676742458,1779989566.861026,0.
1779989566.961026,168.1676742458,1779989566.961026,0.
1779989567.061026,168.1676742458,1779989567.061026,0.
1779989567.161026,168.1676742458,1779989567.161026,0.
1779989567.2610261,168.1676742458,1779989567.2610261,0.
1779989567.361026,168.1676742458,1779989567.361026,0.
1779989567.461026,168.1676742458,1779989567.461026,0.
1779989567.561026,168.1676742458,1779989567.561026,0.
1779989567.661026,168.1676742458,1779989567.661026,0.
1779989567.7610261,168.1676742458,1779989567.7610261,0.
1779989567.861026,168.1676742458,1779989567.861026,0.
1779989567.961026,168.1676742458,1779989567.961026,0.
1779989568.061026,168.1676742458,1779989568.061026,0.
1779989568.161026,168.1676742458,1779989568.161026,0.
1779989568.2610261,168.1676742458,1779989568.2610261,0.
1779989568.361026,168.1676742458,1779989568.361026,0.
1779989568.461026,168.1676742458,1779989568.461026,0.
1779989568.561026,168.1676742458,1779989568.561026,0.
1779989568.661026,168.1676742458,1779989568.661026,0.
1779989568.7610261,168.1676742458,1779989568.7610261,0.
1779989568.861026,168.1676742458,1779989568.861026,0.
1779989568.961026,168.1676742458,1779989568.961026,0.
1779989569.061026,168.1676742458,1779989569.061026,0.
1779989569.161026,168.1676742458,1779989569.161026,0.
1779989569.2610261,168.1676742458,1779989569.2610261,0.
1779989569.361026,168.1676742458,1779989569.361026,0.
1779989569.461026,168.1676742458,1779989569.461026,0.
1779989569.561026,168.1676742458,1779989569.561026,0.
1779989569.661026,168.1676742458,1779989569.661026,0.
1779989569.7610261,168.1676742458,1779989569.7610261,0.
1779989569.861026,168.1676742458,1779989569.861026,0.
1779989569.961026,168.1676742458,1779989569.961026,0.
1779989570.061026,168.1676742458,1779989570.061026,0.
1779989570.161026,168.1676742458,1779989570.161026,0.
1779989570.2610261,168.1676742458,1779989570.2610261,0.
1779989570.361026,168.1676742458,1779989570.361026,0.
1779989570.461026,168.1676742458,1779989570.461026,0.
1779989570.561026,168.1676742458,1779989570.561026,0.
1779989570.661026,168.1676742458,1779989570.661026,0.
1779989570.7610261,168.1676742458,1779989570.7610261,0.
1779989570.861026,168.1676742458,1779989570.861026,0.
1779989570.961026,168.1676742458,1779989570.961026,0.
1779989571.061026,168.1676742458,1779989571.061026,0.
1779989571.161026,168.1676742458,1779989571.161026,0.
1779989571.2610261,168.1676742458,1779989571.2610261,0.
1779989571.361026,168.1676742458,1779989571.361026,0.
1779989571.461026,168.1676742458,1779989571.461026,0.
1779989571.561026,168.1676742458,1779989571.561026,0.
1779989571.661026,168.1676742458,1779989571.661026,0.
1779989571.7610261,168.1676742458,1779989571.7610261,0.
1779989571.861026,168.1676742458,1779989571.861026,0.
1779989571.961026,168.1676742458,1779989571.961026,0.
1779989572.061026,168.1676742458,1779989572.061026,0.
1779989572.161026,168.1676742458,1779989572.161026,0.
1779989572.2610261,168.1676742458,1779989572.2610261,0.
1779989572.361026,168.1676742458,1779989572.361026,0.
1779989572.461026,168.1676742458,1779989572.461026,0.
1779989572.561026,168.1676742458,1779989572.561026,0.
1779989572.661026,168.1676742458,1779989572.661026,0.
1779989572.7610261,168.1676742458,1779989572.7610261,0.
1779989572.861026,168.1676742458,1779989572.861026,0.
1779989572.961026,168.1676742458,1779989572.961026,0.
1779989573.061026,168.1676742458,1779989573.061026,0.
1779989573.161026,168.1676742458,1779989573.161026,0.
1779989573.2610261,168.1676742458,1779989573.2610261,0.
1779989573.361026,168.1676742458,1779989573.361026,0.
1779989573.461026,168.1676742458,1779989573.461026,0.
1779989573.561026,168.1676742458,1779989573.561026,0.
1779989573.661026,168.1676742458,1779989573.661026,0.
1779989573.7610261,168.1676742458,1779989573.7610261,0.
1779989573.861026,168.1676742458,1779989573.861026,0.
1779989573.961026,168.1676742458,1779989573.961026,0.
1779989574.061026,168.1676742458,1779989574.061026,0.
1779989574.161026,168.1676742458,1779989574.161026,0.
1779989574.2610261,168.1676742458,1779989574.2610261,0.
1779989574.361026,168.1676742458,1779989574.361026,0.
1779989574.461026,168.1676742458,1779989574.461026,0.
1779989574.561026,168.1676742458,1779989574.561026,0.
1779989574.661026,168.1676742458,1779989574.661026,0.
1779989574.7610261,168.1676742458,1779989574.7610261,0.
1779989574.861026,168.1676742458,1779989574.861026,0.
1779989574.961026,168.1676742458,1779989574.961026,0.
1779989575.061026,168.1676742458,1779989575.061026,0.
1779989575.161026,168.1676742458,1779989575.161026,0.
1779989575.2610261,168.1676742458,1779989575.2610261,0.
1779989575.361026,168.1676742458,1779989575.361026,0.
1779989575.461026,168.1676742458,1779989575.461026,0.
1779989575.561026,168.1676742458,1779989575.561026,0.
1779989575.661026,168.1676742458,1779989575.661026,0.
1779989575.7610261,168.1676742458,1779989575.7610261,0.
1779989575.861026,168.1676742458,1779989575.861026,0.
1779989575.961026,168.1676742458,1779989575.961026,0.
1779989576.061026,168.1676742458,1779989576.061026,0.
1779989576.161026,168.1676742458,1779989576.161026,0.
1779989576.2610261,168.1676742458,1779989576.2610261,0.
1779989576.361026,168.1676742458,1779989576.361026,0.
1779989576.461026,168.1676742458,1779989576.461026,0.
1779989576.561026,168.1676742458,1779989576.561026,0.
1779989576.661026,168.1676742458,1779989576.661026,0.
1779989576.7610261,168.1676742458,1779989576.7610261,0.
1779989576.861026,168.1676742458,1779989576.861026,0.
1779989576.961026,168.1676742458,1779989576.961026,0.
1779989577.061026,168.1676742458,1779989577.061026,0.
1779989577.161026,168.1676742458,1779989577.161026,0.
1779989577.2610261,168.1676742458,1779989577.2610261,0.
1779989577.361026,168.1676742458,1779989577.361026,0.
1779989577.461026,168.1676742458,1779989577.461026,0.
1779989577.561026,168.1676742458,1779989577.561026,0.
1779989577.661026,168.1676742458,1779989577.661026,0.
1779989577.7610261,168.1676742458,1779989577.7610261,0.
1779989577.861026,168.1676742458,1779989577.861026,0.
1779989577.961026,168.1676742458,1779989577.961026,0.
1779989578.061026,168.1676742458,1779989578.061026,0.
1779989578.161026,168.1676742458,1779989578.161026,0.
1779989578.2610261,168.1676742458,1779989578.2610261,0.
1779989578.361026,168.1676742458,1779989578.361026,0.
1779989578.461026,168.1676742458,1779989578.461026,0.
1779989578.561026,168.1676742458,1779989578.561026,0.
1779989578.661026,168.1676742458,1779989578.661026,0.
1779989578.7610261,168.1676742458,1779989578.7610261,0.
1779989578.861026,168.1676742458,1779989578.861026,0.
1779989578.961026,168.1676742458,1779989578.961026,0.
1779989579.061026,168.1676742458,1779989579.061026,0.
1779989579.161026,168.1676742458,1779989579.161026,0.
1779989579.2610261,168.1676742458,1779989579.2610261,0.
1779989579.361026,168.1676742458,1779989579.361026,0.
1779989579.461026,168.1676742458,1779989579.461026,0.
1779989579.561026,168.1676742458,1779989579.561026,0.
1779989579.661026,168.1676742458,1779989579.661026,0.
1779989579.7610261,168.1676742458,1779989579.7610261,0.
1779989579.861026,168.1676742458,1779989579.861026,0.
1779989579.961026,168.1676742458,1779989579.961026,0.
1779989580.061026,168.1676742458,1779989580.061026,0.
1779989580.161026,168.1676742458,1779989580.161026,0.
1779989580.2610261,168.1676742458,1779989580.2610261,0.
1779989580.361026,168.1676742458,1779989580.361026,0.
1779989580.461026,168.1676742458,1779989580.461026,0.
1779989580.561026,168.1676742458,1779989580.561026,0.
1779989580.661026,168.1676742458,1779989580.661026,0.
1779989580.7610261,168.1676742458,1779989580.7610261,0.
1779989580.861026,168.1676742458,1779989580.861026,0.
1779989580.961026,168.1676742458,1779989580.961026,0.
1779989581.061026,168.1676742458,1779989581.061026,0.
1779989581.161026,168.1676742458,1779989581.161026,0.
1779989581.2610261,168.1676742458,1779989581.2610261,0.
1779989581.361026,168.1676742458,1779989581.361026,0.
1779989581.461026,168.1676742458,1779989581.461026,0.
1779989581.561026,168.1676742458,1779989581.561026,0.
1779989581.661026,168.1676742458,1779989581.661026,0.
1779989581.7610261,168.1676742458,1779989581.7610261,0.
1779989581.861026,168.1676742458,1779989581.861026,0.
1779989581.961026,168.1676742458,1779989581.961026,0.
1779989582.061026,168.1676742458,1779989582.061026,0.
1779989582.161026,168.1676742458,1779989582.161026,0.
1779989582.2610261,168.1676742458,1779989582.2610261,0.
1779989582.361026,168.1676742458,1779989582.361026,0.
1779989582.461026,168.1676742458,1779989582.461026,0.
1779989582.561026,168.1676742458,1779989582.561026,0.
1779989582.661026,168.1676742458,1779989582.661026,0.
1779989582.7610261,168.1676742458,1779989582.7610261,0.
1779989582.861026,168.1676742458,1779989582.861026,0.
1779989582.961026,168.1676742458,1779989582.961026,0.
1779989583.061026,168.1676742458,1779989583.061026,0.
1779989583.161026,168.1676742458,1779989583.161026,0.
1779989583.2610261,168.1676742458,1779989583.2610261,0.
1779989583.361026,168.1676742458,1779989583.361026,0.
1779989583.461026,168.1676742458,1779989583.461026,0.
1779989583.561026,168.1676742458,1779989583.561026,0.
1779989583.661026,168.1676742458,1779989583.661026,0.
1779989583.7610261,168.1676742458,1779989583.7610261,0.
1779989583.861026,168.1676742458,1779989583.861026,0.
1779989583.961026,168.1676742458,1779989583.961026,0.
1779989584.061026,168.1676742458,1779989584.061026,0.
1779989584.161026,168.1676742458,1779989584.161026,0.
1779989584.2610261,168.1676742458,1779989584.2610261,0.
1779989584.361026,168.1676742458,1779989584.361026,0.
1779989584.461026,168.1676742458,1779989584.461026,0.
1779989584.561026,168.1676742458,1779989584.561026,0.
1779989584.661026,168.1676742458,1779989584.661026,0.
1779989584.7610261,168.1676742458,1779989584.7610261,0.
1779989584.861026,168.1676742458,1779989584.861026,0.
1779989584.961026,168.1676742458,1779989584.961026,0.
1779989585.061026,168.1676742458,1779989585.061026,0.
1779989585.161026,168.1676742458,1779989585.161026,0.
1779989585.2610261,168.1676742458,1779989585.2610261,0.
1779989585.361026,168.1676742458,1779989585.361026,0.
1779989585.461026,168.1676742458,1779989585.461026,0.
1779989585.561026,168.1676742458,1779989585.561026,0.
1779989585.661026,168.1676742458,1779989585.661026,0.
1779989585.7610261,168.1676742458,1779989585.7610261,0.
1779989585.861026,168.1676742458,1779989585.861026,0.
1779989585.961026,168.1676742458,1779989585.961026,0.
1779989586.061026,168.1676742458,1779989586.061026,0.
1779989586.161026,168.1676742458,1779989586.161026,0.
1779989586.2610261,168.1676742458,1779989586.2610261,0.
1779989586.361026,168.1676742458,1779989586.361026,0.
1779989586.461026,168.1676742458,1779989586.461026,0.
1779989586.561026,168.1676742458,1779989586.561026,0.
1779989586.661026,168.1676742458,1779989586.661026,0.
1779989586.7610261,168.1676742458,1779989586.7610261,0.
1779989586.861026,168.1676742458,1779989586.861026,0.
1779989586.961026,168.1676742458,1779989586.961026,0.
1779989587.061026,168.1676742458,1779989587.061026,0.
1779989587.161026,168.1676742458,1779989587.161026,0.
1779989587.2610261,168.1676742458,1779989587.2610261,0.
1779989587.361026,168.1676742458,1779989587.361026,0.
1779989587.461026,168.1676742458,1779989587.461026,0.
1779989587.561026,168.1676742458,1779989587.561026,0.
1779989587.661026,168.1676742458,1779989587.661026,0.
1779989587.7610261,168.1676742458,1779989587.7610261,0.
1779989587.861026,168.1676742458,1779989587.861026,0.
1779989587.961026,168.1676742458,1779989587.961026,0.
1779989588.061026,168.1676742458,1779989588.061026,0.
1779989588.161026,168.1676742458,1779989588.161026,0.
1779989588.2610261,168.1676742458,1779989588.2610261,0.
1779989588.361026,168.1676742458,1779989588.361026,0.
1779989588.461026,168.1676742458,1779989588.461026,0.
1779989588.561026,168.1676742458,1779989588.561026,0.
1779989588.661026,168.1676742458,1779989588.661026,0.
1779989588.7610261,168.1676742458,1779989588.7610261,0.
1779989588.861026,168.1676742458,1779989588.861026,0.
1779989588.961026,168.1676742458,1779989588.961026,0.
1779989589.061026,168.1676742458,1779989589.061026,0.
1779989589.161026,168.1676742458,1779989589.161026,0.
1779989589.2610261,168.1676742458,1779989589.2610261,0.
1779989589.361026,168.1676742458,1779989589.361026,0.
1779989589.461026,168.1676742458,1779989589.461026,0.
1779989589.561026,168.1676742458,1779989589.561026,0.
1779989589.661026,168.1676742458,1779989589.661026,0.
1779989589.7610261,168.1676742458,1779989589.7610261,0.
1779989589.861026,168.1676742458,1779989589.861026,0.
1779989589.961026,168.1676742458,1779989589.961026,0.
1779989590.061026,168.1676742458,1779989590.061026,0.
1779989590.161026,168.1676742458,1779989590.161026,0.
1779989590.2610261,168.1676742458,1779989590.2610261,0.
1779989590.361026,168.1676742458,1779989590.361026,0.
1779989590.461026,168.1676742458,1779989590.461026,0.
1779989590.561026,168.1676742458,1779989590.561026,0.
1779989590.661026,168.1676742458,1779989590.661026,0.
1779989590.7610261,168.1676742458,1779989590.7610261,0.
1779989590.861026,168.1676742458,1779989590.861026,0.
1779989590.961026,168.1676742458,1779989590.961026,0.
1779989591.061026,168.1676742458,1779989591.061026,0.
1779989591.161026,168.1676742458,1779989591.161026,0.
1779989591.2610261,168.1676742458,1779989591.2610261,0.
1779989591.361026,168.1676742458,1779989591.361026,0.
1779989591.461026,168.1676742458,1779989591.461026,0.
1779989591.561026,168.1676742458,1779989591.561026,0.
1779989591.661026,168.1676742458,1779989591.661026,0.
1779989591.7610261,168.1676742458,1779989591.7610261,0.
1779989591.861026,168.1676742458,1779989591.861026,0.
1779989591.961026,168.1676742458,1779989591.961026,0.
1779989592.061026,168.1676742458,1779989592.061026,0.
1779989592.161026,168.1676742458,1779989592.161026,0.
1779989592.2610261,168.1676742458,1779989592.2610261,0.
1779989592.361026,168.1676742458,1779989592.361026,0.
1779989592.461026,168.1676742458,1779989592.461026,0.
1779989592.561026,168.1676742458,1779989592.561026,0.
1779989592.661026,168.1676742458,1779989592.661026,0.
1779989592.7610261,168.1676742458,1779989592.7610261,0.
1779989592.861026,168.1676742458,1779989592.861026,0.
1779989592.961026,168.1676742458,1779989592.961026,0.
1779989593.061026,168.1676742458,1779989593.061026,0.
1779989593.161026,168.1676742458,1779989593.161026,0.
1779989593.2610261,168.1676742458,1779989593.2610261,0.
1779989593.361026,168.1676742458,1779989593.361026,0.
1779989593.461026,168.1676742458,1779989593.461026,0.
1779989593.561026,168.1676742458,1779989593.561026,0.
1779989593.661026,168.1676742458,1779989593.661026,0.
1779989593.7610261,168.1676742458,1779989593.7610261,0.
1779989593.861026,168.1676742458,1779989593.861026,0.
1779989593.961026,168.1676742458,1779989593.961026,0.
1779989594.061026,168.1676742458,1779989594.061026,0.
1779989594.161026,168.1676742458,1779989594.161026,0.
1779989594.2610261,168.1676742458,1779989594.2610261,0.
1779989594.361026,168.1676742458,1779989594.361026,0.
1779989594.461026,168.1676742458,1779989594.461026,0.
1779989594.561026,168.1676742458,1779989594.561026,0.
1779989594.661026,168.1676742458,1779989594.661026,0.
1779989594.7610261,168.1676742458,1779989594.7610261,0.
1779989594.861026,168.1676742458,1779989594.861026,0.
1779989594.961026,168.1676742458,1779989594.961026,0.
1779989595.061026,168.1676742458,1779989595.061026,0.
1779989595.161026,168.1676742458,1779989595.161026,0.
1779989595.2610261,168.1676742458,1779989595.2610261,0.
1779989595.361026,168.1676742458,1779989595.361026,0.
1779989595.461026,168.1676742458,1779989595.461026,0.
1779989595.561026,168.1676742458,1779989595.561026,0.
1779989595.661026,168.1676742458,1779989595.661026,0.
1779989595.7610261,168.1676742458,1779989595.7610261,0.
1779989595.861026,168.1676742458,1779989595.861026,0.
1779989595.961026,168.1676742458,1779989595.961026,0.
1779989596.061026,168.1676742458,1779989596.061026,0.
1779989596.161026,168.1676742458,1779989596.161026,0.
1779989596.2610261,168.1676742458,1779989596.2610261,0.
1779989596.361026,168.1676742458,1779989596.361026,0.
1779989596.461026,168.1676742458,1779989596.461026,0.
1779989596.561026,168.1676742458,1779989596.561026,0.
1779989596.661026,168.1676742458,1779989596.661026,0.
1779989596.7610261,168.1676742458,1779989596.7610261,0.
1779989596.861026,168.1676742458,1779989596.861026,0.
1779989596.961026,168.1676742458,1779989596.961026,0.
1779989597.061026,168.1676742458,1779989597.061026,0.
1779989597.161026,168.1676742458,1779989597.161026,0.
1779989597.2610261,168.1676742458,1779989597.2610261,0.
1779989597.361026,168.1676742458,1779989597.361026,0.
1779989597.461026,168.1676742458,1779989597.461026,0.
1779989597.561026,168.1676742458,1779989597.561026,0.
1779989597.661026,168.1676742458,1779989597.661026,0.
1779989597.7610261,168.1676742458,1779989597.7610261,0.
1779989597.861026,168.1676742458,1779989597.861026,0.
1779989597.961026,168.1676742458,1779989597.961026,0.
1779989598.061026,168.1676742458,1779989598.061026,0.
1779989598.161026,168.1676742458,1779989598.161026,0.
1779989598.2610261,168.1676742458,1779989598.2610261,0.
1779989598.361026,168.1676742458,1779989598.361026,0.
1779989598.461026,168.1676742458,1779989598.461026,0.
1779989598.561026,168.1676742458,1779989598.561026,0.
1779989598.661026,168.1676742458,1779989598.661026,0.
1779989598.7610261,168.1676742458,1779989598.7610261,0.
1779989598.861026,168.1676742458,1779989598.861026,0.
1779989598.961026,168.1676742458,1779989598.961026,0.
1779989599.061026,168.1676742458,1779989599.061026,0.
1779989599.161026,168.1676742458,1779989599.161026,0.
1779989599.2610261,168.1676742458,1779989599.2610261,0.
1779989599.361026,168.1676742458,1779989599.361026,0.
1779989599.461026,168.1676742458,1779989599.461026,0.
1779989599.561026,168.1676742458,1779989599.561026,0.
1779989599.661026,168.1676742458,1779989599.661026,0.
1779989599.7610261,168.1676742458,1779989599.7610261,0.
1779989599.861026,168.1676742458,1779989599.861026,0.
1779989599.961026,168.1676742458,1779989599.961026,0.
1779989600.061026,168.1676742458,1779989600.061026,0.
1779989600.161026,168.1676742458,1779989600.161026,0.
1779989600.2610261,168.1676742458,1779989600.2610261,0.
1779989600.361026,168.1676742458,1779989600.361026,0.
1779989600.461026,168.1676742458,1779989600.461026,0.
1779989600.561026,168.1676742458,1779989600.561026,0.
1779989600.661026,168.1676742458,1779989600.661026,0.
1779989600.7610261,168.1676742458,1779989600.7610261,0.
1779989600.861026,168.1676742458,1779989600.861026,0.
1779989600.961026,168.1676742458,1779989600.961026,0.
1779989601.061026,168.1676742458,1779989601.061026,0.
1779989601.161026,168.1676742458,1779989601.161026,0.
1779989601.2610261,168.1676742458,1779989601.2610261,0.
1779989601.361026,168.1676742458,1779989601.361026,0.
1779989601.461026,168.1676742458,1779989601.461026,0.
1779989601.561026,168.1676742458,1779989601.561026,0.
1779989601.661026,168.1676742458,1779989601.661026,0.
1779989601.7610261,168.1676742458,1779989601.7610261,0.
1779989601.861026,168.1676742458,1779989601.861026,0.
1779989601.961026,168.1676742458,1779989601.961026,0.
1779989602.061026,168.1676742458,1779989602.061026,0.
1779989602.161026,168.1676742458,1779989602.161026,0.
1779989602.2610261,168.1676742458,1779989602.2610261,0.
1779989602.361026,168.1676742458,1779989602.361026,0.
1779989602.461026,168.1676742458,1779989602.461026,0.
1779989602.561026,168.1676742458,1779989602.561026,0.
1779989602.661026,168.1676742458,1779989602.661026,0.
1779989602.7610261,168.1676742458,1779989602.7610261,0.
1779989602.861026,168.1676742458,1779989602.861026,0.
1779989602.961026,168.1676742458,1779989602.961026,0.
1779989603.061026,168.1676742458,1779989603.061026,0.
1779989603.161026,168.1676742458,1779989603.161026,0.
1779989603.2610261,168.1676742458,1779989603.2610261,0.
1779989603.361026,168.1676742458,1779989603.361026,0.
1779989603.461026,168.1676742458,1779989603.461026,0.
1779989603.561026,168.1676742458,1779989603.561026,0.
1779989603.661026,168.1676742458,1779989603.661026,0.
1779989603.7610261,168.1676742458,1779989603.7610261,0.
1779989603.861026,168.1676742458,1779989603.861026,0.
1779989603.961026,168.1676742458,1779989603.961026,0.
1779989604.061026,168.1676742458,1779989604.061026,0.
1779989604.161026,168.1676742458,1779989604.161026,0.
1779989604.2610261,168.1676742458,1779989604.2610261,0.
1779989604.361026,168.1676742458,1779989604.361026,0.
1779989604.461026,168.1676742458,1779989604.461026,0.
1779989604.561026,168.1676742458,1779989604.561026,0.
1779989604.661026,168.1676742458,1779989604.661026,0.
1779989604.7610261,168.1676742458,1779989604.7610261,0.
1779989604.861026,168.1676742458,1779989604.861026,0.
1779989604.961026,168.1676742458,1779989604.961026,0.
1779989605.061026,168.1676742458,1779989605.061026,0.
1779989605.161026,168.1676742458,1779989605.161026,0.
1779989605.2610261,168.1676742458,1779989605.2610261,0.
1779989605.361026,168.1676742458,1779989605.361026,0.
1779989605.461026,168.1676742458,1779989605.461026,0.
1779989605.561026,168.1676742458,1779989605.561026,0.
1779989605.661026,168.1676742458,1779989605.661026,0.
1779989605.7610261,168.1676742458,1779989605.7610261,0.
1779989605.861026,168.1676742458,1779989605.861026,0.
1779989605.961026,168.1676742458,1779989605.961026,0.
1779989606.061026,168.1676742458,1779989606.061026,0.
1779989606.161026,168.1676742458,1779989606.161026,0.
1779989606.2610261,168.1676742458,1779989606.2610261,0.
1779989606.361026,168.1676742458,1779989606.361026,0.
1779989606.461026,168.1676742458,1779989606.461026,0.
1779989606.561026,168.1676742458,1779989606.561026,0.
1779989606.661026,168.1676742458,1779989606.661026,0.
1779989606.7610261,168.1676742458,1779989606.7610261,0.
1779989606.861026,168.1676742458,1779989606.861026,0.
1779989606.961026,168.1676742458,1779989606.961026,0.
1779989607.061026,168.1676742458,1779989607.061026,0.
1779989607.161026,168.1676742458,1779989607.161026,0.
1779989607.2610261,168.1676742458,1779989607.2610261,0.
1779989607.361026,168.1676742458,1779989607.361026,0.
1779989607.461026,168.1676742458,1779989607.461026,0.
1779989607.561026,168.1676742458,1779989607.561026,0.
1779989607.661026,168.1676742458,1779989607.661026,0.
1779989607.7610261,168.1676742458,1779989607.7610261,0.
1779989607.861026,168.1676742458,1779989607.861026,0.
1779989607.961026,168.1676742458,1779989607.961026,0.
1779989608.061026,168.1676742458,1779989608.061026,0.
1779989608.161026,168.1676742458,1779989608.161026,0.
1779989608.2610261,168.1676742458,1779989608.2610261,0.
1779989608.361026,168.1676742458,1779989608.361026,0.
1779989608.461026,168.1676742458,1779989608.461026,0.
1779989608.561026,168.1676742458,1779989608.561026,0.
1779989608.661026,168.1676742458,1779989608.661026,0.
1779989608.7610261,168.1676742458,1779989608.7610261,0.
1779989608.861026,168.1676742458,1779989608.861026,0.
1779989608.961026,168.1676742458,1779989608.961026,0.
1779989609.061026,168.1676742458,1779989609.061026,0.
1779989609.161026,168.1676742458,1779989609.161026,0.
1779989609.2610261,168.1676742458,1779989609.2610261,0.
1779989609.361026,168.1676742458,1779989609.361026,0.
1779989609.461026,168.1676742458,1779989609.461026,0.
1779989609.561026,168.1676742458,1779989609.561026,0.
1779989609.661026,168.1676742458,1779989609.661026,0.
1779989609.7610261,168.1676742458,1779989609.7610261,0.
1779989609.861026,168.1676742458,1779989609.861026,0.
1779989609.961026,168.1676742458,1779989609.961026,0.
1779989610.061026,168.1676742458,1779989610.061026,0.
1779989610.161026,168.1676742458,1779989610.161026,0.
1779989610.2610261,168.1676742458,1779989610.2610261,0.
1779989610.361026,168.1676742458,1779989610.361026,0.
1779989610.461026,168.1676742458,1779989610.461026,0.
1779989610.561026,168.1676742458,1779989610.561026,0.
1779989610.661026,168.1676742458,1779989610.661026,0.
1779989610.7610261,168.1676742458,1779989610.7610261,0.
1779989610.861026,168.1676742458,1779989610.861026,0.
1779989610.961026,168.1676742458,1779989610.961026,0.
1779989611.061026,168.1676742458,1779989611.061026,0.
1779989611.161026,168.1676742458,1779989611.161026,0.
1779989611.2610261,168.1676742458,1779989611.2610261,0.
1779989611.361026,168.1676742458,1779989611.361026,0.
1779989611.461026,168.1676742458,1779989611.461026,0.
1779989611.561026,168.1676742458,1779989611.561026,0.
1779989611.661026,168.1676742458,1779989611.661026,0.
1779989611.7610261,168.1676742458,1779989611.7610261,0.
1779989611.861026,168.1676742458,1779989611.861026,0.
1779989611.961026,168.1676742458,1779989611.961026,0.
1779989612.061026,168.1676742458,1779989612.061026,0.
1779989612.161026,168.1676742458,1779989612.161026,0.
1779989612.2610261,168.1676742458,1779989612.2610261,0.
1779989612.361026,168.1676742458,1779989612.361026,0.
1779989612.461026,168.1676742458,1779989612.461026,0.
1779989612.561026,168.1676742458,1779989612.561026,0.
1779989612.661026,168.1676742458,1779989612.661026,0.
1779989612.7610261,168.1676742458,1779989612.7610261,0.
1779989612.861026,168.1676742458,1779989612.861026,0.
1779989612.961026,168.1676742458,1779989612.961026,0.
1779989613.061026,168.1676742458,1779989613.061026,0.
1779989613.161026,168.1676742458,1779989613.161026,0.
1779989613.2610261,168.1676742458,1779989613.2610261,0.
1779989613.361026,168.1676742458,1779989613.361026,0.
1779989613.461026,168.1676742458,1779989613.461026,0.
1779989613.561026,168.1676742458,1779989613.561026,0.
1779989613.661026,168.1676742458,1779989613.661026,0.
1779989613.7610261,168.1676742458,1779989613.7610261,0.
1779989613.861026,168.1676742458,1779989613.861026,0.
1779989613.961026,168.1676742458,1779989613.961026,0.
1779989614.061026,168.1676742458,1779989614.061026,0.
1779989614.161026,168.1676742458,1779989614.161026,0.
1779989614.2610261,168.1676742458,1779989614.2610261,0.
1779989614.361026,168.1676742458,1779989614.361026,0.
1779989614.461026,168.1676742458,1779989614.461026,0.
1779989614.561026,168.1676742458,1779989614.561026,0.
1779989614.661026,168.1676742458,1779989614.661026,0.
1779989614.7610261,168.1676742458,1779989614.7610261,0.
1779989614.861026,168.1676742458,1779989614.861026,0.
1779989614.961026,168.1676742458,1779989614.961026,0.
1779989615.061026,168.1676742458,1779989615.061026,0.
1779989615.161026,168.1676742458,1779989615.161026,0.
1779989615.2610261,168.1676742458,1779989615.2610261,0.
1779989615.361026,168.1676742458,1779989615.361026,0.
1779989615.461026,168.1676742458,1779989615.461026,0.
1779989615.561026,168.1676742458,1779989615.561026,0.
1779989615.661026,168.1676742458,1779989615.661026,0.
1779989615.7610261,168.1676742458,1779989615.7610261,0.
1779989615.861026,168.1676742458,1779989615.861026,0.
1779989615.961026,168.1676742458,1779989615.961026,0.
1779989616.061026,168.1676742458,1779989616.061026,0.
1779989616.161026,168.1676742458,1779989616.161026,0.
1779989616.2610261,168.1676742458,1779989616.2610261,0.
1779989616.361026,168.1676742458,1779989616.361026,0.
1779989616.461026,168.1676742458,1779989616.461026,0.
1779989616.561026,168.1676742458,1779989616.561026,0.
1779989616.661026,168.1676742458,1779989616.661026,0.
1779989616.7610261,168.1676742458,1779989616.7610261,0.
1779989616.861026,168.1676742458,1779989616.861026,0.
1779989616.961026,168.1676742458,1779989616.961026,0.
1779989617.061026,168.1676742458,1779989617.061026,0.
1779989617.161026,168.1676742458,1779989617.161026,0.
1779989617.2610261,168.1676742458,1779989617.2610261,0.
1779989617.361026,168.1676742458,1779989617.361026,0.
1779989617.461026,168.1676742458,1779989617.461026,0.
1779989617.561026,168.1676742458,1779989617.561026,0.
1779989617.661026,168.1676742458,1779989617.661026,0.
1779989617.7610261,168.1676742458,1779989617.7610261,0.
1779989617.861026,168.1676742458,1779989617.861026,0.
1779989617.961026,168.1676742458,1779989617.961026,0.
1779989618.061026,168.1676742458,1779989618.061026,0.
1779989618.161026,168.1676742458,1779989618.161026,0.
1779989618.2610261,168.1676742458,1779989618.2610261,0.
1779989618.361026,168.1676742458,1779989618.361026,0.
1779989618.461026,168.1676742458,1779989618.461026,0.
1779989618.561026,168.1676742458,1779989618.561026,0.
1779989618.661026,168.1676742458,1779989618.661026,0.
1779989618.7610261,168.1676742458,1779989618.7610261,0.
1779989618.861026,168.1676742458,1779989618.861026,0.
1779989618.961026,168.1676742458,1779989618.961026,0.
1779989619.061026,168.1676742458,1779989619.061026,0.
1779989619.161026,168.1676742458,1779989619.161026,0.
1779989619.2610261,168.1676742458,1779989619.2610261,0.
1779989619.361026,168.1676742458,1779989619.361026,0.
1779989619.461026,168.1676742458,1779989619.461026,0.
1779989619.561026,168.1676742458,1779989619.561026,0.
1779989619.661026,168.1676742458,1779989619.661026,0.
1779989619.7610261,168.1676742458,1779989619.7610261,0.
1779989619.861026,168.1676742458,1779989619.861026,0.
1779989619.961026,168.1676742458,1779989619.961026,0.
1779989620.061026,168.1676742458,1779989620.061026,0.
1779989620.161026,168.1676742458,1779989620.161026,0.
1779989620.2610261,168.1676742458,1779989620.2610261,0.
1779989620.361026,168.1676742458,1779989620.361026,0.
1779989620.461026,168.1676742458,1779989620.461026,0.
1779989620.561026,168.1676742458,1779989620.561026,0.
1779989620.661026,168.1676742458,1779989620.661026,0.
1779989620.7610261,168.1676742458,1779989620.7610261,0.
1779989620.861026,168.1676742458,1779989620.861026,0.
1779989620.961026,168.1676742458,1779989620.961026,0.
1779989621.061026,168.1676742458,1779989621.061026,0.
1779989621.161026,168.1676742458,1779989621.161026,0.
1779989621.2610261,168.1676742458,1779989621.2610261,0.
1779989621.361026,168.1676742458,1779989621.361026,0.
1779989621.461026,168.1676742458,1779989621.461026,0.
1779989621.561026,168.1676742458,1779989621.561026,0.
1779989621.661026,168.1676742458,1779989621.661026,0.
1779989621.7610261,168.1676742458,1779989621.7610261,0.
1779989621.861026,168.1676742458,1779989621.861026,0.
1779989621.961026,168.1676742458,1779989621.961026,0.
1779989622.061026,168.1676742458,1779989622.061026,0.
1779989622.161026,168.1676742458,1779989622.161026,0.
1779989622.2610261,168.1676742458,1779989622.2610261,0.
1779989622.361026,168.1676742458,1779989622.361026,0.
1779989622.461026,168.1676742458,1779989622.461026,0.
1779989622.561026,168.1676742458,1779989622.561026,0.
1779989622.661026,168.1676742458,1779989622.661026,0.
1779989622.7610261,168.1676742458,1779989622.7610261,0.
1779989622.861026,168.1676742458,1779989622.861026,0.
1779989622.961026,168.1676742458,1779989622.961026,0.
1779989623.061026,168.1676742458,1779989623.061026,0.
1779989623.161026,168.1676742458,1779989623.161026,0.
1779989623.2610261,168.1676742458,1779989623.2610261,0.
1779989623.361026,168.1676742458,1779989623.361026,0.
1779989623.461026,168.1676742458,1779989623.461026,0.
1779989623.561026,168.1676742458,1779989623.561026,0.
1779989623.661026,168.1676742458,1779989623.661026,0.
1779989623.7610261,168.1676742458,1779989623.7610261,0.
1779989623.861026,168.1676742458,1779989623.861026,0.
1779989623.961026,168.1676742458,1779989623.961026,0.
1779989624.061026,168.1676742458,1779989624.061026,0.
1779989624.161026,168.1676742458,1779989624.161026,0.
1779989624.2610261,168.1676742458,1779989624.2610261,0.
1779989624.361026,168.1676742458,1779989624.361026,0.
1779989624.461026,168.1676742458,1779989624.461026,0.
1779989624.561026,168.1676742458,1779989624.561026,0.
1779989624.661026,168.1676742458,1779989624.661026,0.
1779989624.7610261,168.1676742458,1779989624.7610261,0.
1779989624.861026,168.1676742458,1779989624.861026,0.
1779989624.961026,168.1676742458,1779989624.961026,0.
1779989625.061026,168.1676742458,1779989625.061026,0.
1779989625.161026,168.1676742458,1779989625.161026,0.
1779989625.2610261,168.1676742458,1779989625.2610261,0.
1779989625.361026,168.1676742458,1779989625.361026,0.
1779989625.461026,168.1676742458,1779989625.461026,0.
1779989625.561026,168.1676742458,1779989625.561026,0.
1779989625.661026,168.1676742458,1779989625.661026,0.
1779989625.7610261,168.1676742458,1779989625.7610261,0.
1779989625.861026,168.1676742458,1779989625.861026,0.
1779989625.961026,168.1676742458,1779989625.961026,0.
1779989626.061026,168.1676742458,1779989626.061026,0.
1779989626.161026,168.1676742458,1779989626.161026,0.
1779989626.2610261,168.1676742458,1779989626.2610261,0.
1779989626.361026,168.1676742458,1779989626.361026,0.
1779989626.461026,168.1676742458,1779989626.461026,0.
1779989626.561026,168.1676742458,1779989626.561026,0.
1779989626.661026,168.1676742458,1779989626.661026,0.
1779989626.7610261,168.1676742458,1779989626.7610261,0.
1779989626.861026,168.1676742458,1779989626.861026,0.
1779989626.961026,168.1676742458,1779989626.961026,0.
1779989627.061026,168.1676742458,1779989627.061026,0.
1779989627.161026,168.1676742458,1779989627.161026,0.
1779989627.2610261,168.1676742458,1779989627.2610261,0.
1779989627.361026,168.1676742458,1779989627.361026,0.
1779989627.461026,168.1676742458,1779989627.461026,0.
1779989627.561026,168.1676742458,1779989627.561026,0.
1779989627.661026,168.1676742458,1779989627.661026,0.
1779989627.7610261,168.1676742458,1779989627.7610261,0.
1779989627.861026,168.1676742458,1779989627.861026,0.
1779989627.961026,168.1676742458,1779989627.961026,0.
1779989628.061026,168.1676742458,1779989628.061026,0.
1779989628.161026,168.1676742458,1779989628.161026,0.
1779989628.2610261,168.1676742458,1779989628.2610261,0.
1779989628.361026,168.1676742458,1779989628.361026,0.
1779989628.461026,168.1676742458,1779989628.461026,0.
1779989628.561026,168.1676742458,1779989628.561026,0.
1779989628.661026,168.1676742458,1779989628.661026,0.
1779989628.7610261,168.1676742458,1779989628.7610261,0.
1779989628.861026,168.1676742458,1779989628.861026,0.
1779989628.961026,168.1676742458,1779989628.961026,0.
1779989629.061026,168.1676742458,1779989629.061026,0.
1779989629.161026,168.1676742458,1779989629.161026,0.
1779989629.2610261,168.1676742458,1779989629.2610261,0.
1779989629.361026,168.1676742458,1779989629.361026,0.
1779989629.461026,168.1676742458,1779989629.461026,0.
1779989629.561026,168.1676742458,1779989629.561026,0.
1779989629.661026,168.1676742458,1779989629.661026,0.
1779989629.7610261,168.1676742458,1779989629.7610261,0.
1779989629.861026,168.1676742458,1779989629.861026,0.
1779989629.961026,168.1676742458,1779989629.961026,0.
1779989630.061026,168.1676742458,1779989630.061026,0.
1779989630.161026,168.1676742458,1779989630.161026,0.
1779989630.2610261,168.1676742458,1779989630.2610261,0.
1779989630.361026,168.1676742458,1779989630.361026,0.
1779989630.461026,168.1676742458,1779989630.461026,0.
1779989630.561026,168.1676742458,1779989630.561026,0.
1779989630.661026,168.1676742458,1779989630.661026,0.
1779989630.7610261,168.1676742458,1779989630.7610261,0.
1779989630.861026,168.1676742458,1779989630.861026,0.
1779989630.961026,168.1676742458,1779989630.961026,0.
1779989631.061026,168.1676742458,1779989631.061026,0.
1779989631.161026,168.1676742458,1779989631.161026,0.
1779989631.2610261,168.1676742458,1779989631.2610261,0.
1779989631.361026,168.1676742458,1779989631.361026,0.
1779989631.461026,168.1676742458,1779989631.461026,0.
1779989631.561026,168.1676742458,1779989631.561026,0.
1779989631.661026,168.1676742458,1779989631.661026,0.
1779989631.7610261,168.1676742458,1779989631.7610261,0.
1779989631.861026,168.1676742458,1779989631.861026,0.
1779989631.961026,168.1676742458,1779989631.961026,0.
1779989632.061026,168.1676742458,1779989632.061026,0.
1779989632.161026,168.1676742458,1779989632.161026,0.
1779989632.2610261,168.1676742458,1779989632.2610261,0.
1779989632.361026,168.1676742458,1779989632.361026,0.
1779989632.461026,168.1676742458,1779989632.461026,0.
1779989632.561026,168.1676742458,1779989632.561026,0.
1779989632.661026,168.1676742458,1779989632.661026,0.
1779989632.7610261,168.1676742458,1779989632.7610261,0.
1779989632.861026,168.1676742458,1779989632.861026,0.
1779989632.961026,168.1676742458,1779989632.961026,0.
1779989633.061026,168.1676742458,1779989633.061026,0.
1779989633.161026,168.1676742458,1779989633.161026,0.
1779989633.2610261,168.1676742458,1779989633.2610261,0.
1779989633.361026,168.1676742458,1779989633.361026,0.
1779989633.461026,168.1676742458,1779989633.461026,0.
1779989633.561026,168.1676742458,1779989633.561026,0.
1779989633.661026,168.1676742458,1779989633.661026,0.
1779989633.7610261,168.1676742458,1779989633.7610261,0.
1779989633.861026,168.1676742458,1779989633.861026,0.
1779989633.961026,168.1676742458,1779989633.961026,0.
1779989634.061026,168.1676742458,1779989634.061026,0.
1779989634.161026,168.1676742458,1779989634.161026,0.
1779989634.2610261,168.1676742458,1779989634.2610261,0.
1779989634.361026,168.1676742458,1779989634.361026,0.
1779989634.461026,168.1676742458,1779989634.461026,0.
1779989634.561026,168.1676742458,1779989634.561026,0.
1779989634.661026,168.1676742458,1779989634.661026,0.
1779989634.7610261,168.1676742458,1779989634.7610261,0.
1779989634.861026,168.1676742458,1779989634.861026,0.
1779989634.961026,168.1676742458,1779989634.961026,0.
1779989635.061026,168.1676742458,1779989635.061026,0.
1779989635.161026,168.1676742458,1779989635.161026,0.
1779989635.2610261,168.1676742458,1779989635.2610261,0.
1779989635.361026,168.1676742458,1779989635.361026,0.
1779989635.461026,168.1676742458,1779989635.461026,0.
1779989635.561026,168.1676742458,1779989635.561026,0.
1779989635.661026,168.1676742458,1779989635.661026,0.
1779989635.7610261,168.1676742458,1779989635.7610261,0.
1779989635.861026,168.1676742458,1779989635.861026,0.
1779989635.961026,168.1676742458,1779989635.961026,0.
1779989636.061026,168.1676742458,1779989636.061026,0.
1779989636.161026,168.1676742458,1779989636.161026,0.
1779989636.2610261,168.1676742458,1779989636.2610261,0.
1779989636.361026,168.1676742458,1779989636.361026,0.
1779989636.461026,168.1676742458,1779989636.461026,0.
1779989636.561026,168.1676742458,1779989636.561026,0.
1779989636.661026,168.1676742458,1779989636.661026,0.
1779989636.7610261,168.1676742458,1779989636.7610261,0.
1779989636.861026,168.1676742458,1779989636.861026,0.
1779989636.961026,168.1676742458,1779989636.961026,0.
1779989637.061026,168.1676742458,1779989637.061026,0.
1779989637.161026,168.1676742458,1779989637.161026,0.
1779989637.2610261,168.1676742458,1779989637.2610261,0.
1779989637.361026,168.1676742458,1779989637.361026,0.
1779989637.461026,168.1676742458,1779989637.461026,0.
1779989637.561026,168.1676742458,1779989637.561026,0.
1779989637.661026,168.1676742458,1779989637.661026,0.
1779989637.7610261,168.1676742458,1779989637.7610261,0.
1779989637.861026,168.1676742458,1779989637.861026,0.
1779989637.961026,168.1676742458,1779989637.961026,0.
1779989638.061026,168.1676742458,1779989638.061026,0.
1779989638.161026,168.1676742458,1779989638.161026,0.
1779989638.2610261,168.1676742458,1779989638.2610261,0.
1779989638.361026,168.1676742458,1779989638.361026,0.
1779989638.461026,168.1676742458,1779989638.461026,0.
1779989638.561026,168.1676742458,1779989638.561026,0.
1779989638.661026,168.1676742458,1779989638.661026,0.
1779989638.7610261,168.1676742458,1779989638.7610261,0.
1779989638.861026,168.1676742458,1779989638.861026,0.
1779989638.961026,168.1676742458,1779989638.961026,0.
1779989639.061026,168.1676742458,1779989639.061026,0.
1779989639.161026,168.1676742458,1779989639.161026,0.
1779989639.2610261,168.1676742458,1779989639.2610261,0.
1779989639.361026,168.1676742458,1779989639.361026,0.
1779989639.461026,168.1676742458,1779989639.461026,0.
1779989639.561026,168.1676742458,1779989639.561026,0.
1779989639.661026,168.1676742458,1779989639.661026,0.
1779989639.7610261,168.1676742458,1779989639.7610261,0.
1779989639.861026,168.1676742458,1779989639.861026,0.
1779989639.961026,168.1676742458,1779989639.961026,0.
1779989640.061026,168.1676742458,1779989640.061026,0.
1779989640.161026,168.1676742458,1779989640.161026,0.
1779989640.2610261,168.1676742458,1779989640.2610261,0.
1779989640.361026,168.1676742458,1779989640.361026,0.
1779989640.461026,168.1676742458,1779989640.461026,0.
1779989640.561026,168.1676742458,1779989640.561026,0.
1779989640.661026,168.1676742458,1779989640.661026,0.
1779989640.7610261,168.1676742458,1779989640.7610261,0.
1779989640.861026,168.1676742458,1779989640.861026,0.
1779989640.961026,168.1676742458,1779989640.961026,0.
1779989641.061026,168.1676742458,1779989641.061026,0.
1779989641.161026,168.1676742458,1779989641.161026,0.
1779989641.2610261,168.1676742458,1779989641.2610261,0.
1779989641.361026,168.1676742458,1779989641.361026,0.
1779989641.461026,168.1676742458,1779989641.461026,0.
1779989641.561026,168.1676742458,1779989641.561026,0.
1779989641.661026,168.1676742458,1779989641.661026,0.
1779989641.7610261,168.1676742458,1779989641.7610261,0.
1779989641.861026,168.1676742458,1779989641.861026,0.
1779989641.961026,168.1676742458,1779989641.961026,0.
1779989642.061026,168.1676742458,1779989642.061026,0.
1779989642.161026,168.1676742458,1779989642.161026,0.
1779989642.2610261,168.1676742458,1779989642.2610261,0.
1779989642.361026,168.1676742458,1779989642.361026,0.
1779989642.461026,168.1676742458,1779989642.461026,0.
1779989642.561026,168.1676742458,1779989642.561026,0.
1779989642.661026,168.1676742458,1779989642.661026,0.
1779989642.7610261,168.1676742458,1779989642.7610261,0.
1779989642.861026,168.1676742458,1779989642.861026,0.
1779989642.961026,168.1676742458,1779989642.961026,0.
1779989643.061026,168.1676742458,1779989643.061026,0.
1779989643.161026,168.1676742458,1779989643.161026,0.
1779989643.2610261,168.1676742458,1779989643.2610261,0.
1779989643.361026,168.1676742458,1779989643.361026,0.
1779989643.461026,168.1676742458,1779989643.461026,0.
1779989643.561026,168.1676742458,1779989643.561026,0.
1779989643.661026,168.1676742458,1779989643.661026,0.
1779989643.7610261,168.1676742458,1779989643.7610261,0.
1779989643.861026,168.1676742458,1779989643.861026,0.
1779989643.961026,168.1676742458,1779989643.961026,0.
1779989644.061026,168.1676742458,1779989644.061026,0.
1779989644.161026,168.1676742458,1779989644.161026,0.
1779989644.2610261,168.1676742458,1779989644.2610261,0.
1779989644.361026,168.1676742458,1779989644.361026,0.
1779989644.461026,168.1676742458,1779989644.461026,0.
1779989644.561026,168.1676742458,1779989644.561026,0.
1779989644.661026,168.1676742458,1779989644.661026,0.
1779989644.7610261,168.1676742458,1779989644.7610261,0.
1779989644.861026,168.1676742458,1779989644.861026,0.
1779989644.961026,168.1676742458,1779989644.961026,0.
1779989645.061026,168.1676742458,1779989645.061026,0.
1779989645.161026,168.1676742458,1779989645.161026,0.
1779989645.2610261,168.1676742458,1779989645.2610261,0.
1779989645.361026,168.1676742458,1779989645.361026,0.
1779989645.461026,168.1676742458,1779989645.461026,0.
1779989645.561026,168.1676742458,1779989645.561026,0.
1779989645.661026,168.1676742458,1779989645.661026,0.
1779989645.7610261,168.1676742458,1779989645.7610261,0.
1779989645.861026,168.1676742458,1779989645.861026,0.
1779989645.961026,168.1676742458,1779989645.961026,0.
1779989646.061026,168.1676742458,1779989646.061026,0.
1779989646.161026,168.1676742458,1779989646.161026,0.
1779989646.2610261,168.1676742458,1779989646.2610261,0.
1779989646.361026,168.1676742458,1779989646.361026,0.
1779989646.461026,168.1676742458,1779989646.461026,0.
1779989646.561026,168.1676742458,1779989646.561026,0.
1779989646.661026,168.1676742458,1779989646.661026,0.
1779989646.7610261,168.1676742458,1779989646.7610261,0.
1779989646.861026,168.1676742458,1779989646.861026,0.
1779989646.961026,168.1676742458,1779989646.961026,0.
1779989647.061026,168.1676742458,1779989647.061026,0.
1779989647.161026,168.1676742458,1779989647.161026,0.
1779989647.2610261,168.1676742458,1779989647.2610261,0.
1779989647.361026,168.1676742458,1779989647.361026,0.
1779989647.461026,168.1676742458,1779989647.461026,0.
1779989647.561026,168.1676742458,1779989647.561026,0.
1779989647.661026,168.1676742458,1779989647.661026,0.
1779989647.7610261,168.1676742458,1779989647.7610261,0.
1779989647.861026,168.1676742458,1779989647.861026,0.
1779989647.961026,168.1676742458,1779989647.961026,0.
1779989648.061026,168.1676742458,1779989648.061026,0.
1779989648.161026,168.1676742458,1779989648.161026,0.
1779989648.2610261,168.1676742458,1779989648.2610261,0.
1779989648.361026,168.1676742458,1779989648.361026,0.
1779989648.461026,168.1676742458,1779989648.461026,0.
1779989648.561026,168.1676742458,1779989648.561026,0.
1779989648.661026,168.1676742458,1779989648.661026,0.
1779989648.7610261,168.1676742458,1779989648.7610261,0.
1779989648.861026,168.1676742458,1779989648.861026,0.
1779989648.961026,168.1676742458,1779989648.961026,0.
1779989649.061026,168.1676742458,1779989649.061026,0.
1779989649.161026,168.1676742458,1779989649.161026,0.
1779989649.2610261,168.1676742458,1779989649.2610261,0.
1779989649.361026,168.1676742458,1779989649.361026,0.
1779989649.461026,168.1676742458,1779989649.461026,0.
1779989649.561026,168.1676742458,1779989649.561026,0.
1779989649.661026,168.1676742458,1779989649.661026,0.
1779989649.7610261,168.1676742458,1779989649.7610261,0.
1779989649.861026,168.1676742458,1779989649.861026,0.
1779989649.961026,168.1676742458,1779989649.961026,0.
1779989650.061026,168.1676742458,1779989650.061026,0.
1779989650.161026,168.1676742458,1779989650.161026,0.
1779989650.2610261,168.1676742458,1779989650.2610261,0.
1779989650.361026,168.1676742458,1779989650.361026,0.
1779989650.461026,168.1676742458,1779989650.461026,0.
1779989650.561026,168.1676742458,1779989650.561026,0.
1779989650.661026,168.1676742458,1779989650.661026,0.
1779989650.7610261,168.1676742458,1779989650.7610261,0.
1779989650.861026,168.1676742458,1779989650.861026,0.
1779989650.961026,168.1676742458,1779989650.961026,0.
1779989651.061026,168.1676742458,1779989651.061026,0.
1779989651.161026,168.1676742458,1779989651.161026,0.
1779989651.2610261,168.1676742458,1779989651.2610261,0.
1779989651.361026,168.1676742458,1779989651.361026,0.
1779989651.461026,168.1676742458,1779989651.461026,0.
1779989651.561026,168.1676742458,1779989651.561026,0.
1779989651.661026,168.1676742458,1779989651.661026,0.
1779989651.7610261,168.1676742458,1779989651.7610261,0.
1779989651.861026,168.1676742458,1779989651.861026,0.
1779989651.961026,168.1676742458,1779989651.961026,0.
1779989652.061026,168.1676742458,1779989652.061026,0.
1779989652.161026,168.1676742458,1779989652.161026,0.
1779989652.2610261,168.1676742458,1779989652.2610261,0.
1779989652.361026,168.1676742458,1779989652.361026,0.
1779989652.461026,168.1676742458,1779989652.461026,0.
1779989652.561026,168.1676742458,1779989652.561026,0.
1779989652.661026,168.1676742458,1779989652.661026,0.
1779989652.7610261,168.1676742458,1779989652.7610261,0.
1779989652.861026,168.1676742458,1779989652.861026,0.
1779989652.961026,168.1676742458,1779989652.961026,0.
1779989653.061026,168.1676742458,1779989653.061026,0.
1779989653.161026,168.1676742458,1779989653.161026,0.
1779989653.2610261,168.1676742458,1779989653.2610261,0.
1779989653.361026,168.1676742458,1779989653.361026,0.
1779989653.461026,168.1676742458,1779989653.461026,0.
1779989653.561026,168.1676742458,1779989653.561026,0.
1779989653.661026,168.1676742458,1779989653.661026,0.
1779989653.7610261,168.1676742458,1779989653.7610261,0.
1779989653.861026,168.1676742458,1779989653.861026,0.
1779989653.961026,168.1676742458,1779989653.961026,0.
1779989654.061026,168.1676742458,1779989654.061026,0.
1779989654.161026,168.1676742458,1779989654.161026,0.
1779989654.2610261,168.1676742458,1779989654.2610261,0.
1779989654.361026,168.1676742458,1779989654.361026,0.
1779989654.461026,168.1676742458,1779989654.461026,0.
1779989654.561026,168.1676742458,1779989654.561026,0.
1779989654.661026,168.1676742458,1779989654.661026,0.
1779989654.7610261,168.1676742458,1779989654.7610261,0.
1779989654.861026,168.1676742458,1779989654.861026,0.
1779989654.961026,168.1676742458,1779989654.961026,0.
1779989655.061026,168.1676742458,1779989655.061026,0.
1779989655.161026,168.1676742458,1779989655.161026,0.
1779989655.2610261,168.1676742458,1779989655.2610261,0.
1779989655.361026,168.1676742458,1779989655.361026,0.
1779989655.461026,168.1676742458,1779989655.461026,0.
1779989655.561026,168.1676742458,1779989655.561026,0.
1779989655.661026,168.1676742458,1779989655.661026,0.
1779989655.7610261,168.1676742458,1779989655.7610261,0.
1779989655.861026,168.1676742458,1779989655.861026,0.
1779989655.961026,168.1676742458,1779989655.961026,0.
1779989656.061026,168.1676742458,1779989656.061026,0.
1779989656.161026,168.1676742458,1779989656.161026,0.
1779989656.2610261,168.1676742458,1779989656.2610261,0.
1779989656.361026,168.1676742458,1779989656.361026,0.
1779989656.461026,168.1676742458,1779989656.461026,0.
1779989656.561026,168.1676742458,1779989656.561026,0.
1779989656.661026,168.1676742458,1779989656.661026,0.
1779989656.7610261,168.1676742458,1779989656.7610261,0.
1779989656.861026,168.1676742458,1779989656.861026,0.
1779989656.961026,168.1676742458,1779989656.961026,0.
1779989657.061026,168.1676742458,1779989657.061026,0.
1779989657.161026,168.1676742458,1779989657.161026,0.
1779989657.2610261,168.1676742458,1779989657.2610261,0.
1779989657.361026,168.1676742458,1779989657.361026,0.
1779989657.461026,168.1676742458,1779989657.461026,0.
1779989657.561026,168.1676742458,1779989657.561026,0.
1779989657.661026,168.1676742458,1779989657.661026,0.
1779989657.7610261,168.1676742458,1779989657.7610261,0.
1779989657.861026,168.1676742458,1779989657.861026,0.
1779989657.961026,168.1676742458,1779989657.961026,0.
1779989658.061026,168.1676742458,1779989658.061026,0.
1779989658.161026,168.1676742458,1779989658.161026,0.
1779989658.2610261,168.1676742458,1779989658.2610261,0.
1779989658.361026,168.1676742458,1779989658.361026,0.
1779989658.461026,168.1676742458,1779989658.461026,0.
1779989658.561026,168.1676742458,1779989658.561026,0.
1779989658.661026,168.1676742458,1779989658.661026,0.
1779989658.7610261,168.1676742458,1779989658.7610261,0.
1779989658.861026,168.1676742458,1779989658.861026,0.
1779989658.961026,168.1676742458,1779989658.961026,0.
1779989659.061026,168.1676742458,1779989659.061026,0.
1779989659.161026,168.1676742458,1779989659.161026,0.
1779989659.2610261,168.1676742458,1779989659.2610261,0.
1779989659.361026,168.1676742458,1779989659.361026,0.
1779989659.461026,168.1676742458,1779989659.461026,0.
1779989659.561026,168.1676742458,1779989659.561026,0.
1779989659.661026,168.1676742458,1779989659.661026,0.
1779989659.7610261,168.1676742458,1779989659.7610261,0.
1779989659.861026,168.1676742458,1779989659.861026,0.
1779989659.961026,168.1676742458,1779989659.961026,0.
1779989660.061026,168.1676742458,1779989660.061026,0.
1779989660.161026,168.1676742458,1779989660.161026,0.
1779989660.2610261,168.1676742458,1779989660.2610261,0.
1779989660.361026,168.1676742458,1779989660.361026,0.
1779989660.461026,168.1676742458,1779989660.461026,0.
1779989660.561026,168.1676742458,1779989660.561026,0.
1779989660.661026,168.1676742458,1779989660.661026,0.
1779989660.7610261,168.1676742458,1779989660.7610261,0.
1779989660.861026,168.1676742458,1779989660.861026,0.
1779989660.961026,168.1676742458,1779989660.961026,0.
1779989661.061026,168.1676742458,1779989661.061026,0.
1779989661.161026,168.1676742458,1779989661.161026,0.
1779989661.2610261,168.1676742458,1779989661.2610261,0.
1779989661.361026,168.1676742458,1779989661.361026,0.
1779989661.461026,168.1676742458,1779989661.461026,0.
1779989661.561026,168.1676742458,1779989661.561026,0.
1779989661.661026,168.1676742458,1779989661.661026,0.
1779989661.7610261,168.1676742458,1779989661.7610261,0.
1779989661.861026,168.1676742458,1779989661.861026,0.
1779989661.961026,168.1676742458,1779989661.961026,0.
1779989662.061026,168.1676742458,1779989662.061026,0.
1779989662.161026,168.1676742458,1779989662.161026,0.
1779989662.2610261,168.1676742458,1779989662.2610261,0.
1779989662.361026,168.1676742458,1779989662.361026,0.
1779989662.461026,168.1676742458,1779989662.461026,0.
1779989662.561026,168.1676742458,1779989662.561026,0.
1779989662.661026,168.1676742458,1779989662.661026,0.
1779989662.7610261,168.1676742458,1779989662.7610261,0.
1779989662.861026,168.1676742458,1779989662.861026,0.
1779989662.961026,168.1676742458,1779989662.961026,0.
1779989663.061026,168.1676742458,1779989663.061026,0.
1779989663.161026,168.1676742458,1779989663.161026,0.
1779989663.2610261,168.1676742458,1779989663.2610261,0.
1779989663.361026,168.1676742458,1779989663.361026,0.
1779989663.461026,168.1676742458,1779989663.461026,0.
1779989663.561026,168.1676742458,1779989663.561026,0.
1779989663.661026,168.1676742458,1779989663.661026,0.
1779989663.7610261,168.1676742458,1779989663.7610261,0.
1779989663.861026,168.1676742458,1779989663.861026,0.
1779989663.961026,168.1676742458,1779989663.961026,0.
1779989664.061026,168.1676742458,1779989664.061026,0.
1779989664.161026,168.1676742458,1779989664.161026,0.
1779989664.2610261,168.1676742458,1779989664.2610261,0.
1779989664.361026,168.1676742458,1779989664.361026,0.
1779989664.461026,168.1676742458,1779989664.461026,0.
1779989664.561026,168.1676742458,1779989664.561026,0.
1779989664.661026,168.1676742458,1779989664.661026,0.
1779989664.7610261,168.1676742458,1779989664.7610261,0.
1779989664.861026,168.1676742458,1779989664.861026,0.
1779989664.961026,168.1676742458,1779989664.961026,0.
1779989665.061026,168.1676742458,1779989665.061026,0.
1779989665.161026,168.1676742458,1779989665.161026,0.
1779989665.2610261,168.1676742458,1779989665.2610261,0.
1779989665.361026,168.1676742458,1779989665.361026,0.
1779989665.461026,168.1676742458,1779989665.461026,0.
1779989665.561026,168.1676742458,1779989665.561026,0.
1779989665.661026,168.1676742458,1779989665.661026,0.
1779989665.7610261,168.1676742458,1779989665.7610261,0.
1779989665.861026,168.1676742458,1779989665.861026,0.
1779989665.961026,168.1676742458,1779989665.961026,0.
1779989666.061026,168.1676742458,1779989666.061026,0.
1779989666.161026,168.1676742458,1779989666.161026,0.
1779989666.2610261,168.1676742458,1779989666.2610261,0.
1779989666.361026,168.1676742458,1779989666.361026,0.
1779989666.461026,168.1676742458,1779989666.461026,0.
1779989666.561026,168.1676742458,1779989666.561026,0.
1779989666.661026,168.1676742458,1779989666.661026,0.
1779989666.7610261,168.1676742458,1779989666.7610261,0.
1779989666.861026,168.1676742458,1779989666.861026,0.
1779989666.961026,168.1676742458,1779989666.961026,0.
1779989667.061026,168.1676742458,1779989667.061026,0.
1779989667.161026,168.1676742458,1779989667.161026,0.
1779989667.2610261,168.1676742458,1779989667.2610261,0.
1779989667.361026,168.1676742458,1779989667.361026,0.
1779989667.461026,168.1676742458,1779989667.461026,0.
1779989667.561026,168.1676742458,1779989667.561026,0.
1779989667.661026,168.1676742458,1779989667.661026,0.
1779989667.7610261,168.1676742458,1779989667.7610261,0.
1779989667.861026,168.1676742458,1779989667.861026,0.
1779989667.961026,168.1676742458,1779989667.961026,0.
1779989668.061026,168.1676742458,1779989668.061026,0.
1779989668.161026,168.1676742458,1779989668.161026,0.
1779989668.2610261,168.1676742458,1779989668.2610261,0.
1779989668.361026,168.1676742458,1779989668.361026,0.
1779989668.461026,168.1676742458,1779989668.461026,0.
1779989668.561026,168.1676742458,1779989668.561026,0.
1779989668.661026,168.1676742458,1779989668.661026,0.
1779989668.7610261,168.1676742458,1779989668.7610261,0.
1779989668.861026,168.1676742458,1779989668.861026,0.
1779989668.961026,168.1676742458,1779989668.961026,0.
1779989669.061026,168.1676742458,1779989669.061026,0.
1779989669.161026,168.1676742458,1779989669.161026,0.
1779989669.2610261,168.1676742458,1779989669.2610261,0.
1779989669.361026,168.1676742458,1779989669.361026,0.
1779989669.461026,168.1676742458,1779989669.461026,0.
1779989669.561026,168.1676742458,1779989669.561026,0.
1779989669.661026,168.1676742458,1779989669.661026,0.
1779989669.7610261,168.1676742458,1779989669.7610261,0.
1779989669.861026,168.1676742458,1779989669.861026,0.
1779989669.961026,168.1676742458,1779989669.961026,0.
1779989670.061026,168.1676742458,1779989670.061026,0.
1779989670.161026,168.1676742458,1779989670.161026,0.
1779989670.2610261,168.1676742458,1779989670.2610261,0.
1779989670.361026,168.1676742458,1779989670.361026,0.
1779989670.461026,168.1676742458,1779989670.461026,0.
1779989670.561026,168.1676742458,1779989670.561026,0.
1779989670.661026,168.1676742458,1779989670.661026,0.
1779989670.7610261,168.1676742458,1779989670.7610261,0.
1779989670.861026,168.1676742458,1779989670.861026,0.
1779989670.961026,168.1676742458,1779989670.961026,0.
1779989671.061026,168.1676742458,1779989671.061026,0.
1779989671.161026,168.1676742458,1779989671.161026,0.
1779989671.2610261,168.1676742458,1779989671.2610261,0.
1779989671.361026,168.1676742458,1779989671.361026,0.
1779989671.461026,168.1676742458,1779989671.461026,0.
1779989671.561026,168.1676742458,1779989671.561026,0.
1779989671.661026,168.1676742458,1779989671.661026,0.
1779989671.7610261,168.1676742458,1779989671.7610261,0.
1779989671.861026,168.1676742458,1779989671.861026,0.
1779989671.961026,168.1676742458,1779989671.961026,0.
1779989672.061026,168.1676742458,1779989672.061026,0.
1779989672.161026,168.1676742458,1779989672.161026,0.
1779989672.2610261,168.1676742458,1779989672.2610261,0.
1779989672.361026,168.1676742458,1779989672.361026,0.
1779989672.461026,168.1676742458,1779989672.461026,0.
1779989672.561026,168.1676742458,1779989672.561026,0.
1779989672.661026,168.1676742458,1779989672.661026,0.
1779989672.7610261,168.1676742458,1779989672.7610261,0.
1779989672.861026,168.1676742458,1779989672.861026,0.
1779989672.961026,168.1676742458,1779989672.961026,0.
1779989673.061026,168.1676742458,1779989673.061026,0.
1779989673.161026,168.1676742458,1779989673.161026,0.
1779989673.2610261,168.1676742458,1779989673.2610261,0.
1779989673.361026,168.1676742458,1779989673.361026,0.
1779989673.461026,168.1676742458,1779989673.461026,0.
1779989673.561026,168.1676742458,1779989673.561026,0.
1779989673.661026,168.1676742458,1779989673.661026,0.
1779989673.7610261,168.1676742458,1779989673.7610261,0.
1779989673.861026,168.1676742458,1779989673.861026,0.
1779989673.961026,168.1676742458,1779989673.961026,0.
1779989674.061026,168.1676742458,1779989674.061026,0.
1779989674.161026,168.1676742458,1779989674.161026,0.
1779989674.2610261,168.1676742458,1779989674.2610261,0.
1779989674.361026,168.1676742458,1779989674.361026,0.
1779989674.461026,168.1676742458,1779989674.461026,0.
1779989674.561026,168.1676742458,1779989674.561026,0.
1779989674.661026,168.1676742458,1779989674.661026,0.
1779989674.7610261,168.1676742458,1779989674.7610261,0.
1779989674.861026,168.1676742458,1779989674.861026,0.
1779989674.961026,168.1676742458,1779989674.961026,0.
1779989675.061026,168.1676742458,1779989675.061026,0.
1779989675.161026,168.1676742458,1779989675.161026,0.
1779989675.2610261,168.1676742458,1779989675.2610261,0.
1779989675.361026,168.1676742458,1779989675.361026,0.
1779989675.461026,168.1676742458,1779989675.461026,0.
1779989675.561026,168.1676742458,1779989675.561026,0.
1779989675.661026,168.1676742458,1779989675.661026,0.
1779989675.7610261,168.1676742458,1779989675.7610261,0.
1779989675.861026,168.1676742458,1779989675.861026,0.
1779989675.961026,168.1676742458,1779989675.961026,0.
1779989676.061026,168.1676742458,1779989676.061026,0.
1779989676.161026,168.1676742458,1779989676.161026,0.
1779989676.2610261,168.1676742458,1779989676.2610261,0.
1779989676.361026,168.1676742458,1779989676.361026,0.
1779989676.461026,168.1676742458,1779989676.461026,0.
1779989676.561026,168.1676742458,1779989676.561026,0.
1779989676.661026,168.1676742458,1779989676.661026,0.
1779989676.7610261,168.1676742458,1779989676.7610261,0.
1779989676.861026,168.1676742458,1779989676.861026,0.
1779989676.961026,168.1676742458,1779989676.961026,0.
1779989677.061026,168.1676742458,1779989677.061026,0.
1779989677.161026,168.1676742458,1779989677.161026,0.
1779989677.2610261,168.1676742458,1779989677.2610261,0.
1779989677.361026,168.1676742458,1779989677.361026,0.
1779989677.461026,168.1676742458,1779989677.461026,0.
1779989677.561026,168.1676742458,1779989677.561026,0.
1779989677.661026,168.1676742458,1779989677.661026,0.
1779989677.7610261,168.1676742458,1779989677.7610261,0.
1779989677.861026,168.1676742458,1779989677.861026,0.
1779989677.961026,168.1676742458,1779989677.961026,0.
1779989678.061026,168.1676742458,1779989678.061026,0.
1779989678.161026,168.1676742458,1779989678.161026,0.
1779989678.2610261,168.1676742458,1779989678.2610261,0.
1779989678.361026,168.1676742458,1779989678.361026,0.
1779989678.461026,168.1676742458,1779989678.461026,0.
1779989678.561026,168.1676742458,1779989678.561026,0.
1779989678.661026,168.1676742458,1779989678.661026,0.
1779989678.7610261,168.1676742458,1779989678.7610261,0.
1779989678.861026,168.1676742458,1779989678.861026,0.
1779989678.961026,168.1676742458,1779989678.961026,0.
1779989679.061026,168.1676742458,1779989679.061026,0.
1779989679.161026,168.1676742458,1779989679.161026,0.
1779989679.2610261,168.1676742458,1779989679.2610261,0.
1779989679.361026,168.1676742458,1779989679.361026,0.
1779989679.461026,168.1676742458,1779989679.461026,0.
1779989679.561026,168.1676742458,1779989679.561026,0.
1779989679.661026,168.1676742458,1779989679.661026,0.
1779989679.7610261,168.1676742458,1779989679.7610261,0.
1779989679.861026,168.1676742458,1779989679.861026,0.
1779989679.961026,168.1676742458,1779989679.961026,0.
1779989680.061026,168.1676742458,1779989680.061026,0.
1779989680.161026,168.1676742458,1779989680.161026,0.
1779989680.2610261,168.1676742458,1779989680.2610261,0.
1779989680.361026,168.1676742458,1779989680.361026,0.
1779989680.461026,168.1676742458,1779989680.461026,0.
1779989680.561026,168.1676742458,1779989680.561026,0.
1779989680.661026,168.1676742458,1779989680.661026,0.
1779989680.7610261,168.1676742458,1779989680.7610261,0.
1779989680.861026,168.1676742458,1779989680.861026,0.
1779989680.961026,168.1676742458,1779989680.961026,0.
1779989681.061026,168.1676742458,1779989681.061026,0.
1779989681.161026,168.1676742458,1779989681.161026,0.
1779989681.2610261,168.1676742458,1779989681.2610261,0.
1779989681.361026,168.1676742458,1779989681.361026,0.
1779989681.461026,168.1676742458,1779989681.461026,0.
1779989681.561026,168.1676742458,1779989681.561026,0.
1779989681.661026,168.1676742458,1779989681.661026,0.
1779989681.7610261,168.1676742458,1779989681.7610261,0.
1779989681.861026,168.1676742458,1779989681.861026,0.
1779989681.961026,168.1676742458,1779989681.961026,0.
1779989682.061026,168.1676742458,1779989682.061026,0.
1779989682.161026,168.1676742458,1779989682.161026,0.
1779989682.2610261,168.1676742458,1779989682.2610261,0.
1779989682.361026,168.1676742458,1779989682.361026,0.
1779989682.461026,168.1676742458,1779989682.461026,0.
1779989682.561026,168.1676742458,1779989682.561026,0.
1779989682.661026,168.1676742458,1779989682.661026,0.
1779989682.7610261,168.1676742458,1779989682.7610261,0.
1779989682.861026,168.1676742458,1779989682.861026,0.
1779989682.961026,168.1676742458,1779989682.961026,0.
1779989683.061026,168.1676742458,1779989683.061026,0.
1779989683.161026,168.1676742458,1779989683.161026,0.
1779989683.2610261,168.1676742458,1779989683.2610261,0.
1779989683.361026,168.1676742458,1779989683.361026,0.
1779989683.461026,168.1676742458,1779989683.461026,0.
1779989683.561026,168.1676742458,1779989683.561026,0.
1779989683.661026,168.1676742458,1779989683.661026,0.
1779989683.7610261,168.1676742458,1779989683.7610261,0.
1779989683.861026,168.1676742458,1779989683.861026,0.
1779989683.961026,168.1676742458,1779989683.961026,0.
1779989684.061026,168.1676742458,1779989684.061026,0.
1779989684.161026,168.1676742458,1779989684.161026,0.
1779989684.2610261,168.1676742458,1779989684.2610261,0.
1779989684.361026,168.1676742458,1779989684.361026,0.
1779989684.461026,168.1676742458,1779989684.461026,0.
1779989684.561026,168.1676742458,1779989684.561026,0.
1779989684.661026,168.1676742458,1779989684.661026,0.
1779989684.7610261,168.1676742458,1779989684.7610261,0.
1779989684.861026,168.1676742458,1779989684.861026,0.
1779989684.961026,168.1676742458,1779989684.961026,0.
1779989685.061026,168.1676742458,1779989685.061026,0.
1779989685.161026,168.1676742458,1779989685.161026,0.
1779989685.2610261,168.1676742458,1779989685.2610261,0.
1779989685.361026,168.1676742458,1779989685.361026,0.
1779989685.461026,168.1676742458,1779989685.461026,0.
1779989685.561026,168.1676742458,1779989685.561026,0.
1779989685.661026,168.1676742458,1779989685.661026,0.
1779989685.7610261,168.1676742458,1779989685.7610261,0.
1779989685.861026,168.1676742458,1779989685.861026,0.
1779989685.961026,168.1676742458,1779989685.961026,0.
1779989686.061026,168.1676742458,1779989686.061026,0.
1779989686.161026,168.1676742458,1779989686.161026,0.
1779989686.2610261,168.1676742458,1779989686.2610261,0.
1779989686.361026,168.1676742458,1779989686.361026,0.
1779989686.461026,168.1676742458,1779989686.461026,0.
1779989686.561026,168.1676742458,1779989686.561026,0.
1779989686.661026,168.1676742458,1779989686.661026,0.
1779989686.7610261,168.1676742458,1779989686.7610261,0.
1779989686.861026,168.1676742458,1779989686.861026,0.
1779989686.961026,168.1676742458,1779989686.961026,0.
1779989687.061026,168.1676742458,1779989687.061026,0.
1779989687.161026,168.1676742458,1779989687.161026,0.
1779989687.2610261,168.1676742458,1779989687.2610261,0.
1779989687.361026,168.1676742458,1779989687.361026,0.
1779989687.461026,168.1676742458,1779989687.461026,0.
1779989687.561026,168.1676742458,1779989687.561026,0.
1779989687.661026,168.1676742458,1779989687.661026,0.
1779989687.7610261,168.1676742458,1779989687.7610261,0.
1779989687.861026,168.1676742458,1779989687.861026,0.
1779989687.961026,168.1676742458,1779989687.961026,0.
1779989688.061026,168.1676742458,1779989688.061026,0.
1779989688.161026,168.1676742458,1779989688.161026,0.
1779989688.2610261,168.1676742458,1779989688.2610261,0.
1779989688.361026,168.1676742458,1779989688.361026,0.
1779989688.461026,168.1676742458,1779989688.461026,0.
1779989688.561026,168.1676742458,1779989688.561026,0.
1779989688.661026,168.1676742458,1779989688.661026,0.
1779989688.7610261,168.1676742458,1779989688.7610261,0.
1779989688.861026,168.1676742458,1779989688.861026,0.
1779989688.961026,168.1676742458,1779989688.961026,0.
1779989689.061026,168.1676742458,1779989689.061026,0.
1779989689.161026,168.1676742458,1779989689.161026,0.
1779989689.2610261,168.1676742458,1779989689.2610261,0.
1779989689.361026,168.1676742458,1779989689.361026,0.
1779989689.461026,168.1676742458,1779989689.461026,0.
1779989689.561026,168.1676742458,1779989689.561026,0.
1779989689.661026,168.1676742458,1779989689.661026,0.
1779989689.7610261,168.1676742458,1779989689.7610261,0.
1779989689.861026,168.1676742458,1779989689.861026,0.
1779989689.961026,168.1676742458,1779989689.961026,0.
1779989690.061026,168.1676742458,1779989690.061026,0.
1779989690.161026,168.1676742458,1779989690.161026,0.
1779989690.2610261,168.1676742458,1779989690.2610261,0.
1779989690.361026,168.1676742458,1779989690.361026,0.
1779989690.461026,168.1676742458,1779989690.461026,0.
1779989690.561026,168.1676742458,1779989690.561026,0.
1779989690.661026,168.1676742458,1779989690.661026,0.
1779989690.7610261,168.1676742458,1779989690.7610261,0.
1779989690.861026,168.1676742458,1779989690.861026,0.
1779989690.961026,168.1676742458,1779989690.961026,0.
1779989691.061026,168.1676742458,1779989691.061026,0.
1779989691.161026,168.1676742458,1779989691.161026,0.
1779989691.2610261,168.1676742458,1779989691.2610261,0.
1779989691.361026,168.1676742458,1779989691.361026,0.
1779989691.461026,168.1676742458,1779989691.461026,0.
1779989691.561026,168.1676742458,1779989691.561026,0.
1779989691.661026,168.1676742458,1779989691.661026,0.
1779989691.7610261,168.1676742458,1779989691.7610261,0.
1779989691.861026,168.1676742458,1779989691.861026,0.
1779989691.961026,168.1676742458,1779989691.961026,0.
1779989692.061026,168.1676742458,1779989692.061026,0.
1779989692.161026,168.1676742458,1779989692.161026,0.
1779989692.2610261,168.1676742458,1779989692.2610261,0.
1779989692.361026,168.1676742458,1779989692.361026,0.
1779989692.461026,168.1676742458,1779989692.461026,0.
1779989692.561026,168.1676742458,1779989692.561026,0.
1779989692.661026,168.1676742458,1779989692.661026,0.
1779989692.7610261,168.1676742458,1779989692.7610261,0.
1779989692.861026,168.1676742458,1779989692.861026,0.
1779989692.961026,168.1676742458,1779989692.961026,0.
1779989693.061026,168.1676742458,1779989693.061026,0.
1779989693.161026,168.1676742458,1779989693.161026,0.
1779989693.2610261,168.1676742458,1779989693.2610261,0.
1779989693.361026,168.1676742458,1779989693.361026,0.
1779989693.461026,168.1676742458,1779989693.461026,0.
1779989693.561026,168.1676742458,1779989693.561026,0.
1779989693.661026,168.1676742458,1779989693.661026,0.
1779989693.7610261,168.1676742458,1779989693.7610261,0.
1779989693.861026,168.1676742458,1779989693.861026,0.
1779989693.961026,168.1676742458,1779989693.961026,0.
1779989694.061026,168.1676742458,1779989694.061026,0.
1779989694.161026,168.1676742458,1779989694.161026,0.
1779989694.2610261,168.1676742458,1779989694.2610261,0.
1779989694.361026,168.1676742458,1779989694.361026,0.
1779989694.461026,168.1676742458,1779989694.461026,0.
1779989694.561026,168.1676742458,1779989694.561026,0.
1779989694.661026,168.1676742458,1779989694.661026,0.
1779989694.7610261,168.1676742458,1779989694.7610261,0.
1779989694.861026,168.1676742458,1779989694.861026,0.
1779989694.961026,168.1676742458,1779989694.961026,0.
1779989695.061026,168.1676742458,1779989695.061026,0.
1779989695.161026,168.1676742458,1779989695.161026,0.
1779989695.2610261,168.1676742458,1779989695.2610261,0.
1779989695.361026,168.1676742458,1779989695.361026,0.
1779989695.461026,168.1676742458,1779989695.461026,0.
1779989695.561026,168.1676742458,1779989695.561026,0.
1779989695.661026,168.1676742458,1779989695.661026,0.
1779989695.7610261,168.1676742458,1779989695.7610261,0.
1779989695.861026,168.1676742458,1779989695.861026,0.
1779989695.961026,168.1676742458,1779989695.961026,0.
1779989696.061026,168.1676742458,1779989696.061026,0.
1779989696.161026,168.1676742458,1779989696.161026,0.
1779989696.2610261,168.1676742458,1779989696.2610261,0.
1779989696.361026,168.1676742458,1779989696.361026,0.
1779989696.461026,168.1676742458,1779989696.461026,0.
1779989696.561026,168.1676742458,1779989696.561026,0.
1779989696.661026,168.1676742458,1779989696.661026,0.
1779989696.7610261,168.1676742458,1779989696.7610261,0.
1779989696.861026,168.1676742458,1779989696.861026,0.
1779989696.961026,168.1676742458,1779989696.961026,0.
1779989697.061026,168.1676742458,1779989697.061026,0.
1779989697.161026,168.1676742458,1779989697.161026,0.
1779989697.2610261,168.1676742458,1779989697.2610261,0.
1779989697.361026,168.1676742458,1779989697.361026,0.
1779989697.461026,168.1676742458,1779989697.461026,0.
1779989697.561026,168.1676742458,1779989697.561026,0.
1779989697.661026,168.1676742458,1779989697.661026,0.
1779989697.7610261,168.1676742458,1779989697.7610261,0.
1779989697.861026,168.1676742458,1779989697.861026,0.
1779989697.961026,168.1676742458,1779989697.961026,0.
1779989698.061026,168.1676742458,1779989698.061026,0.
1779989698.161026,168.1676742458,1779989698.161026,0.
1779989698.2610261,168.1676742458,1779989698.2610261,0.
1779989698.361026,168.1676742458,1779989698.361026,0.
1779989698.461026,168.1676742458,1779989698.461026,0.
1779989698.561026,168.1676742458,1779989698.561026,0.
1779989698.661026,168.1676742458,1779989698.661026,0.
1779989698.7610261,168.1676742458,1779989698.7610261,0.
1779989698.861026,168.1676742458,1779989698.861026,0.
1779989698.961026,168.1676742458,1779989698.961026,0.
1779989699.061026,168.1676742458,1779989699.061026,0.
1779989699.161026,168.1676742458,1779989699.161026,0.
1779989699.2610261,168.1676742458,1779989699.2610261,0.
1779989699.361026,168.1676742458,1779989699.361026,0.
1779989699.461026,168.1676742458,1779989699.461026,0.
1779989699.561026,168.1676742458,1779989699.561026,0.
1779989699.661026,168.1676742458,1779989699.661026,0.
1779989699.7610261,168.1676742458,1779989699.7610261,0.
1779989699.861026,168.1676742458,1779989699.861026,0.
1779989699.961026,168.1676742458,1779989699.961026,0.
1779989700.061026,168.1676742458,1779989700.061026,0.
1779989700.161026,168.1676742458,1779989700.161026,0.
1779989700.2610261,168.1676742458,1779989700.2610261,0.
1779989700.361026,168.1676742458,1779989700.361026,0.
1779989700.461026,168.1676742458,1779989700.461026,0.
1779989700.561026,168.1676742458,1779989700.561026,0.
1779989700.661026,168.1676742458,1779989700.661026,0.
1779989700.7610261,168.1676742458,1779989700.7610261,0.
1779989700.861026,168.1676742458,1779989700.861026,0.
1779989700.961026,168.1676742458,1779989700.961026,0.
1779989701.061026,168.1676742458,1779989701.061026,0.
1779989701.161026,168.1676742458,1779989701.161026,0.
1779989701.2610261,168.1676742458,1779989701.2610261,0.
1779989701.361026,168.1676742458,1779989701.361026,0.
1779989701.461026,168.1676742458,1779989701.461026,0.
1779989701.561026,168.1676742458,1779989701.561026,0.
1779989701.661026,168.1676742458,1779989701.661026,0.
1779989701.7610261,168.1676742458,1779989701.7610261,0.
1779989701.861026,168.1676742458,1779989701.861026,0.
1779989701.961026,168.1676742458,1779989701.961026,0.
1779989702.061026,168.1676742458,1779989702.061026,0.
1779989702.161026,168.1676742458,1779989702.161026,0.
1779989702.2610261,168.1676742458,1779989702.2610261,0.
1779989702.361026,168.1676742458,1779989702.361026,0.
1779989702.461026,168.1676742458,1779989702.461026,0.
1779989702.561026,168.1676742458,1779989702.561026,0.
1779989702.661026,168.1676742458,1779989702.661026,0.
1779989702.7610261,168.1676742458,1779989702.7610261,0.
1779989702.861026,168.1676742458,1779989702.861026,0.
1779989702.961026,168.1676742458,1779989702.961026,0.
1779989703.061026,168.1676742458,1779989703.061026,0.
1779989703.161026,168.1676742458,1779989703.161026,0.
1779989703.2610261,168.1676742458,1779989703.2610261,0.
1779989703.361026,168.1676742458,1779989703.361026,0.
1779989703.461026,168.1676742458,1779989703.461026,0.
1779989703.561026,168.1676742458,1779989703.561026,0.
1779989703.661026,168.1676742458,1779989703.661026,0.
1779989703.7610261,168.1676742458,1779989703.7610261,0.
1779989703.861026,168.1676742458,1779989703.861026,0.
1779989703.961026,168.1676742458,1779989703.961026,0.
1779989704.061026,168.1676742458,1779989704.061026,0.
1779989704.161026,168.1676742458,1779989704.161026,0.
1779989704.2610261,168.1676742458,1779989704.2610261,0.
1779989704.361026,168.1676742458,1779989704.361026,0.
1779989704.461026,168.1676742458,1779989704.461026,0.
1779989704.561026,168.1676742458,1779989704.561026,0.
1779989704.661026,168.1676742458,1779989704.661026,0.
1779989704.7610261,168.1676742458,1779989704.7610261,0.
1779989704.861026,168.1676742458,1779989704.861026,0.
1779989704.961026,168.1676742458,1779989704.961026,0.
1779989705.061026,168.1676742458,1779989705.061026,0.
1779989705.161026,168.1676742458,1779989705.161026,0.
1779989705.2610261,168.1676742458,1779989705.2610261,0.
1779989705.361026,168.1676742458,1779989705.361026,0.
1779989705.461026,168.1676742458,1779989705.461026,0.
1779989705.561026,168.1676742458,1779989705.561026,0.
1779989705.661026,168.1676742458,1779989705.661026,0.
1779989705.7610261,168.1676742458,1779989705.7610261,0.
1779989705.861026,168.1676742458,1779989705.861026,0.
1779989705.961026,168.1676742458,1779989705.961026,0.
1779989706.061026,168.1676742458,1779989706.061026,0.
1779989706.161026,168.1676742458,1779989706.161026,0.
1779989706.2610261,168.1676742458,1779989706.2610261,0.
1779989706.361026,168.1676742458,1779989706.361026,0.
1779989706.461026,168.1676742458,1779989706.461026,0.
1779989706.561026,168.1676742458,1779989706.561026,0.
1779989706.661026,168.1676742458,1779989706.661026,0.
1779989706.7610261,168.1676742458,1779989706.7610261,0.
1779989706.861026,168.1676742458,1779989706.861026,0.
1779989706.961026,168.1676742458,1779989706.961026,0.
1779989707.061026,168.1676742458,1779989707.061026,0.
1779989707.161026,168.1676742458,1779989707.161026,0.
1779989707.2610261,168.1676742458,1779989707.2610261,0.
1779989707.361026,168.1676742458,1779989707.361026,0.
1779989707.461026,168.1676742458,1779989707.461026,0.
1779989707.561026,168.1676742458,1779989707.561026,0.
1779989707.661026,168.1676742458,1779989707.661026,0.
1779989707.7610261,168.1676742458,1779989707.7610261,0.
1779989707.861026,168.1676742458,1779989707.861026,0.
1779989707.961026,168.1676742458,1779989707.961026,0.
1779989708.061026,168.1676742458,1779989708.061026,0.
1779989708.161026,168.1676742458,1779989708.161026,0.
1779989708.2610261,168.1676742458,1779989708.2610261,0.
1779989708.361026,168.1676742458,1779989708.361026,0.
