Command_x,Command_y,Target_x,Target_y
1779988694.961026,134.1969778061,1779988694.961026,200.
1779988695.061026,121.8109635397,1779988695.061026,200.
1779988695.161026,164.1105238721,1779988695.161026,200.
1779988695.2610261,167.1653754798,1779988695.2610261,200.
1779988695.361026,184.2793629184,1779988695.361026,200.
1779988695.461026,153.3820999866,1779988695.461026,200.
1779988695.561026,170.7342037055,1779988695.561026,200.
1779988695.661026,155.1566060247,1779988695.661026,200.
1779988695.7610261,172.3423788616,1779988695.7610261,200.
1779988695.861026,131.9760699726,1779988695.861026,200.
1779988695.961026,171.4587772372,1779988695.961026,200.
1779988696.061026,172.5020307870,1779988696.061026,200.
1779988696.161026,149.8764739833,1779988696.161026,200.
1779988696.2610261,171.4973381706,1779988696.2610261,200.
1779988696.361026,183.6663647687,1779988696.361026,200.
1779988696.461026,180.1345294777,1779988696.461026,200.
1779988696.561026,177.6225890602,1779988696.561026,200.
1779988696.661026,171.5737718544,1779988696.661026,200.
1779988696.7610261,206.0328913211,1779988696.7610261,200.
1779988696.861026,186.5900995851,1779988696.861026,200.
1779988696.961026,180.8884220716,1779988696.961026,200.
1779988697.061026,194.2738335771,1779988697.061026,200.
1779988697.161026,209.1246054849,1779988697.161026,200.
1779988697.2610261,179.5620926657,1779988697.2610261,200.
1779988697.361026,202.8861078791,1779988697.361026,200.
1779988697.461026,202.2183190947,1779988697.461026,60.
1779988697.561026,185.3930854291,1779988697.561026,60.
1779988697.661026,179.6206703366,1779988697.661026,60.
1779988697.7610261,123.4288173679,1779988697.7610261,200.
1779988697.861026,115.1786315788,1779988697.861026,200.
1779988697.961026,171.7423874503,1779988697.961026,200.
1779988698.061026,134.7120924755,1779988698.061026,200.
1779988698.161026,167.7809240944,1779988698.161026,200.
1779988698.2610261,182.1404228385,1779988698.2610261,200.
1779988698.361026,200.3791548291,1779988698.361026,200.
1779988698.461026,201.6221415976,1779988698.461026,200.
1779988698.561026,132.4449804433,1779988698.561026,200.
1779988698.661026,147.5241678151,1779988698.661026,200.
1779988698.7610261,157.4191687769,1779988698.7610261,200.
1779988698.861026,154.4888444993,1779988698.861026,200.
1779988698.961026,156.2420824453,1779988698.961026,200.
1779988699.061026,172.7187643082,1779988699.061026,200.
1779988699.161026,175.4539363025,1779988699.161026,200.
1779988699.2610261,174.0101999671,1779988699.2610261,200.
1779988699.361026,157.0006906,1779988699.361026,200.
1779988699.461026,185.4520650681,1779988699.461026,200.
1779988699.561026,185.7529317052,1779988699.561026,200.
1779988699.661026,212.0187039624,1779988699.661026,200.
1779988699.7610261,247.1502127583,1779988699.7610261,200.
1779988699.861026,241.3623599356,1779988699.861026,200.
1779988699.961026,190.347496491,1779988699.961026,200.
1779988700.061026,178.1724774963,1779988700.061026,200.
1779988700.161026,171.7881191149,1779988700.161026,200.
1779988700.2610261,208.3963926127,1779988700.2610261,200.
1779988700.361026,230.4928731714,1779988700.361026,60.
1779988700.461026,182.5965877297,1779988700.461026,60.
1779988700.561026,147.7893937548,1779988700.561026,60.
1779988700.661026,125.5427135858,1779988700.661026,200.
1779988700.7610261,118.5343431175,1779988700.7610261,200.
1779988700.861026,182.1034346322,1779988700.861026,200.
1779988700.961026,160.7938370434,1779988700.961026,200.
1779988701.061026,145.2072117266,1779988701.061026,200.
1779988701.161026,175.1741945605,1779988701.161026,200.
1779988701.2610261,206.9778788104,1779988701.2610261,200.
1779988701.361026,129.1797313413,1779988701.361026,200.
1779988701.461026,163.4046225012,1779988701.461026,200.
1779988701.561026,156.471481336,1779988701.561026,200.
1779988701.661026,148.7467482726,1779988701.661026,200.
1779988701.7610261,167.9406669191,1779988701.7610261,200.
1779988701.861026,181.103809831,1779988701.861026,200.
1779988701.961026,199.0756529293,1779988701.961026,200.
1779988702.061026,166.9465669299,1779988702.061026,200.
1779988702.161026,159.4758597948,1779988702.161026,200.
1779988702.2610261,190.9252656220,1779988702.2610261,200.
1779988702.361026,162.3480233533,1779988702.361026,200.
1779988702.461026,201.1898640636,1779988702.461026,200.
1779988702.561026,195.1531256405,1779988702.561026,200.
1779988702.661026,227.6247549564,1779988702.661026,200.
1779988702.7610261,184.9505356571,1779988702.7610261,200.
1779988702.861026,197.5475585228,1779988702.861026,200.
1779988702.961026,193.9822570682,1779988702.961026,200.
1779988703.061026,204.8269942203,1779988703.061026,200.
1779988703.161026,224.0528704496,1779988703.161026,60.
1779988703.2610261,164.5743457146,1779988703.2610261,60.
1779988703.361026,144.9148114917,1779988703.361026,60.
1779988703.461026,148.9324708104,1779988703.461026,200.
1779988703.561026,125.8127889896,1779988703.561026,200.
1779988703.661026,155.7069379392,1779988703.661026,200.
1779988703.7610261,157.9316010896,1779988703.7610261,200.
1779988703.861026,149.5346691856,1779988703.861026,200.
1779988703.961026,147.0896271576,1779988703.961026,200.
1779988704.061026,137.0672770837,1779988704.061026,200.
1779988704.161026,154.0699133618,1779988704.161026,200.
1779988704.2610261,151.6580545544,1779988704.2610261,200.
1779988704.361026,149.0997551539,1779988704.361026,200.
1779988704.461026,156.8832260747,1779988704.461026,200.
1779988704.561026,159.5901854381,1779988704.561026,200.
1779988704.661026,153.3907396636,1779988704.661026,200.
1779988704.7610261,175.6907206899,1779988704.7610261,200.
1779988704.861026,178.4866747803,1779988704.861026,200.
1779988704.961026,153.7966865317,1779988704.961026,200.
1779988705.061026,173.0408584508,1779988705.061026,200.
1779988705.161026,177.0514603031,1779988705.161026,200.
1779988705.2610261,202.5898784348,1779988705.2610261,200.
1779988705.361026,181.8835194561,1779988705.361026,200.
1779988705.461026,198.1186617838,1779988705.461026,200.
1779988705.561026,175.5686235783,1779988705.561026,200.
1779988705.661026,205.8499173713,1779988705.661026,200.
1779988705.7610261,203.1414062746,1779988705.7610261,200.
1779988705.861026,206.1526292138,1779988705.861026,200.
1779988705.961026,186.5817800817,1779988705.961026,60.
1779988706.061026,189.1648541212,1779988706.061026,60.
1779988706.161026,150.2973765648,1779988706.161026,60.
1779988706.2610261,126.2081766529,1779988706.2610261,60.
1779988706.361026,116.4007355271,1779988706.361026,200.
1779988706.461026,120.7494871128,1779988706.461026,200.
1779988706.561026,109.5572666571,1779988706.561026,200.
1779988706.661026,169.8947407565,1779988706.661026,200.
1779988706.7610261,153.7228657643,1779988706.7610261,200.
1779988706.861026,150.3887037029,1779988706.861026,200.
1779988706.961026,144.0447276613,1779988706.961026,200.
1779988707.061026,150.7171946117,1779988707.061026,200.
1779988707.161026,175.3952333819,1779988707.161026,200.
1779988707.2610261,163.9147728796,1779988707.2610261,200.
1779988707.361026,158.2755499862,1779988707.361026,200.
1779988707.461026,150.6553893346,1779988707.461026,200.
1779988707.561026,192.2764580378,1779988707.561026,200.
1779988707.661026,170.1388781425,1779988707.661026,200.
1779988707.7610261,182.7825067407,1779988707.7610261,200.
1779988707.861026,186.7867895441,1779988707.861026,200.
1779988707.961026,168.9474145283,1779988707.961026,200.
1779988708.061026,198.9794624313,1779988708.061026,200.
1779988708.161026,202.3122005094,1779988708.161026,200.
1779988708.2610261,191.7290840597,1779988708.2610261,200.
1779988708.361026,199.8191791796,1779988708.361026,200.
1779988708.461026,206.7768686731,1779988708.461026,200.
1779988708.561026,201.7775454676,1779988708.561026,200.
1779988708.661026,209.4454885463,1779988708.661026,200.
1779988708.7610261,211.9857075243,1779988708.7610261,200.
1779988708.861026,201.7802289567,1779988708.861026,60.
1779988708.961026,185.8071765827,1779988708.961026,60.
1779988709.061026,152.0447856699,1779988709.061026,60.
1779988709.161026,124.9324836885,1779988709.161026,200.
1779988709.2610261,117.3833983515,1779988709.2610261,200.
1779988709.361026,119.0729936423,1779988709.361026,200.
1779988709.461026,168.3482298122,1779988709.461026,200.
1779988709.561026,154.0477499229,1779988709.561026,200.
1779988709.661026,146.2905873905,1779988709.661026,200.
1779988709.7610261,144.9753928435,1779988709.7610261,200.
1779988709.861026,154.1609773312,1779988709.861026,200.
1779988709.961026,165.9385438143,1779988709.961026,200.
1779988710.061026,152.6265255517,1779988710.061026,200.
1779988710.161026,175.4003659848,1779988710.161026,200.
1779988710.2610261,179.961072944,1779988710.2610261,200.
1779988710.361026,142.963261907,1779988710.361026,200.
1779988710.461026,174.8273774559,1779988710.461026,200.
1779988710.561026,173.7907571458,1779988710.561026,200.
1779988710.661026,198.7739973539,1779988710.661026,200.
1779988710.7610261,174.9859858010,1779988710.7610261,200.
1779988710.861026,207.0269522922,1779988710.861026,200.
1779988710.961026,177.227679909,1779988710.961026,200.
1779988711.061026,187.5087028681,1779988711.061026,200.
1779988711.161026,193.3880727091,1779988711.161026,200.
1779988711.2610261,199.6205499655,1779988711.2610261,200.
1779988711.361026,227.6451008376,1779988711.361026,200.
1779988711.461026,185.2348302704,1779988711.461026,200.
1779988711.561026,207.7874438622,1779988711.561026,200.
1779988711.661026,204.1480383977,1779988711.661026,60.
1779988711.7610261,153.7671610193,1779988711.7610261,60.
1779988711.861026,152.0784983793,1779988711.861026,60.
1779988711.961026,125.1042175987,1779988711.961026,200.
1779988712.061026,112.3791281596,1779988712.061026,200.
1779988712.161026,150.4525180505,1779988712.161026,200.
1779988712.2610261,148.2018637524,1779988712.2610261,200.
1779988712.361026,166.2548050755,1779988712.361026,200.
1779988712.461026,155.3022946966,1779988712.461026,200.
1779988712.561026,147.9474597033,1779988712.561026,200.
1779988712.661026,150.8638656433,1779988712.661026,200.
1779988712.7610261,145.8991065203,1779988712.7610261,200.
1779988712.861026,174.9475941454,1779988712.861026,200.
1779988712.961026,177.594472218,1779988712.961026,200.
1779988713.061026,179.0911349872,1779988713.061026,200.
1779988713.161026,170.1302451656,1779988713.161026,200.
1779988713.2610261,184.5040971920,1779988713.2610261,200.
1779988713.361026,179.4252822966,1779988713.361026,200.
1779988713.461026,179.2288543578,1779988713.461026,200.
1779988713.561026,224.4636040830,1779988713.561026,200.
1779988713.661026,170.7809488688,1779988713.661026,200.
1779988713.7610261,223.2759895549,1779988713.7610261,200.
1779988713.861026,194.5961618178,1779988713.861026,200.
1779988713.961026,249.6236585833,1779988713.961026,200.
1779988714.061026,186.2668235807,1779988714.061026,200.
1779988714.161026,201.6341958582,1779988714.161026,200.
1779988714.2610261,210.9964869502,1779988714.2610261,200.
1779988714.361026,184.9042898264,1779988714.361026,200.
1779988714.461026,191.7649107124,1779988714.461026,60.
1779988714.561026,178.3963348102,1779988714.561026,60.
1779988714.661026,161.304713823,1779988714.661026,60.
1779988714.7610261,153.0788865106,1779988714.7610261,60.
1779988714.861026,124.0354928835,1779988714.861026,200.
1779988714.961026,136.2260140152,1779988714.961026,200.
1779988715.061026,123.5099011176,1779988715.061026,200.
1779988715.161026,140.3376980990,1779988715.161026,200.
1779988715.2610261,167.9760520766,1779988715.2610261,200.
1779988715.361026,152.5143190082,1779988715.361026,200.
1779988715.461026,150.8020966216,1779988715.461026,200.
1779988715.561026,151.0944568300,1779988715.561026,200.
1779988715.661026,170.4277821672,1779988715.661026,200.
1779988715.7610261,177.4999136386,1779988715.7610261,200.
1779988715.861026,168.5589245159,1779988715.861026,200.
1779988715.961026,160.5090809773,1779988715.961026,200.
1779988716.061026,175.6372641014,1779988716.061026,200.
1779988716.161026,198.8371030327,1779988716.161026,200.
1779988716.2610261,176.6188460916,1779988716.2610261,200.
1779988716.361026,176.6568413502,1779988716.361026,200.
1779988716.461026,172.8998916505,1779988716.461026,200.
1779988716.561026,209.7371997948,1779988716.561026,200.
1779988716.661026,209.4989673798,1779988716.661026,200.
1779988716.7610261,204.4525548305,1779988716.7610261,200.
1779988716.861026,204.2415737552,1779988716.861026,200.
1779988716.961026,209.4424237791,1779988716.961026,200.
1779988717.061026,193.9604360033,1779988717.061026,200.
1779988717.161026,208.6701914981,1779988717.161026,200.
1779988717.2610261,241.0190628758,1779988717.2610261,200.
1779988717.361026,200.038539636,1779988717.361026,60.
1779988717.461026,211.3353288087,1779988717.461026,60.
1779988717.561026,157.3530642029,1779988717.561026,60.
1779988717.661026,147.9701949877,1779988717.661026,60.
1779988717.7610261,92.0282030415,1779988717.7610261,200.
1779988717.861026,66.0707946066,1779988717.861026,200.
1779988717.961026,151.8537490175,1779988717.961026,200.
1779988718.061026,151.7120950295,1779988718.061026,200.
1779988718.161026,127.4637997626,1779988718.161026,200.
1779988718.2610261,161.3415172032,1779988718.2610261,200.
1779988718.361026,136.3079016444,1779988718.361026,200.
1779988718.461026,141.9760590590,1779988718.461026,200.
1779988718.561026,157.7675996032,1779988718.561026,200.
1779988718.661026,195.3279363591,1779988718.661026,200.
1779988718.7610261,176.6008536022,1779988718.7610261,200.
1779988718.861026,159.2392748928,1779988718.861026,200.
1779988718.961026,193.6969142067,1779988718.961026,200.
1779988719.061026,156.0628030381,1779988719.061026,200.
1779988719.161026,175.4552205465,1779988719.161026,200.
1779988719.2610261,176.0279153792,1779988719.2610261,200.
1779988719.361026,219.4518757355,1779988719.361026,200.
1779988719.461026,198.2429860405,1779988719.461026,200.
1779988719.561026,214.2299232400,1779988719.561026,200.
1779988719.661026,201.251264046,1779988719.661026,200.
1779988719.7610261,177.4085083937,1779988719.7610261,200.
1779988719.861026,215.7394753625,1779988719.861026,200.
1779988719.961026,182.8666248951,1779988719.961026,200.
1779988720.061026,202.7710303312,1779988720.061026,200.
1779988720.161026,208.0159774900,1779988720.161026,200.
1779988720.2610261,195.5732309277,1779988720.2610261,200.
1779988720.361026,214.2182230427,1779988720.361026,60.
1779988720.461026,158.0858192218,1779988720.461026,60.
1779988720.561026,150.9977144056,1779988720.561026,60.
1779988720.661026,117.6725649946,1779988720.661026,200.
1779988720.7610261,98.7946206628,1779988720.7610261,200.
1779988720.861026,112.6683769053,1779988720.861026,200.
1779988720.961026,121.5488936580,1779988720.961026,200.
1779988721.061026,142.5143507462,1779988721.061026,200.
1779988721.161026,142.5723113985,1779988721.161026,200.
1779988721.2610261,147.4005305338,1779988721.2610261,200.
1779988721.361026,150.9736468397,1779988721.361026,200.
1779988721.461026,198.3314042166,1779988721.461026,200.
1779988721.561026,183.0295613198,1779988721.561026,200.
1779988721.661026,183.7141860704,1779988721.661026,200.
1779988721.7610261,151.8811780498,1779988721.7610261,200.
1779988721.861026,169.6769056656,1779988721.861026,200.
1779988721.961026,168.2686979028,1779988721.961026,200.
1779988722.061026,180.8176155302,1779988722.061026,200.
1779988722.161026,238.1405929235,1779988722.161026,200.
1779988722.2610261,180.7600098958,1779988722.2610261,200.
1779988722.361026,180.12850879,1779988722.361026,200.
1779988722.461026,222.2362144424,1779988722.461026,200.
1779988722.561026,186.6358719012,1779988722.561026,200.
1779988722.661026,205.7964253208,1779988722.661026,200.
1779988722.7610261,207.2332747743,1779988722.7610261,200.
1779988722.861026,225.2871671238,1779988722.861026,200.
1779988722.961026,192.198391971,1779988722.961026,200.
1779988723.061026,192.5132232556,1779988723.061026,200.
1779988723.161026,216.5045071362,1779988723.161026,60.
1779988723.2610261,176.0970657561,1779988723.2610261,60.
1779988723.361026,133.5623984804,1779988723.361026,60.
1779988723.461026,120.9136473791,1779988723.461026,60.
1779988723.561026,116.2891575318,1779988723.561026,200.
1779988723.661026,93.6861108113,1779988723.661026,200.
1779988723.7610261,112.1259101777,1779988723.7610261,200.
1779988723.861026,117.8964045799,1779988723.861026,200.
1779988723.961026,149.2885839649,1779988723.961026,200.
1779988724.061026,177.5107643602,1779988724.061026,200.
1779988724.161026,164.077251818,1779988724.161026,200.
1779988724.2610261,185.099321113,1779988724.2610261,200.
1779988724.361026,179.722107017,1779988724.361026,200.
1779988724.461026,148.625887783,1779988724.461026,200.
1779988724.561026,169.3161743989,1779988724.561026,200.
1779988724.661026,179.4646560238,1779988724.661026,200.
1779988724.7610261,202.0152218093,1779988724.7610261,200.
1779988724.861026,176.8803088985,1779988724.861026,200.
1779988724.961026,179.0315095468,1779988724.961026,200.
1779988725.061026,175.5567689907,1779988725.061026,200.
1779988725.161026,188.7313214115,1779988725.161026,200.
1779988725.2610261,189.3280544306,1779988725.2610261,200.
1779988725.361026,230.0085707133,1779988725.361026,200.
1779988725.461026,197.4133682596,1779988725.461026,200.
1779988725.561026,203.330845821,1779988725.561026,200.
1779988725.661026,184.4468301465,1779988725.661026,200.
1779988725.7610261,202.2766248453,1779988725.7610261,200.
1779988725.861026,187.5048080742,1779988725.861026,200.
1779988725.961026,198.3764730041,1779988725.961026,200.
1779988726.061026,182.3426526484,1779988726.061026,200.
1779988726.161026,165.6763964413,1779988726.161026,60.
1779988726.2610261,184.3369978962,1779988726.2610261,60.
1779988726.361026,133.6028854263,1779988726.361026,60.
1779988726.461026,145.7134264802,1779988726.461026,200.
1779988726.561026,97.0334907512,1779988726.561026,200.
1779988726.661026,192.6229453620,1779988726.661026,200.
1779988726.7610261,129.4009980659,1779988726.7610261,200.
1779988726.861026,118.6651243546,1779988726.861026,200.
1779988726.961026,189.1153022675,1779988726.961026,200.
1779988727.061026,148.8334978431,1779988727.061026,200.
1779988727.161026,187.1681812615,1779988727.161026,200.
1779988727.2610261,169.9473549102,1779988727.2610261,200.
1779988727.361026,156.9028509504,1779988727.361026,200.
1779988727.461026,161.1730496118,1779988727.461026,200.
1779988727.561026,177.515547899,1779988727.561026,200.
1779988727.661026,157.5104930541,1779988727.661026,200.
1779988727.7610261,196.0945379614,1779988727.7610261,200.
1779988727.861026,226.3378031816,1779988727.861026,200.
1779988727.961026,197.172337361,1779988727.961026,200.
1779988728.061026,172.6533616841,1779988728.061026,200.
1779988728.161026,176.7977871109,1779988728.161026,200.
1779988728.2610261,202.8505374041,1779988728.2610261,200.
1779988728.361026,197.2936186948,1779988728.361026,200.
1779988728.461026,212.3508546731,1779988728.461026,200.
1779988728.561026,194.1176788615,1779988728.561026,200.
1779988728.661026,187.5445657664,1779988728.661026,200.
1779988728.7610261,204.1551977403,1779988728.7610261,200.
1779988728.861026,192.2547868268,1779988728.861026,200.
1779988728.961026,167.6961270781,1779988728.961026,60.
1779988729.061026,190.1327062555,1779988729.061026,60.
1779988729.161026,134.8532047863,1779988729.161026,60.
1779988729.2610261,122.4844932247,1779988729.2610261,60.
1779988729.361026,93.0464440488,1779988729.361026,60.
1779988729.461026,63.8266790500,1779988729.461026,200.
1779988729.561026,105.7225602032,1779988729.561026,200.
1779988729.661026,92.8567350681,1779988729.661026,200.
1779988729.7610261,142.4561115676,1779988729.7610261,200.
1779988729.861026,140.5827967758,1779988729.861026,200.
1779988729.961026,148.3028805110,1779988729.961026,200.
1779988730.061026,171.7234811080,1779988730.061026,200.
1779988730.161026,152.5151175506,1779988730.161026,200.
1779988730.2610261,151.6489354983,1779988730.2610261,200.
1779988730.361026,167.0574406593,1779988730.361026,200.
1779988730.461026,177.8302789884,1779988730.461026,200.
1779988730.561026,182.9440180807,1779988730.561026,200.
1779988730.661026,172.4174834636,1779988730.661026,200.
1779988730.7610261,181.9231425444,1779988730.7610261,200.
1779988730.861026,174.4806761746,1779988730.861026,200.
1779988730.961026,178.1318533464,1779988730.961026,200.
1779988731.061026,178.1456770110,1779988731.061026,200.
1779988731.161026,204.4533600595,1779988731.161026,200.
1779988731.2610261,203.5635633322,1779988731.2610261,200.
1779988731.361026,184.59331735,1779988731.361026,200.
1779988731.461026,223.4727165184,1779988731.461026,200.
1779988731.561026,193.9262276085,1779988731.561026,200.
1779988731.661026,177.2129908853,1779988731.661026,200.
1779988731.7610261,190.140233617,1779988731.7610261,200.
1779988731.861026,193.0600797384,1779988731.861026,200.
1779988731.961026,186.4813020598,1779988731.961026,60.
1779988732.061026,145.0811601859,1779988732.061026,60.
1779988732.161026,129.4226643916,1779988732.161026,60.
1779988732.2610261,121.9711425082,1779988732.2610261,60.
1779988732.361026,106.1639890897,1779988732.361026,200.
1779988732.461026,101.3114043899,1779988732.461026,200.
1779988732.561026,137.9153636801,1779988732.561026,200.
1779988732.661026,149.576733889,1779988732.661026,200.
1779988732.7610261,123.8140146953,1779988732.7610261,200.
1779988732.861026,162.1404957521,1779988732.861026,200.
1779988732.961026,190.1156237725,1779988732.961026,200.
1779988733.061026,177.8015768921,1779988733.061026,200.
1779988733.161026,194.2558214359,1779988733.161026,200.
1779988733.2610261,183.4979663371,1779988733.2610261,200.
1779988733.361026,178.6619285466,1779988733.361026,200.
1779988733.461026,200.0756801424,1779988733.461026,200.
1779988733.561026,174.9909213204,1779988733.561026,200.
1779988733.661026,157.8002326096,1779988733.661026,200.
1779988733.7610261,191.4746944745,1779988733.7610261,200.
1779988733.861026,187.8840483894,1779988733.861026,200.
1779988733.961026,197.893350651,1779988733.961026,200.
1779988734.061026,178.6489024659,1779988734.061026,200.
1779988734.161026,228.8323208768,1779988734.161026,200.
1779988734.2610261,208.1872612487,1779988734.2610261,200.
1779988734.361026,184.2507319478,1779988734.361026,200.
1779988734.461026,195.3804178357,1779988734.461026,200.
1779988734.561026,193.9274882301,1779988734.561026,200.
1779988734.661026,224.8105819718,1779988734.661026,200.
1779988734.7610261,186.5692211319,1779988734.7610261,200.
1779988734.861026,178.2889374069,1779988734.861026,60.
1779988734.961026,177.7295484749,1779988734.961026,60.
1779988735.061026,116.7235515666,1779988735.061026,60.
1779988735.161026,128.0285184325,1779988735.161026,60.
1779988735.2610261,71.7460379558,1779988735.2610261,60.
1779988735.361026,134.1218986855,1779988735.361026,200.
1779988735.461026,95.0187032279,1779988735.461026,200.
1779988735.561026,114.3577625873,1779988735.561026,200.
1779988735.661026,145.6077455150,1779988735.661026,200.
1779988735.7610261,143.5082180669,1779988735.7610261,200.
1779988735.861026,167.3175531697,1779988735.861026,200.
1779988735.961026,152.004414838,1779988735.961026,200.
1779988736.061026,174.6091628471,1779988736.061026,200.
1779988736.161026,172.7559664869,1779988736.161026,200.
1779988736.2610261,180.0148784749,1779988736.2610261,200.
1779988736.361026,152.2891547929,1779988736.361026,200.
1779988736.461026,189.415961756,1779988736.461026,200.
1779988736.561026,183.4142965320,1779988736.561026,200.
1779988736.661026,169.9505728855,1779988736.661026,200.
1779988736.7610261,223.8952422564,1779988736.7610261,200.
1779988736.861026,251.2035436117,1779988736.861026,200.
1779988736.961026,222.0624952657,1779988736.961026,200.
1779988737.061026,214.7650864247,1779988737.061026,200.
1779988737.161026,187.7156495117,1779988737.161026,200.
1779988737.2610261,223.1131021547,1779988737.2610261,200.
1779988737.361026,212.0557254250,1779988737.361026,200.
1779988737.461026,179.6059115608,1779988737.461026,200.
1779988737.561026,172.7971962096,1779988737.561026,200.
1779988737.661026,194.4662735225,1779988737.661026,200.
1779988737.7610261,188.9003895281,1779988737.7610261,64.6838411265
1779988737.861026,157.8716377103,1779988737.861026,60.
1779988737.961026,145.4389234298,1779988737.961026,60.
1779988738.061026,113.903936128,1779988738.061026,60.
1779988738.161026,94.1209150528,1779988738.161026,60.
1779988738.2610261,64.1514471793,1779988738.2610261,200.
1779988738.361026,138.9796842020,1779988738.361026,200.
1779988738.461026,115.7702128512,1779988738.461026,200.
1779988738.561026,146.7613724978,1779988738.561026,200.
1779988738.661026,152.6190955069,1779988738.661026,200.
1779988738.7610261,152.1901207566,1779988738.7610261,200.
1779988738.861026,137.584522951,1779988738.861026,200.
1779988738.961026,176.1779101791,1779988738.961026,200.
1779988739.061026,184.9280337055,1779988739.061026,200.
1779988739.161026,219.9114311613,1779988739.161026,200.
1779988739.2610261,191.711049066,1779988739.2610261,200.
1779988739.361026,184.918235514,1779988739.361026,200.
1779988739.461026,187.3158400221,1779988739.461026,200.
1779988739.561026,184.3847959232,1779988739.561026,200.
1779988739.661026,175.3727489053,1779988739.661026,200.
1779988739.7610261,194.8971208455,1779988739.7610261,200.
1779988739.861026,192.0453658447,1779988739.861026,200.
1779988739.961026,223.8654801655,1779988739.961026,200.
1779988740.061026,194.6308658583,1779988740.061026,200.
1779988740.161026,188.3805352632,1779988740.161026,200.
1779988740.2610261,231.6287756393,1779988740.2610261,200.
1779988740.361026,217.8530965944,1779988740.361026,200.
1779988740.461026,183.095900725,1779988740.461026,200.
1779988740.561026,171.2619289939,1779988740.561026,200.
1779988740.661026,181.7280283221,1779988740.661026,200.
1779988740.7610261,175.6885424535,1779988740.7610261,63.4601805475
1779988740.861026,149.5910132163,1779988740.861026,60.
1779988740.961026,144.6937927465,1779988740.961026,60.
1779988741.061026,98.2700718692,1779988741.061026,60.
1779988741.161026,89.771174047,1779988741.161026,200.
1779988741.2610261,112.5788936310,1779988741.2610261,200.
1779988741.361026,140.8247661615,1779988741.361026,200.
1779988741.461026,143.5593685783,1779988741.461026,200.
1779988741.561026,146.4128131481,1779988741.561026,200.
1779988741.661026,178.8987996828,1779988741.661026,200.
1779988741.7610261,171.9134209784,1779988741.7610261,200.
1779988741.861026,153.0327811921,1779988741.861026,200.
1779988741.961026,174.601888026,1779988741.961026,200.
1779988742.061026,172.6245513494,1779988742.061026,200.
1779988742.161026,184.848819267,1779988742.161026,200.
1779988742.2610261,178.2091213495,1779988742.2610261,200.
1779988742.361026,179.6754013921,1779988742.361026,200.
1779988742.461026,170.7349905376,1779988742.461026,200.
1779988742.561026,214.6410400840,1779988742.561026,200.
1779988742.661026,193.7314090177,1779988742.661026,200.
1779988742.7610261,181.9637212734,1779988742.7610261,200.
1779988742.861026,208.0370373597,1779988742.861026,200.
1779988742.961026,200.5567052219,1779988742.961026,200.
1779988743.061026,230.0505778724,1779988743.061026,200.
1779988743.161026,183.6332468531,1779988743.161026,200.
1779988743.2610261,201.6943799284,1779988743.2610261,200.
1779988743.361026,182.5276995089,1779988743.361026,200.
1779988743.461026,199.0311929931,1779988743.461026,200.
1779988743.561026,186.8148709203,1779988743.561026,200.
1779988743.661026,152.1579913868,1779988743.661026,60.
1779988743.7610261,160.4429624401,1779988743.7610261,60.
1779988743.861026,105.2079485627,1779988743.861026,60.
1779988743.961026,122.605827591,1779988743.961026,60.
1779988744.061026,66.4184308817,1779988744.061026,200.
1779988744.161026,86.1496927361,1779988744.161026,200.
1779988744.2610261,113.5991344521,1779988744.2610261,200.
1779988744.361026,142.709492124,1779988744.361026,200.
1779988744.461026,123.2624859245,1779988744.461026,200.
1779988744.561026,143.1262786997,1779988744.561026,200.
1779988744.661026,176.8429999247,1779988744.661026,200.
1779988744.7610261,168.1001171756,1779988744.7610261,200.
1779988744.861026,161.7396230204,1779988744.861026,200.
1779988744.961026,173.7212262537,1779988744.961026,200.
1779988745.061026,180.8465624265,1779988745.061026,200.
1779988745.161026,173.0761022089,1779988745.161026,200.
1779988745.2610261,190.2391614560,1779988745.2610261,200.
1779988745.361026,192.9371963275,1779988745.361026,200.
1779988745.461026,193.7896991452,1779988745.461026,200.
1779988745.561026,193.9996038786,1779988745.561026,200.
1779988745.661026,224.9973344432,1779988745.661026,200.
1779988745.7610261,184.3328785904,1779988745.7610261,200.
1779988745.861026,197.5710252875,1779988745.861026,200.
1779988745.961026,204.5204287304,1779988745.961026,200.
1779988746.061026,210.2548606535,1779988746.061026,200.
1779988746.161026,188.8027781657,1779988746.161026,200.
1779988746.2610261,175.9328364866,1779988746.2610261,200.
1779988746.361026,207.0065847461,1779988746.361026,200.
1779988746.461026,194.0014957719,1779988746.461026,200.
1779988746.561026,148.4702427739,1779988746.561026,60.
1779988746.661026,207.4769914266,1779988746.661026,60.
1779988746.7610261,130.2687178145,1779988746.7610261,60.
1779988746.861026,123.2960076746,1779988746.861026,60.
1779988746.961026,105.1474827103,1779988746.961026,60.
1779988747.061026,102.378038589,1779988747.061026,200.
1779988747.161026,116.4490461883,1779988747.161026,200.
1779988747.2610261,118.0766567113,1779988747.2610261,200.
1779988747.361026,138.8015091849,1779988747.361026,200.
1779988747.461026,169.9951341129,1779988747.461026,200.
1779988747.561026,149.5835959175,1779988747.561026,200.
1779988747.661026,176.9078963746,1779988747.661026,200.
1779988747.7610261,152.3075736786,1779988747.7610261,200.
1779988747.861026,177.0457520103,1779988747.861026,200.
1779988747.961026,213.7254814502,1779988747.961026,200.
1779988748.061026,205.0331889379,1779988748.061026,200.
1779988748.161026,183.5703544439,1779988748.161026,200.
1779988748.2610261,197.5841384769,1779988748.2610261,200.
1779988748.361026,215.6593052721,1779988748.361026,200.
1779988748.461026,195.1787810425,1779988748.461026,200.
1779988748.561026,186.3520460068,1779988748.561026,200.
1779988748.661026,182.4240029296,1779988748.661026,200.
1779988748.7610261,227.4696115035,1779988748.7610261,200.
1779988748.861026,212.3897149360,1779988748.861026,200.
1779988748.961026,249.8822122156,1779988748.961026,200.
1779988749.061026,215.2944620505,1779988749.061026,200.
1779988749.161026,233.4222474015,1779988749.161026,200.
1779988749.2610261,199.6268171893,1779988749.2610261,200.
1779988749.361026,206.4192638976,1779988749.361026,200.
1779988749.461026,162.9157619799,1779988749.461026,200.
1779988749.561026,173.4276759439,1779988749.561026,73.8476409823
1779988749.661026,152.3746137876,1779988749.661026,60.
1779988749.7610261,142.768539246,1779988749.7610261,60.
1779988749.861026,102.0520044783,1779988749.861026,60.
1779988749.961026,113.0299069959,1779988749.961026,60.
1779988750.061026,94.5949381094,1779988750.061026,60.
1779988750.161026,83.0236613530,1779988750.161026,200.
1779988750.2610261,90.0034303509,1779988750.2610261,200.
1779988750.361026,115.9999718583,1779988750.361026,200.
1779988750.461026,117.3355677075,1779988750.461026,200.
1779988750.561026,142.8517023705,1779988750.561026,200.
1779988750.661026,176.2292437447,1779988750.661026,200.
1779988750.7610261,148.183413023,1779988750.7610261,200.
1779988750.861026,174.334559923,1779988750.861026,200.
1779988750.961026,197.1855654023,1779988750.961026,200.
1779988751.061026,187.0645137532,1779988751.061026,200.
1779988751.161026,202.3651773038,1779988751.161026,200.
1779988751.2610261,202.4796848162,1779988751.2610261,200.
1779988751.361026,210.3169433876,1779988751.361026,200.
1779988751.461026,231.4673349064,1779988751.461026,200.
1779988751.561026,217.6859939791,1779988751.561026,200.
1779988751.661026,224.0918774861,1779988751.661026,200.
1779988751.7610261,239.1051930790,1779988751.7610261,200.
1779988751.861026,254.8472869040,1779988751.861026,200.
1779988751.961026,216.8985515273,1779988751.961026,200.
1779988752.061026,210.0343101923,1779988752.061026,200.
1779988752.161026,184.3698612565,1779988752.161026,200.
1779988752.2610261,227.4885891543,1779988752.2610261,200.
1779988752.361026,226.1449086523,1779988752.361026,200.
1779988752.461026,223.1294191091,1779988752.461026,200.
1779988752.561026,168.4144211878,1779988752.561026,200.
1779988752.661026,164.6583920829,1779988752.661026,85.8803661882
1779988752.7610261,155.2508568943,1779988752.7610261,60.
1779988752.861026,105.2464666201,1779988752.861026,60.
1779988752.961026,94.8702400347,1779988752.961026,60.
1779988753.061026,93.6463767497,1779988753.061026,60.
1779988753.161026,140.6055943802,1779988753.161026,60.
1779988753.2610261,94.0716121387,1779988753.2610261,60.
1779988753.361026,90.5172851574,1779988753.361026,200.
1779988753.461026,136.6398757822,1779988753.461026,200.
1779988753.561026,99.1600891848,1779988753.561026,200.
1779988753.661026,117.8932173896,1779988753.661026,200.
1779988753.7610261,165.8896651280,1779988753.7610261,200.
1779988753.861026,153.1877277015,1779988753.861026,200.
1779988753.961026,171.9169034340,1779988753.961026,200.
1779988754.061026,174.7221449277,1779988754.061026,200.
1779988754.161026,242.5387384043,1779988754.161026,200.
1779988754.2610261,176.8320251028,1779988754.2610261,200.
1779988754.361026,188.8392800429,1779988754.361026,200.
1779988754.461026,207.8583039130,1779988754.461026,200.
1779988754.561026,180.0192865284,1779988754.561026,200.
1779988754.661026,203.3915855927,1779988754.661026,200.
1779988754.7610261,200.8416835924,1779988754.7610261,200.
1779988754.861026,181.9085366655,1779988754.861026,200.
1779988754.961026,182.4125733264,1779988754.961026,200.
1779988755.061026,200.5590697217,1779988755.061026,200.
1779988755.161026,204.0943888264,1779988755.161026,200.
1779988755.2610261,181.7222577201,1779988755.2610261,200.
1779988755.361026,205.2436318877,1779988755.361026,200.
1779988755.461026,182.0413995449,1779988755.461026,200.
1779988755.561026,196.5587825117,1779988755.561026,200.
1779988755.661026,168.093819318,1779988755.661026,200.
1779988755.7610261,187.4301882209,1779988755.7610261,200.
1779988755.861026,268.9812074766,1779988755.861026,200.
1779988755.961026,162.3864872158,1779988755.961026,82.2093743844
1779988756.061026,147.8740975892,1779988756.061026,60.
1779988756.161026,149.1237893276,1779988756.161026,60.
1779988756.2610261,93.9709645055,1779988756.2610261,60.
1779988756.361026,68.26796549,1779988756.361026,60.
1779988756.461026,125.4006849663,1779988756.461026,200.
1779988756.561026,99.9806564025,1779988756.561026,200.
1779988756.661026,116.0448917582,1779988756.661026,200.
1779988756.7610261,139.9115979276,1779988756.7610261,200.
1779988756.861026,145.5048533683,1779988756.861026,200.
1779988756.961026,172.380083904,1779988756.961026,200.
1779988757.061026,197.6642612154,1779988757.061026,200.
1779988757.161026,234.3298981162,1779988757.161026,200.
1779988757.2610261,181.8229912177,1779988757.2610261,200.
1779988757.361026,182.7528254405,1779988757.361026,200.
1779988757.461026,186.5295184665,1779988757.461026,200.
1779988757.561026,194.1129980248,1779988757.561026,200.
1779988757.661026,187.6234972828,1779988757.661026,200.
1779988757.7610261,219.6775659846,1779988757.7610261,200.
1779988757.861026,195.9596002126,1779988757.861026,200.
1779988757.961026,204.8283207183,1779988757.961026,200.
1779988758.061026,199.1324505704,1779988758.061026,200.
1779988758.161026,213.0974093395,1779988758.161026,200.
1779988758.2610261,203.7025254897,1779988758.2610261,200.
1779988758.361026,206.9737409447,1779988758.361026,200.
1779988758.461026,203.2614430956,1779988758.461026,200.
1779988758.561026,182.6133208596,1779988758.561026,200.
1779988758.661026,158.4816200011,1779988758.661026,200.
1779988758.7610261,171.2360946225,1779988758.7610261,200.
1779988758.861026,183.0797183629,1779988758.861026,106.1059482691
1779988758.961026,140.9400013149,1779988758.961026,60.
1779988759.061026,154.8960034342,1779988759.061026,60.
1779988759.161026,124.4767322648,1779988759.161026,60.
1779988759.2610261,112.5217950801,1779988759.2610261,60.
1779988759.361026,68.2893673112,1779988759.361026,200.
1779988759.461026,138.5648057811,1779988759.461026,200.
1779988759.561026,120.5980327885,1779988759.561026,200.
1779988759.661026,145.9573717714,1779988759.661026,200.
1779988759.7610261,202.0192741468,1779988759.7610261,200.
1779988759.861026,153.725443214,1779988759.861026,200.
1779988759.961026,174.1081830878,1779988759.961026,200.
1779988760.061026,209.3796149279,1779988760.061026,200.
1779988760.161026,184.1477075576,1779988760.161026,200.
1779988760.2610261,197.4951865594,1779988760.2610261,200.
1779988760.361026,207.4515644724,1779988760.361026,200.
1779988760.461026,231.2799563395,1779988760.461026,200.
1779988760.561026,237.4005534321,1779988760.561026,200.
1779988760.661026,252.2421000429,1779988760.661026,200.
1779988760.7610261,239.2941786625,1779988760.7610261,200.
1779988760.861026,215.5486062462,1779988760.861026,200.
1779988760.961026,237.1325794672,1779988760.961026,200.
1779988761.061026,190.1429835069,1779988761.061026,200.
1779988761.161026,212.5575251133,1779988761.161026,200.
1779988761.2610261,163.7342305562,1779988761.2610261,200.
1779988761.361026,199.8854441064,1779988761.361026,200.
1779988761.461026,177.4493786693,1779988761.461026,200.
1779988761.561026,203.5396864487,1779988761.561026,200.
1779988761.661026,180.5556040767,1779988761.661026,200.
1779988761.7610261,185.8766179809,1779988761.7610261,200.
1779988761.861026,166.3416854008,1779988761.861026,200.
1779988761.961026,163.114958336,1779988761.961026,85.4431867374
1779988762.061026,179.1117537951,1779988762.061026,60.
1779988762.161026,98.0981346689,1779988762.161026,60.
1779988762.2610261,121.5854319736,1779988762.2610261,60.
1779988762.361026,75.0207464080,1779988762.361026,60.
1779988762.461026,85.1383802895,1779988762.461026,200.
1779988762.561026,132.1555918032,1779988762.561026,200.
1779988762.661026,127.2596988077,1779988762.661026,200.
1779988762.7610261,168.7794640327,1779988762.7610261,200.
1779988762.861026,172.8432023668,1779988762.861026,200.
1779988762.961026,148.3429327344,1779988762.961026,200.
1779988763.061026,175.4535257176,1779988763.061026,200.
1779988763.161026,172.0561920349,1779988763.161026,200.
1779988763.2610261,162.0130932029,1779988763.2610261,200.
1779988763.361026,177.1667627092,1779988763.361026,200.
1779988763.461026,200.0113481289,1779988763.461026,200.
1779988763.561026,223.5061793440,1779988763.561026,200.
1779988763.661026,228.5576867582,1779988763.661026,200.
1779988763.7610261,200.8339376797,1779988763.7610261,200.
1779988763.861026,194.1141814179,1779988763.861026,200.
1779988763.961026,193.0273243082,1779988763.961026,200.
1779988764.061026,202.6378161595,1779988764.061026,200.
1779988764.161026,233.8334680075,1779988764.161026,200.
1779988764.2610261,195.6562923799,1779988764.2610261,200.
1779988764.361026,193.5500332685,1779988764.361026,200.
1779988764.461026,182.7362112799,1779988764.461026,200.
1779988764.561026,172.1481335350,1779988764.561026,200.
1779988764.661026,176.9744400668,1779988764.661026,200.
1779988764.7610261,176.9744400668,1779988764.7610261,0.
1779988764.861026,176.9744400668,1779988764.861026,0.
1779988764.961026,176.9744400668,1779988764.961026,0.
1779988765.061026,176.9744400668,1779988765.061026,0.
1779988765.161026,176.9744400668,1779988765.161026,0.
1779988765.2610261,176.9744400668,1779988765.2610261,0.
1779988765.361026,176.9744400668,1779988765.361026,0.
1779988765.461026,176.9744400668,1779988765.461026,0.
1779988765.561026,176.9744400668,1779988765.561026,0.
1779988765.661026,176.9744400668,1779988765.661026,0.
1779988765.7610261,176.9744400668,1779988765.7610261,0.
1779988765.861026,176.9744400668,1779988765.861026,0.
1779988765.961026,176.9744400668,1779988765.961026,0.
1779988766.061026,176.9744400668,1779988766.061026,0.
1779988766.161026,176.9744400668,1779988766.161026,0.
1779988766.2610261,176.9744400668,1779988766.2610261,0.
1779988766.361026,176.9744400668,1779988766.361026,0.
1779988766.461026,176.9744400668,1779988766.461026,0.
1779988766.561026,176.9744400668,1779988766.561026,0.
1779988766.661026,176.9744400668,1779988766.661026,0.
1779988766.7610261,176.9744400668,1779988766.7610261,0.
1779988766.861026,176.9744400668,1779988766.861026,0.
1779988766.961026,176.9744400668,1779988766.961026,0.
1779988767.061026,176.9744400668,1779988767.061026,0.
1779988767.161026,176.9744400668,1779988767.161026,0.
1779988767.2610261,176.9744400668,1779988767.2610261,0.
1779988767.361026,176.9744400668,1779988767.361026,0.
1779988767.461026,176.9744400668,1779988767.461026,0.
1779988767.561026,176.9744400668,1779988767.561026,0.
1779988767.661026,176.9744400668,1779988767.661026,0.
1779988767.7610261,176.9744400668,1779988767.7610261,0.
1779988767.861026,176.9744400668,1779988767.861026,0.
1779988767.961026,176.9744400668,1779988767.961026,0.
1779988768.061026,176.9744400668,1779988768.061026,0.
1779988768.161026,176.9744400668,1779988768.161026,0.
1779988768.2610261,176.9744400668,1779988768.2610261,0.
1779988768.361026,176.9744400668,1779988768.361026,0.
1779988768.461026,176.9744400668,1779988768.461026,0.
1779988768.561026,176.9744400668,1779988768.561026,0.
1779988768.661026,176.9744400668,1779988768.661026,0.
1779988768.7610261,176.9744400668,1779988768.7610261,0.
1779988768.861026,176.9744400668,1779988768.861026,0.
1779988768.961026,176.9744400668,1779988768.961026,0.
1779988769.061026,176.9744400668,1779988769.061026,0.
1779988769.161026,176.9744400668,1779988769.161026,0.
1779988769.2610261,176.9744400668,1779988769.2610261,0.
1779988769.361026,176.9744400668,1779988769.361026,0.
1779988769.461026,176.9744400668,1779988769.461026,0.
1779988769.561026,176.9744400668,1779988769.561026,0.
1779988769.661026,176.9744400668,1779988769.661026,0.
1779988769.7610261,176.9744400668,1779988769.7610261,0.
1779988769.861026,176.9744400668,1779988769.861026,0.
1779988769.961026,176.9744400668,1779988769.961026,0.
1779988770.061026,176.9744400668,1779988770.061026,0.
1779988770.161026,176.9744400668,1779988770.161026,0.
1779988770.2610261,176.9744400668,1779988770.2610261,0.
1779988770.361026,176.9744400668,1779988770.361026,0.
1779988770.461026,176.9744400668,1779988770.461026,0.
1779988770.561026,176.9744400668,1779988770.561026,0.
1779988770.661026,176.9744400668,1779988770.661026,0.
1779988770.7610261,176.9744400668,1779988770.7610261,0.
1779988770.861026,176.9744400668,1779988770.861026,0.
1779988770.961026,176.9744400668,1779988770.961026,0.
1779988771.061026,176.9744400668,1779988771.061026,0.
1779988771.161026,176.9744400668,1779988771.161026,0.
1779988771.2610261,176.9744400668,1779988771.2610261,0.
1779988771.361026,176.9744400668,1779988771.361026,0.
1779988771.461026,176.9744400668,1779988771.461026,0.
1779988771.561026,176.9744400668,1779988771.561026,0.
1779988771.661026,176.9744400668,1779988771.661026,0.
1779988771.7610261,176.9744400668,1779988771.7610261,0.
1779988771.861026,176.9744400668,1779988771.861026,0.
1779988771.961026,176.9744400668,1779988771.961026,0.
1779988772.061026,176.9744400668,1779988772.061026,0.
1779988772.161026,176.9744400668,1779988772.161026,0.
1779988772.2610261,176.9744400668,1779988772.2610261,0.
1779988772.361026,176.9744400668,1779988772.361026,0.
1779988772.461026,176.9744400668,1779988772.461026,0.
1779988772.561026,176.9744400668,1779988772.561026,0.
1779988772.661026,176.9744400668,1779988772.661026,0.
1779988772.7610261,176.9744400668,1779988772.7610261,0.
1779988772.861026,176.9744400668,1779988772.861026,0.
1779988772.961026,176.9744400668,1779988772.961026,0.
1779988773.061026,176.9744400668,1779988773.061026,0.
1779988773.161026,176.9744400668,1779988773.161026,0.
1779988773.2610261,176.9744400668,1779988773.2610261,0.
1779988773.361026,176.9744400668,1779988773.361026,0.
1779988773.461026,176.9744400668,1779988773.461026,0.
1779988773.561026,176.9744400668,1779988773.561026,0.
1779988773.661026,176.9744400668,1779988773.661026,0.
1779988773.7610261,176.9744400668,1779988773.7610261,0.
1779988773.861026,176.9744400668,1779988773.861026,0.
1779988773.961026,176.9744400668,1779988773.961026,0.
1779988774.061026,176.9744400668,1779988774.061026,0.
1779988774.161026,176.9744400668,1779988774.161026,0.
1779988774.2610261,176.9744400668,1779988774.2610261,0.
1779988774.361026,176.9744400668,1779988774.361026,0.
1779988774.461026,176.9744400668,1779988774.461026,0.
1779988774.561026,176.9744400668,1779988774.561026,0.
1779988774.661026,176.9744400668,1779988774.661026,0.
1779988774.7610261,176.9744400668,1779988774.7610261,0.
1779988774.861026,176.9744400668,1779988774.861026,0.
1779988774.961026,176.9744400668,1779988774.961026,0.
1779988775.061026,176.9744400668,1779988775.061026,0.
1779988775.161026,176.9744400668,1779988775.161026,0.
1779988775.2610261,176.9744400668,1779988775.2610261,0.
1779988775.361026,176.9744400668,1779988775.361026,0.
1779988775.461026,176.9744400668,1779988775.461026,0.
1779988775.561026,176.9744400668,1779988775.561026,0.
1779988775.661026,176.9744400668,1779988775.661026,0.
1779988775.7610261,176.9744400668,1779988775.7610261,0.
1779988775.861026,176.9744400668,1779988775.861026,0.
1779988775.961026,176.9744400668,1779988775.961026,0.
1779988776.061026,176.9744400668,1779988776.061026,0.
1779988776.161026,176.9744400668,1779988776.161026,0.
1779988776.2610261,176.9744400668,1779988776.2610261,0.
1779988776.361026,176.9744400668,1779988776.361026,0.
1779988776.461026,176.9744400668,1779988776.461026,0.
1779988776.561026,176.9744400668,1779988776.561026,0.
1779988776.661026,176.9744400668,1779988776.661026,0.
1779988776.7610261,176.9744400668,1779988776.7610261,0.
1779988776.861026,176.9744400668,1779988776.861026,0.
1779988776.961026,176.9744400668,1779988776.961026,0.
1779988777.061026,176.9744400668,1779988777.061026,0.
1779988777.161026,176.9744400668,1779988777.161026,0.
1779988777.2610261,176.9744400668,1779988777.2610261,0.
1779988777.361026,176.9744400668,1779988777.361026,0.
1779988777.461026,176.9744400668,1779988777.461026,0.
1779988777.561026,176.9744400668,1779988777.561026,0.
1779988777.661026,176.9744400668,1779988777.661026,0.
1779988777.7610261,176.9744400668,1779988777.7610261,0.
1779988777.861026,176.9744400668,1779988777.861026,0.
1779988777.961026,176.9744400668,1779988777.961026,0.
1779988778.061026,176.9744400668,1779988778.061026,0.
1779988778.161026,176.9744400668,1779988778.161026,0.
1779988778.2610261,176.9744400668,1779988778.2610261,0.
1779988778.361026,176.9744400668,1779988778.361026,0.
1779988778.461026,176.9744400668,1779988778.461026,0.
1779988778.561026,176.9744400668,1779988778.561026,0.
1779988778.661026,176.9744400668,1779988778.661026,0.
1779988778.7610261,176.9744400668,1779988778.7610261,0.
1779988778.861026,176.9744400668,1779988778.861026,0.
1779988778.961026,176.9744400668,1779988778.961026,0.
1779988779.061026,176.9744400668,1779988779.061026,0.
1779988779.161026,176.9744400668,1779988779.161026,0.
1779988779.2610261,176.9744400668,1779988779.2610261,0.
1779988779.361026,176.9744400668,1779988779.361026,0.
1779988779.461026,176.9744400668,1779988779.461026,0.
1779988779.561026,176.9744400668,1779988779.561026,0.
1779988779.661026,176.9744400668,1779988779.661026,0.
1779988779.7610261,176.9744400668,1779988779.7610261,0.
1779988779.861026,176.9744400668,1779988779.861026,0.
1779988779.961026,176.9744400668,1779988779.961026,0.
1779988780.061026,176.9744400668,1779988780.061026,0.
1779988780.161026,176.9744400668,1779988780.161026,0.
1779988780.2610261,176.9744400668,1779988780.2610261,0.
1779988780.361026,176.9744400668,1779988780.361026,0.
1779988780.461026,176.9744400668,1779988780.461026,0.
1779988780.561026,176.9744400668,1779988780.561026,0.
1779988780.661026,176.9744400668,1779988780.661026,0.
1779988780.7610261,176.9744400668,1779988780.7610261,0.
1779988780.861026,176.9744400668,1779988780.861026,0.
1779988780.961026,176.9744400668,1779988780.961026,0.
1779988781.061026,176.9744400668,1779988781.061026,0.
1779988781.161026,176.9744400668,1779988781.161026,0.
1779988781.2610261,176.9744400668,1779988781.2610261,0.
1779988781.361026,176.9744400668,1779988781.361026,0.
1779988781.461026,176.9744400668,1779988781.461026,0.
1779988781.561026,176.9744400668,1779988781.561026,0.
1779988781.661026,176.9744400668,1779988781.661026,0.
1779988781.7610261,176.9744400668,1779988781.7610261,0.
1779988781.861026,176.9744400668,1779988781.861026,0.
1779988781.961026,176.9744400668,1779988781.961026,0.
1779988782.061026,176.9744400668,1779988782.061026,0.
1779988782.161026,176.9744400668,1779988782.161026,0.
1779988782.2610261,176.9744400668,1779988782.2610261,0.
1779988782.361026,176.9744400668,1779988782.361026,0.
1779988782.461026,176.9744400668,1779988782.461026,0.
1779988782.561026,176.9744400668,1779988782.561026,0.
1779988782.661026,176.9744400668,1779988782.661026,0.
1779988782.7610261,176.9744400668,1779988782.7610261,0.
1779988782.861026,176.9744400668,1779988782.861026,0.
1779988782.961026,176.9744400668,1779988782.961026,0.
1779988783.061026,176.9744400668,1779988783.061026,0.
1779988783.161026,176.9744400668,1779988783.161026,0.
1779988783.2610261,176.9744400668,1779988783.2610261,0.
1779988783.361026,176.9744400668,1779988783.361026,0.
1779988783.461026,176.9744400668,1779988783.461026,0.
1779988783.561026,176.9744400668,1779988783.561026,0.
1779988783.661026,176.9744400668,1779988783.661026,0.
1779988783.7610261,176.9744400668,1779988783.7610261,0.
1779988783.861026,176.9744400668,1779988783.861026,0.
1779988783.961026,176.9744400668,1779988783.961026,0.
1779988784.061026,176.9744400668,1779988784.061026,0.
1779988784.161026,176.9744400668,1779988784.161026,0.
1779988784.2610261,176.9744400668,1779988784.2610261,0.
1779988784.361026,176.9744400668,1779988784.361026,0.
1779988784.461026,176.9744400668,1779988784.461026,0.
1779988784.561026,176.9744400668,1779988784.561026,0.
1779988784.661026,176.9744400668,1779988784.661026,0.
1779988784.7610261,176.9744400668,1779988784.7610261,0.
1779988784.861026,176.9744400668,1779988784.861026,0.
1779988784.961026,176.9744400668,1779988784.961026,0.
1779988785.061026,176.9744400668,1779988785.061026,0.
1779988785.161026,176.9744400668,1779988785.161026,0.
1779988785.2610261,176.9744400668,1779988785.2610261,0.
1779988785.361026,176.9744400668,1779988785.361026,0.
1779988785.461026,176.9744400668,1779988785.461026,0.
1779988785.561026,176.9744400668,1779988785.561026,0.
1779988785.661026,176.9744400668,1779988785.661026,0.
1779988785.7610261,176.9744400668,1779988785.7610261,0.
1779988785.861026,176.9744400668,1779988785.861026,0.
1779988785.961026,176.9744400668,1779988785.961026,0.
1779988786.061026,176.9744400668,1779988786.061026,0.
1779988786.161026,176.9744400668,1779988786.161026,0.
1779988786.2610261,176.9744400668,1779988786.2610261,0.
1779988786.361026,176.9744400668,1779988786.361026,0.
1779988786.461026,176.9744400668,1779988786.461026,0.
1779988786.561026,176.9744400668,1779988786.561026,0.
1779988786.661026,176.9744400668,1779988786.661026,0.
1779988786.7610261,176.9744400668,1779988786.7610261,0.
1779988786.861026,176.9744400668,1779988786.861026,0.
1779988786.961026,176.9744400668,1779988786.961026,0.
1779988787.061026,176.9744400668,1779988787.061026,0.
1779988787.161026,176.9744400668,1779988787.161026,0.
1779988787.2610261,176.9744400668,1779988787.2610261,0.
1779988787.361026,176.9744400668,1779988787.361026,0.
1779988787.461026,176.9744400668,1779988787.461026,0.
1779988787.561026,176.9744400668,1779988787.561026,0.
1779988787.661026,176.9744400668,1779988787.661026,0.
1779988787.7610261,176.9744400668,1779988787.7610261,0.
1779988787.861026,176.9744400668,1779988787.861026,0.
1779988787.961026,176.9744400668,1779988787.961026,0.
1779988788.061026,176.9744400668,1779988788.061026,0.
1779988788.161026,176.9744400668,1779988788.161026,0.
1779988788.2610261,176.9744400668,1779988788.2610261,0.
1779988788.361026,176.9744400668,1779988788.361026,0.
1779988788.461026,176.9744400668,1779988788.461026,0.
1779988788.561026,176.9744400668,1779988788.561026,0.
1779988788.661026,176.9744400668,1779988788.661026,0.
1779988788.7610261,176.9744400668,1779988788.7610261,0.
1779988788.861026,176.9744400668,1779988788.861026,0.
1779988788.961026,176.9744400668,1779988788.961026,0.
1779988789.061026,176.9744400668,1779988789.061026,0.
1779988789.161026,176.9744400668,1779988789.161026,0.
1779988789.2610261,176.9744400668,1779988789.2610261,0.
1779988789.361026,176.9744400668,1779988789.361026,0.
1779988789.461026,176.9744400668,1779988789.461026,0.
1779988789.561026,176.9744400668,1779988789.561026,0.
1779988789.661026,176.9744400668,1779988789.661026,0.
1779988789.7610261,176.9744400668,1779988789.7610261,0.
1779988789.861026,176.9744400668,1779988789.861026,0.
1779988789.961026,176.9744400668,1779988789.961026,0.
1779988790.061026,176.9744400668,1779988790.061026,0.
1779988790.161026,176.9744400668,1779988790.161026,0.
1779988790.2610261,176.9744400668,1779988790.2610261,0.
1779988790.361026,176.9744400668,1779988790.361026,0.
1779988790.461026,176.9744400668,1779988790.461026,0.
1779988790.561026,176.9744400668,1779988790.561026,0.
1779988790.661026,176.9744400668,1779988790.661026,0.
1779988790.7610261,176.9744400668,1779988790.7610261,0.
1779988790.861026,176.9744400668,1779988790.861026,0.
1779988790.961026,176.9744400668,1779988790.961026,0.
1779988791.061026,176.9744400668,1779988791.061026,0.
1779988791.161026,176.9744400668,1779988791.161026,0.
1779988791.2610261,176.9744400668,1779988791.2610261,0.
1779988791.361026,176.9744400668,1779988791.361026,0.
1779988791.461026,176.9744400668,1779988791.461026,0.
1779988791.561026,176.9744400668,1779988791.561026,0.
1779988791.661026,176.9744400668,1779988791.661026,0.
1779988791.7610261,176.9744400668,1779988791.7610261,0.
1779988791.861026,176.9744400668,1779988791.861026,0.
1779988791.961026,176.9744400668,1779988791.961026,0.
1779988792.061026,176.9744400668,1779988792.061026,0.
1779988792.161026,176.9744400668,1779988792.161026,0.
1779988792.2610261,176.9744400668,1779988792.2610261,0.
1779988792.361026,176.9744400668,1779988792.361026,0.
1779988792.461026,176.9744400668,1779988792.461026,0.
1779988792.561026,176.9744400668,1779988792.561026,0.
1779988792.661026,176.9744400668,1779988792.661026,0.
1779988792.7610261,176.9744400668,1779988792.7610261,0.
1779988792.861026,176.9744400668,1779988792.861026,0.
1779988792.961026,176.9744400668,1779988792.961026,0.
1779988793.061026,176.9744400668,1779988793.061026,0.
1779988793.161026,176.9744400668,1779988793.161026,0.
1779988793.2610261,176.9744400668,1779988793.2610261,0.
1779988793.361026,176.9744400668,1779988793.361026,0.
1779988793.461026,176.9744400668,1779988793.461026,0.
1779988793.561026,176.9744400668,1779988793.561026,0.
1779988793.661026,176.9744400668,1779988793.661026,0.
1779988793.7610261,176.9744400668,1779988793.7610261,0.
1779988793.861026,176.9744400668,1779988793.861026,0.
1779988793.961026,176.9744400668,1779988793.961026,0.
1779988794.061026,176.9744400668,1779988794.061026,0.
1779988794.161026,176.9744400668,1779988794.161026,0.
1779988794.2610261,176.9744400668,1779988794.2610261,0.
1779988794.361026,176.9744400668,1779988794.361026,0.
1779988794.461026,176.9744400668,1779988794.461026,0.
1779988794.561026,176.9744400668,1779988794.561026,0.
1779988794.661026,176.9744400668,1779988794.661026,0.
1779988794.7610261,176.9744400668,1779988794.7610261,0.
1779988794.861026,176.9744400668,1779988794.861026,0.
1779988794.961026,176.9744400668,1779988794.961026,0.
1779988795.061026,176.9744400668,1779988795.061026,0.
1779988795.161026,176.9744400668,1779988795.161026,0.
1779988795.2610261,176.9744400668,1779988795.2610261,0.
1779988795.361026,176.9744400668,1779988795.361026,0.
1779988795.461026,176.9744400668,1779988795.461026,0.
1779988795.561026,176.9744400668,1779988795.561026,0.
1779988795.661026,176.9744400668,1779988795.661026,0.
1779988795.7610261,176.9744400668,1779988795.7610261,0.
1779988795.861026,176.9744400668,1779988795.861026,0.
1779988795.961026,176.9744400668,1779988795.961026,0.
1779988796.061026,176.9744400668,1779988796.061026,0.
1779988796.161026,176.9744400668,1779988796.161026,0.
1779988796.2610261,176.9744400668,1779988796.2610261,0.
1779988796.361026,176.9744400668,1779988796.361026,0.
1779988796.461026,176.9744400668,1779988796.461026,0.
1779988796.561026,176.9744400668,1779988796.561026,0.
1779988796.661026,176.9744400668,1779988796.661026,0.
1779988796.7610261,176.9744400668,1779988796.7610261,0.
1779988796.861026,176.9744400668,1779988796.861026,0.
1779988796.961026,176.9744400668,1779988796.961026,0.
1779988797.061026,176.9744400668,1779988797.061026,0.
1779988797.161026,176.9744400668,1779988797.161026,0.
1779988797.2610261,176.9744400668,1779988797.2610261,0.
1779988797.361026,176.9744400668,1779988797.361026,0.
1779988797.461026,176.9744400668,1779988797.461026,0.
1779988797.561026,176.9744400668,1779988797.561026,0.
1779988797.661026,176.9744400668,1779988797.661026,0.
1779988797.7610261,176.9744400668,1779988797.7610261,0.
1779988797.861026,176.9744400668,1779988797.861026,0.
1779988797.961026,176.9744400668,1779988797.961026,0.
1779988798.061026,176.9744400668,1779988798.061026,0.
1779988798.161026,176.9744400668,1779988798.161026,0.
1779988798.2610261,176.9744400668,1779988798.2610261,0.
1779988798.361026,176.9744400668,1779988798.361026,0.
1779988798.461026,176.9744400668,1779988798.461026,0.
1779988798.561026,176.9744400668,1779988798.561026,0.
1779988798.661026,176.9744400668,1779988798.661026,0.
1779988798.7610261,176.9744400668,1779988798.7610261,0.
1779988798.861026,176.9744400668,1779988798.861026,0.
1779988798.961026,176.9744400668,1779988798.961026,0.
1779988799.061026,176.9744400668,1779988799.061026,0.
1779988799.161026,176.9744400668,1779988799.161026,0.
1779988799.2610261,176.9744400668,1779988799.2610261,0.
1779988799.361026,176.9744400668,1779988799.361026,0.
1779988799.461026,176.9744400668,1779988799.461026,0.
1779988799.561026,176.9744400668,1779988799.561026,0.
1779988799.661026,176.9744400668,1779988799.661026,0.
1779988799.7610261,176.9744400668,1779988799.7610261,0.
1779988799.861026,176.9744400668,1779988799.861026,0.
1779988799.961026,176.9744400668,1779988799.961026,0.
1779988800.061026,176.9744400668,1779988800.061026,0.
1779988800.161026,176.9744400668,1779988800.161026,0.
1779988800.2610261,176.9744400668,1779988800.2610261,0.
1779988800.361026,176.9744400668,1779988800.361026,0.
1779988800.461026,176.9744400668,1779988800.461026,0.
1779988800.561026,176.9744400668,1779988800.561026,0.
1779988800.661026,176.9744400668,1779988800.661026,0.
1779988800.7610261,176.9744400668,1779988800.7610261,0.
1779988800.861026,176.9744400668,1779988800.861026,0.
1779988800.961026,176.9744400668,1779988800.961026,0.
1779988801.061026,176.9744400668,1779988801.061026,0.
1779988801.161026,176.9744400668,1779988801.161026,0.
1779988801.2610261,176.9744400668,1779988801.2610261,0.
1779988801.361026,176.9744400668,1779988801.361026,0.
1779988801.461026,176.9744400668,1779988801.461026,0.
1779988801.561026,176.9744400668,1779988801.561026,0.
1779988801.661026,176.9744400668,1779988801.661026,0.
1779988801.7610261,176.9744400668,1779988801.7610261,0.
1779988801.861026,176.9744400668,1779988801.861026,0.
1779988801.961026,176.9744400668,1779988801.961026,0.
1779988802.061026,176.9744400668,1779988802.061026,0.
1779988802.161026,176.9744400668,1779988802.161026,0.
1779988802.2610261,176.9744400668,1779988802.2610261,0.
1779988802.361026,176.9744400668,1779988802.361026,0.
1779988802.461026,176.9744400668,1779988802.461026,0.
1779988802.561026,176.9744400668,1779988802.561026,0.
1779988802.661026,176.9744400668,1779988802.661026,0.
1779988802.7610261,176.9744400668,1779988802.7610261,0.
1779988802.861026,176.9744400668,1779988802.861026,0.
1779988802.961026,176.9744400668,1779988802.961026,0.
1779988803.061026,176.9744400668,1779988803.061026,0.
1779988803.161026,176.9744400668,1779988803.161026,0.
1779988803.2610261,176.9744400668,1779988803.2610261,0.
1779988803.361026,176.9744400668,1779988803.361026,0.
1779988803.461026,176.9744400668,1779988803.461026,0.
1779988803.561026,176.9744400668,1779988803.561026,0.
1779988803.661026,176.9744400668,1779988803.661026,0.
1779988803.7610261,176.9744400668,1779988803.7610261,0.
1779988803.861026,176.9744400668,1779988803.861026,0.
1779988803.961026,176.9744400668,1779988803.961026,0.
1779988804.061026,176.9744400668,1779988804.061026,0.
1779988804.161026,176.9744400668,1779988804.161026,0.
1779988804.2610261,176.9744400668,1779988804.2610261,0.
1779988804.361026,176.9744400668,1779988804.361026,0.
1779988804.461026,176.9744400668,1779988804.461026,0.
1779988804.561026,176.9744400668,1779988804.561026,0.
1779988804.661026,176.9744400668,1779988804.661026,0.
1779988804.7610261,176.9744400668,1779988804.7610261,0.
1779988804.861026,176.9744400668,1779988804.861026,0.
1779988804.961026,176.9744400668,1779988804.961026,0.
1779988805.061026,176.9744400668,1779988805.061026,0.
1779988805.161026,176.9744400668,1779988805.161026,0.
1779988805.2610261,176.9744400668,1779988805.2610261,0.
1779988805.361026,176.9744400668,1779988805.361026,0.
1779988805.461026,176.9744400668,1779988805.461026,0.
1779988805.561026,176.9744400668,1779988805.561026,0.
1779988805.661026,176.9744400668,1779988805.661026,0.
1779988805.7610261,176.9744400668,1779988805.7610261,0.
1779988805.861026,176.9744400668,1779988805.861026,0.
1779988805.961026,176.9744400668,1779988805.961026,0.
1779988806.061026,176.9744400668,1779988806.061026,0.
1779988806.161026,176.9744400668,1779988806.161026,0.
1779988806.2610261,176.9744400668,1779988806.2610261,0.
1779988806.361026,176.9744400668,1779988806.361026,0.
1779988806.461026,176.9744400668,1779988806.461026,0.
1779988806.561026,176.9744400668,1779988806.561026,0.
1779988806.661026,176.9744400668,1779988806.661026,0.
1779988806.7610261,176.9744400668,1779988806.7610261,0.
1779988806.861026,176.9744400668,1779988806.861026,0.
1779988806.961026,176.9744400668,1779988806.961026,0.
1779988807.061026,176.9744400668,1779988807.061026,0.
1779988807.161026,176.9744400668,1779988807.161026,0.
1779988807.2610261,176.9744400668,1779988807.2610261,0.
1779988807.361026,176.9744400668,1779988807.361026,0.
1779988807.461026,176.9744400668,1779988807.461026,0.
1779988807.561026,176.9744400668,1779988807.561026,0.
1779988807.661026,176.9744400668,1779988807.661026,0.
1779988807.7610261,176.9744400668,1779988807.7610261,0.
1779988807.861026,176.9744400668,1779988807.861026,0.
1779988807.961026,176.9744400668,1779988807.961026,0.
1779988808.061026,176.9744400668,1779988808.061026,0.
1779988808.161026,176.9744400668,1779988808.161026,0.
1779988808.2610261,176.9744400668,1779988808.2610261,0.
1779988808.361026,176.9744400668,1779988808.361026,0.
1779988808.461026,176.9744400668,1779988808.461026,0.
1779988808.561026,176.9744400668,1779988808.561026,0.
1779988808.661026,176.9744400668,1779988808.661026,0.
1779988808.7610261,176.9744400668,1779988808.7610261,0.
1779988808.861026,176.9744400668,1779988808.861026,0.
1779988808.961026,176.9744400668,1779988808.961026,0.
1779988809.061026,176.9744400668,1779988809.061026,0.
1779988809.161026,176.9744400668,1779988809.161026,0.
1779988809.2610261,176.9744400668,1779988809.2610261,0.
1779988809.361026,176.9744400668,1779988809.361026,0.
1779988809.461026,176.9744400668,1779988809.461026,0.
1779988809.561026,176.9744400668,1779988809.561026,0.
1779988809.661026,176.9744400668,1779988809.661026,0.
1779988809.7610261,176.9744400668,1779988809.7610261,0.
1779988809.861026,176.9744400668,1779988809.861026,0.
1779988809.961026,176.9744400668,1779988809.961026,0.
1779988810.061026,176.9744400668,1779988810.061026,0.
1779988810.161026,176.9744400668,1779988810.161026,0.
1779988810.2610261,176.9744400668,1779988810.2610261,0.
1779988810.361026,176.9744400668,1779988810.361026,0.
1779988810.461026,176.9744400668,1779988810.461026,0.
1779988810.561026,176.9744400668,1779988810.561026,0.
1779988810.661026,176.9744400668,1779988810.661026,0.
1779988810.7610261,176.9744400668,1779988810.7610261,0.
1779988810.861026,176.9744400668,1779988810.861026,0.
1779988810.961026,176.9744400668,1779988810.961026,0.
1779988811.061026,176.9744400668,1779988811.061026,0.
1779988811.161026,176.9744400668,1779988811.161026,0.
1779988811.2610261,176.9744400668,1779988811.2610261,0.
1779988811.361026,176.9744400668,1779988811.361026,0.
1779988811.461026,176.9744400668,1779988811.461026,0.
1779988811.561026,176.9744400668,1779988811.561026,0.
1779988811.661026,176.9744400668,1779988811.661026,0.
1779988811.7610261,176.9744400668,1779988811.7610261,0.
1779988811.861026,176.9744400668,1779988811.861026,0.
1779988811.961026,176.9744400668,1779988811.961026,0.
1779988812.061026,176.9744400668,1779988812.061026,0.
1779988812.161026,176.9744400668,1779988812.161026,0.
1779988812.2610261,176.9744400668,1779988812.2610261,0.
1779988812.361026,176.9744400668,1779988812.361026,0.
1779988812.461026,176.9744400668,1779988812.461026,0.
1779988812.561026,176.9744400668,1779988812.561026,0.
1779988812.661026,176.9744400668,1779988812.661026,0.
1779988812.7610261,176.9744400668,1779988812.7610261,0.
1779988812.861026,176.9744400668,1779988812.861026,0.
1779988812.961026,176.9744400668,1779988812.961026,0.
1779988813.061026,176.9744400668,1779988813.061026,0.
1779988813.161026,176.9744400668,1779988813.161026,0.
1779988813.2610261,176.9744400668,1779988813.2610261,0.
1779988813.361026,176.9744400668,1779988813.361026,0.
1779988813.461026,176.9744400668,1779988813.461026,0.
1779988813.561026,176.9744400668,1779988813.561026,0.
1779988813.661026,176.9744400668,1779988813.661026,0.
1779988813.7610261,176.9744400668,1779988813.7610261,0.
1779988813.861026,176.9744400668,1779988813.861026,0.
1779988813.961026,176.9744400668,1779988813.961026,0.
1779988814.061026,176.9744400668,1779988814.061026,0.
1779988814.161026,176.9744400668,1779988814.161026,0.
1779988814.2610261,176.9744400668,1779988814.2610261,0.
1779988814.361026,176.9744400668,1779988814.361026,0.
1779988814.461026,176.9744400668,1779988814.461026,0.
1779988814.561026,176.9744400668,1779988814.561026,0.
1779988814.661026,176.9744400668,1779988814.661026,0.
1779988814.7610261,176.9744400668,1779988814.7610261,0.
1779988814.861026,176.9744400668,1779988814.861026,0.
1779988814.961026,176.9744400668,1779988814.961026,0.
1779988815.061026,176.9744400668,1779988815.061026,0.
1779988815.161026,176.9744400668,1779988815.161026,0.
1779988815.2610261,176.9744400668,1779988815.2610261,0.
1779988815.361026,176.9744400668,1779988815.361026,0.
1779988815.461026,176.9744400668,1779988815.461026,0.
1779988815.561026,176.9744400668,1779988815.561026,0.
1779988815.661026,176.9744400668,1779988815.661026,0.
1779988815.7610261,176.9744400668,1779988815.7610261,0.
1779988815.861026,176.9744400668,1779988815.861026,0.
1779988815.961026,176.9744400668,1779988815.961026,0.
1779988816.061026,176.9744400668,1779988816.061026,0.
1779988816.161026,176.9744400668,1779988816.161026,0.
1779988816.2610261,176.9744400668,1779988816.2610261,0.
1779988816.361026,176.9744400668,1779988816.361026,0.
1779988816.461026,176.9744400668,1779988816.461026,0.
1779988816.561026,176.9744400668,1779988816.561026,0.
1779988816.661026,176.9744400668,1779988816.661026,0.
1779988816.7610261,176.9744400668,1779988816.7610261,0.
1779988816.861026,176.9744400668,1779988816.861026,0.
1779988816.961026,176.9744400668,1779988816.961026,0.
1779988817.061026,176.9744400668,1779988817.061026,0.
1779988817.161026,176.9744400668,1779988817.161026,0.
1779988817.2610261,176.9744400668,1779988817.2610261,0.
1779988817.361026,176.9744400668,1779988817.361026,0.
1779988817.461026,176.9744400668,1779988817.461026,0.
1779988817.561026,176.9744400668,1779988817.561026,0.
1779988817.661026,176.9744400668,1779988817.661026,0.
1779988817.7610261,176.9744400668,1779988817.7610261,0.
1779988817.861026,176.9744400668,1779988817.861026,0.
1779988817.961026,176.9744400668,1779988817.961026,0.
1779988818.061026,176.9744400668,1779988818.061026,0.
1779988818.161026,176.9744400668,1779988818.161026,0.
1779988818.2610261,176.9744400668,1779988818.2610261,0.
1779988818.361026,176.9744400668,1779988818.361026,0.
1779988818.461026,176.9744400668,1779988818.461026,0.
1779988818.561026,176.9744400668,1779988818.561026,0.
1779988818.661026,176.9744400668,1779988818.661026,0.
1779988818.7610261,176.9744400668,1779988818.7610261,0.
1779988818.861026,176.9744400668,1779988818.861026,0.
1779988818.961026,176.9744400668,1779988818.961026,0.
1779988819.061026,176.9744400668,1779988819.061026,0.
1779988819.161026,176.9744400668,1779988819.161026,0.
1779988819.2610261,176.9744400668,1779988819.2610261,0.
1779988819.361026,176.9744400668,1779988819.361026,0.
1779988819.461026,176.9744400668,1779988819.461026,0.
1779988819.561026,176.9744400668,1779988819.561026,0.
1779988819.661026,176.9744400668,1779988819.661026,0.
1779988819.7610261,176.9744400668,1779988819.7610261,0.
1779988819.861026,176.9744400668,1779988819.861026,0.
1779988819.961026,176.9744400668,1779988819.961026,0.
1779988820.061026,176.9744400668,1779988820.061026,0.
1779988820.161026,176.9744400668,1779988820.161026,0.
1779988820.2610261,176.9744400668,1779988820.2610261,0.
1779988820.361026,176.9744400668,1779988820.361026,0.
1779988820.461026,176.9744400668,1779988820.461026,0.
1779988820.561026,176.9744400668,1779988820.561026,0.
1779988820.661026,176.9744400668,1779988820.661026,0.
1779988820.7610261,176.9744400668,1779988820.7610261,0.
1779988820.861026,176.9744400668,1779988820.861026,0.
1779988820.961026,176.9744400668,1779988820.961026,0.
1779988821.061026,176.9744400668,1779988821.061026,0.
1779988821.161026,176.9744400668,1779988821.161026,0.
1779988821.2610261,176.9744400668,1779988821.2610261,0.
1779988821.361026,176.9744400668,1779988821.361026,0.
1779988821.461026,176.9744400668,1779988821.461026,0.
1779988821.561026,176.9744400668,1779988821.561026,0.
1779988821.661026,176.9744400668,1779988821.661026,0.
1779988821.7610261,176.9744400668,1779988821.7610261,0.
1779988821.861026,176.9744400668,1779988821.861026,0.
1779988821.961026,176.9744400668,1779988821.961026,0.
1779988822.061026,176.9744400668,1779988822.061026,0.
1779988822.161026,176.9744400668,1779988822.161026,0.
1779988822.2610261,176.9744400668,1779988822.2610261,0.
1779988822.361026,176.9744400668,1779988822.361026,0.
1779988822.461026,176.9744400668,1779988822.461026,0.
1779988822.561026,176.9744400668,1779988822.561026,0.
1779988822.661026,176.9744400668,1779988822.661026,0.
1779988822.7610261,176.9744400668,1779988822.7610261,0.
1779988822.861026,176.9744400668,1779988822.861026,0.
1779988822.961026,176.9744400668,1779988822.961026,0.
1779988823.061026,176.9744400668,1779988823.061026,0.
1779988823.161026,176.9744400668,1779988823.161026,0.
1779988823.2610261,176.9744400668,1779988823.2610261,0.
1779988823.361026,176.9744400668,1779988823.361026,0.
1779988823.461026,176.9744400668,1779988823.461026,0.
1779988823.561026,176.9744400668,1779988823.561026,0.
1779988823.661026,176.9744400668,1779988823.661026,0.
1779988823.7610261,176.9744400668,1779988823.7610261,0.
1779988823.861026,176.9744400668,1779988823.861026,0.
1779988823.961026,176.9744400668,1779988823.961026,0.
1779988824.061026,176.9744400668,1779988824.061026,0.
1779988824.161026,176.9744400668,1779988824.161026,0.
1779988824.2610261,176.9744400668,1779988824.2610261,0.
1779988824.361026,176.9744400668,1779988824.361026,0.
1779988824.461026,176.9744400668,1779988824.461026,0.
1779988824.561026,176.9744400668,1779988824.561026,0.
1779988824.661026,176.9744400668,1779988824.661026,0.
1779988824.7610261,176.9744400668,1779988824.7610261,0.
1779988824.861026,176.9744400668,1779988824.861026,0.
1779988824.961026,176.9744400668,1779988824.961026,0.
1779988825.061026,176.9744400668,1779988825.061026,0.
1779988825.161026,176.9744400668,1779988825.161026,0.
1779988825.2610261,176.9744400668,1779988825.2610261,0.
1779988825.361026,176.9744400668,1779988825.361026,0.
1779988825.461026,176.9744400668,1779988825.461026,0.
1779988825.561026,176.9744400668,1779988825.561026,0.
1779988825.661026,176.9744400668,1779988825.661026,0.
1779988825.7610261,176.9744400668,1779988825.7610261,0.
1779988825.861026,176.9744400668,1779988825.861026,0.
1779988825.961026,176.9744400668,1779988825.961026,0.
1779988826.061026,176.9744400668,1779988826.061026,0.
1779988826.161026,176.9744400668,1779988826.161026,0.
1779988826.2610261,176.9744400668,1779988826.2610261,0.
1779988826.361026,176.9744400668,1779988826.361026,0.
1779988826.461026,176.9744400668,1779988826.461026,0.
1779988826.561026,176.9744400668,1779988826.561026,0.
1779988826.661026,176.9744400668,1779988826.661026,0.
1779988826.7610261,176.9744400668,1779988826.7610261,0.
1779988826.861026,176.9744400668,1779988826.861026,0.
1779988826.961026,176.9744400668,1779988826.961026,0.
1779988827.061026,176.9744400668,1779988827.061026,0.
1779988827.161026,176.9744400668,1779988827.161026,0.
1779988827.2610261,176.9744400668,1779988827.2610261,0.
1779988827.361026,176.9744400668,1779988827.361026,0.
1779988827.461026,176.9744400668,1779988827.461026,0.
1779988827.561026,176.9744400668,1779988827.561026,0.
1779988827.661026,176.9744400668,1779988827.661026,0.
1779988827.7610261,176.9744400668,1779988827.7610261,0.
1779988827.861026,176.9744400668,1779988827.861026,0.
1779988827.961026,176.9744400668,1779988827.961026,0.
1779988828.061026,176.9744400668,1779988828.061026,0.
1779988828.161026,176.9744400668,1779988828.161026,0.
1779988828.2610261,176.9744400668,1779988828.2610261,0.
1779988828.361026,176.9744400668,1779988828.361026,0.
1779988828.461026,176.9744400668,1779988828.461026,0.
1779988828.561026,176.9744400668,1779988828.561026,0.
1779988828.661026,176.9744400668,1779988828.661026,0.
1779988828.7610261,176.9744400668,1779988828.7610261,0.
1779988828.861026,176.9744400668,1779988828.861026,0.
1779988828.961026,176.9744400668,1779988828.961026,0.
1779988829.061026,176.9744400668,1779988829.061026,0.
1779988829.161026,176.9744400668,1779988829.161026,0.
1779988829.2610261,176.9744400668,1779988829.2610261,0.
1779988829.361026,176.9744400668,1779988829.361026,0.
1779988829.461026,176.9744400668,1779988829.461026,0.
1779988829.561026,176.9744400668,1779988829.561026,0.
1779988829.661026,176.9744400668,1779988829.661026,0.
1779988829.7610261,176.9744400668,1779988829.7610261,0.
1779988829.861026,176.9744400668,1779988829.861026,0.
1779988829.961026,176.9744400668,1779988829.961026,0.
1779988830.061026,176.9744400668,1779988830.061026,0.
1779988830.161026,176.9744400668,1779988830.161026,0.
1779988830.2610261,176.9744400668,1779988830.2610261,0.
1779988830.361026,176.9744400668,1779988830.361026,0.
1779988830.461026,176.9744400668,1779988830.461026,0.
1779988830.561026,176.9744400668,1779988830.561026,0.
1779988830.661026,176.9744400668,1779988830.661026,0.
1779988830.7610261,176.9744400668,1779988830.7610261,0.
1779988830.861026,176.9744400668,1779988830.861026,0.
1779988830.961026,176.9744400668,1779988830.961026,0.
1779988831.061026,176.9744400668,1779988831.061026,0.
1779988831.161026,176.9744400668,1779988831.161026,0.
1779988831.2610261,176.9744400668,1779988831.2610261,0.
1779988831.361026,176.9744400668,1779988831.361026,0.
1779988831.461026,176.9744400668,1779988831.461026,0.
1779988831.561026,176.9744400668,1779988831.561026,0.
1779988831.661026,176.9744400668,1779988831.661026,0.
1779988831.7610261,176.9744400668,1779988831.7610261,0.
1779988831.861026,176.9744400668,1779988831.861026,0.
1779988831.961026,176.9744400668,1779988831.961026,0.
1779988832.061026,176.9744400668,1779988832.061026,0.
1779988832.161026,176.9744400668,1779988832.161026,0.
1779988832.2610261,176.9744400668,1779988832.2610261,0.
1779988832.361026,176.9744400668,1779988832.361026,0.
1779988832.461026,176.9744400668,1779988832.461026,0.
1779988832.561026,176.9744400668,1779988832.561026,0.
1779988832.661026,176.9744400668,1779988832.661026,0.
1779988832.7610261,176.9744400668,1779988832.7610261,0.
1779988832.861026,176.9744400668,1779988832.861026,0.
1779988832.961026,176.9744400668,1779988832.961026,0.
1779988833.061026,176.9744400668,1779988833.061026,0.
1779988833.161026,176.9744400668,1779988833.161026,0.
1779988833.2610261,176.9744400668,1779988833.2610261,0.
1779988833.361026,176.9744400668,1779988833.361026,0.
1779988833.461026,176.9744400668,1779988833.461026,0.
1779988833.561026,176.9744400668,1779988833.561026,0.
1779988833.661026,176.9744400668,1779988833.661026,0.
1779988833.7610261,176.9744400668,1779988833.7610261,0.
1779988833.861026,176.9744400668,1779988833.861026,0.
1779988833.961026,176.9744400668,1779988833.961026,0.
1779988834.061026,176.9744400668,1779988834.061026,0.
1779988834.161026,176.9744400668,1779988834.161026,0.
1779988834.2610261,176.9744400668,1779988834.2610261,0.
1779988834.361026,176.9744400668,1779988834.361026,0.
1779988834.461026,176.9744400668,1779988834.461026,0.
1779988834.561026,176.9744400668,1779988834.561026,0.
1779988834.661026,176.9744400668,1779988834.661026,0.
1779988834.7610261,176.9744400668,1779988834.7610261,0.
1779988834.861026,176.9744400668,1779988834.861026,0.
1779988834.961026,176.9744400668,1779988834.961026,0.
1779988835.061026,176.9744400668,1779988835.061026,0.
1779988835.161026,176.9744400668,1779988835.161026,0.
1779988835.2610261,176.9744400668,1779988835.2610261,0.
1779988835.361026,176.9744400668,1779988835.361026,0.
1779988835.461026,176.9744400668,1779988835.461026,0.
1779988835.561026,176.9744400668,1779988835.561026,0.
1779988835.661026,176.9744400668,1779988835.661026,0.
1779988835.7610261,176.9744400668,1779988835.7610261,0.
1779988835.861026,176.9744400668,1779988835.861026,0.
1779988835.961026,176.9744400668,1779988835.961026,0.
1779988836.061026,176.9744400668,1779988836.061026,0.
1779988836.161026,176.9744400668,1779988836.161026,0.
1779988836.2610261,176.9744400668,1779988836.2610261,0.
1779988836.361026,176.9744400668,1779988836.361026,0.
1779988836.461026,176.9744400668,1779988836.461026,0.
1779988836.561026,176.9744400668,1779988836.561026,0.
1779988836.661026,176.9744400668,1779988836.661026,0.
1779988836.7610261,176.9744400668,1779988836.7610261,0.
1779988836.861026,176.9744400668,1779988836.861026,0.
1779988836.961026,176.9744400668,1779988836.961026,0.
1779988837.061026,176.9744400668,1779988837.061026,0.
1779988837.161026,176.9744400668,1779988837.161026,0.
1779988837.2610261,176.9744400668,1779988837.2610261,0.
1779988837.361026,176.9744400668,1779988837.361026,0.
1779988837.461026,176.9744400668,1779988837.461026,0.
1779988837.561026,176.9744400668,1779988837.561026,0.
1779988837.661026,176.9744400668,1779988837.661026,0.
1779988837.7610261,176.9744400668,1779988837.7610261,0.
1779988837.861026,176.9744400668,1779988837.861026,0.
1779988837.961026,176.9744400668,1779988837.961026,0.
1779988838.061026,176.9744400668,1779988838.061026,0.
1779988838.161026,176.9744400668,1779988838.161026,0.
1779988838.2610261,176.9744400668,1779988838.2610261,0.
1779988838.361026,176.9744400668,1779988838.361026,0.
1779988838.461026,176.9744400668,1779988838.461026,0.
1779988838.561026,176.9744400668,1779988838.561026,0.
1779988838.661026,176.9744400668,1779988838.661026,0.
1779988838.7610261,176.9744400668,1779988838.7610261,0.
1779988838.861026,176.9744400668,1779988838.861026,0.
1779988838.961026,176.9744400668,1779988838.961026,0.
1779988839.061026,176.9744400668,1779988839.061026,0.
1779988839.161026,176.9744400668,1779988839.161026,0.
1779988839.2610261,176.9744400668,1779988839.2610261,0.
1779988839.361026,176.9744400668,1779988839.361026,0.
1779988839.461026,176.9744400668,1779988839.461026,0.
1779988839.561026,176.9744400668,1779988839.561026,0.
1779988839.661026,176.9744400668,1779988839.661026,0.
1779988839.7610261,176.9744400668,1779988839.7610261,0.
1779988839.861026,176.9744400668,1779988839.861026,0.
1779988839.961026,176.9744400668,1779988839.961026,0.
1779988840.061026,176.9744400668,1779988840.061026,0.
1779988840.161026,176.9744400668,1779988840.161026,0.
1779988840.2610261,176.9744400668,1779988840.2610261,0.
1779988840.361026,176.9744400668,1779988840.361026,0.
1779988840.461026,176.9744400668,1779988840.461026,0.
1779988840.561026,176.9744400668,1779988840.561026,0.
1779988840.661026,176.9744400668,1779988840.661026,0.
1779988840.7610261,176.9744400668,1779988840.7610261,0.
1779988840.861026,176.9744400668,1779988840.861026,0.
1779988840.961026,176.9744400668,1779988840.961026,0.
1779988841.061026,176.9744400668,1779988841.061026,0.
1779988841.161026,176.9744400668,1779988841.161026,0.
1779988841.2610261,176.9744400668,1779988841.2610261,0.
1779988841.361026,176.9744400668,1779988841.361026,0.
1779988841.461026,176.9744400668,1779988841.461026,0.
1779988841.561026,176.9744400668,1779988841.561026,0.
1779988841.661026,176.9744400668,1779988841.661026,0.
1779988841.7610261,176.9744400668,1779988841.7610261,0.
1779988841.861026,176.9744400668,1779988841.861026,0.
1779988841.961026,176.9744400668,1779988841.961026,0.
1779988842.061026,176.9744400668,1779988842.061026,0.
1779988842.161026,176.9744400668,1779988842.161026,0.
1779988842.2610261,176.9744400668,1779988842.2610261,0.
1779988842.361026,176.9744400668,1779988842.361026,0.
1779988842.461026,176.9744400668,1779988842.461026,0.
1779988842.561026,176.9744400668,1779988842.561026,0.
1779988842.661026,176.9744400668,1779988842.661026,0.
1779988842.7610261,176.9744400668,1779988842.7610261,0.
1779988842.861026,176.9744400668,1779988842.861026,0.
1779988842.961026,176.9744400668,1779988842.961026,0.
1779988843.061026,176.9744400668,1779988843.061026,0.
1779988843.161026,176.9744400668,1779988843.161026,0.
1779988843.2610261,176.9744400668,1779988843.2610261,0.
1779988843.361026,176.9744400668,1779988843.361026,0.
1779988843.461026,176.9744400668,1779988843.461026,0.
1779988843.561026,176.9744400668,1779988843.561026,0.
1779988843.661026,176.9744400668,1779988843.661026,0.
1779988843.7610261,176.9744400668,1779988843.7610261,0.
1779988843.861026,176.9744400668,1779988843.861026,0.
1779988843.961026,176.9744400668,1779988843.961026,0.
1779988844.061026,176.9744400668,1779988844.061026,0.
1779988844.161026,176.9744400668,1779988844.161026,0.
1779988844.2610261,176.9744400668,1779988844.2610261,0.
1779988844.361026,176.9744400668,1779988844.361026,0.
1779988844.461026,176.9744400668,1779988844.461026,0.
1779988844.561026,176.9744400668,1779988844.561026,0.
1779988844.661026,176.9744400668,1779988844.661026,0.
1779988844.7610261,176.9744400668,1779988844.7610261,0.
1779988844.861026,176.9744400668,1779988844.861026,0.
1779988844.961026,176.9744400668,1779988844.961026,0.
1779988845.061026,176.9744400668,1779988845.061026,0.
1779988845.161026,176.9744400668,1779988845.161026,0.
1779988845.2610261,176.9744400668,1779988845.2610261,0.
1779988845.361026,176.9744400668,1779988845.361026,0.
1779988845.461026,176.9744400668,1779988845.461026,0.
1779988845.561026,176.9744400668,1779988845.561026,0.
1779988845.661026,176.9744400668,1779988845.661026,0.
1779988845.7610261,176.9744400668,1779988845.7610261,0.
1779988845.861026,176.9744400668,1779988845.861026,0.
1779988845.961026,176.9744400668,1779988845.961026,0.
1779988846.061026,176.9744400668,1779988846.061026,0.
1779988846.161026,176.9744400668,1779988846.161026,0.
1779988846.2610261,176.9744400668,1779988846.2610261,0.
1779988846.361026,176.9744400668,1779988846.361026,0.
1779988846.461026,176.9744400668,1779988846.461026,0.
1779988846.561026,176.9744400668,1779988846.561026,0.
1779988846.661026,176.9744400668,1779988846.661026,0.
1779988846.7610261,176.9744400668,1779988846.7610261,0.
1779988846.861026,176.9744400668,1779988846.861026,0.
1779988846.961026,176.9744400668,1779988846.961026,0.
1779988847.061026,176.9744400668,1779988847.061026,0.
1779988847.161026,176.9744400668,1779988847.161026,0.
1779988847.2610261,176.9744400668,1779988847.2610261,0.
1779988847.361026,176.9744400668,1779988847.361026,0.
1779988847.461026,176.9744400668,1779988847.461026,0.
1779988847.561026,176.9744400668,1779988847.561026,0.
1779988847.661026,176.9744400668,1779988847.661026,0.
1779988847.7610261,176.9744400668,1779988847.7610261,0.
1779988847.861026,176.9744400668,1779988847.861026,0.
1779988847.961026,176.9744400668,1779988847.961026,0.
1779988848.061026,176.9744400668,1779988848.061026,0.
1779988848.161026,176.9744400668,1779988848.161026,0.
1779988848.2610261,176.9744400668,1779988848.2610261,0.
1779988848.361026,176.9744400668,1779988848.361026,0.
1779988848.461026,176.9744400668,1779988848.461026,0.
1779988848.561026,176.9744400668,1779988848.561026,0.
1779988848.661026,176.9744400668,1779988848.661026,0.
1779988848.7610261,176.9744400668,1779988848.7610261,0.
1779988848.861026,176.9744400668,1779988848.861026,0.
1779988848.961026,176.9744400668,1779988848.961026,0.
1779988849.061026,176.9744400668,1779988849.061026,0.
1779988849.161026,176.9744400668,1779988849.161026,0.
1779988849.2610261,176.9744400668,1779988849.2610261,0.
1779988849.361026,176.9744400668,1779988849.361026,0.
1779988849.461026,176.9744400668,1779988849.461026,0.
1779988849.561026,176.9744400668,1779988849.561026,0.
1779988849.661026,176.9744400668,1779988849.661026,0.
1779988849.7610261,176.9744400668,1779988849.7610261,0.
1779988849.861026,176.9744400668,1779988849.861026,0.
1779988849.961026,176.9744400668,1779988849.961026,0.
1779988850.061026,176.9744400668,1779988850.061026,0.
1779988850.161026,176.9744400668,1779988850.161026,0.
1779988850.2610261,176.9744400668,1779988850.2610261,0.
1779988850.361026,176.9744400668,1779988850.361026,0.
1779988850.461026,176.9744400668,1779988850.461026,0.
1779988850.561026,176.9744400668,1779988850.561026,0.
1779988850.661026,176.9744400668,1779988850.661026,0.
1779988850.7610261,176.9744400668,1779988850.7610261,0.
1779988850.861026,176.9744400668,1779988850.861026,0.
1779988850.961026,176.9744400668,1779988850.961026,0.
1779988851.061026,176.9744400668,1779988851.061026,0.
1779988851.161026,176.9744400668,1779988851.161026,0.
1779988851.2610261,176.9744400668,1779988851.2610261,0.
1779988851.361026,176.9744400668,1779988851.361026,0.
1779988851.461026,176.9744400668,1779988851.461026,0.
1779988851.561026,176.9744400668,1779988851.561026,0.
1779988851.661026,176.9744400668,1779988851.661026,0.
1779988851.7610261,176.9744400668,1779988851.7610261,0.
1779988851.861026,176.9744400668,1779988851.861026,0.
1779988851.961026,176.9744400668,1779988851.961026,0.
1779988852.061026,176.9744400668,1779988852.061026,0.
1779988852.161026,176.9744400668,1779988852.161026,0.
1779988852.2610261,176.9744400668,1779988852.2610261,0.
1779988852.361026,176.9744400668,1779988852.361026,0.
1779988852.461026,176.9744400668,1779988852.461026,0.
1779988852.561026,176.9744400668,1779988852.561026,0.
1779988852.661026,176.9744400668,1779988852.661026,0.
1779988852.7610261,176.9744400668,1779988852.7610261,0.
1779988852.861026,176.9744400668,1779988852.861026,0.
1779988852.961026,176.9744400668,1779988852.961026,0.
1779988853.061026,176.9744400668,1779988853.061026,0.
1779988853.161026,176.9744400668,1779988853.161026,0.
1779988853.2610261,176.9744400668,1779988853.2610261,0.
1779988853.361026,176.9744400668,1779988853.361026,0.
1779988853.461026,176.9744400668,1779988853.461026,0.
1779988853.561026,176.9744400668,1779988853.561026,0.
1779988853.661026,176.9744400668,1779988853.661026,0.
1779988853.7610261,176.9744400668,1779988853.7610261,0.
1779988853.861026,176.9744400668,1779988853.861026,0.
1779988853.961026,176.9744400668,1779988853.961026,0.
1779988854.061026,176.9744400668,1779988854.061026,0.
1779988854.161026,176.9744400668,1779988854.161026,0.
1779988854.2610261,176.9744400668,1779988854.2610261,0.
1779988854.361026,176.9744400668,1779988854.361026,0.
1779988854.461026,176.9744400668,1779988854.461026,0.
1779988854.561026,176.9744400668,1779988854.561026,0.
1779988854.661026,176.9744400668,1779988854.661026,0.
1779988854.7610261,176.9744400668,1779988854.7610261,0.
1779988854.861026,176.9744400668,1779988854.861026,0.
1779988854.961026,176.9744400668,1779988854.961026,0.
1779988855.061026,176.9744400668,1779988855.061026,0.
1779988855.161026,176.9744400668,1779988855.161026,0.
1779988855.2610261,176.9744400668,1779988855.2610261,0.
1779988855.361026,176.9744400668,1779988855.361026,0.
1779988855.461026,176.9744400668,1779988855.461026,0.
1779988855.561026,176.9744400668,1779988855.561026,0.
1779988855.661026,176.9744400668,1779988855.661026,0.
1779988855.7610261,176.9744400668,1779988855.7610261,0.
1779988855.861026,176.9744400668,1779988855.861026,0.
1779988855.961026,176.9744400668,1779988855.961026,0.
1779988856.061026,176.9744400668,1779988856.061026,0.
1779988856.161026,176.9744400668,1779988856.161026,0.
1779988856.2610261,176.9744400668,1779988856.2610261,0.
1779988856.361026,176.9744400668,1779988856.361026,0.
1779988856.461026,176.9744400668,1779988856.461026,0.
1779988856.561026,176.9744400668,1779988856.561026,0.
1779988856.661026,176.9744400668,1779988856.661026,0.
1779988856.7610261,176.9744400668,1779988856.7610261,0.
1779988856.861026,176.9744400668,1779988856.861026,0.
1779988856.961026,176.9744400668,1779988856.961026,0.
1779988857.061026,176.9744400668,1779988857.061026,0.
1779988857.161026,176.9744400668,1779988857.161026,0.
1779988857.2610261,176.9744400668,1779988857.2610261,0.
1779988857.361026,176.9744400668,1779988857.361026,0.
1779988857.461026,176.9744400668,1779988857.461026,0.
1779988857.561026,176.9744400668,1779988857.561026,0.
1779988857.661026,176.9744400668,1779988857.661026,0.
1779988857.7610261,176.9744400668,1779988857.7610261,0.
1779988857.861026,176.9744400668,1779988857.861026,0.
1779988857.961026,176.9744400668,1779988857.961026,0.
1779988858.061026,176.9744400668,1779988858.061026,0.
1779988858.161026,176.9744400668,1779988858.161026,0.
1779988858.2610261,176.9744400668,1779988858.2610261,0.
1779988858.361026,176.9744400668,1779988858.361026,0.
1779988858.461026,176.9744400668,1779988858.461026,0.
1779988858.561026,176.9744400668,1779988858.561026,0.
1779988858.661026,176.9744400668,1779988858.661026,0.
1779988858.7610261,176.9744400668,1779988858.7610261,0.
1779988858.861026,176.9744400668,1779988858.861026,0.
1779988858.961026,176.9744400668,1779988858.961026,0.
1779988859.061026,176.9744400668,1779988859.061026,0.
1779988859.161026,176.9744400668,1779988859.161026,0.
1779988859.2610261,176.9744400668,1779988859.2610261,0.
1779988859.361026,176.9744400668,1779988859.361026,0.
1779988859.461026,176.9744400668,1779988859.461026,0.
1779988859.561026,176.9744400668,1779988859.561026,0.
1779988859.661026,176.9744400668,1779988859.661026,0.
1779988859.7610261,176.9744400668,1779988859.7610261,0.
1779988859.861026,176.9744400668,1779988859.861026,0.
1779988859.961026,176.9744400668,1779988859.961026,0.
1779988860.061026,176.9744400668,1779988860.061026,0.
1779988860.161026,176.9744400668,1779988860.161026,0.
1779988860.2610261,176.9744400668,1779988860.2610261,0.
1779988860.361026,176.9744400668,1779988860.361026,0.
1779988860.461026,176.9744400668,1779988860.461026,0.
1779988860.561026,176.9744400668,1779988860.561026,0.
1779988860.661026,176.9744400668,1779988860.661026,0.
1779988860.7610261,176.9744400668,1779988860.7610261,0.
1779988860.861026,176.9744400668,1779988860.861026,0.
1779988860.961026,176.9744400668,1779988860.961026,0.
1779988861.061026,176.9744400668,1779988861.061026,0.
1779988861.161026,176.9744400668,1779988861.161026,0.
1779988861.2610261,176.9744400668,1779988861.2610261,0.
1779988861.361026,176.9744400668,1779988861.361026,0.
1779988861.461026,176.9744400668,1779988861.461026,0.
1779988861.561026,176.9744400668,1779988861.561026,0.
1779988861.661026,176.9744400668,1779988861.661026,0.
1779988861.7610261,176.9744400668,1779988861.7610261,0.
1779988861.861026,176.9744400668,1779988861.861026,0.
1779988861.961026,176.9744400668,1779988861.961026,0.
1779988862.061026,176.9744400668,1779988862.061026,0.
1779988862.161026,176.9744400668,1779988862.161026,0.
1779988862.2610261,176.9744400668,1779988862.2610261,0.
1779988862.361026,176.9744400668,1779988862.361026,0.
1779988862.461026,176.9744400668,1779988862.461026,0.
1779988862.561026,176.9744400668,1779988862.561026,0.
1779988862.661026,176.9744400668,1779988862.661026,0.
1779988862.7610261,176.9744400668,1779988862.7610261,0.
1779988862.861026,176.9744400668,1779988862.861026,0.
1779988862.961026,176.9744400668,1779988862.961026,0.
1779988863.061026,176.9744400668,1779988863.061026,0.
1779988863.161026,176.9744400668,1779988863.161026,0.
1779988863.2610261,176.9744400668,1779988863.2610261,0.
1779988863.361026,176.9744400668,1779988863.361026,0.
1779988863.461026,176.9744400668,1779988863.461026,0.
1779988863.561026,176.9744400668,1779988863.561026,0.
1779988863.661026,176.9744400668,1779988863.661026,0.
1779988863.7610261,176.9744400668,1779988863.7610261,0.
1779988863.861026,176.9744400668,1779988863.861026,0.
1779988863.961026,176.9744400668,1779988863.961026,0.
1779988864.061026,176.9744400668,1779988864.061026,0.
1779988864.161026,176.9744400668,1779988864.161026,0.
1779988864.2610261,176.9744400668,1779988864.2610261,0.
1779988864.361026,176.9744400668,1779988864.361026,0.
1779988864.461026,176.9744400668,1779988864.461026,0.
1779988864.561026,176.9744400668,1779988864.561026,0.
1779988864.661026,176.9744400668,1779988864.661026,0.
1779988864.7610261,176.9744400668,1779988864.7610261,0.
1779988864.861026,176.9744400668,1779988864.861026,0.
1779988864.961026,176.9744400668,1779988864.961026,0.
1779988865.061026,176.9744400668,1779988865.061026,0.
1779988865.161026,176.9744400668,1779988865.161026,0.
1779988865.2610261,176.9744400668,1779988865.2610261,0.
1779988865.361026,176.9744400668,1779988865.361026,0.
1779988865.461026,176.9744400668,1779988865.461026,0.
1779988865.561026,176.9744400668,1779988865.561026,0.
1779988865.661026,176.9744400668,1779988865.661026,0.
1779988865.7610261,176.9744400668,1779988865.7610261,0.
1779988865.861026,176.9744400668,1779988865.861026,0.
1779988865.961026,176.9744400668,1779988865.961026,0.
1779988866.061026,176.9744400668,1779988866.061026,0.
1779988866.161026,176.9744400668,1779988866.161026,0.
1779988866.2610261,176.9744400668,1779988866.2610261,0.
1779988866.361026,176.9744400668,1779988866.361026,0.
1779988866.461026,176.9744400668,1779988866.461026,0.
1779988866.561026,176.9744400668,1779988866.561026,0.
1779988866.661026,176.9744400668,1779988866.661026,0.
1779988866.7610261,176.9744400668,1779988866.7610261,0.
1779988866.861026,176.9744400668,1779988866.861026,0.
1779988866.961026,176.9744400668,1779988866.961026,0.
1779988867.061026,176.9744400668,1779988867.061026,0.
1779988867.161026,176.9744400668,1779988867.161026,0.
1779988867.2610261,176.9744400668,1779988867.2610261,0.
1779988867.361026,176.9744400668,1779988867.361026,0.
1779988867.461026,176.9744400668,1779988867.461026,0.
1779988867.561026,176.9744400668,1779988867.561026,0.
1779988867.661026,176.9744400668,1779988867.661026,0.
1779988867.7610261,176.9744400668,1779988867.7610261,0.
1779988867.861026,176.9744400668,1779988867.861026,0.
1779988867.961026,176.9744400668,1779988867.961026,0.
1779988868.061026,176.9744400668,1779988868.061026,0.
1779988868.161026,176.9744400668,1779988868.161026,0.
1779988868.2610261,176.9744400668,1779988868.2610261,0.
1779988868.361026,176.9744400668,1779988868.361026,0.
1779988868.461026,176.9744400668,1779988868.461026,0.
1779988868.561026,176.9744400668,1779988868.561026,0.
1779988868.661026,176.9744400668,1779988868.661026,0.
1779988868.7610261,176.9744400668,1779988868.7610261,0.
1779988868.861026,176.9744400668,1779988868.861026,0.
1779988868.961026,176.9744400668,1779988868.961026,0.
1779988869.061026,176.9744400668,1779988869.061026,0.
1779988869.161026,176.9744400668,1779988869.161026,0.
1779988869.2610261,176.9744400668,1779988869.2610261,0.
1779988869.361026,176.9744400668,1779988869.361026,0.
1779988869.461026,176.9744400668,1779988869.461026,0.
1779988869.561026,176.9744400668,1779988869.561026,0.
1779988869.661026,176.9744400668,1779988869.661026,0.
1779988869.7610261,176.9744400668,1779988869.7610261,0.
1779988869.861026,176.9744400668,1779988869.861026,0.
1779988869.961026,176.9744400668,1779988869.961026,0.
1779988870.061026,176.9744400668,1779988870.061026,0.
1779988870.161026,176.9744400668,1779988870.161026,0.
1779988870.2610261,176.9744400668,1779988870.2610261,0.
1779988870.361026,176.9744400668,1779988870.361026,0.
1779988870.461026,176.9744400668,1779988870.461026,0.
1779988870.561026,176.9744400668,1779988870.561026,0.
1779988870.661026,176.9744400668,1779988870.661026,0.
1779988870.7610261,176.9744400668,1779988870.7610261,0.
1779988870.861026,176.9744400668,1779988870.861026,0.
1779988870.961026,176.9744400668,1779988870.961026,0.
1779988871.061026,176.9744400668,1779988871.061026,0.
1779988871.161026,176.9744400668,1779988871.161026,0.
1779988871.2610261,176.9744400668,1779988871.2610261,0.
1779988871.361026,176.9744400668,1779988871.361026,0.
1779988871.461026,176.9744400668,1779988871.461026,0.
1779988871.561026,176.9744400668,1779988871.561026,0.
1779988871.661026,176.9744400668,1779988871.661026,0.
1779988871.7610261,176.9744400668,1779988871.7610261,0.
1779988871.861026,176.9744400668,1779988871.861026,0.
1779988871.961026,176.9744400668,1779988871.961026,0.
1779988872.061026,176.9744400668,1779988872.061026,0.
1779988872.161026,176.9744400668,1779988872.161026,0.
1779988872.2610261,176.9744400668,1779988872.2610261,0.
1779988872.361026,176.9744400668,1779988872.361026,0.
1779988872.461026,176.9744400668,1779988872.461026,0.
1779988872.561026,176.9744400668,1779988872.561026,0.
1779988872.661026,176.9744400668,1779988872.661026,0.
1779988872.7610261,176.9744400668,1779988872.7610261,0.
1779988872.861026,176.9744400668,1779988872.861026,0.
1779988872.961026,176.9744400668,1779988872.961026,0.
1779988873.061026,176.9744400668,1779988873.061026,0.
1779988873.161026,176.9744400668,1779988873.161026,0.
1779988873.2610261,176.9744400668,1779988873.2610261,0.
1779988873.361026,176.9744400668,1779988873.361026,0.
1779988873.461026,176.9744400668,1779988873.461026,0.
1779988873.561026,176.9744400668,1779988873.561026,0.
1779988873.661026,176.9744400668,1779988873.661026,0.
1779988873.7610261,176.9744400668,1779988873.7610261,0.
1779988873.861026,176.9744400668,1779988873.861026,0.
1779988873.961026,176.9744400668,1779988873.961026,0.
1779988874.061026,176.9744400668,1779988874.061026,0.
1779988874.161026,176.9744400668,1779988874.161026,0.
1779988874.2610261,176.9744400668,1779988874.2610261,0.
1779988874.361026,176.9744400668,1779988874.361026,0.
1779988874.461026,176.9744400668,1779988874.461026,0.
1779988874.561026,176.9744400668,1779988874.561026,0.
1779988874.661026,176.9744400668,1779988874.661026,0.
1779988874.7610261,176.9744400668,1779988874.7610261,0.
1779988874.861026,176.9744400668,1779988874.861026,0.
1779988874.961026,176.9744400668,1779988874.961026,0.
1779988875.061026,176.9744400668,1779988875.061026,0.
1779988875.161026,176.9744400668,1779988875.161026,0.
1779988875.2610261,176.9744400668,1779988875.2610261,0.
1779988875.361026,176.9744400668,1779988875.361026,0.
1779988875.461026,176.9744400668,1779988875.461026,0.
1779988875.561026,176.9744400668,1779988875.561026,0.
1779988875.661026,176.9744400668,1779988875.661026,0.
1779988875.7610261,176.9744400668,1779988875.7610261,0.
1779988875.861026,176.9744400668,1779988875.861026,0.
1779988875.961026,176.9744400668,1779988875.961026,0.
1779988876.061026,176.9744400668,1779988876.061026,0.
1779988876.161026,176.9744400668,1779988876.161026,0.
1779988876.2610261,176.9744400668,1779988876.2610261,0.
1779988876.361026,176.9744400668,1779988876.361026,0.
1779988876.461026,176.9744400668,1779988876.461026,0.
1779988876.561026,176.9744400668,1779988876.561026,0.
1779988876.661026,176.9744400668,1779988876.661026,0.
1779988876.7610261,176.9744400668,1779988876.7610261,0.
1779988876.861026,176.9744400668,1779988876.861026,0.
1779988876.961026,176.9744400668,1779988876.961026,0.
1779988877.061026,176.9744400668,1779988877.061026,0.
1779988877.161026,176.9744400668,1779988877.161026,0.
1779988877.2610261,176.9744400668,1779988877.2610261,0.
1779988877.361026,176.9744400668,1779988877.361026,0.
1779988877.461026,176.9744400668,1779988877.461026,0.
1779988877.561026,176.9744400668,1779988877.561026,0.
1779988877.661026,176.9744400668,1779988877.661026,0.
1779988877.7610261,176.9744400668,1779988877.7610261,0.
1779988877.861026,176.9744400668,1779988877.861026,0.
1779988877.961026,176.9744400668,1779988877.961026,0.
1779988878.061026,176.9744400668,1779988878.061026,0.
1779988878.161026,176.9744400668,1779988878.161026,0.
1779988878.2610261,176.9744400668,1779988878.2610261,0.
1779988878.361026,176.9744400668,1779988878.361026,0.
1779988878.461026,176.9744400668,1779988878.461026,0.
1779988878.561026,176.9744400668,1779988878.561026,0.
1779988878.661026,176.9744400668,1779988878.661026,0.
1779988878.7610261,176.9744400668,1779988878.7610261,0.
1779988878.861026,176.9744400668,1779988878.861026,0.
1779988878.961026,176.9744400668,1779988878.961026,0.
1779988879.061026,176.9744400668,1779988879.061026,0.
1779988879.161026,176.9744400668,1779988879.161026,0.
1779988879.2610261,176.9744400668,1779988879.2610261,0.
1779988879.361026,176.9744400668,1779988879.361026,0.
1779988879.461026,176.9744400668,1779988879.461026,0.
1779988879.561026,176.9744400668,1779988879.561026,0.
1779988879.661026,176.9744400668,1779988879.661026,0.
1779988879.7610261,176.9744400668,1779988879.7610261,0.
1779988879.861026,176.9744400668,1779988879.861026,0.
1779988879.961026,176.9744400668,1779988879.961026,0.
1779988880.061026,176.9744400668,1779988880.061026,0.
1779988880.161026,176.9744400668,1779988880.161026,0.
1779988880.2610261,176.9744400668,1779988880.2610261,0.
1779988880.361026,176.9744400668,1779988880.361026,0.
1779988880.461026,176.9744400668,1779988880.461026,0.
1779988880.561026,176.9744400668,1779988880.561026,0.
1779988880.661026,176.9744400668,1779988880.661026,0.
1779988880.7610261,176.9744400668,1779988880.7610261,0.
1779988880.861026,176.9744400668,1779988880.861026,0.
1779988880.961026,176.9744400668,1779988880.961026,0.
1779988881.061026,176.9744400668,1779988881.061026,0.
1779988881.161026,176.9744400668,1779988881.161026,0.
1779988881.2610261,176.9744400668,1779988881.2610261,0.
1779988881.361026,176.9744400668,1779988881.361026,0.
1779988881.461026,176.9744400668,1779988881.461026,0.
1779988881.561026,176.9744400668,1779988881.561026,0.
1779988881.661026,176.9744400668,1779988881.661026,0.
1779988881.7610261,176.9744400668,1779988881.7610261,0.
1779988881.861026,176.9744400668,1779988881.861026,0.
1779988881.961026,176.9744400668,1779988881.961026,0.
1779988882.061026,176.9744400668,1779988882.061026,0.
1779988882.161026,176.9744400668,1779988882.161026,0.
1779988882.2610261,176.9744400668,1779988882.2610261,0.
1779988882.361026,176.9744400668,1779988882.361026,0.
1779988882.461026,176.9744400668,1779988882.461026,0.
1779988882.561026,176.9744400668,1779988882.561026,0.
1779988882.661026,176.9744400668,1779988882.661026,0.
1779988882.7610261,176.9744400668,1779988882.7610261,0.
1779988882.861026,176.9744400668,1779988882.861026,0.
1779988882.961026,176.9744400668,1779988882.961026,0.
1779988883.061026,176.9744400668,1779988883.061026,0.
1779988883.161026,176.9744400668,1779988883.161026,0.
1779988883.2610261,176.9744400668,1779988883.2610261,0.
1779988883.361026,176.9744400668,1779988883.361026,0.
1779988883.461026,176.9744400668,1779988883.461026,0.
1779988883.561026,176.9744400668,1779988883.561026,0.
1779988883.661026,176.9744400668,1779988883.661026,0.
1779988883.7610261,176.9744400668,1779988883.7610261,0.
1779988883.861026,176.9744400668,1779988883.861026,0.
1779988883.961026,176.9744400668,1779988883.961026,0.
1779988884.061026,176.9744400668,1779988884.061026,0.
1779988884.161026,176.9744400668,1779988884.161026,0.
1779988884.2610261,176.9744400668,1779988884.2610261,0.
1779988884.361026,176.9744400668,1779988884.361026,0.
1779988884.461026,176.9744400668,1779988884.461026,0.
1779988884.561026,176.9744400668,1779988884.561026,0.
1779988884.661026,176.9744400668,1779988884.661026,0.
1779988884.7610261,176.9744400668,1779988884.7610261,0.
1779988884.861026,176.9744400668,1779988884.861026,0.
1779988884.961026,176.9744400668,1779988884.961026,0.
1779988885.061026,176.9744400668,1779988885.061026,0.
1779988885.161026,176.9744400668,1779988885.161026,0.
1779988885.2610261,176.9744400668,1779988885.2610261,0.
1779988885.361026,176.9744400668,1779988885.361026,0.
1779988885.461026,176.9744400668,1779988885.461026,0.
1779988885.561026,176.9744400668,1779988885.561026,0.
1779988885.661026,176.9744400668,1779988885.661026,0.
1779988885.7610261,176.9744400668,1779988885.7610261,0.
1779988885.861026,176.9744400668,1779988885.861026,0.
1779988885.961026,176.9744400668,1779988885.961026,0.
1779988886.061026,176.9744400668,1779988886.061026,0.
1779988886.161026,176.9744400668,1779988886.161026,0.
1779988886.2610261,176.9744400668,1779988886.2610261,0.
1779988886.361026,176.9744400668,1779988886.361026,0.
1779988886.461026,176.9744400668,1779988886.461026,0.
1779988886.561026,176.9744400668,1779988886.561026,0.
1779988886.661026,176.9744400668,1779988886.661026,0.
1779988886.7610261,176.9744400668,1779988886.7610261,0.
1779988886.861026,176.9744400668,1779988886.861026,0.
1779988886.961026,176.9744400668,1779988886.961026,0.
1779988887.061026,176.9744400668,1779988887.061026,0.
1779988887.161026,176.9744400668,1779988887.161026,0.
1779988887.2610261,176.9744400668,1779988887.2610261,0.
1779988887.361026,176.9744400668,1779988887.361026,0.
1779988887.461026,176.9744400668,1779988887.461026,0.
1779988887.561026,176.9744400668,1779988887.561026,0.
1779988887.661026,176.9744400668,1779988887.661026,0.
1779988887.7610261,176.9744400668,1779988887.7610261,0.
1779988887.861026,176.9744400668,1779988887.861026,0.
1779988887.961026,176.9744400668,1779988887.961026,0.
1779988888.061026,176.9744400668,1779988888.061026,0.
1779988888.161026,176.9744400668,1779988888.161026,0.
1779988888.2610261,176.9744400668,1779988888.2610261,0.
1779988888.361026,176.9744400668,1779988888.361026,0.
1779988888.461026,176.9744400668,1779988888.461026,0.
1779988888.561026,176.9744400668,1779988888.561026,0.
1779988888.661026,176.9744400668,1779988888.661026,0.
1779988888.7610261,176.9744400668,1779988888.7610261,0.
1779988888.861026,176.9744400668,1779988888.861026,0.
1779988888.961026,176.9744400668,1779988888.961026,0.
1779988889.061026,176.9744400668,1779988889.061026,0.
1779988889.161026,176.9744400668,1779988889.161026,0.
1779988889.2610261,176.9744400668,1779988889.2610261,0.
1779988889.361026,176.9744400668,1779988889.361026,0.
1779988889.461026,176.9744400668,1779988889.461026,0.
1779988889.561026,176.9744400668,1779988889.561026,0.
1779988889.661026,176.9744400668,1779988889.661026,0.
1779988889.7610261,176.9744400668,1779988889.7610261,0.
1779988889.861026,176.9744400668,1779988889.861026,0.
1779988889.961026,176.9744400668,1779988889.961026,0.
1779988890.061026,176.9744400668,1779988890.061026,0.
1779988890.161026,176.9744400668,1779988890.161026,0.
1779988890.2610261,176.9744400668,1779988890.2610261,0.
1779988890.361026,176.9744400668,1779988890.361026,0.
1779988890.461026,176.9744400668,1779988890.461026,0.
1779988890.561026,176.9744400668,1779988890.561026,0.
1779988890.661026,176.9744400668,1779988890.661026,0.
1779988890.7610261,176.9744400668,1779988890.7610261,0.
1779988890.861026,176.9744400668,1779988890.861026,0.
1779988890.961026,176.9744400668,1779988890.961026,0.
1779988891.061026,176.9744400668,1779988891.061026,0.
1779988891.161026,176.9744400668,1779988891.161026,0.
1779988891.2610261,176.9744400668,1779988891.2610261,0.
1779988891.361026,176.9744400668,1779988891.361026,0.
1779988891.461026,176.9744400668,1779988891.461026,0.
1779988891.561026,176.9744400668,1779988891.561026,0.
1779988891.661026,176.9744400668,1779988891.661026,0.
1779988891.7610261,176.9744400668,1779988891.7610261,0.
1779988891.861026,176.9744400668,1779988891.861026,0.
1779988891.961026,176.9744400668,1779988891.961026,0.
1779988892.061026,176.9744400668,1779988892.061026,0.
1779988892.161026,176.9744400668,1779988892.161026,0.
1779988892.2610261,176.9744400668,1779988892.2610261,0.
1779988892.361026,176.9744400668,1779988892.361026,0.
1779988892.461026,176.9744400668,1779988892.461026,0.
1779988892.561026,176.9744400668,1779988892.561026,0.
1779988892.661026,176.9744400668,1779988892.661026,0.
1779988892.7610261,176.9744400668,1779988892.7610261,0.
1779988892.861026,176.9744400668,1779988892.861026,0.
1779988892.961026,176.9744400668,1779988892.961026,0.
1779988893.061026,176.9744400668,1779988893.061026,0.
1779988893.161026,176.9744400668,1779988893.161026,0.
1779988893.2610261,176.9744400668,1779988893.2610261,0.
1779988893.361026,176.9744400668,1779988893.361026,0.
1779988893.461026,176.9744400668,1779988893.461026,0.
1779988893.561026,176.9744400668,1779988893.561026,0.
1779988893.661026,176.9744400668,1779988893.661026,0.
1779988893.7610261,176.9744400668,1779988893.7610261,0.
1779988893.861026,176.9744400668,1779988893.861026,0.
1779988893.961026,176.9744400668,1779988893.961026,0.
1779988894.061026,176.9744400668,1779988894.061026,0.
1779988894.161026,176.9744400668,1779988894.161026,0.
1779988894.2610261,176.9744400668,1779988894.2610261,0.
1779988894.361026,176.9744400668,1779988894.361026,0.
1779988894.461026,176.9744400668,1779988894.461026,0.
1779988894.561026,176.9744400668,1779988894.561026,0.
1779988894.661026,176.9744400668,1779988894.661026,0.
1779988894.7610261,176.9744400668,1779988894.7610261,0.
1779988894.861026,176.9744400668,1779988894.861026,0.
1779988894.961026,176.9744400668,1779988894.961026,0.
1779988895.061026,176.9744400668,1779988895.061026,0.
1779988895.161026,176.9744400668,1779988895.161026,0.
1779988895.2610261,176.9744400668,1779988895.2610261,0.
1779988895.361026,176.9744400668,1779988895.361026,0.
1779988895.461026,176.9744400668,1779988895.461026,0.
1779988895.561026,176.9744400668,1779988895.561026,0.
1779988895.661026,176.9744400668,1779988895.661026,0.
1779988895.7610261,176.9744400668,1779988895.7610261,0.
1779988895.861026,176.9744400668,1779988895.861026,0.
1779988895.961026,176.9744400668,1779988895.961026,0.
1779988896.061026,176.9744400668,1779988896.061026,0.
1779988896.161026,176.9744400668,1779988896.161026,0.
1779988896.2610261,176.9744400668,1779988896.2610261,0.
1779988896.361026,176.9744400668,1779988896.361026,0.
1779988896.461026,176.9744400668,1779988896.461026,0.
1779988896.561026,176.9744400668,1779988896.561026,0.
1779988896.661026,176.9744400668,1779988896.661026,0.
1779988896.7610261,176.9744400668,1779988896.7610261,0.
1779988896.861026,176.9744400668,1779988896.861026,0.
1779988896.961026,176.9744400668,1779988896.961026,0.
1779988897.061026,176.9744400668,1779988897.061026,0.
1779988897.161026,176.9744400668,1779988897.161026,0.
1779988897.2610261,176.9744400668,1779988897.2610261,0.
1779988897.361026,176.9744400668,1779988897.361026,0.
1779988897.461026,176.9744400668,1779988897.461026,0.
1779988897.561026,176.9744400668,1779988897.561026,0.
1779988897.661026,176.9744400668,1779988897.661026,0.
1779988897.7610261,176.9744400668,1779988897.7610261,0.
1779988897.861026,176.9744400668,1779988897.861026,0.
1779988897.961026,176.9744400668,1779988897.961026,0.
1779988898.061026,176.9744400668,1779988898.061026,0.
1779988898.161026,176.9744400668,1779988898.161026,0.
1779988898.2610261,176.9744400668,1779988898.2610261,0.
1779988898.361026,176.9744400668,1779988898.361026,0.
1779988898.461026,176.9744400668,1779988898.461026,0.
1779988898.561026,176.9744400668,1779988898.561026,0.
1779988898.661026,176.9744400668,1779988898.661026,0.
1779988898.7610261,176.9744400668,1779988898.7610261,0.
1779988898.861026,176.9744400668,1779988898.861026,0.
1779988898.961026,176.9744400668,1779988898.961026,0.
1779988899.061026,176.9744400668,1779988899.061026,0.
1779988899.161026,176.9744400668,1779988899.161026,0.
1779988899.2610261,176.9744400668,1779988899.2610261,0.
1779988899.361026,176.9744400668,1779988899.361026,0.
1779988899.461026,176.9744400668,1779988899.461026,0.
1779988899.561026,176.9744400668,1779988899.561026,0.
1779988899.661026,176.9744400668,1779988899.661026,0.
1779988899.7610261,176.9744400668,1779988899.7610261,0.
1779988899.861026,176.9744400668,1779988899.861026,0.
1779988899.961026,176.9744400668,1779988899.961026,0.
1779988900.061026,176.9744400668,1779988900.061026,0.
1779988900.161026,176.9744400668,1779988900.161026,0.
1779988900.2610261,176.9744400668,1779988900.2610261,0.
1779988900.361026,176.9744400668,1779988900.361026,0.
1779988900.461026,176.9744400668,1779988900.461026,0.
1779988900.561026,176.9744400668,1779988900.561026,0.
1779988900.661026,176.9744400668,1779988900.661026,0.
1779988900.7610261,176.9744400668,1779988900.7610261,0.
1779988900.861026,176.9744400668,1779988900.861026,0.
1779988900.961026,176.9744400668,1779988900.961026,0.
1779988901.061026,176.9744400668,1779988901.061026,0.
1779988901.161026,176.9744400668,1779988901.161026,0.
1779988901.2610261,176.9744400668,1779988901.2610261,0.
1779988901.361026,176.9744400668,1779988901.361026,0.
1779988901.461026,176.9744400668,1779988901.461026,0.
1779988901.561026,176.9744400668,1779988901.561026,0.
1779988901.661026,176.9744400668,1779988901.661026,0.
1779988901.7610261,176.9744400668,1779988901.7610261,0.
1779988901.861026,176.9744400668,1779988901.861026,0.
1779988901.961026,176.9744400668,1779988901.961026,0.
1779988902.061026,176.9744400668,1779988902.061026,0.
1779988902.161026,176.9744400668,1779988902.161026,0.
1779988902.2610261,176.9744400668,1779988902.2610261,0.
1779988902.361026,176.9744400668,1779988902.361026,0.
1779988902.461026,176.9744400668,1779988902.461026,0.
1779988902.561026,176.9744400668,1779988902.561026,0.
1779988902.661026,176.9744400668,1779988902.661026,0.
1779988902.7610261,176.9744400668,1779988902.7610261,0.
1779988902.861026,176.9744400668,1779988902.861026,0.
1779988902.961026,176.9744400668,1779988902.961026,0.
1779988903.061026,176.9744400668,1779988903.061026,0.
1779988903.161026,176.9744400668,1779988903.161026,0.
1779988903.2610261,176.9744400668,1779988903.2610261,0.
1779988903.361026,176.9744400668,1779988903.361026,0.
1779988903.461026,176.9744400668,1779988903.461026,0.
1779988903.561026,176.9744400668,1779988903.561026,0.
1779988903.661026,176.9744400668,1779988903.661026,0.
1779988903.7610261,176.9744400668,1779988903.7610261,0.
1779988903.861026,176.9744400668,1779988903.861026,0.
1779988903.961026,176.9744400668,1779988903.961026,0.
1779988904.061026,176.9744400668,1779988904.061026,0.
1779988904.161026,176.9744400668,1779988904.161026,0.
1779988904.2610261,176.9744400668,1779988904.2610261,0.
1779988904.361026,176.9744400668,1779988904.361026,0.
1779988904.461026,176.9744400668,1779988904.461026,0.
1779988904.561026,176.9744400668,1779988904.561026,0.
1779988904.661026,176.9744400668,1779988904.661026,0.
1779988904.7610261,176.9744400668,1779988904.7610261,0.
1779988904.861026,176.9744400668,1779988904.861026,0.
1779988904.961026,176.9744400668,1779988904.961026,0.
1779988905.061026,176.9744400668,1779988905.061026,0.
1779988905.161026,176.9744400668,1779988905.161026,0.
1779988905.2610261,176.9744400668,1779988905.2610261,0.
1779988905.361026,176.9744400668,1779988905.361026,0.
1779988905.461026,176.9744400668,1779988905.461026,0.
1779988905.561026,176.9744400668,1779988905.561026,0.
1779988905.661026,176.9744400668,1779988905.661026,0.
1779988905.7610261,176.9744400668,1779988905.7610261,0.
1779988905.861026,176.9744400668,1779988905.861026,0.
1779988905.961026,176.9744400668,1779988905.961026,0.
1779988906.061026,176.9744400668,1779988906.061026,0.
1779988906.161026,176.9744400668,1779988906.161026,0.
1779988906.2610261,176.9744400668,1779988906.2610261,0.
1779988906.361026,176.9744400668,1779988906.361026,0.
1779988906.461026,176.9744400668,1779988906.461026,0.
1779988906.561026,176.9744400668,1779988906.561026,0.
1779988906.661026,176.9744400668,1779988906.661026,0.
1779988906.7610261,176.9744400668,1779988906.7610261,0.
1779988906.861026,176.9744400668,1779988906.861026,0.
1779988906.961026,176.9744400668,1779988906.961026,0.
1779988907.061026,176.9744400668,1779988907.061026,0.
1779988907.161026,176.9744400668,1779988907.161026,0.
1779988907.2610261,176.9744400668,1779988907.2610261,0.
1779988907.361026,176.9744400668,1779988907.361026,0.
1779988907.461026,176.9744400668,1779988907.461026,0.
1779988907.561026,176.9744400668,1779988907.561026,0.
1779988907.661026,176.9744400668,1779988907.661026,0.
1779988907.7610261,176.9744400668,1779988907.7610261,0.
1779988907.861026,176.9744400668,1779988907.861026,0.
1779988907.961026,176.9744400668,1779988907.961026,0.
1779988908.061026,176.9744400668,1779988908.061026,0.
1779988908.161026,176.9744400668,1779988908.161026,0.
1779988908.2610261,176.9744400668,1779988908.2610261,0.
1779988908.361026,176.9744400668,1779988908.361026,0.
1779988908.461026,176.9744400668,1779988908.461026,0.
1779988908.561026,176.9744400668,1779988908.561026,0.
1779988908.661026,176.9744400668,1779988908.661026,0.
1779988908.7610261,176.9744400668,1779988908.7610261,0.
1779988908.861026,176.9744400668,1779988908.861026,0.
1779988908.961026,176.9744400668,1779988908.961026,0.
1779988909.061026,176.9744400668,1779988909.061026,0.
1779988909.161026,176.9744400668,1779988909.161026,0.
1779988909.2610261,176.9744400668,1779988909.2610261,0.
1779988909.361026,176.9744400668,1779988909.361026,0.
1779988909.461026,176.9744400668,1779988909.461026,0.
1779988909.561026,176.9744400668,1779988909.561026,0.
1779988909.661026,176.9744400668,1779988909.661026,0.
1779988909.7610261,176.9744400668,1779988909.7610261,0.
1779988909.861026,176.9744400668,1779988909.861026,0.
1779988909.961026,176.9744400668,1779988909.961026,0.
1779988910.061026,176.9744400668,1779988910.061026,0.
1779988910.161026,176.9744400668,1779988910.161026,0.
1779988910.2610261,176.9744400668,1779988910.2610261,0.
1779988910.361026,176.9744400668,1779988910.361026,0.
1779988910.461026,176.9744400668,1779988910.461026,0.
1779988910.561026,176.9744400668,1779988910.561026,0.
1779988910.661026,176.9744400668,1779988910.661026,0.
1779988910.7610261,176.9744400668,1779988910.7610261,0.
1779988910.861026,176.9744400668,1779988910.861026,0.
1779988910.961026,176.9744400668,1779988910.961026,0.
1779988911.061026,176.9744400668,1779988911.061026,0.
1779988911.161026,176.9744400668,1779988911.161026,0.
1779988911.2610261,176.9744400668,1779988911.2610261,0.
1779988911.361026,176.9744400668,1779988911.361026,0.
1779988911.461026,176.9744400668,1779988911.461026,0.
1779988911.561026,176.9744400668,1779988911.561026,0.
1779988911.661026,176.9744400668,1779988911.661026,0.
1779988911.7610261,176.9744400668,1779988911.7610261,0.
1779988911.861026,176.9744400668,1779988911.861026,0.
1779988911.961026,176.9744400668,1779988911.961026,0.
1779988912.061026,176.9744400668,1779988912.061026,0.
1779988912.161026,176.9744400668,1779988912.161026,0.
1779988912.2610261,176.9744400668,1779988912.2610261,0.
1779988912.361026,176.9744400668,1779988912.361026,0.
1779988912.461026,176.9744400668,1779988912.461026,0.
1779988912.561026,176.9744400668,1779988912.561026,0.
1779988912.661026,176.9744400668,1779988912.661026,0.
1779988912.7610261,176.9744400668,1779988912.7610261,0.
1779988912.861026,176.9744400668,1779988912.861026,0.
1779988912.961026,176.9744400668,1779988912.961026,0.
1779988913.061026,176.9744400668,1779988913.061026,0.
1779988913.161026,176.9744400668,1779988913.161026,0.
1779988913.2610261,176.9744400668,1779988913.2610261,0.
1779988913.361026,176.9744400668,1779988913.361026,0.
1779988913.461026,176.9744400668,1779988913.461026,0.
1779988913.561026,176.9744400668,1779988913.561026,0.
1779988913.661026,176.9744400668,1779988913.661026,0.
1779988913.7610261,176.9744400668,1779988913.7610261,0.
1779988913.861026,176.9744400668,1779988913.861026,0.
1779988913.961026,176.9744400668,1779988913.961026,0.
1779988914.061026,176.9744400668,1779988914.061026,0.
1779988914.161026,176.9744400668,1779988914.161026,0.
1779988914.2610261,176.9744400668,1779988914.2610261,0.
1779988914.361026,176.9744400668,1779988914.361026,0.
1779988914.461026,176.9744400668,1779988914.461026,0.
1779988914.561026,176.9744400668,1779988914.561026,0.
1779988914.661026,176.9744400668,1779988914.661026,0.
1779988914.7610261,176.9744400668,1779988914.7610261,0.
1779988914.861026,176.9744400668,1779988914.861026,0.
1779988914.961026,176.9744400668,1779988914.961026,0.
1779988915.061026,176.9744400668,1779988915.061026,0.
1779988915.161026,176.9744400668,1779988915.161026,0.
1779988915.2610261,176.9744400668,1779988915.2610261,0.
1779988915.361026,176.9744400668,1779988915.361026,0.
1779988915.461026,176.9744400668,1779988915.461026,0.
1779988915.561026,176.9744400668,1779988915.561026,0.
1779988915.661026,176.9744400668,1779988915.661026,0.
1779988915.7610261,176.9744400668,1779988915.7610261,0.
1779988915.861026,176.9744400668,1779988915.861026,0.
1779988915.961026,176.9744400668,1779988915.961026,0.
1779988916.061026,176.9744400668,1779988916.061026,0.
1779988916.161026,176.9744400668,1779988916.161026,0.
1779988916.2610261,176.9744400668,1779988916.2610261,0.
1779988916.361026,176.9744400668,1779988916.361026,0.
1779988916.461026,176.9744400668,1779988916.461026,0.
1779988916.561026,176.9744400668,1779988916.561026,0.
1779988916.661026,176.9744400668,1779988916.661026,0.
1779988916.7610261,176.9744400668,1779988916.7610261,0.
1779988916.861026,176.9744400668,1779988916.861026,0.
1779988916.961026,176.9744400668,1779988916.961026,0.
1779988917.061026,176.9744400668,1779988917.061026,0.
1779988917.161026,176.9744400668,1779988917.161026,0.
1779988917.2610261,176.9744400668,1779988917.2610261,0.
1779988917.361026,176.9744400668,1779988917.361026,0.
1779988917.461026,176.9744400668,1779988917.461026,0.
1779988917.561026,176.9744400668,1779988917.561026,0.
1779988917.661026,176.9744400668,1779988917.661026,0.
1779988917.7610261,176.9744400668,1779988917.7610261,0.
1779988917.861026,176.9744400668,1779988917.861026,0.
1779988917.961026,176.9744400668,1779988917.961026,0.
1779988918.061026,176.9744400668,1779988918.061026,0.
1779988918.161026,176.9744400668,1779988918.161026,0.
1779988918.2610261,176.9744400668,1779988918.2610261,0.
1779988918.361026,176.9744400668,1779988918.361026,0.
1779988918.461026,176.9744400668,1779988918.461026,0.
1779988918.561026,176.9744400668,1779988918.561026,0.
1779988918.661026,176.9744400668,1779988918.661026,0.
1779988918.7610261,176.9744400668,1779988918.7610261,0.
1779988918.861026,176.9744400668,1779988918.861026,0.
1779988918.961026,176.9744400668,1779988918.961026,0.
1779988919.061026,176.9744400668,1779988919.061026,0.
1779988919.161026,176.9744400668,1779988919.161026,0.
1779988919.2610261,176.9744400668,1779988919.2610261,0.
1779988919.361026,176.9744400668,1779988919.361026,0.
1779988919.461026,176.9744400668,1779988919.461026,0.
1779988919.561026,176.9744400668,1779988919.561026,0.
1779988919.661026,176.9744400668,1779988919.661026,0.
1779988919.7610261,176.9744400668,1779988919.7610261,0.
1779988919.861026,176.9744400668,1779988919.861026,0.
1779988919.961026,176.9744400668,1779988919.961026,0.
1779988920.061026,176.9744400668,1779988920.061026,0.
1779988920.161026,176.9744400668,1779988920.161026,0.
1779988920.2610261,176.9744400668,1779988920.2610261,0.
1779988920.361026,176.9744400668,1779988920.361026,0.
1779988920.461026,176.9744400668,1779988920.461026,0.
1779988920.561026,176.9744400668,1779988920.561026,0.
1779988920.661026,176.9744400668,1779988920.661026,0.
1779988920.7610261,176.9744400668,1779988920.7610261,0.
1779988920.861026,176.9744400668,1779988920.861026,0.
1779988920.961026,176.9744400668,1779988920.961026,0.
1779988921.061026,176.9744400668,1779988921.061026,0.
1779988921.161026,176.9744400668,1779988921.161026,0.
1779988921.2610261,176.9744400668,1779988921.2610261,0.
1779988921.361026,176.9744400668,1779988921.361026,0.
1779988921.461026,176.9744400668,1779988921.461026,0.
1779988921.561026,176.9744400668,1779988921.561026,0.
1779988921.661026,176.9744400668,1779988921.661026,0.
1779988921.7610261,176.9744400668,1779988921.7610261,0.
1779988921.861026,176.9744400668,1779988921.861026,0.
1779988921.961026,176.9744400668,1779988921.961026,0.
1779988922.061026,176.9744400668,1779988922.061026,0.
1779988922.161026,176.9744400668,1779988922.161026,0.
1779988922.2610261,176.9744400668,1779988922.2610261,0.
1779988922.361026,176.9744400668,1779988922.361026,0.
1779988922.461026,176.9744400668,1779988922.461026,0.
1779988922.561026,176.9744400668,1779988922.561026,0.
1779988922.661026,176.9744400668,1779988922.661026,0.
1779988922.7610261,176.9744400668,1779988922.7610261,0.
1779988922.861026,176.9744400668,1779988922.861026,0.
1779988922.961026,176.9744400668,1779988922.961026,0.
1779988923.061026,176.9744400668,1779988923.061026,0.
1779988923.161026,176.9744400668,1779988923.161026,0.
1779988923.2610261,176.9744400668,1779988923.2610261,0.
1779988923.361026,176.9744400668,1779988923.361026,0.
1779988923.461026,176.9744400668,1779988923.461026,0.
1779988923.561026,176.9744400668,1779988923.561026,0.
1779988923.661026,176.9744400668,1779988923.661026,0.
1779988923.7610261,176.9744400668,1779988923.7610261,0.
1779988923.861026,176.9744400668,1779988923.861026,0.
1779988923.961026,176.9744400668,1779988923.961026,0.
1779988924.061026,176.9744400668,1779988924.061026,0.
1779988924.161026,176.9744400668,1779988924.161026,0.
1779988924.2610261,176.9744400668,1779988924.2610261,0.
1779988924.361026,176.9744400668,1779988924.361026,0.
1779988924.461026,176.9744400668,1779988924.461026,0.
1779988924.561026,176.9744400668,1779988924.561026,0.
1779988924.661026,176.9744400668,1779988924.661026,0.
1779988924.7610261,176.9744400668,1779988924.7610261,0.
1779988924.861026,176.9744400668,1779988924.861026,0.
1779988924.961026,176.9744400668,1779988924.961026,0.
1779988925.061026,176.9744400668,1779988925.061026,0.
1779988925.161026,176.9744400668,1779988925.161026,0.
1779988925.2610261,176.9744400668,1779988925.2610261,0.
1779988925.361026,176.9744400668,1779988925.361026,0.
1779988925.461026,176.9744400668,1779988925.461026,0.
1779988925.561026,176.9744400668,1779988925.561026,0.
1779988925.661026,176.9744400668,1779988925.661026,0.
1779988925.7610261,176.9744400668,1779988925.7610261,0.
1779988925.861026,176.9744400668,1779988925.861026,0.
1779988925.961026,176.9744400668,1779988925.961026,0.
1779988926.061026,176.9744400668,1779988926.061026,0.
1779988926.161026,176.9744400668,1779988926.161026,0.
1779988926.2610261,176.9744400668,1779988926.2610261,0.
1779988926.361026,176.9744400668,1779988926.361026,0.
1779988926.461026,176.9744400668,1779988926.461026,0.
1779988926.561026,176.9744400668,1779988926.561026,0.
1779988926.661026,176.9744400668,1779988926.661026,0.
1779988926.7610261,176.9744400668,1779988926.7610261,0.
1779988926.861026,176.9744400668,1779988926.861026,0.
1779988926.961026,176.9744400668,1779988926.961026,0.
1779988927.061026,176.9744400668,1779988927.061026,0.
1779988927.161026,176.9744400668,1779988927.161026,0.
1779988927.2610261,176.9744400668,1779988927.2610261,0.
1779988927.361026,176.9744400668,1779988927.361026,0.
1779988927.461026,176.9744400668,1779988927.461026,0.
1779988927.561026,176.9744400668,1779988927.561026,0.
1779988927.661026,176.9744400668,1779988927.661026,0.
1779988927.7610261,176.9744400668,1779988927.7610261,0.
1779988927.861026,176.9744400668,1779988927.861026,0.
1779988927.961026,176.9744400668,1779988927.961026,0.
1779988928.061026,176.9744400668,1779988928.061026,0.
1779988928.161026,176.9744400668,1779988928.161026,0.
1779988928.2610261,176.9744400668,1779988928.2610261,0.
1779988928.361026,176.9744400668,1779988928.361026,0.
1779988928.461026,176.9744400668,1779988928.461026,0.
1779988928.561026,176.9744400668,1779988928.561026,0.
1779988928.661026,176.9744400668,1779988928.661026,0.
1779988928.7610261,176.9744400668,1779988928.7610261,0.
1779988928.861026,176.9744400668,1779988928.861026,0.
1779988928.961026,176.9744400668,1779988928.961026,0.
1779988929.061026,176.9744400668,1779988929.061026,0.
1779988929.161026,176.9744400668,1779988929.161026,0.
1779988929.2610261,176.9744400668,1779988929.2610261,0.
1779988929.361026,176.9744400668,1779988929.361026,0.
1779988929.461026,176.9744400668,1779988929.461026,0.
1779988929.561026,176.9744400668,1779988929.561026,0.
1779988929.661026,176.9744400668,1779988929.661026,0.
1779988929.7610261,176.9744400668,1779988929.7610261,0.
1779988929.861026,176.9744400668,1779988929.861026,0.
1779988929.961026,176.9744400668,1779988929.961026,0.
1779988930.061026,176.9744400668,1779988930.061026,0.
1779988930.161026,176.9744400668,1779988930.161026,0.
1779988930.2610261,176.9744400668,1779988930.2610261,0.
1779988930.361026,176.9744400668,1779988930.361026,0.
1779988930.461026,176.9744400668,1779988930.461026,0.
1779988930.561026,176.9744400668,1779988930.561026,0.
1779988930.661026,176.9744400668,1779988930.661026,0.
1779988930.7610261,176.9744400668,1779988930.7610261,0.
1779988930.861026,176.9744400668,1779988930.861026,0.
1779988930.961026,176.9744400668,1779988930.961026,0.
1779988931.061026,176.9744400668,1779988931.061026,0.
1779988931.161026,176.9744400668,1779988931.161026,0.
1779988931.2610261,176.9744400668,1779988931.2610261,0.
1779988931.361026,176.9744400668,1779988931.361026,0.
1779988931.461026,176.9744400668,1779988931.461026,0.
1779988931.561026,176.9744400668,1779988931.561026,0.
1779988931.661026,176.9744400668,1779988931.661026,0.
1779988931.7610261,176.9744400668,1779988931.7610261,0.
1779988931.861026,176.9744400668,1779988931.861026,0.
1779988931.961026,176.9744400668,1779988931.961026,0.
1779988932.061026,176.9744400668,1779988932.061026,0.
1779988932.161026,176.9744400668,1779988932.161026,0.
1779988932.2610261,176.9744400668,1779988932.2610261,0.
1779988932.361026,176.9744400668,1779988932.361026,0.
1779988932.461026,176.9744400668,1779988932.461026,0.
1779988932.561026,176.9744400668,1779988932.561026,0.
1779988932.661026,176.9744400668,1779988932.661026,0.
1779988932.7610261,176.9744400668,1779988932.7610261,0.
1779988932.861026,176.9744400668,1779988932.861026,0.
1779988932.961026,176.9744400668,1779988932.961026,0.
1779988933.061026,176.9744400668,1779988933.061026,0.
1779988933.161026,176.9744400668,1779988933.161026,0.
1779988933.2610261,176.9744400668,1779988933.2610261,0.
1779988933.361026,176.9744400668,1779988933.361026,0.
1779988933.461026,176.9744400668,1779988933.461026,0.
1779988933.561026,176.9744400668,1779988933.561026,0.
1779988933.661026,176.9744400668,1779988933.661026,0.
1779988933.7610261,176.9744400668,1779988933.7610261,0.
1779988933.861026,176.9744400668,1779988933.861026,0.
1779988933.961026,176.9744400668,1779988933.961026,0.
1779988934.061026,176.9744400668,1779988934.061026,0.
1779988934.161026,176.9744400668,1779988934.161026,0.
1779988934.2610261,176.9744400668,1779988934.2610261,0.
1779988934.361026,176.9744400668,1779988934.361026,0.
1779988934.461026,176.9744400668,1779988934.461026,0.
1779988934.561026,176.9744400668,1779988934.561026,0.
1779988934.661026,176.9744400668,1779988934.661026,0.
1779988934.7610261,176.9744400668,1779988934.7610261,0.
1779988934.861026,176.9744400668,1779988934.861026,0.
1779988934.961026,176.9744400668,1779988934.961026,0.
1779988935.061026,176.9744400668,1779988935.061026,0.
1779988935.161026,176.9744400668,1779988935.161026,0.
1779988935.2610261,176.9744400668,1779988935.2610261,0.
1779988935.361026,176.9744400668,1779988935.361026,0.
1779988935.461026,176.9744400668,1779988935.461026,0.
1779988935.561026,176.9744400668,1779988935.561026,0.
1779988935.661026,176.9744400668,1779988935.661026,0.
1779988935.7610261,176.9744400668,1779988935.7610261,0.
1779988935.861026,176.9744400668,1779988935.861026,0.
1779988935.961026,176.9744400668,1779988935.961026,0.
1779988936.061026,176.9744400668,1779988936.061026,0.
1779988936.161026,176.9744400668,1779988936.161026,0.
1779988936.2610261,176.9744400668,1779988936.2610261,0.
1779988936.361026,176.9744400668,1779988936.361026,0.
1779988936.461026,176.9744400668,1779988936.461026,0.
1779988936.561026,176.9744400668,1779988936.561026,0.
1779988936.661026,176.9744400668,1779988936.661026,0.
1779988936.7610261,176.9744400668,1779988936.7610261,0.
1779988936.861026,176.9744400668,1779988936.861026,0.
1779988936.961026,176.9744400668,1779988936.961026,0.
1779988937.061026,176.9744400668,1779988937.061026,0.
1779988937.161026,176.9744400668,1779988937.161026,0.
1779988937.2610261,176.9744400668,1779988937.2610261,0.
1779988937.361026,176.9744400668,1779988937.361026,0.
1779988937.461026,176.9744400668,1779988937.461026,0.
1779988937.561026,176.9744400668,1779988937.561026,0.
1779988937.661026,176.9744400668,1779988937.661026,0.
1779988937.7610261,176.9744400668,1779988937.7610261,0.
1779988937.861026,176.9744400668,1779988937.861026,0.
1779988937.961026,176.9744400668,1779988937.961026,0.
1779988938.061026,176.9744400668,1779988938.061026,0.
1779988938.161026,176.9744400668,1779988938.161026,0.
1779988938.2610261,176.9744400668,1779988938.2610261,0.
1779988938.361026,176.9744400668,1779988938.361026,0.
1779988938.461026,176.9744400668,1779988938.461026,0.
1779988938.561026,176.9744400668,1779988938.561026,0.
1779988938.661026,176.9744400668,1779988938.661026,0.
1779988938.7610261,176.9744400668,1779988938.7610261,0.
1779988938.861026,176.9744400668,1779988938.861026,0.
1779988938.961026,176.9744400668,1779988938.961026,0.
1779988939.061026,176.9744400668,1779988939.061026,0.
1779988939.161026,176.9744400668,1779988939.161026,0.
1779988939.2610261,176.9744400668,1779988939.2610261,0.
1779988939.361026,176.9744400668,1779988939.361026,0.
1779988939.461026,176.9744400668,1779988939.461026,0.
1779988939.561026,176.9744400668,1779988939.561026,0.
1779988939.661026,176.9744400668,1779988939.661026,0.
1779988939.7610261,176.9744400668,1779988939.7610261,0.
1779988939.861026,176.9744400668,1779988939.861026,0.
1779988939.961026,176.9744400668,1779988939.961026,0.
1779988940.061026,176.9744400668,1779988940.061026,0.
1779988940.161026,176.9744400668,1779988940.161026,0.
1779988940.2610261,176.9744400668,1779988940.2610261,0.
1779988940.361026,176.9744400668,1779988940.361026,0.
1779988940.461026,176.9744400668,1779988940.461026,0.
1779988940.561026,176.9744400668,1779988940.561026,0.
1779988940.661026,176.9744400668,1779988940.661026,0.
1779988940.7610261,176.9744400668,1779988940.7610261,0.
1779988940.861026,176.9744400668,1779988940.861026,0.
1779988940.961026,176.9744400668,1779988940.961026,0.
1779988941.061026,176.9744400668,1779988941.061026,0.
1779988941.161026,176.9744400668,1779988941.161026,0.
1779988941.2610261,176.9744400668,1779988941.2610261,0.
1779988941.361026,176.9744400668,1779988941.361026,0.
1779988941.461026,176.9744400668,1779988941.461026,0.
1779988941.561026,176.9744400668,1779988941.561026,0.
1779988941.661026,176.9744400668,1779988941.661026,0.
1779988941.7610261,176.9744400668,1779988941.7610261,0.
1779988941.861026,176.9744400668,1779988941.861026,0.
1779988941.961026,176.9744400668,1779988941.961026,0.
1779988942.061026,176.9744400668,1779988942.061026,0.
1779988942.161026,176.9744400668,1779988942.161026,0.
1779988942.2610261,176.9744400668,1779988942.2610261,0.
1779988942.361026,176.9744400668,1779988942.361026,0.
1779988942.461026,176.9744400668,1779988942.461026,0.
1779988942.561026,176.9744400668,1779988942.561026,0.
1779988942.661026,176.9744400668,1779988942.661026,0.
1779988942.7610261,176.9744400668,1779988942.7610261,0.
1779988942.861026,176.9744400668,1779988942.861026,0.
1779988942.961026,176.9744400668,1779988942.961026,0.
1779988943.061026,176.9744400668,1779988943.061026,0.
1779988943.161026,176.9744400668,1779988943.161026,0.
1779988943.2610261,176.9744400668,1779988943.2610261,0.
1779988943.361026,176.9744400668,1779988943.361026,0.
1779988943.461026,176.9744400668,1779988943.461026,0.
1779988943.561026,176.9744400668,1779988943.561026,0.
1779988943.661026,176.9744400668,1779988943.661026,0.
1779988943.7610261,176.9744400668,1779988943.7610261,0.
1779988943.861026,176.9744400668,1779988943.861026,0.
1779988943.961026,176.9744400668,1779988943.961026,0.
1779988944.061026,176.9744400668,1779988944.061026,0.
1779988944.161026,176.9744400668,1779988944.161026,0.
1779988944.2610261,176.9744400668,1779988944.2610261,0.
1779988944.361026,176.9744400668,1779988944.361026,0.
1779988944.461026,176.9744400668,1779988944.461026,0.
1779988944.561026,176.9744400668,1779988944.561026,0.
1779988944.661026,176.9744400668,1779988944.661026,0.
1779988944.7610261,176.9744400668,1779988944.7610261,0.
1779988944.861026,176.9744400668,1779988944.861026,0.
1779988944.961026,176.9744400668,1779988944.961026,0.
1779988945.061026,176.9744400668,1779988945.061026,0.
1779988945.161026,176.9744400668,1779988945.161026,0.
1779988945.2610261,176.9744400668,1779988945.2610261,0.
1779988945.361026,176.9744400668,1779988945.361026,0.
1779988945.461026,176.9744400668,1779988945.461026,0.
1779988945.561026,176.9744400668,1779988945.561026,0.
1779988945.661026,176.9744400668,1779988945.661026,0.
1779988945.7610261,176.9744400668,1779988945.7610261,0.
1779988945.861026,176.9744400668,1779988945.861026,0.
1779988945.961026,176.9744400668,1779988945.961026,0.
1779988946.061026,176.9744400668,1779988946.061026,0.
1779988946.161026,176.9744400668,1779988946.161026,0.
1779988946.2610261,176.9744400668,1779988946.2610261,0.
1779988946.361026,176.9744400668,1779988946.361026,0.
1779988946.461026,176.9744400668,1779988946.461026,0.
1779988946.561026,176.9744400668,1779988946.561026,0.
1779988946.661026,176.9744400668,1779988946.661026,0.
1779988946.7610261,176.9744400668,1779988946.7610261,0.
1779988946.861026,176.9744400668,1779988946.861026,0.
1779988946.961026,176.9744400668,1779988946.961026,0.
1779988947.061026,176.9744400668,1779988947.061026,0.
1779988947.161026,176.9744400668,1779988947.161026,0.
1779988947.2610261,176.9744400668,1779988947.2610261,0.
1779988947.361026,176.9744400668,1779988947.361026,0.
1779988947.461026,176.9744400668,1779988947.461026,0.
1779988947.561026,176.9744400668,1779988947.561026,0.
1779988947.661026,176.9744400668,1779988947.661026,0.
1779988947.7610261,176.9744400668,1779988947.7610261,0.
1779988947.861026,176.9744400668,1779988947.861026,0.
1779988947.961026,176.9744400668,1779988947.961026,0.
1779988948.061026,176.9744400668,1779988948.061026,0.
1779988948.161026,176.9744400668,1779988948.161026,0.
1779988948.2610261,176.9744400668,1779988948.2610261,0.
1779988948.361026,176.9744400668,1779988948.361026,0.
1779988948.461026,176.9744400668,1779988948.461026,0.
1779988948.561026,176.9744400668,1779988948.561026,0.
1779988948.661026,176.9744400668,1779988948.661026,0.
1779988948.7610261,176.9744400668,1779988948.7610261,0.
1779988948.861026,176.9744400668,1779988948.861026,0.
1779988948.961026,176.9744400668,1779988948.961026,0.
1779988949.061026,176.9744400668,1779988949.061026,0.
1779988949.161026,176.9744400668,1779988949.161026,0.
1779988949.2610261,176.9744400668,1779988949.2610261,0.
1779988949.361026,176.9744400668,1779988949.361026,0.
1779988949.461026,176.9744400668,1779988949.461026,0.
1779988949.561026,176.9744400668,1779988949.561026,0.
1779988949.661026,176.9744400668,1779988949.661026,0.
1779988949.7610261,176.9744400668,1779988949.7610261,0.
1779988949.861026,176.9744400668,1779988949.861026,0.
1779988949.961026,176.9744400668,1779988949.961026,0.
1779988950.061026,176.9744400668,1779988950.061026,0.
1779988950.161026,176.9744400668,1779988950.161026,0.
1779988950.2610261,176.9744400668,1779988950.2610261,0.
1779988950.361026,176.9744400668,1779988950.361026,0.
1779988950.461026,176.9744400668,1779988950.461026,0.
1779988950.561026,176.9744400668,1779988950.561026,0.
1779988950.661026,176.9744400668,1779988950.661026,0.
1779988950.7610261,176.9744400668,1779988950.7610261,0.
1779988950.861026,176.9744400668,1779988950.861026,0.
1779988950.961026,176.9744400668,1779988950.961026,0.
1779988951.061026,176.9744400668,1779988951.061026,0.
1779988951.161026,176.9744400668,1779988951.161026,0.
1779988951.2610261,176.9744400668,1779988951.2610261,0.
1779988951.361026,176.9744400668,1779988951.361026,0.
1779988951.461026,176.9744400668,1779988951.461026,0.
1779988951.561026,176.9744400668,1779988951.561026,0.
1779988951.661026,176.9744400668,1779988951.661026,0.
1779988951.7610261,176.9744400668,1779988951.7610261,0.
1779988951.861026,176.9744400668,1779988951.861026,0.
1779988951.961026,176.9744400668,1779988951.961026,0.
1779988952.061026,176.9744400668,1779988952.061026,0.
1779988952.161026,176.9744400668,1779988952.161026,0.
1779988952.2610261,176.9744400668,1779988952.2610261,0.
1779988952.361026,176.9744400668,1779988952.361026,0.
1779988952.461026,176.9744400668,1779988952.461026,0.
1779988952.561026,176.9744400668,1779988952.561026,0.
1779988952.661026,176.9744400668,1779988952.661026,0.
1779988952.7610261,176.9744400668,1779988952.7610261,0.
1779988952.861026,176.9744400668,1779988952.861026,0.
1779988952.961026,176.9744400668,1779988952.961026,0.
1779988953.061026,176.9744400668,1779988953.061026,0.
1779988953.161026,176.9744400668,1779988953.161026,0.
1779988953.2610261,176.9744400668,1779988953.2610261,0.
1779988953.361026,176.9744400668,1779988953.361026,0.
1779988953.461026,176.9744400668,1779988953.461026,0.
1779988953.561026,176.9744400668,1779988953.561026,0.
1779988953.661026,176.9744400668,1779988953.661026,0.
1779988953.7610261,176.9744400668,1779988953.7610261,0.
1779988953.861026,176.9744400668,1779988953.861026,0.
1779988953.961026,176.9744400668,1779988953.961026,0.
1779988954.061026,176.9744400668,1779988954.061026,0.
1779988954.161026,176.9744400668,1779988954.161026,0.
1779988954.2610261,176.9744400668,1779988954.2610261,0.
1779988954.361026,176.9744400668,1779988954.361026,0.
1779988954.461026,176.9744400668,1779988954.461026,0.
1779988954.561026,176.9744400668,1779988954.561026,0.
1779988954.661026,176.9744400668,1779988954.661026,0.
1779988954.7610261,176.9744400668,1779988954.7610261,0.
1779988954.861026,176.9744400668,1779988954.861026,0.
1779988954.961026,176.9744400668,1779988954.961026,0.
1779988955.061026,176.9744400668,1779988955.061026,0.
1779988955.161026,176.9744400668,1779988955.161026,0.
1779988955.2610261,176.9744400668,1779988955.2610261,0.
1779988955.361026,176.9744400668,1779988955.361026,0.
1779988955.461026,176.9744400668,1779988955.461026,0.
1779988955.561026,176.9744400668,1779988955.561026,0.
1779988955.661026,176.9744400668,1779988955.661026,0.
1779988955.7610261,176.9744400668,1779988955.7610261,0.
1779988955.861026,176.9744400668,1779988955.861026,0.
1779988955.961026,176.9744400668,1779988955.961026,0.
1779988956.061026,176.9744400668,1779988956.061026,0.
1779988956.161026,176.9744400668,1779988956.161026,0.
1779988956.2610261,176.9744400668,1779988956.2610261,0.
1779988956.361026,176.9744400668,1779988956.361026,0.
1779988956.461026,176.9744400668,1779988956.461026,0.
1779988956.561026,176.9744400668,1779988956.561026,0.
1779988956.661026,176.9744400668,1779988956.661026,0.
1779988956.7610261,176.9744400668,1779988956.7610261,0.
1779988956.861026,176.9744400668,1779988956.861026,0.
1779988956.961026,176.9744400668,1779988956.961026,0.
1779988957.061026,176.9744400668,1779988957.061026,0.
1779988957.161026,176.9744400668,1779988957.161026,0.
1779988957.2610261,176.9744400668,1779988957.2610261,0.
1779988957.361026,176.9744400668,1779988957.361026,0.
1779988957.461026,176.9744400668,1779988957.461026,0.
1779988957.561026,176.9744400668,1779988957.561026,0.
1779988957.661026,176.9744400668,1779988957.661026,0.
1779988957.7610261,176.9744400668,1779988957.7610261,0.
1779988957.861026,176.9744400668,1779988957.861026,0.
1779988957.961026,176.9744400668,1779988957.961026,0.
1779988958.061026,176.9744400668,1779988958.061026,0.
1779988958.161026,176.9744400668,1779988958.161026,0.
1779988958.2610261,176.9744400668,1779988958.2610261,0.
1779988958.361026,176.9744400668,1779988958.361026,0.
1779988958.461026,176.9744400668,1779988958.461026,0.
1779988958.561026,176.9744400668,1779988958.561026,0.
1779988958.661026,176.9744400668,1779988958.661026,0.
1779988958.7610261,176.9744400668,1779988958.7610261,0.
1779988958.861026,176.9744400668,1779988958.861026,0.
1779988958.961026,176.9744400668,1779988958.961026,0.
1779988959.061026,176.9744400668,1779988959.061026,0.
1779988959.161026,176.9744400668,1779988959.161026,0.
1779988959.2610261,176.9744400668,1779988959.2610261,0.
1779988959.361026,176.9744400668,1779988959.361026,0.
1779988959.461026,176.9744400668,1779988959.461026,0.
1779988959.561026,176.9744400668,1779988959.561026,0.
1779988959.661026,176.9744400668,1779988959.661026,0.
1779988959.7610261,176.9744400668,1779988959.7610261,0.
1779988959.861026,176.9744400668,1779988959.861026,0.
1779988959.961026,176.9744400668,1779988959.961026,0.
1779988960.061026,176.9744400668,1779988960.061026,0.
1779988960.161026,176.9744400668,1779988960.161026,0.
1779988960.2610261,176.9744400668,1779988960.2610261,0.
1779988960.361026,176.9744400668,1779988960.361026,0.
1779988960.461026,176.9744400668,1779988960.461026,0.
1779988960.561026,176.9744400668,1779988960.561026,0.
1779988960.661026,176.9744400668,1779988960.661026,0.
1779988960.7610261,176.9744400668,1779988960.7610261,0.
1779988960.861026,176.9744400668,1779988960.861026,0.
1779988960.961026,176.9744400668,1779988960.961026,0.
1779988961.061026,176.9744400668,1779988961.061026,0.
1779988961.161026,176.9744400668,1779988961.161026,0.
1779988961.2610261,176.9744400668,1779988961.2610261,0.
1779988961.361026,176.9744400668,1779988961.361026,0.
1779988961.461026,176.9744400668,1779988961.461026,0.
1779988961.561026,176.9744400668,1779988961.561026,0.
1779988961.661026,176.9744400668,1779988961.661026,0.
1779988961.7610261,176.9744400668,1779988961.7610261,0.
1779988961.861026,176.9744400668,1779988961.861026,0.
1779988961.961026,176.9744400668,1779988961.961026,0.
1779988962.061026,176.9744400668,1779988962.061026,0.
1779988962.161026,176.9744400668,1779988962.161026,0.
1779988962.2610261,176.9744400668,1779988962.2610261,0.
1779988962.361026,176.9744400668,1779988962.361026,0.
1779988962.461026,176.9744400668,1779988962.461026,0.
1779988962.561026,176.9744400668,1779988962.561026,0.
1779988962.661026,176.9744400668,1779988962.661026,0.
1779988962.7610261,176.9744400668,1779988962.7610261,0.
1779988962.861026,176.9744400668,1779988962.861026,0.
1779988962.961026,176.9744400668,1779988962.961026,0.
1779988963.061026,176.9744400668,1779988963.061026,0.
1779988963.161026,176.9744400668,1779988963.161026,0.
1779988963.2610261,176.9744400668,1779988963.2610261,0.
1779988963.361026,176.9744400668,1779988963.361026,0.
1779988963.461026,176.9744400668,1779988963.461026,0.
1779988963.561026,176.9744400668,1779988963.561026,0.
1779988963.661026,176.9744400668,1779988963.661026,0.
1779988963.7610261,176.9744400668,1779988963.7610261,0.
1779988963.861026,176.9744400668,1779988963.861026,0.
1779988963.961026,176.9744400668,1779988963.961026,0.
1779988964.061026,176.9744400668,1779988964.061026,0.
1779988964.161026,176.9744400668,1779988964.161026,0.
1779988964.2610261,176.9744400668,1779988964.2610261,0.
1779988964.361026,176.9744400668,1779988964.361026,0.
1779988964.461026,176.9744400668,1779988964.461026,0.
1779988964.561026,176.9744400668,1779988964.561026,0.
1779988964.661026,176.9744400668,1779988964.661026,0.
1779988964.7610261,176.9744400668,1779988964.7610261,0.
1779988964.861026,176.9744400668,1779988964.861026,0.
1779988964.961026,176.9744400668,1779988964.961026,0.
1779988965.061026,176.9744400668,1779988965.061026,0.
1779988965.161026,176.9744400668,1779988965.161026,0.
1779988965.2610261,176.9744400668,1779988965.2610261,0.
1779988965.361026,176.9744400668,1779988965.361026,0.
1779988965.461026,176.9744400668,1779988965.461026,0.
1779988965.561026,176.9744400668,1779988965.561026,0.
1779988965.661026,176.9744400668,1779988965.661026,0.
1779988965.7610261,176.9744400668,1779988965.7610261,0.
1779988965.861026,176.9744400668,1779988965.861026,0.
1779988965.961026,176.9744400668,1779988965.961026,0.
1779988966.061026,176.9744400668,1779988966.061026,0.
1779988966.161026,176.9744400668,1779988966.161026,0.
1779988966.2610261,176.9744400668,1779988966.2610261,0.
1779988966.361026,176.9744400668,1779988966.361026,0.
1779988966.461026,176.9744400668,1779988966.461026,0.
1779988966.561026,176.9744400668,1779988966.561026,0.
1779988966.661026,176.9744400668,1779988966.661026,0.
1779988966.7610261,176.9744400668,1779988966.7610261,0.
1779988966.861026,176.9744400668,1779988966.861026,0.
1779988966.961026,176.9744400668,1779988966.961026,0.
1779988967.061026,176.9744400668,1779988967.061026,0.
1779988967.161026,176.9744400668,1779988967.161026,0.
1779988967.2610261,176.9744400668,1779988967.2610261,0.
1779988967.361026,176.9744400668,1779988967.361026,0.
1779988967.461026,176.9744400668,1779988967.461026,0.
1779988967.561026,176.9744400668,1779988967.561026,0.
1779988967.661026,176.9744400668,1779988967.661026,0.
1779988967.7610261,176.9744400668,1779988967.7610261,0.
1779988967.861026,176.9744400668,1779988967.861026,0.
1779988967.961026,176.9744400668,1779988967.961026,0.
1779988968.061026,176.9744400668,1779988968.061026,0.
1779988968.161026,176.9744400668,1779988968.161026,0.
1779988968.2610261,176.9744400668,1779988968.2610261,0.
1779988968.361026,176.9744400668,1779988968.361026,0.
1779988968.461026,176.9744400668,1779988968.461026,0.
1779988968.561026,176.9744400668,1779988968.561026,0.
1779988968.661026,176.9744400668,1779988968.661026,0.
1779988968.7610261,176.9744400668,1779988968.7610261,0.
1779988968.861026,176.9744400668,1779988968.861026,0.
1779988968.961026,176.9744400668,1779988968.961026,0.
1779988969.061026,176.9744400668,1779988969.061026,0.
1779988969.161026,176.9744400668,1779988969.161026,0.
1779988969.2610261,176.9744400668,1779988969.2610261,0.
1779988969.361026,176.9744400668,1779988969.361026,0.
1779988969.461026,176.9744400668,1779988969.461026,0.
1779988969.561026,176.9744400668,1779988969.561026,0.
1779988969.661026,176.9744400668,1779988969.661026,0.
1779988969.7610261,176.9744400668,1779988969.7610261,0.
1779988969.861026,176.9744400668,1779988969.861026,0.
1779988969.961026,176.9744400668,1779988969.961026,0.
1779988970.061026,176.9744400668,1779988970.061026,0.
1779988970.161026,176.9744400668,1779988970.161026,0.
1779988970.2610261,176.9744400668,1779988970.2610261,0.
1779988970.361026,176.9744400668,1779988970.361026,0.
1779988970.461026,176.9744400668,1779988970.461026,0.
1779988970.561026,176.9744400668,1779988970.561026,0.
1779988970.661026,176.9744400668,1779988970.661026,0.
1779988970.7610261,176.9744400668,1779988970.7610261,0.
1779988970.861026,176.9744400668,1779988970.861026,0.
1779988970.961026,176.9744400668,1779988970.961026,0.
1779988971.061026,176.9744400668,1779988971.061026,0.
1779988971.161026,176.9744400668,1779988971.161026,0.
1779988971.2610261,176.9744400668,1779988971.2610261,0.
1779988971.361026,176.9744400668,1779988971.361026,0.
1779988971.461026,176.9744400668,1779988971.461026,0.
1779988971.561026,176.9744400668,1779988971.561026,0.
1779988971.661026,176.9744400668,1779988971.661026,0.
1779988971.7610261,176.9744400668,1779988971.7610261,0.
1779988971.861026,176.9744400668,1779988971.861026,0.
1779988971.961026,176.9744400668,1779988971.961026,0.
1779988972.061026,176.9744400668,1779988972.061026,0.
1779988972.161026,176.9744400668,1779988972.161026,0.
1779988972.2610261,176.9744400668,1779988972.2610261,0.
1779988972.361026,176.9744400668,1779988972.361026,0.
1779988972.461026,176.9744400668,1779988972.461026,0.
1779988972.561026,176.9744400668,1779988972.561026,0.
1779988972.661026,176.9744400668,1779988972.661026,0.
1779988972.7610261,176.9744400668,1779988972.7610261,0.
1779988972.861026,176.9744400668,1779988972.861026,0.
1779988972.961026,176.9744400668,1779988972.961026,0.
1779988973.061026,176.9744400668,1779988973.061026,0.
1779988973.161026,176.9744400668,1779988973.161026,0.
1779988973.2610261,176.9744400668,1779988973.2610261,0.
1779988973.361026,176.9744400668,1779988973.361026,0.
1779988973.461026,176.9744400668,1779988973.461026,0.
1779988973.561026,176.9744400668,1779988973.561026,0.
1779988973.661026,176.9744400668,1779988973.661026,0.
1779988973.7610261,176.9744400668,1779988973.7610261,0.
1779988973.861026,176.9744400668,1779988973.861026,0.
1779988973.961026,176.9744400668,1779988973.961026,0.
1779988974.061026,176.9744400668,1779988974.061026,0.
1779988974.161026,176.9744400668,1779988974.161026,0.
1779988974.2610261,176.9744400668,1779988974.2610261,0.
1779988974.361026,176.9744400668,1779988974.361026,0.
1779988974.461026,176.9744400668,1779988974.461026,0.
1779988974.561026,176.9744400668,1779988974.561026,0.
1779988974.661026,176.9744400668,1779988974.661026,0.
1779988974.7610261,176.9744400668,1779988974.7610261,0.
1779988974.861026,176.9744400668,1779988974.861026,0.
1779988974.961026,176.9744400668,1779988974.961026,0.
1779988975.061026,176.9744400668,1779988975.061026,0.
1779988975.161026,176.9744400668,1779988975.161026,0.
1779988975.2610261,176.9744400668,1779988975.2610261,0.
1779988975.361026,176.9744400668,1779988975.361026,0.
1779988975.461026,176.9744400668,1779988975.461026,0.
1779988975.561026,176.9744400668,1779988975.561026,0.
1779988975.661026,176.9744400668,1779988975.661026,0.
1779988975.7610261,176.9744400668,1779988975.7610261,0.
1779988975.861026,176.9744400668,1779988975.861026,0.
1779988975.961026,176.9744400668,1779988975.961026,0.
1779988976.061026,176.9744400668,1779988976.061026,0.
1779988976.161026,176.9744400668,1779988976.161026,0.
1779988976.2610261,176.9744400668,1779988976.2610261,0.
1779988976.361026,176.9744400668,1779988976.361026,0.
1779988976.461026,176.9744400668,1779988976.461026,0.
1779988976.561026,176.9744400668,1779988976.561026,0.
1779988976.661026,176.9744400668,1779988976.661026,0.
1779988976.7610261,176.9744400668,1779988976.7610261,0.
1779988976.861026,176.9744400668,1779988976.861026,0.
1779988976.961026,176.9744400668,1779988976.961026,0.
1779988977.061026,176.9744400668,1779988977.061026,0.
1779988977.161026,176.9744400668,1779988977.161026,0.
1779988977.2610261,176.9744400668,1779988977.2610261,0.
1779988977.361026,176.9744400668,1779988977.361026,0.
1779988977.461026,176.9744400668,1779988977.461026,0.
1779988977.561026,176.9744400668,1779988977.561026,0.
1779988977.661026,176.9744400668,1779988977.661026,0.
1779988977.7610261,176.9744400668,1779988977.7610261,0.
1779988977.861026,176.9744400668,1779988977.861026,0.
1779988977.961026,176.9744400668,1779988977.961026,0.
1779988978.061026,176.9744400668,1779988978.061026,0.
1779988978.161026,176.9744400668,1779988978.161026,0.
1779988978.2610261,176.9744400668,1779988978.2610261,0.
1779988978.361026,176.9744400668,1779988978.361026,0.
1779988978.461026,176.9744400668,1779988978.461026,0.
1779988978.561026,176.9744400668,1779988978.561026,0.
1779988978.661026,176.9744400668,1779988978.661026,0.
1779988978.7610261,176.9744400668,1779988978.7610261,0.
1779988978.861026,176.9744400668,1779988978.861026,0.
1779988978.961026,176.9744400668,1779988978.961026,0.
1779988979.061026,176.9744400668,1779988979.061026,0.
1779988979.161026,176.9744400668,1779988979.161026,0.
1779988979.2610261,176.9744400668,1779988979.2610261,0.
1779988979.361026,176.9744400668,1779988979.361026,0.
1779988979.461026,176.9744400668,1779988979.461026,0.
1779988979.561026,176.9744400668,1779988979.561026,0.
1779988979.661026,176.9744400668,1779988979.661026,0.
1779988979.7610261,176.9744400668,1779988979.7610261,0.
1779988979.861026,176.9744400668,1779988979.861026,0.
1779988979.961026,176.9744400668,1779988979.961026,0.
1779988980.061026,176.9744400668,1779988980.061026,0.
1779988980.161026,176.9744400668,1779988980.161026,0.
1779988980.2610261,176.9744400668,1779988980.2610261,0.
1779988980.361026,176.9744400668,1779988980.361026,0.
1779988980.461026,176.9744400668,1779988980.461026,0.
1779988980.561026,176.9744400668,1779988980.561026,0.
1779988980.661026,176.9744400668,1779988980.661026,0.
1779988980.7610261,176.9744400668,1779988980.7610261,0.
1779988980.861026,176.9744400668,1779988980.861026,0.
1779988980.961026,176.9744400668,1779988980.961026,0.
1779988981.061026,176.9744400668,1779988981.061026,0.
1779988981.161026,176.9744400668,1779988981.161026,0.
1779988981.2610261,176.9744400668,1779988981.2610261,0.
1779988981.361026,176.9744400668,1779988981.361026,0.
1779988981.461026,176.9744400668,1779988981.461026,0.
1779988981.561026,176.9744400668,1779988981.561026,0.
1779988981.661026,176.9744400668,1779988981.661026,0.
1779988981.7610261,176.9744400668,1779988981.7610261,0.
1779988981.861026,176.9744400668,1779988981.861026,0.
1779988981.961026,176.9744400668,1779988981.961026,0.
1779988982.061026,176.9744400668,1779988982.061026,0.
1779988982.161026,176.9744400668,1779988982.161026,0.
1779988982.2610261,176.9744400668,1779988982.2610261,0.
1779988982.361026,176.9744400668,1779988982.361026,0.
1779988982.461026,176.9744400668,1779988982.461026,0.
1779988982.561026,176.9744400668,1779988982.561026,0.
1779988982.661026,176.9744400668,1779988982.661026,0.
1779988982.7610261,176.9744400668,1779988982.7610261,0.
1779988982.861026,176.9744400668,1779988982.861026,0.
1779988982.961026,176.9744400668,1779988982.961026,0.
1779988983.061026,176.9744400668,1779988983.061026,0.
1779988983.161026,176.9744400668,1779988983.161026,0.
1779988983.2610261,176.9744400668,1779988983.2610261,0.
1779988983.361026,176.9744400668,1779988983.361026,0.
1779988983.461026,176.9744400668,1779988983.461026,0.
1779988983.561026,176.9744400668,1779988983.561026,0.
1779988983.661026,176.9744400668,1779988983.661026,0.
1779988983.7610261,176.9744400668,1779988983.7610261,0.
1779988983.861026,176.9744400668,1779988983.861026,0.
1779988983.961026,176.9744400668,1779988983.961026,0.
1779988984.061026,176.9744400668,1779988984.061026,0.
1779988984.161026,176.9744400668,1779988984.161026,0.
1779988984.2610261,176.9744400668,1779988984.2610261,0.
1779988984.361026,176.9744400668,1779988984.361026,0.
1779988984.461026,176.9744400668,1779988984.461026,0.
1779988984.561026,176.9744400668,1779988984.561026,0.
1779988984.661026,176.9744400668,1779988984.661026,0.
1779988984.7610261,176.9744400668,1779988984.7610261,0.
1779988984.861026,176.9744400668,1779988984.861026,0.
1779988984.961026,176.9744400668,1779988984.961026,0.
1779988985.061026,176.9744400668,1779988985.061026,0.
1779988985.161026,176.9744400668,1779988985.161026,0.
1779988985.2610261,176.9744400668,1779988985.2610261,0.
1779988985.361026,176.9744400668,1779988985.361026,0.
1779988985.461026,176.9744400668,1779988985.461026,0.
1779988985.561026,176.9744400668,1779988985.561026,0.
1779988985.661026,176.9744400668,1779988985.661026,0.
1779988985.7610261,176.9744400668,1779988985.7610261,0.
1779988985.861026,176.9744400668,1779988985.861026,0.
1779988985.961026,176.9744400668,1779988985.961026,0.
1779988986.061026,176.9744400668,1779988986.061026,0.
1779988986.161026,176.9744400668,1779988986.161026,0.
1779988986.2610261,176.9744400668,1779988986.2610261,0.
1779988986.361026,176.9744400668,1779988986.361026,0.
1779988986.461026,176.9744400668,1779988986.461026,0.
1779988986.561026,176.9744400668,1779988986.561026,0.
1779988986.661026,176.9744400668,1779988986.661026,0.
1779988986.7610261,176.9744400668,1779988986.7610261,0.
1779988986.861026,176.9744400668,1779988986.861026,0.
1779988986.961026,176.9744400668,1779988986.961026,0.
1779988987.061026,176.9744400668,1779988987.061026,0.
1779988987.161026,176.9744400668,1779988987.161026,0.
1779988987.2610261,176.9744400668,1779988987.2610261,0.
1779988987.361026,176.9744400668,1779988987.361026,0.
1779988987.461026,176.9744400668,1779988987.461026,0.
1779988987.561026,176.9744400668,1779988987.561026,0.
1779988987.661026,176.9744400668,1779988987.661026,0.
1779988987.7610261,176.9744400668,1779988987.7610261,0.
1779988987.861026,176.9744400668,1779988987.861026,0.
1779988987.961026,176.9744400668,1779988987.961026,0.
1779988988.061026,176.9744400668,1779988988.061026,0.
1779988988.161026,176.9744400668,1779988988.161026,0.
1779988988.2610261,176.9744400668,1779988988.2610261,0.
1779988988.361026,176.9744400668,1779988988.361026,0.
1779988988.461026,176.9744400668,1779988988.461026,0.
1779988988.561026,176.9744400668,1779988988.561026,0.
1779988988.661026,176.9744400668,1779988988.661026,0.
1779988988.7610261,176.9744400668,1779988988.7610261,0.
1779988988.861026,176.9744400668,1779988988.861026,0.
1779988988.961026,176.9744400668,1779988988.961026,0.
1779988989.061026,176.9744400668,1779988989.061026,0.
1779988989.161026,176.9744400668,1779988989.161026,0.
1779988989.2610261,176.9744400668,1779988989.2610261,0.
1779988989.361026,176.9744400668,1779988989.361026,0.
1779988989.461026,176.9744400668,1779988989.461026,0.
1779988989.561026,176.9744400668,1779988989.561026,0.
1779988989.661026,176.9744400668,1779988989.661026,0.
1779988989.7610261,176.9744400668,1779988989.7610261,0.
1779988989.861026,176.9744400668,1779988989.861026,0.
1779988989.961026,176.9744400668,1779988989.961026,0.
1779988990.061026,176.9744400668,1779988990.061026,0.
1779988990.161026,176.9744400668,1779988990.161026,0.
1779988990.2610261,176.9744400668,1779988990.2610261,0.
1779988990.361026,176.9744400668,1779988990.361026,0.
1779988990.461026,176.9744400668,1779988990.461026,0.
1779988990.561026,176.9744400668,1779988990.561026,0.
1779988990.661026,176.9744400668,1779988990.661026,0.
1779988990.7610261,176.9744400668,1779988990.7610261,0.
1779988990.861026,176.9744400668,1779988990.861026,0.
1779988990.961026,176.9744400668,1779988990.961026,0.
1779988991.061026,176.9744400668,1779988991.061026,0.
1779988991.161026,176.9744400668,1779988991.161026,0.
1779988991.2610261,176.9744400668,1779988991.2610261,0.
1779988991.361026,176.9744400668,1779988991.361026,0.
1779988991.461026,176.9744400668,1779988991.461026,0.
1779988991.561026,176.9744400668,1779988991.561026,0.
1779988991.661026,176.9744400668,1779988991.661026,0.
1779988991.7610261,176.9744400668,1779988991.7610261,0.
1779988991.861026,176.9744400668,1779988991.861026,0.
1779988991.961026,176.9744400668,1779988991.961026,0.
1779988992.061026,176.9744400668,1779988992.061026,0.
1779988992.161026,176.9744400668,1779988992.161026,0.
1779988992.2610261,176.9744400668,1779988992.2610261,0.
1779988992.361026,176.9744400668,1779988992.361026,0.
1779988992.461026,176.9744400668,1779988992.461026,0.
1779988992.561026,176.9744400668,1779988992.561026,0.
1779988992.661026,176.9744400668,1779988992.661026,0.
1779988992.7610261,176.9744400668,1779988992.7610261,0.
1779988992.861026,176.9744400668,1779988992.861026,0.
1779988992.961026,176.9744400668,1779988992.961026,0.
1779988993.061026,176.9744400668,1779988993.061026,0.
1779988993.161026,176.9744400668,1779988993.161026,0.
1779988993.2610261,176.9744400668,1779988993.2610261,0.
1779988993.361026,176.9744400668,1779988993.361026,0.
1779988993.461026,176.9744400668,1779988993.461026,0.
1779988993.561026,176.9744400668,1779988993.561026,0.
1779988993.661026,176.9744400668,1779988993.661026,0.
1779988993.7610261,176.9744400668,1779988993.7610261,0.
1779988993.861026,176.9744400668,1779988993.861026,0.
1779988993.961026,176.9744400668,1779988993.961026,0.
1779988994.061026,176.9744400668,1779988994.061026,0.
1779988994.161026,176.9744400668,1779988994.161026,0.
1779988994.2610261,176.9744400668,1779988994.2610261,0.
1779988994.361026,176.9744400668,1779988994.361026,0.
1779988994.461026,176.9744400668,1779988994.461026,0.
1779988994.561026,176.9744400668,1779988994.561026,0.
1779988994.661026,176.9744400668,1779988994.661026,0.
1779988994.7610261,176.9744400668,1779988994.7610261,0.
1779988994.861026,176.9744400668,1779988994.861026,0.
1779988994.961026,176.9744400668,1779988994.961026,0.
1779988995.061026,176.9744400668,1779988995.061026,0.
1779988995.161026,176.9744400668,1779988995.161026,0.
1779988995.2610261,176.9744400668,1779988995.2610261,0.
1779988995.361026,176.9744400668,1779988995.361026,0.
1779988995.461026,176.9744400668,1779988995.461026,0.
1779988995.561026,176.9744400668,1779988995.561026,0.
1779988995.661026,176.9744400668,1779988995.661026,0.
1779988995.7610261,176.9744400668,1779988995.7610261,0.
1779988995.861026,176.9744400668,1779988995.861026,0.
1779988995.961026,176.9744400668,1779988995.961026,0.
1779988996.061026,176.9744400668,1779988996.061026,0.
1779988996.161026,176.9744400668,1779988996.161026,0.
1779988996.2610261,176.9744400668,1779988996.2610261,0.
1779988996.361026,176.9744400668,1779988996.361026,0.
1779988996.461026,176.9744400668,1779988996.461026,0.
1779988996.561026,176.9744400668,1779988996.561026,0.
1779988996.661026,176.9744400668,1779988996.661026,0.
1779988996.7610261,176.9744400668,1779988996.7610261,0.
1779988996.861026,176.9744400668,1779988996.861026,0.
1779988996.961026,176.9744400668,1779988996.961026,0.
1779988997.061026,176.9744400668,1779988997.061026,0.
1779988997.161026,176.9744400668,1779988997.161026,0.
1779988997.2610261,176.9744400668,1779988997.2610261,0.
1779988997.361026,176.9744400668,1779988997.361026,0.
1779988997.461026,176.9744400668,1779988997.461026,0.
1779988997.561026,176.9744400668,1779988997.561026,0.
1779988997.661026,176.9744400668,1779988997.661026,0.
1779988997.7610261,176.9744400668,1779988997.7610261,0.
1779988997.861026,176.9744400668,1779988997.861026,0.
1779988997.961026,176.9744400668,1779988997.961026,0.
1779988998.061026,176.9744400668,1779988998.061026,0.
1779988998.161026,176.9744400668,1779988998.161026,0.
1779988998.2610261,176.9744400668,1779988998.2610261,0.
1779988998.361026,176.9744400668,1779988998.361026,0.
1779988998.461026,176.9744400668,1779988998.461026,0.
1779988998.561026,176.9744400668,1779988998.561026,0.
1779988998.661026,176.9744400668,1779988998.661026,0.
1779988998.7610261,176.9744400668,1779988998.7610261,0.
1779988998.861026,176.9744400668,1779988998.861026,0.
1779988998.961026,176.9744400668,1779988998.961026,0.
1779988999.061026,176.9744400668,1779988999.061026,0.
1779988999.161026,176.9744400668,1779988999.161026,0.
1779988999.2610261,176.9744400668,1779988999.2610261,0.
1779988999.361026,176.9744400668,1779988999.361026,0.
1779988999.461026,176.9744400668,1779988999.461026,0.
1779988999.561026,176.9744400668,1779988999.561026,0.
1779988999.661026,176.9744400668,1779988999.661026,0.
1779988999.7610261,176.9744400668,1779988999.7610261,0.
1779988999.861026,176.9744400668,1779988999.861026,0.
1779988999.961026,176.9744400668,1779988999.961026,0.
1779989000.061026,176.9744400668,1779989000.061026,0.
1779989000.161026,176.9744400668,1779989000.161026,0.
1779989000.2610261,176.9744400668,1779989000.2610261,0.
1779989000.361026,176.9744400668,1779989000.361026,0.
1779989000.461026,176.9744400668,1779989000.461026,0.
1779989000.561026,176.9744400668,1779989000.561026,0.
1779989000.661026,176.9744400668,1779989000.661026,0.
1779989000.7610261,176.9744400668,1779989000.7610261,0.
1779989000.861026,176.9744400668,1779989000.861026,0.
1779989000.961026,176.9744400668,1779989000.961026,0.
1779989001.061026,176.9744400668,1779989001.061026,0.
1779989001.161026,176.9744400668,1779989001.161026,0.
1779989001.2610261,176.9744400668,1779989001.2610261,0.
1779989001.361026,176.9744400668,1779989001.361026,0.
1779989001.461026,176.9744400668,1779989001.461026,0.
1779989001.561026,176.9744400668,1779989001.561026,0.
1779989001.661026,176.9744400668,1779989001.661026,0.
1779989001.7610261,176.9744400668,1779989001.7610261,0.
1779989001.861026,176.9744400668,1779989001.861026,0.
1779989001.961026,176.9744400668,1779989001.961026,0.
1779989002.061026,176.9744400668,1779989002.061026,0.
1779989002.161026,176.9744400668,1779989002.161026,0.
1779989002.2610261,176.9744400668,1779989002.2610261,0.
1779989002.361026,176.9744400668,1779989002.361026,0.
1779989002.461026,176.9744400668,1779989002.461026,0.
1779989002.561026,176.9744400668,1779989002.561026,0.
1779989002.661026,176.9744400668,1779989002.661026,0.
1779989002.7610261,176.9744400668,1779989002.7610261,0.
1779989002.861026,176.9744400668,1779989002.861026,0.
1779989002.961026,176.9744400668,1779989002.961026,0.
1779989003.061026,176.9744400668,1779989003.061026,0.
1779989003.161026,176.9744400668,1779989003.161026,0.
1779989003.2610261,176.9744400668,1779989003.2610261,0.
1779989003.361026,176.9744400668,1779989003.361026,0.
1779989003.461026,176.9744400668,1779989003.461026,0.
1779989003.561026,176.9744400668,1779989003.561026,0.
1779989003.661026,176.9744400668,1779989003.661026,0.
1779989003.7610261,176.9744400668,1779989003.7610261,0.
1779989003.861026,176.9744400668,1779989003.861026,0.
1779989003.961026,176.9744400668,1779989003.961026,0.
1779989004.061026,176.9744400668,1779989004.061026,0.
1779989004.161026,176.9744400668,1779989004.161026,0.
1779989004.2610261,176.9744400668,1779989004.2610261,0.
1779989004.361026,176.9744400668,1779989004.361026,0.
1779989004.461026,176.9744400668,1779989004.461026,0.
1779989004.561026,176.9744400668,1779989004.561026,0.
1779989004.661026,176.9744400668,1779989004.661026,0.
1779989004.7610261,176.9744400668,1779989004.7610261,0.
1779989004.861026,176.9744400668,1779989004.861026,0.
1779989004.961026,176.9744400668,1779989004.961026,0.
1779989005.061026,176.9744400668,1779989005.061026,0.
1779989005.161026,176.9744400668,1779989005.161026,0.
1779989005.2610261,176.9744400668,1779989005.2610261,0.
1779989005.361026,176.9744400668,1779989005.361026,0.
1779989005.461026,176.9744400668,1779989005.461026,0.
1779989005.561026,176.9744400668,1779989005.561026,0.
1779989005.661026,176.9744400668,1779989005.661026,0.
1779989005.7610261,176.9744400668,1779989005.7610261,0.
1779989005.861026,176.9744400668,1779989005.861026,0.
1779989005.961026,176.9744400668,1779989005.961026,0.
1779989006.061026,176.9744400668,1779989006.061026,0.
1779989006.161026,176.9744400668,1779989006.161026,0.
1779989006.2610261,176.9744400668,1779989006.2610261,0.
1779989006.361026,176.9744400668,1779989006.361026,0.
1779989006.461026,176.9744400668,1779989006.461026,0.
1779989006.561026,176.9744400668,1779989006.561026,0.
1779989006.661026,176.9744400668,1779989006.661026,0.
1779989006.7610261,176.9744400668,1779989006.7610261,0.
1779989006.861026,176.9744400668,1779989006.861026,0.
1779989006.961026,176.9744400668,1779989006.961026,0.
1779989007.061026,176.9744400668,1779989007.061026,0.
1779989007.161026,176.9744400668,1779989007.161026,0.
1779989007.2610261,176.9744400668,1779989007.2610261,0.
1779989007.361026,176.9744400668,1779989007.361026,0.
1779989007.461026,176.9744400668,1779989007.461026,0.
1779989007.561026,176.9744400668,1779989007.561026,0.
1779989007.661026,176.9744400668,1779989007.661026,0.
1779989007.7610261,176.9744400668,1779989007.7610261,0.
1779989007.861026,176.9744400668,1779989007.861026,0.
1779989007.961026,176.9744400668,1779989007.961026,0.
1779989008.061026,176.9744400668,1779989008.061026,0.
1779989008.161026,176.9744400668,1779989008.161026,0.
1779989008.2610261,176.9744400668,1779989008.2610261,0.
1779989008.361026,176.9744400668,1779989008.361026,0.
1779989008.461026,176.9744400668,1779989008.461026,0.
1779989008.561026,176.9744400668,1779989008.561026,0.
1779989008.661026,176.9744400668,1779989008.661026,0.
1779989008.7610261,176.9744400668,1779989008.7610261,0.
1779989008.861026,176.9744400668,1779989008.861026,0.
1779989008.961026,176.9744400668,1779989008.961026,0.
1779989009.061026,176.9744400668,1779989009.061026,0.
1779989009.161026,176.9744400668,1779989009.161026,0.
1779989009.2610261,176.9744400668,1779989009.2610261,0.
1779989009.361026,176.9744400668,1779989009.361026,0.
1779989009.461026,176.9744400668,1779989009.461026,0.
1779989009.561026,176.9744400668,1779989009.561026,0.
1779989009.661026,176.9744400668,1779989009.661026,0.
1779989009.7610261,176.9744400668,1779989009.7610261,0.
1779989009.861026,176.9744400668,1779989009.861026,0.
1779989009.961026,176.9744400668,1779989009.961026,0.
1779989010.061026,176.9744400668,1779989010.061026,0.
1779989010.161026,176.9744400668,1779989010.161026,0.
1779989010.2610261,176.9744400668,1779989010.2610261,0.
1779989010.361026,176.9744400668,1779989010.361026,0.
1779989010.461026,176.9744400668,1779989010.461026,0.
1779989010.561026,176.9744400668,1779989010.561026,0.
1779989010.661026,176.9744400668,1779989010.661026,0.
1779989010.7610261,176.9744400668,1779989010.7610261,0.
1779989010.861026,176.9744400668,1779989010.861026,0.
1779989010.961026,176.9744400668,1779989010.961026,0.
1779989011.061026,176.9744400668,1779989011.061026,0.
1779989011.161026,176.9744400668,1779989011.161026,0.
1779989011.2610261,176.9744400668,1779989011.2610261,0.
1779989011.361026,176.9744400668,1779989011.361026,0.
1779989011.461026,176.9744400668,1779989011.461026,0.
1779989011.561026,176.9744400668,1779989011.561026,0.
1779989011.661026,176.9744400668,1779989011.661026,0.
1779989011.7610261,176.9744400668,1779989011.7610261,0.
1779989011.861026,176.9744400668,1779989011.861026,0.
1779989011.961026,176.9744400668,1779989011.961026,0.
1779989012.061026,176.9744400668,1779989012.061026,0.
1779989012.161026,176.9744400668,1779989012.161026,0.
1779989012.2610261,176.9744400668,1779989012.2610261,0.
1779989012.361026,176.9744400668,1779989012.361026,0.
1779989012.461026,176.9744400668,1779989012.461026,0.
1779989012.561026,176.9744400668,1779989012.561026,0.
1779989012.661026,176.9744400668,1779989012.661026,0.
1779989012.7610261,176.9744400668,1779989012.7610261,0.
1779989012.861026,176.9744400668,1779989012.861026,0.
1779989012.961026,176.9744400668,1779989012.961026,0.
1779989013.061026,176.9744400668,1779989013.061026,0.
1779989013.161026,176.9744400668,1779989013.161026,0.
1779989013.2610261,176.9744400668,1779989013.2610261,0.
1779989013.361026,176.9744400668,1779989013.361026,0.
1779989013.461026,176.9744400668,1779989013.461026,0.
1779989013.561026,176.9744400668,1779989013.561026,0.
1779989013.661026,176.9744400668,1779989013.661026,0.
1779989013.7610261,176.9744400668,1779989013.7610261,0.
1779989013.861026,176.9744400668,1779989013.861026,0.
1779989013.961026,176.9744400668,1779989013.961026,0.
1779989014.061026,176.9744400668,1779989014.061026,0.
1779989014.161026,176.9744400668,1779989014.161026,0.
1779989014.2610261,176.9744400668,1779989014.2610261,0.
1779989014.361026,176.9744400668,1779989014.361026,0.
1779989014.461026,176.9744400668,1779989014.461026,0.
1779989014.561026,176.9744400668,1779989014.561026,0.
1779989014.661026,176.9744400668,1779989014.661026,0.
1779989014.7610261,176.9744400668,1779989014.7610261,0.
1779989014.861026,176.9744400668,1779989014.861026,0.
1779989014.961026,176.9744400668,1779989014.961026,0.
1779989015.061026,176.9744400668,1779989015.061026,0.
1779989015.161026,176.9744400668,1779989015.161026,0.
1779989015.2610261,176.9744400668,1779989015.2610261,0.
1779989015.361026,176.9744400668,1779989015.361026,0.
1779989015.461026,176.9744400668,1779989015.461026,0.
1779989015.561026,176.9744400668,1779989015.561026,0.
1779989015.661026,176.9744400668,1779989015.661026,0.
1779989015.7610261,176.9744400668,1779989015.7610261,0.
1779989015.861026,176.9744400668,1779989015.861026,0.
1779989015.961026,176.9744400668,1779989015.961026,0.
1779989016.061026,176.9744400668,1779989016.061026,0.
1779989016.161026,176.9744400668,1779989016.161026,0.
1779989016.2610261,176.9744400668,1779989016.2610261,0.
1779989016.361026,176.9744400668,1779989016.361026,0.
1779989016.461026,176.9744400668,1779989016.461026,0.
1779989016.561026,176.9744400668,1779989016.561026,0.
1779989016.661026,176.9744400668,1779989016.661026,0.
1779989016.7610261,176.9744400668,1779989016.7610261,0.
1779989016.861026,176.9744400668,1779989016.861026,0.
1779989016.961026,176.9744400668,1779989016.961026,0.
1779989017.061026,176.9744400668,1779989017.061026,0.
1779989017.161026,176.9744400668,1779989017.161026,0.
1779989017.2610261,176.9744400668,1779989017.2610261,0.
1779989017.361026,176.9744400668,1779989017.361026,0.
1779989017.461026,176.9744400668,1779989017.461026,0.
1779989017.561026,176.9744400668,1779989017.561026,0.
1779989017.661026,176.9744400668,1779989017.661026,0.
1779989017.7610261,176.9744400668,1779989017.7610261,0.
1779989017.861026,176.9744400668,1779989017.861026,0.
1779989017.961026,176.9744400668,1779989017.961026,0.
1779989018.061026,176.9744400668,1779989018.061026,0.
1779989018.161026,176.9744400668,1779989018.161026,0.
1779989018.2610261,176.9744400668,1779989018.2610261,0.
1779989018.361026,176.9744400668,1779989018.361026,0.
1779989018.461026,176.9744400668,1779989018.461026,0.
1779989018.561026,176.9744400668,1779989018.561026,0.
1779989018.661026,176.9744400668,1779989018.661026,0.
1779989018.7610261,176.9744400668,1779989018.7610261,0.
1779989018.861026,176.9744400668,1779989018.861026,0.
1779989018.961026,176.9744400668,1779989018.961026,0.
1779989019.061026,176.9744400668,1779989019.061026,0.
1779989019.161026,176.9744400668,1779989019.161026,0.
1779989019.2610261,176.9744400668,1779989019.2610261,0.
1779989019.361026,176.9744400668,1779989019.361026,0.
1779989019.461026,176.9744400668,1779989019.461026,0.
1779989019.561026,176.9744400668,1779989019.561026,0.
1779989019.661026,176.9744400668,1779989019.661026,0.
1779989019.7610261,176.9744400668,1779989019.7610261,0.
1779989019.861026,176.9744400668,1779989019.861026,0.
1779989019.961026,176.9744400668,1779989019.961026,0.
1779989020.061026,176.9744400668,1779989020.061026,0.
1779989020.161026,176.9744400668,1779989020.161026,0.
1779989020.2610261,176.9744400668,1779989020.2610261,0.
1779989020.361026,176.9744400668,1779989020.361026,0.
1779989020.461026,176.9744400668,1779989020.461026,0.
1779989020.561026,176.9744400668,1779989020.561026,0.
1779989020.661026,176.9744400668,1779989020.661026,0.
1779989020.7610261,176.9744400668,1779989020.7610261,0.
1779989020.861026,176.9744400668,1779989020.861026,0.
1779989020.961026,176.9744400668,1779989020.961026,0.
1779989021.061026,176.9744400668,1779989021.061026,0.
1779989021.161026,176.9744400668,1779989021.161026,0.
1779989021.2610261,176.9744400668,1779989021.2610261,0.
1779989021.361026,176.9744400668,1779989021.361026,0.
1779989021.461026,176.9744400668,1779989021.461026,0.
1779989021.561026,176.9744400668,1779989021.561026,0.
1779989021.661026,176.9744400668,1779989021.661026,0.
1779989021.7610261,176.9744400668,1779989021.7610261,0.
1779989021.861026,176.9744400668,1779989021.861026,0.
1779989021.961026,176.9744400668,1779989021.961026,0.
1779989022.061026,176.9744400668,1779989022.061026,0.
1779989022.161026,176.9744400668,1779989022.161026,0.
1779989022.2610261,176.9744400668,1779989022.2610261,0.
1779989022.361026,176.9744400668,1779989022.361026,0.
1779989022.461026,176.9744400668,1779989022.461026,0.
1779989022.561026,176.9744400668,1779989022.561026,0.
1779989022.661026,176.9744400668,1779989022.661026,0.
1779989022.7610261,176.9744400668,1779989022.7610261,0.
1779989022.861026,176.9744400668,1779989022.861026,0.
1779989022.961026,176.9744400668,1779989022.961026,0.
1779989023.061026,176.9744400668,1779989023.061026,0.
1779989023.161026,176.9744400668,1779989023.161026,0.
1779989023.2610261,176.9744400668,1779989023.2610261,0.
1779989023.361026,176.9744400668,1779989023.361026,0.
1779989023.461026,176.9744400668,1779989023.461026,0.
1779989023.561026,176.9744400668,1779989023.561026,0.
1779989023.661026,176.9744400668,1779989023.661026,0.
1779989023.7610261,176.9744400668,1779989023.7610261,0.
1779989023.861026,176.9744400668,1779989023.861026,0.
1779989023.961026,176.9744400668,1779989023.961026,0.
1779989024.061026,176.9744400668,1779989024.061026,0.
1779989024.161026,176.9744400668,1779989024.161026,0.
1779989024.2610261,176.9744400668,1779989024.2610261,0.
1779989024.361026,176.9744400668,1779989024.361026,0.
1779989024.461026,176.9744400668,1779989024.461026,0.
1779989024.561026,176.9744400668,1779989024.561026,0.
1779989024.661026,176.9744400668,1779989024.661026,0.
1779989024.7610261,176.9744400668,1779989024.7610261,0.
1779989024.861026,176.9744400668,1779989024.861026,0.
1779989024.961026,176.9744400668,1779989024.961026,0.
1779989025.061026,176.9744400668,1779989025.061026,0.
1779989025.161026,176.9744400668,1779989025.161026,0.
1779989025.2610261,176.9744400668,1779989025.2610261,0.
1779989025.361026,176.9744400668,1779989025.361026,0.
1779989025.461026,176.9744400668,1779989025.461026,0.
1779989025.561026,176.9744400668,1779989025.561026,0.
1779989025.661026,176.9744400668,1779989025.661026,0.
1779989025.7610261,176.9744400668,1779989025.7610261,0.
1779989025.861026,176.9744400668,1779989025.861026,0.
1779989025.961026,176.9744400668,1779989025.961026,0.
1779989026.061026,176.9744400668,1779989026.061026,0.
1779989026.161026,176.9744400668,1779989026.161026,0.
1779989026.2610261,176.9744400668,1779989026.2610261,0.
1779989026.361026,176.9744400668,1779989026.361026,0.
1779989026.461026,176.9744400668,1779989026.461026,0.
1779989026.561026,176.9744400668,1779989026.561026,0.
1779989026.661026,176.9744400668,1779989026.661026,0.
1779989026.7610261,176.9744400668,1779989026.7610261,0.
1779989026.861026,176.9744400668,1779989026.861026,0.
1779989026.961026,176.9744400668,1779989026.961026,0.
1779989027.061026,176.9744400668,1779989027.061026,0.
1779989027.161026,176.9744400668,1779989027.161026,0.
1779989027.2610261,176.9744400668,1779989027.2610261,0.
1779989027.361026,176.9744400668,1779989027.361026,0.
1779989027.461026,176.9744400668,1779989027.461026,0.
1779989027.561026,176.9744400668,1779989027.561026,0.
1779989027.661026,176.9744400668,1779989027.661026,0.
1779989027.7610261,176.9744400668,1779989027.7610261,0.
1779989027.861026,176.9744400668,1779989027.861026,0.
1779989027.961026,176.9744400668,1779989027.961026,0.
1779989028.061026,176.9744400668,1779989028.061026,0.
1779989028.161026,176.9744400668,1779989028.161026,0.
1779989028.2610261,176.9744400668,1779989028.2610261,0.
1779989028.361026,176.9744400668,1779989028.361026,0.
1779989028.461026,176.9744400668,1779989028.461026,0.
1779989028.561026,176.9744400668,1779989028.561026,0.
1779989028.661026,176.9744400668,1779989028.661026,0.
1779989028.7610261,176.9744400668,1779989028.7610261,0.
1779989028.861026,176.9744400668,1779989028.861026,0.
1779989028.961026,176.9744400668,1779989028.961026,0.
1779989029.061026,176.9744400668,1779989029.061026,0.
1779989029.161026,176.9744400668,1779989029.161026,0.
1779989029.2610261,176.9744400668,1779989029.2610261,0.
1779989029.361026,176.9744400668,1779989029.361026,0.
1779989029.461026,176.9744400668,1779989029.461026,0.
1779989029.561026,176.9744400668,1779989029.561026,0.
1779989029.661026,176.9744400668,1779989029.661026,0.
1779989029.7610261,176.9744400668,1779989029.7610261,0.
1779989029.861026,176.9744400668,1779989029.861026,0.
1779989029.961026,176.9744400668,1779989029.961026,0.
1779989030.061026,176.9744400668,1779989030.061026,0.
1779989030.161026,176.9744400668,1779989030.161026,0.
1779989030.2610261,176.9744400668,1779989030.2610261,0.
1779989030.361026,176.9744400668,1779989030.361026,0.
1779989030.461026,176.9744400668,1779989030.461026,0.
1779989030.561026,176.9744400668,1779989030.561026,0.
1779989030.661026,176.9744400668,1779989030.661026,0.
1779989030.7610261,176.9744400668,1779989030.7610261,0.
1779989030.861026,176.9744400668,1779989030.861026,0.
1779989030.961026,176.9744400668,1779989030.961026,0.
1779989031.061026,176.9744400668,1779989031.061026,0.
1779989031.161026,176.9744400668,1779989031.161026,0.
1779989031.2610261,176.9744400668,1779989031.2610261,0.
1779989031.361026,176.9744400668,1779989031.361026,0.
1779989031.461026,176.9744400668,1779989031.461026,0.
1779989031.561026,176.9744400668,1779989031.561026,0.
1779989031.661026,176.9744400668,1779989031.661026,0.
1779989031.7610261,176.9744400668,1779989031.7610261,0.
1779989031.861026,176.9744400668,1779989031.861026,0.
1779989031.961026,176.9744400668,1779989031.961026,0.
1779989032.061026,176.9744400668,1779989032.061026,0.
1779989032.161026,176.9744400668,1779989032.161026,0.
1779989032.2610261,176.9744400668,1779989032.2610261,0.
1779989032.361026,176.9744400668,1779989032.361026,0.
1779989032.461026,176.9744400668,1779989032.461026,0.
1779989032.561026,176.9744400668,1779989032.561026,0.
1779989032.661026,176.9744400668,1779989032.661026,0.
1779989032.7610261,176.9744400668,1779989032.7610261,0.
1779989032.861026,176.9744400668,1779989032.861026,0.
1779989032.961026,176.9744400668,1779989032.961026,0.
1779989033.061026,176.9744400668,1779989033.061026,0.
1779989033.161026,176.9744400668,1779989033.161026,0.
1779989033.2610261,176.9744400668,1779989033.2610261,0.
1779989033.361026,176.9744400668,1779989033.361026,0.
1779989033.461026,176.9744400668,1779989033.461026,0.
1779989033.561026,176.9744400668,1779989033.561026,0.
1779989033.661026,176.9744400668,1779989033.661026,0.
1779989033.7610261,176.9744400668,1779989033.7610261,0.
1779989033.861026,176.9744400668,1779989033.861026,0.
1779989033.961026,176.9744400668,1779989033.961026,0.
1779989034.061026,176.9744400668,1779989034.061026,0.
1779989034.161026,176.9744400668,1779989034.161026,0.
1779989034.2610261,176.9744400668,1779989034.2610261,0.
1779989034.361026,176.9744400668,1779989034.361026,0.
1779989034.461026,176.9744400668,1779989034.461026,0.
1779989034.561026,176.9744400668,1779989034.561026,0.
1779989034.661026,176.9744400668,1779989034.661026,0.
1779989034.7610261,176.9744400668,1779989034.7610261,0.
1779989034.861026,176.9744400668,1779989034.861026,0.
1779989034.961026,176.9744400668,1779989034.961026,0.
1779989035.061026,176.9744400668,1779989035.061026,0.
1779989035.161026,176.9744400668,1779989035.161026,0.
1779989035.2610261,176.9744400668,1779989035.2610261,0.
1779989035.361026,176.9744400668,1779989035.361026,0.
1779989035.461026,176.9744400668,1779989035.461026,0.
1779989035.561026,176.9744400668,1779989035.561026,0.
1779989035.661026,176.9744400668,1779989035.661026,0.
1779989035.7610261,176.9744400668,1779989035.7610261,0.
1779989035.861026,176.9744400668,1779989035.861026,0.
1779989035.961026,176.9744400668,1779989035.961026,0.
1779989036.061026,176.9744400668,1779989036.061026,0.
1779989036.161026,176.9744400668,1779989036.161026,0.
1779989036.2610261,176.9744400668,1779989036.2610261,0.
1779989036.361026,176.9744400668,1779989036.361026,0.
1779989036.461026,176.9744400668,1779989036.461026,0.
1779989036.561026,176.9744400668,1779989036.561026,0.
1779989036.661026,176.9744400668,1779989036.661026,0.
1779989036.7610261,176.9744400668,1779989036.7610261,0.
1779989036.861026,176.9744400668,1779989036.861026,0.
1779989036.961026,176.9744400668,1779989036.961026,0.
1779989037.061026,176.9744400668,1779989037.061026,0.
1779989037.161026,176.9744400668,1779989037.161026,0.
1779989037.2610261,176.9744400668,1779989037.2610261,0.
1779989037.361026,176.9744400668,1779989037.361026,0.
1779989037.461026,176.9744400668,1779989037.461026,0.
1779989037.561026,176.9744400668,1779989037.561026,0.
1779989037.661026,176.9744400668,1779989037.661026,0.
1779989037.7610261,176.9744400668,1779989037.7610261,0.
1779989037.861026,176.9744400668,1779989037.861026,0.
1779989037.961026,176.9744400668,1779989037.961026,0.
1779989038.061026,176.9744400668,1779989038.061026,0.
1779989038.161026,176.9744400668,1779989038.161026,0.
1779989038.2610261,176.9744400668,1779989038.2610261,0.
1779989038.361026,176.9744400668,1779989038.361026,0.
1779989038.461026,176.9744400668,1779989038.461026,0.
1779989038.561026,176.9744400668,1779989038.561026,0.
1779989038.661026,176.9744400668,1779989038.661026,0.
1779989038.7610261,176.9744400668,1779989038.7610261,0.
1779989038.861026,176.9744400668,1779989038.861026,0.
1779989038.961026,176.9744400668,1779989038.961026,0.
1779989039.061026,176.9744400668,1779989039.061026,0.
1779989039.161026,176.9744400668,1779989039.161026,0.
1779989039.2610261,176.9744400668,1779989039.2610261,0.
1779989039.361026,176.9744400668,1779989039.361026,0.
1779989039.461026,176.9744400668,1779989039.461026,0.
1779989039.561026,176.9744400668,1779989039.561026,0.
1779989039.661026,176.9744400668,1779989039.661026,0.
1779989039.7610261,176.9744400668,1779989039.7610261,0.
1779989039.861026,176.9744400668,1779989039.861026,0.
1779989039.961026,176.9744400668,1779989039.961026,0.
1779989040.061026,176.9744400668,1779989040.061026,0.
1779989040.161026,176.9744400668,1779989040.161026,0.
1779989040.2610261,176.9744400668,1779989040.2610261,0.
1779989040.361026,176.9744400668,1779989040.361026,0.
1779989040.461026,176.9744400668,1779989040.461026,0.
1779989040.561026,176.9744400668,1779989040.561026,0.
1779989040.661026,176.9744400668,1779989040.661026,0.
1779989040.7610261,176.9744400668,1779989040.7610261,0.
1779989040.861026,176.9744400668,1779989040.861026,0.
1779989040.961026,176.9744400668,1779989040.961026,0.
1779989041.061026,176.9744400668,1779989041.061026,0.
1779989041.161026,176.9744400668,1779989041.161026,0.
1779989041.2610261,176.9744400668,1779989041.2610261,0.
1779989041.361026,176.9744400668,1779989041.361026,0.
1779989041.461026,176.9744400668,1779989041.461026,0.
1779989041.561026,176.9744400668,1779989041.561026,0.
1779989041.661026,176.9744400668,1779989041.661026,0.
1779989041.7610261,176.9744400668,1779989041.7610261,0.
1779989041.861026,176.9744400668,1779989041.861026,0.
1779989041.961026,176.9744400668,1779989041.961026,0.
1779989042.061026,176.9744400668,1779989042.061026,0.
1779989042.161026,176.9744400668,1779989042.161026,0.
1779989042.2610261,176.9744400668,1779989042.2610261,0.
1779989042.361026,176.9744400668,1779989042.361026,0.
1779989042.461026,176.9744400668,1779989042.461026,0.
1779989042.561026,176.9744400668,1779989042.561026,0.
1779989042.661026,176.9744400668,1779989042.661026,0.
1779989042.7610261,176.9744400668,1779989042.7610261,0.
1779989042.861026,176.9744400668,1779989042.861026,0.
1779989042.961026,176.9744400668,1779989042.961026,0.
1779989043.061026,176.9744400668,1779989043.061026,0.
1779989043.161026,176.9744400668,1779989043.161026,0.
1779989043.2610261,176.9744400668,1779989043.2610261,0.
1779989043.361026,176.9744400668,1779989043.361026,0.
1779989043.461026,176.9744400668,1779989043.461026,0.
1779989043.561026,176.9744400668,1779989043.561026,0.
1779989043.661026,176.9744400668,1779989043.661026,0.
1779989043.7610261,176.9744400668,1779989043.7610261,0.
1779989043.861026,176.9744400668,1779989043.861026,0.
1779989043.961026,176.9744400668,1779989043.961026,0.
1779989044.061026,176.9744400668,1779989044.061026,0.
1779989044.161026,176.9744400668,1779989044.161026,0.
1779989044.2610261,176.9744400668,1779989044.2610261,0.
1779989044.361026,176.9744400668,1779989044.361026,0.
1779989044.461026,176.9744400668,1779989044.461026,0.
1779989044.561026,176.9744400668,1779989044.561026,0.
1779989044.661026,176.9744400668,1779989044.661026,0.
1779989044.7610261,176.9744400668,1779989044.7610261,0.
1779989044.861026,176.9744400668,1779989044.861026,0.
1779989044.961026,176.9744400668,1779989044.961026,0.
1779989045.061026,176.9744400668,1779989045.061026,0.
1779989045.161026,176.9744400668,1779989045.161026,0.
1779989045.2610261,176.9744400668,1779989045.2610261,0.
1779989045.361026,176.9744400668,1779989045.361026,0.
1779989045.461026,176.9744400668,1779989045.461026,0.
1779989045.561026,176.9744400668,1779989045.561026,0.
1779989045.661026,176.9744400668,1779989045.661026,0.
1779989045.7610261,176.9744400668,1779989045.7610261,0.
1779989045.861026,176.9744400668,1779989045.861026,0.
1779989045.961026,176.9744400668,1779989045.961026,0.
1779989046.061026,176.9744400668,1779989046.061026,0.
1779989046.161026,176.9744400668,1779989046.161026,0.
1779989046.2610261,176.9744400668,1779989046.2610261,0.
1779989046.361026,176.9744400668,1779989046.361026,0.
1779989046.461026,176.9744400668,1779989046.461026,0.
1779989046.561026,176.9744400668,1779989046.561026,0.
1779989046.661026,176.9744400668,1779989046.661026,0.
1779989046.7610261,176.9744400668,1779989046.7610261,0.
1779989046.861026,176.9744400668,1779989046.861026,0.
1779989046.961026,176.9744400668,1779989046.961026,0.
1779989047.061026,176.9744400668,1779989047.061026,0.
1779989047.161026,176.9744400668,1779989047.161026,0.
1779989047.2610261,176.9744400668,1779989047.2610261,0.
1779989047.361026,176.9744400668,1779989047.361026,0.
1779989047.461026,176.9744400668,1779989047.461026,0.
1779989047.561026,176.9744400668,1779989047.561026,0.
1779989047.661026,176.9744400668,1779989047.661026,0.
1779989047.7610261,176.9744400668,1779989047.7610261,0.
1779989047.861026,176.9744400668,1779989047.861026,0.
1779989047.961026,176.9744400668,1779989047.961026,0.
1779989048.061026,176.9744400668,1779989048.061026,0.
1779989048.161026,176.9744400668,1779989048.161026,0.
1779989048.2610261,176.9744400668,1779989048.2610261,0.
1779989048.361026,176.9744400668,1779989048.361026,0.
1779989048.461026,176.9744400668,1779989048.461026,0.
1779989048.561026,176.9744400668,1779989048.561026,0.
1779989048.661026,176.9744400668,1779989048.661026,0.
1779989048.7610261,176.9744400668,1779989048.7610261,0.
1779989048.861026,176.9744400668,1779989048.861026,0.
1779989048.961026,176.9744400668,1779989048.961026,0.
1779989049.061026,176.9744400668,1779989049.061026,0.
1779989049.161026,176.9744400668,1779989049.161026,0.
1779989049.2610261,176.9744400668,1779989049.2610261,0.
1779989049.361026,176.9744400668,1779989049.361026,0.
1779989049.461026,176.9744400668,1779989049.461026,0.
1779989049.561026,176.9744400668,1779989049.561026,0.
1779989049.661026,176.9744400668,1779989049.661026,0.
1779989049.7610261,176.9744400668,1779989049.7610261,0.
1779989049.861026,176.9744400668,1779989049.861026,0.
1779989049.961026,176.9744400668,1779989049.961026,0.
1779989050.061026,176.9744400668,1779989050.061026,0.
1779989050.161026,176.9744400668,1779989050.161026,0.
1779989050.2610261,176.9744400668,1779989050.2610261,0.
1779989050.361026,176.9744400668,1779989050.361026,0.
1779989050.461026,176.9744400668,1779989050.461026,0.
1779989050.561026,176.9744400668,1779989050.561026,0.
1779989050.661026,176.9744400668,1779989050.661026,0.
1779989050.7610261,176.9744400668,1779989050.7610261,0.
1779989050.861026,176.9744400668,1779989050.861026,0.
1779989050.961026,176.9744400668,1779989050.961026,0.
1779989051.061026,176.9744400668,1779989051.061026,0.
1779989051.161026,176.9744400668,1779989051.161026,0.
1779989051.2610261,176.9744400668,1779989051.2610261,0.
1779989051.361026,176.9744400668,1779989051.361026,0.
1779989051.461026,176.9744400668,1779989051.461026,0.
1779989051.561026,176.9744400668,1779989051.561026,0.
1779989051.661026,176.9744400668,1779989051.661026,0.
1779989051.7610261,176.9744400668,1779989051.7610261,0.
1779989051.861026,176.9744400668,1779989051.861026,0.
1779989051.961026,176.9744400668,1779989051.961026,0.
1779989052.061026,176.9744400668,1779989052.061026,0.
1779989052.161026,176.9744400668,1779989052.161026,0.
1779989052.2610261,176.9744400668,1779989052.2610261,0.
1779989052.361026,176.9744400668,1779989052.361026,0.
1779989052.461026,0.,1779989052.461026,200.
1779989052.561026,0.,1779989052.561026,200.
1779989052.661026,0.,1779989052.661026,200.
1779989052.7610261,0.,1779989052.7610261,200.
1779989052.861026,0.,1779989052.861026,200.
1779989052.961026,0.,1779989052.961026,200.
1779989053.061026,0.,1779989053.061026,200.
1779989053.161026,0.,1779989053.161026,200.
1779989053.2610261,0.,1779989053.2610261,200.
1779989053.361026,0.,1779989053.361026,200.
1779989053.461026,0.,1779989053.461026,200.
1779989053.561026,0.,1779989053.561026,200.
1779989053.661026,0.,1779989053.661026,200.
1779989053.7610261,0.,1779989053.7610261,200.
1779989053.861026,0.,1779989053.861026,200.
1779989053.961026,0.,1779989053.961026,200.
1779989054.061026,0.,1779989054.061026,200.
1779989054.161026,0.,1779989054.161026,200.
1779989054.2610261,0.,1779989054.2610261,200.
1779989054.361026,0.,1779989054.361026,200.
1779989054.461026,0.,1779989054.461026,200.
1779989054.561026,0.,1779989054.561026,200.
1779989054.661026,0.,1779989054.661026,200.
1779989054.7610261,0.,1779989054.7610261,200.
1779989054.861026,0.,1779989054.861026,200.
1779989054.961026,0.,1779989054.961026,200.
1779989055.061026,0.,1779989055.061026,200.
1779989055.161026,0.,1779989055.161026,200.
1779989055.2610261,0.,1779989055.2610261,200.
1779989055.361026,0.,1779989055.361026,200.
1779989055.461026,0.,1779989055.461026,200.
1779989055.561026,0.,1779989055.561026,200.
1779989055.661026,0.,1779989055.661026,200.
1779989055.7610261,0.,1779989055.7610261,200.
1779989055.861026,0.,1779989055.861026,200.
1779989055.961026,0.,1779989055.961026,200.
1779989056.061026,0.,1779989056.061026,200.
1779989056.161026,0.,1779989056.161026,200.
1779989056.2610261,0.,1779989056.2610261,200.
1779989056.361026,0.,1779989056.361026,200.
1779989056.461026,0.,1779989056.461026,200.
1779989056.561026,0.,1779989056.561026,200.
1779989056.661026,0.,1779989056.661026,200.
1779989056.7610261,0.,1779989056.7610261,200.
1779989056.861026,0.,1779989056.861026,200.
1779989056.961026,0.,1779989056.961026,200.
1779989057.061026,0.,1779989057.061026,200.
1779989057.161026,0.,1779989057.161026,200.
1779989057.2610261,0.,1779989057.2610261,200.
1779989057.361026,0.,1779989057.361026,200.
1779989057.461026,0.,1779989057.461026,200.
1779989057.561026,0.,1779989057.561026,200.
1779989057.661026,0.,1779989057.661026,200.
1779989057.7610261,0.,1779989057.7610261,200.
1779989057.861026,0.,1779989057.861026,200.
1779989057.961026,0.,1779989057.961026,200.
1779989058.061026,0.,1779989058.061026,200.
1779989058.161026,0.,1779989058.161026,200.
1779989058.2610261,0.,1779989058.2610261,200.
1779989058.361026,0.,1779989058.361026,200.
1779989058.461026,0.,1779989058.461026,200.
1779989058.561026,0.,1779989058.561026,200.
1779989058.661026,0.,1779989058.661026,200.
1779989058.7610261,0.,1779989058.7610261,200.
1779989058.861026,0.,1779989058.861026,200.
1779989058.961026,0.,1779989058.961026,200.
1779989059.061026,0.,1779989059.061026,200.
1779989059.161026,0.,1779989059.161026,200.
1779989059.2610261,0.,1779989059.2610261,200.
1779989059.361026,0.,1779989059.361026,200.
1779989059.461026,0.,1779989059.461026,200.
1779989059.561026,0.,1779989059.561026,200.
1779989059.661026,0.,1779989059.661026,200.
1779989059.7610261,0.,1779989059.7610261,200.
1779989059.861026,0.,1779989059.861026,200.
1779989059.961026,0.,1779989059.961026,200.
1779989060.061026,0.,1779989060.061026,200.
1779989060.161026,0.,1779989060.161026,200.
1779989060.2610261,0.,1779989060.2610261,200.
1779989060.361026,0.,1779989060.361026,200.
1779989060.461026,0.,1779989060.461026,200.
1779989060.561026,0.,1779989060.561026,200.
1779989060.661026,0.,1779989060.661026,200.
1779989060.7610261,0.,1779989060.7610261,200.
1779989060.861026,0.,1779989060.861026,200.
1779989060.961026,0.,1779989060.961026,200.
1779989061.061026,0.,1779989061.061026,200.
1779989061.161026,0.,1779989061.161026,200.
1779989061.2610261,0.,1779989061.2610261,200.
1779989061.361026,0.,1779989061.361026,200.
1779989061.461026,0.,1779989061.461026,200.
1779989061.561026,0.,1779989061.561026,200.
1779989061.661026,0.,1779989061.661026,200.
1779989061.7610261,0.,1779989061.7610261,200.
1779989061.861026,0.,1779989061.861026,200.
1779989061.961026,0.,1779989061.961026,200.
1779989062.061026,0.,1779989062.061026,200.
1779989062.161026,0.,1779989062.161026,200.
1779989062.2610261,0.,1779989062.2610261,200.
1779989062.361026,0.,1779989062.361026,200.
1779989062.461026,0.,1779989062.461026,200.
1779989062.561026,0.,1779989062.561026,200.
1779989062.661026,0.,1779989062.661026,200.
1779989062.7610261,0.,1779989062.7610261,200.
1779989062.861026,0.,1779989062.861026,200.
1779989062.961026,0.,1779989062.961026,200.
1779989063.061026,0.,1779989063.061026,200.
1779989063.161026,0.,1779989063.161026,200.
1779989063.2610261,0.,1779989063.2610261,200.
1779989063.361026,0.,1779989063.361026,200.
1779989063.461026,0.,1779989063.461026,200.
1779989063.561026,0.,1779989063.561026,200.
1779989063.661026,0.,1779989063.661026,200.
1779989063.7610261,0.,1779989063.7610261,200.
1779989063.861026,0.,1779989063.861026,200.
1779989063.961026,0.,1779989063.961026,200.
1779989064.061026,0.,1779989064.061026,200.
1779989064.161026,0.,1779989064.161026,200.
1779989064.2610261,0.,1779989064.2610261,200.
1779989064.361026,0.,1779989064.361026,200.
1779989064.461026,0.,1779989064.461026,200.
1779989064.561026,0.,1779989064.561026,200.
1779989064.661026,0.,1779989064.661026,200.
1779989064.7610261,0.,1779989064.7610261,200.
1779989064.861026,0.,1779989064.861026,200.
1779989064.961026,0.,1779989064.961026,200.
1779989065.061026,0.,1779989065.061026,200.
1779989065.161026,0.,1779989065.161026,200.
1779989065.2610261,0.,1779989065.2610261,200.
1779989065.361026,0.,1779989065.361026,200.
1779989065.461026,0.,1779989065.461026,200.
1779989065.561026,0.,1779989065.561026,200.
1779989065.661026,0.,1779989065.661026,200.
1779989065.7610261,0.,1779989065.7610261,200.
1779989065.861026,0.,1779989065.861026,200.
1779989065.961026,0.,1779989065.961026,200.
1779989066.061026,0.,1779989066.061026,200.
1779989066.161026,0.,1779989066.161026,200.
1779989066.2610261,0.,1779989066.2610261,200.
1779989066.361026,0.,1779989066.361026,200.
1779989066.461026,0.,1779989066.461026,200.
1779989066.561026,0.,1779989066.561026,200.
1779989066.661026,0.,1779989066.661026,200.
1779989066.7610261,0.,1779989066.7610261,200.
1779989066.861026,0.,1779989066.861026,200.
1779989066.961026,0.,1779989066.961026,200.
1779989067.061026,0.,1779989067.061026,200.
1779989067.161026,0.,1779989067.161026,200.
1779989067.2610261,0.,1779989067.2610261,200.
1779989067.361026,0.,1779989067.361026,200.
1779989067.461026,0.,1779989067.461026,200.
1779989067.561026,0.,1779989067.561026,200.
1779989067.661026,0.,1779989067.661026,200.
1779989067.7610261,0.,1779989067.7610261,200.
1779989067.861026,0.,1779989067.861026,200.
1779989067.961026,0.,1779989067.961026,200.
1779989068.061026,0.,1779989068.061026,200.
1779989068.161026,0.,1779989068.161026,200.
1779989068.2610261,0.,1779989068.2610261,200.
1779989068.361026,0.,1779989068.361026,200.
1779989068.461026,0.,1779989068.461026,200.
1779989068.561026,0.,1779989068.561026,200.
1779989068.661026,0.,1779989068.661026,200.
1779989068.7610261,0.,1779989068.7610261,200.
1779989068.861026,0.,1779989068.861026,200.
1779989068.961026,0.,1779989068.961026,200.
1779989069.061026,0.,1779989069.061026,200.
1779989069.161026,0.,1779989069.161026,200.
1779989069.2610261,0.,1779989069.2610261,200.
1779989069.361026,0.,1779989069.361026,200.
1779989069.461026,0.,1779989069.461026,200.
1779989069.561026,0.,1779989069.561026,200.
1779989069.661026,0.,1779989069.661026,200.
1779989069.7610261,0.,1779989069.7610261,200.
1779989069.861026,0.,1779989069.861026,200.
1779989069.961026,0.,1779989069.961026,200.
1779989070.061026,0.,1779989070.061026,200.
1779989070.161026,0.,1779989070.161026,200.
1779989070.2610261,0.,1779989070.2610261,200.
1779989070.361026,0.,1779989070.361026,200.
1779989070.461026,0.,1779989070.461026,200.
1779989070.561026,0.,1779989070.561026,200.
1779989070.661026,0.,1779989070.661026,200.
1779989070.7610261,0.,1779989070.7610261,200.
1779989070.861026,0.,1779989070.861026,200.
1779989070.961026,0.,1779989070.961026,200.
1779989071.061026,0.,1779989071.061026,200.
1779989071.161026,0.,1779989071.161026,200.
1779989071.2610261,0.,1779989071.2610261,200.
1779989071.361026,0.,1779989071.361026,200.
1779989071.461026,0.,1779989071.461026,200.
1779989071.561026,0.,1779989071.561026,200.
1779989071.661026,0.,1779989071.661026,200.
1779989071.7610261,0.,1779989071.7610261,200.
1779989071.861026,0.,1779989071.861026,200.
1779989071.961026,0.,1779989071.961026,200.
1779989072.061026,0.,1779989072.061026,200.
1779989072.161026,0.,1779989072.161026,200.
1779989072.2610261,0.,1779989072.2610261,200.
1779989072.361026,0.,1779989072.361026,200.
1779989072.461026,0.,1779989072.461026,200.
1779989072.561026,0.,1779989072.561026,200.
1779989072.661026,0.,1779989072.661026,200.
1779989072.7610261,0.,1779989072.7610261,200.
1779989072.861026,0.,1779989072.861026,200.
1779989072.961026,0.,1779989072.961026,200.
1779989073.061026,0.,1779989073.061026,200.
1779989073.161026,0.,1779989073.161026,200.
1779989073.2610261,0.,1779989073.2610261,200.
1779989073.361026,0.,1779989073.361026,200.
1779989073.461026,0.,1779989073.461026,200.
1779989073.561026,0.,1779989073.561026,200.
1779989073.661026,0.,1779989073.661026,200.
1779989073.7610261,0.,1779989073.7610261,200.
1779989073.861026,0.,1779989073.861026,200.
1779989073.961026,0.,1779989073.961026,200.
1779989074.061026,0.,1779989074.061026,200.
1779989074.161026,0.,1779989074.161026,200.
1779989074.2610261,0.,1779989074.2610261,200.
1779989074.361026,0.,1779989074.361026,200.
1779989074.461026,0.,1779989074.461026,200.
1779989074.561026,0.,1779989074.561026,200.
1779989074.661026,0.,1779989074.661026,200.
1779989074.7610261,0.,1779989074.7610261,200.
1779989074.861026,0.,1779989074.861026,200.
1779989074.961026,0.,1779989074.961026,200.
1779989075.061026,0.,1779989075.061026,200.
1779989075.161026,0.,1779989075.161026,200.
1779989075.2610261,0.,1779989075.2610261,200.
1779989075.361026,0.,1779989075.361026,200.
1779989075.461026,0.,1779989075.461026,200.
1779989075.561026,0.,1779989075.561026,200.
1779989075.661026,0.,1779989075.661026,200.
1779989075.7610261,0.,1779989075.7610261,200.
1779989075.861026,0.,1779989075.861026,200.
1779989075.961026,0.,1779989075.961026,200.
1779989076.061026,0.,1779989076.061026,200.
1779989076.161026,0.,1779989076.161026,200.
1779989076.2610261,0.,1779989076.2610261,200.
1779989076.361026,0.,1779989076.361026,200.
1779989076.461026,0.,1779989076.461026,200.
1779989076.561026,0.,1779989076.561026,200.
1779989076.661026,0.,1779989076.661026,200.
1779989076.7610261,0.,1779989076.7610261,200.
1779989076.861026,0.,1779989076.861026,200.
1779989076.961026,0.,1779989076.961026,200.
1779989077.061026,0.,1779989077.061026,200.
1779989077.161026,0.,1779989077.161026,200.
1779989077.2610261,0.,1779989077.2610261,200.
1779989077.361026,0.,1779989077.361026,200.
1779989077.461026,0.,1779989077.461026,200.
1779989077.561026,0.,1779989077.561026,200.
1779989077.661026,0.,1779989077.661026,200.
1779989077.7610261,0.,1779989077.7610261,200.
1779989077.861026,0.,1779989077.861026,200.
1779989077.961026,0.,1779989077.961026,200.
1779989078.061026,0.,1779989078.061026,200.
1779989078.161026,0.,1779989078.161026,200.
1779989078.2610261,0.,1779989078.2610261,200.
1779989078.361026,0.,1779989078.361026,200.
1779989078.461026,0.,1779989078.461026,200.
1779989078.561026,0.,1779989078.561026,200.
1779989078.661026,0.,1779989078.661026,200.
1779989078.7610261,0.,1779989078.7610261,200.
1779989078.861026,0.,1779989078.861026,200.
1779989078.961026,0.,1779989078.961026,200.
1779989079.061026,0.,1779989079.061026,200.
1779989079.161026,0.,1779989079.161026,200.
1779989079.2610261,0.,1779989079.2610261,200.
1779989079.361026,0.,1779989079.361026,200.
1779989079.461026,0.,1779989079.461026,200.
1779989079.561026,0.,1779989079.561026,200.
1779989079.661026,0.,1779989079.661026,200.
1779989079.7610261,0.,1779989079.7610261,200.
1779989079.861026,0.,1779989079.861026,200.
1779989079.961026,0.,1779989079.961026,200.
1779989080.061026,0.,1779989080.061026,200.
1779989080.161026,0.,1779989080.161026,200.
1779989080.2610261,0.,1779989080.2610261,200.
1779989080.361026,0.,1779989080.361026,200.
1779989080.461026,0.,1779989080.461026,200.
1779989080.561026,0.,1779989080.561026,200.
1779989080.661026,0.,1779989080.661026,200.
1779989080.7610261,0.,1779989080.7610261,200.
1779989080.861026,0.,1779989080.861026,200.
1779989080.961026,0.,1779989080.961026,200.
1779989081.061026,0.,1779989081.061026,200.
1779989081.161026,0.,1779989081.161026,200.
1779989081.2610261,0.,1779989081.2610261,200.
1779989081.361026,0.,1779989081.361026,200.
1779989081.461026,0.,1779989081.461026,200.
1779989081.561026,0.,1779989081.561026,200.
1779989081.661026,0.,1779989081.661026,200.
1779989081.7610261,0.,1779989081.7610261,200.
1779989081.861026,0.,1779989081.861026,200.
1779989081.961026,0.,1779989081.961026,200.
1779989082.061026,0.,1779989082.061026,200.
1779989082.161026,0.,1779989082.161026,200.
1779989082.2610261,0.,1779989082.2610261,200.
1779989082.361026,0.,1779989082.361026,200.
1779989082.461026,0.,1779989082.461026,200.
1779989082.561026,0.,1779989082.561026,200.
1779989082.661026,0.,1779989082.661026,200.
1779989082.7610261,0.,1779989082.7610261,200.
1779989082.861026,0.,1779989082.861026,200.
1779989082.961026,0.,1779989082.961026,200.
1779989083.061026,0.,1779989083.061026,200.
1779989083.161026,0.,1779989083.161026,200.
1779989083.2610261,0.,1779989083.2610261,200.
1779989083.361026,0.,1779989083.361026,200.
1779989083.461026,0.,1779989083.461026,200.
1779989083.561026,0.,1779989083.561026,200.
1779989083.661026,0.,1779989083.661026,200.
1779989083.7610261,0.,1779989083.7610261,200.
1779989083.861026,0.,1779989083.861026,200.
1779989083.961026,0.,1779989083.961026,200.
1779989084.061026,0.,1779989084.061026,200.
1779989084.161026,0.,1779989084.161026,200.
1779989084.2610261,0.,1779989084.2610261,200.
1779989084.361026,0.,1779989084.361026,200.
1779989084.461026,0.,1779989084.461026,200.
1779989084.561026,0.,1779989084.561026,200.
1779989084.661026,0.,1779989084.661026,200.
1779989084.7610261,0.,1779989084.7610261,200.
1779989084.861026,0.,1779989084.861026,200.
1779989084.961026,0.,1779989084.961026,200.
1779989085.061026,0.,1779989085.061026,200.
1779989085.161026,0.,1779989085.161026,200.
1779989085.2610261,0.,1779989085.2610261,200.
1779989085.361026,0.,1779989085.361026,200.
1779989085.461026,0.,1779989085.461026,200.
1779989085.561026,0.,1779989085.561026,200.
1779989085.661026,0.,1779989085.661026,200.
1779989085.7610261,0.,1779989085.7610261,200.
1779989085.861026,0.,1779989085.861026,200.
1779989085.961026,0.,1779989085.961026,200.
1779989086.061026,0.,1779989086.061026,200.
1779989086.161026,0.,1779989086.161026,200.
1779989086.2610261,0.,1779989086.2610261,200.
1779989086.361026,0.,1779989086.361026,200.
1779989086.461026,0.,1779989086.461026,200.
1779989086.561026,0.,1779989086.561026,200.
1779989086.661026,0.,1779989086.661026,200.
1779989086.7610261,0.,1779989086.7610261,200.
1779989086.861026,0.,1779989086.861026,200.
1779989086.961026,0.,1779989086.961026,200.
1779989087.061026,0.,1779989087.061026,200.
1779989087.161026,0.,1779989087.161026,200.
1779989087.2610261,0.,1779989087.2610261,200.
1779989087.361026,0.,1779989087.361026,200.
1779989087.461026,0.,1779989087.461026,200.
1779989087.561026,0.,1779989087.561026,200.
1779989087.661026,0.,1779989087.661026,200.
1779989087.7610261,0.,1779989087.7610261,200.
1779989087.861026,0.,1779989087.861026,200.
1779989087.961026,0.,1779989087.961026,200.
1779989088.061026,0.,1779989088.061026,200.
1779989088.161026,0.,1779989088.161026,200.
1779989088.2610261,0.,1779989088.2610261,200.
1779989088.361026,0.,1779989088.361026,200.
1779989088.461026,0.,1779989088.461026,200.
1779989088.561026,0.,1779989088.561026,200.
1779989088.661026,0.,1779989088.661026,200.
1779989088.7610261,0.,1779989088.7610261,200.
1779989088.861026,0.,1779989088.861026,200.
1779989088.961026,0.,1779989088.961026,200.
1779989089.061026,0.,1779989089.061026,200.
1779989089.161026,0.,1779989089.161026,200.
1779989089.2610261,0.,1779989089.2610261,200.
1779989089.361026,0.,1779989089.361026,200.
1779989089.461026,0.,1779989089.461026,200.
1779989089.561026,0.,1779989089.561026,200.
1779989089.661026,0.,1779989089.661026,200.
1779989089.7610261,0.,1779989089.7610261,200.
1779989089.861026,0.,1779989089.861026,200.
1779989089.961026,0.,1779989089.961026,200.
1779989090.061026,0.,1779989090.061026,200.
1779989090.161026,0.,1779989090.161026,200.
1779989090.2610261,0.,1779989090.2610261,200.
1779989090.361026,0.,1779989090.361026,200.
1779989090.461026,0.,1779989090.461026,200.
1779989090.561026,0.,1779989090.561026,200.
1779989090.661026,0.,1779989090.661026,200.
1779989090.7610261,0.,1779989090.7610261,200.
1779989090.861026,0.,1779989090.861026,200.
1779989090.961026,0.,1779989090.961026,200.
1779989091.061026,0.,1779989091.061026,200.
1779989091.161026,0.,1779989091.161026,200.
1779989091.2610261,0.,1779989091.2610261,200.
1779989091.361026,0.,1779989091.361026,200.
1779989091.461026,0.,1779989091.461026,200.
1779989091.561026,0.,1779989091.561026,200.
1779989091.661026,0.,1779989091.661026,200.
1779989091.7610261,0.,1779989091.7610261,200.
1779989091.861026,0.,1779989091.861026,200.
1779989091.961026,0.,1779989091.961026,200.
1779989092.061026,0.,1779989092.061026,200.
1779989092.161026,0.,1779989092.161026,200.
1779989092.2610261,0.,1779989092.2610261,200.
1779989092.361026,0.,1779989092.361026,200.
1779989092.461026,0.,1779989092.461026,200.
1779989092.561026,0.,1779989092.561026,200.
1779989092.661026,0.,1779989092.661026,200.
1779989092.7610261,0.,1779989092.7610261,200.
1779989092.861026,0.,1779989092.861026,200.
1779989092.961026,0.,1779989092.961026,200.
1779989093.061026,0.,1779989093.061026,200.
1779989093.161026,76.7214834143,1779989093.161026,200.
1779989093.2610261,131.9349377178,1779989093.2610261,200.
1779989093.361026,169.1422345694,1779989093.361026,200.
1779989093.461026,178.3472552457,1779989093.461026,200.
1779989093.561026,174.5130333676,1779989093.561026,200.
1779989093.661026,181.0558074,1779989093.661026,200.
1779989093.7610261,167.7659244007,1779989093.7610261,200.
1779989093.861026,185.7208614630,1779989093.861026,200.
1779989093.961026,197.1471443769,1779989093.961026,200.
1779989094.061026,205.2899065758,1779989094.061026,200.
1779989094.161026,216.5376804552,1779989094.161026,200.
1779989094.2610261,183.6996566324,1779989094.2610261,200.
1779989094.361026,203.5581807226,1779989094.361026,200.
1779989094.461026,215.3910338956,1779989094.461026,200.
1779989094.561026,213.4065717043,1779989094.561026,200.
1779989094.661026,187.649138038,1779989094.661026,200.
1779989094.7610261,229.9246826372,1779989094.7610261,200.
1779989094.861026,241.2082477718,1779989094.861026,200.
1779989094.961026,190.9993749303,1779989094.961026,200.
1779989095.061026,188.2122324105,1779989095.061026,200.
1779989095.161026,196.0739826782,1779989095.161026,200.
1779989095.2610261,198.2144695884,1779989095.2610261,200.
1779989095.361026,199.7304607412,1779989095.361026,200.
1779989095.461026,193.5423773107,1779989095.461026,200.
1779989095.561026,183.4200831922,1779989095.561026,200.
1779989095.661026,188.2163388245,1779989095.661026,200.
1779989095.7610261,162.2426671318,1779989095.7610261,200.
1779989095.861026,176.4642011837,1779989095.861026,200.
1779989095.961026,184.0839647748,1779989095.961026,200.
1779989096.061026,179.5653318930,1779989096.061026,200.
1779989096.161026,195.4826715815,1779989096.161026,200.
1779989096.2610261,206.9233456819,1779989096.2610261,200.
1779989096.361026,183.6440729151,1779989096.361026,200.
1779989096.461026,209.4591908852,1779989096.461026,200.
1779989096.561026,225.0361854078,1779989096.561026,200.
1779989096.661026,207.8023417914,1779989096.661026,200.
1779989096.7610261,182.5402368610,1779989096.7610261,200.
1779989096.861026,234.4092853561,1779989096.861026,200.
1779989096.961026,207.4370724961,1779989096.961026,200.
1779989097.061026,201.4854761470,1779989097.061026,200.
1779989097.161026,209.5453145216,1779989097.161026,200.
1779989097.2610261,214.1485742435,1779989097.2610261,200.
1779989097.361026,204.2439882845,1779989097.361026,200.
1779989097.461026,193.7821542402,1779989097.461026,200.
1779989097.561026,194.0880429432,1779989097.561026,200.
1779989097.661026,174.2788847893,1779989097.661026,200.
1779989097.7610261,178.5461846936,1779989097.7610261,200.
1779989097.861026,190.9023917936,1779989097.861026,200.
1779989097.961026,164.2871799735,1779989097.961026,200.
1779989098.061026,177.6412058290,1779989098.061026,200.
1779989098.161026,147.0812592542,1779989098.161026,200.
1779989098.2610261,176.0793583196,1779989098.2610261,200.
1779989098.361026,161.0182989707,1779989098.361026,200.
1779989098.461026,166.8016389644,1779989098.461026,200.
1779989098.561026,182.0351466920,1779989098.561026,200.
1779989098.661026,176.4178242632,1779989098.661026,200.
1779989098.7610261,173.4962948376,1779989098.7610261,200.
1779989098.861026,178.7303433534,1779989098.861026,200.
1779989098.961026,201.5043442858,1779989098.961026,200.
1779989099.061026,179.1607699276,1779989099.061026,200.
1779989099.161026,182.1994522747,1779989099.161026,200.
1779989099.2610261,195.4853092493,1779989099.2610261,200.
1779989099.361026,215.2773344719,1779989099.361026,200.
1779989099.461026,176.9426620070,1779989099.461026,200.
1779989099.561026,198.9133839149,1779989099.561026,200.
1779989099.661026,205.9615454946,1779989099.661026,200.
1779989099.7610261,208.0033672177,1779989099.7610261,200.
1779989099.861026,209.4366158264,1779989099.861026,200.
1779989099.961026,180.9046834116,1779989099.961026,200.
1779989100.061026,197.2668574292,1779989100.061026,200.
1779989100.161026,214.2264897146,1779989100.161026,200.
1779989100.2610261,191.3314791831,1779989100.2610261,200.
1779989100.361026,195.3676666951,1779989100.361026,200.
1779989100.461026,210.0263820164,1779989100.461026,200.
1779989100.561026,176.6900670115,1779989100.561026,200.
1779989100.661026,157.7400830063,1779989100.661026,200.
1779989100.7610261,156.8627030468,1779989100.7610261,200.
1779989100.861026,178.0906752112,1779989100.861026,200.
1779989100.961026,165.2706038878,1779989100.961026,200.
1779989101.061026,173.0547846245,1779989101.061026,200.
1779989101.161026,156.6800762021,1779989101.161026,200.
1779989101.2610261,146.9712435221,1779989101.2610261,200.
1779989101.361026,188.752650829,1779989101.361026,200.
1779989101.461026,191.7194434985,1779989101.461026,200.
1779989101.561026,199.5554548164,1779989101.561026,200.
1779989101.661026,205.8415063289,1779989101.661026,200.
1779989101.7610261,186.8614954344,1779989101.7610261,200.
1779989101.861026,176.6738534406,1779989101.861026,200.
1779989101.961026,203.5388118390,1779989101.961026,200.
1779989102.061026,230.4523858822,1779989102.061026,200.
1779989102.161026,204.0606048318,1779989102.161026,200.
1779989102.2610261,186.2826993322,1779989102.2610261,200.
1779989102.361026,176.3509991735,1779989102.361026,200.
1779989102.461026,178.1245665887,1779989102.461026,200.
1779989102.561026,207.8310467510,1779989102.561026,200.
1779989102.661026,195.9572536785,1779989102.661026,200.
1779989102.7610261,178.2700132920,1779989102.7610261,200.
1779989102.861026,200.8948052819,1779989102.861026,200.
1779989102.961026,175.8049079638,1779989102.961026,200.
1779989103.061026,179.3069556736,1779989103.061026,200.
1779989103.161026,167.1051313908,1779989103.161026,200.
1779989103.2610261,153.1359676860,1779989103.2610261,200.
1779989103.361026,170.5027103467,1779989103.361026,200.
1779989103.461026,170.0055378342,1779989103.461026,200.
1779989103.561026,133.125536741,1779989103.561026,200.
1779989103.661026,169.1707043422,1779989103.661026,200.
1779989103.7610261,212.3376498638,1779989103.7610261,200.
1779989103.861026,187.6282208072,1779989103.861026,200.
1779989103.961026,152.159362111,1779989103.961026,200.
1779989104.061026,176.2557582157,1779989104.061026,200.
1779989104.161026,195.7797242192,1779989104.161026,200.
1779989104.2610261,208.6372562111,1779989104.2610261,200.
1779989104.361026,204.5040071525,1779989104.361026,200.
1779989104.461026,161.7718625592,1779989104.461026,200.
1779989104.561026,166.6464495161,1779989104.561026,200.
1779989104.661026,234.3725687407,1779989104.661026,200.
1779989104.7610261,191.522547105,1779989104.7610261,200.
1779989104.861026,230.1204295655,1779989104.861026,200.
1779989104.961026,196.0009130339,1779989104.961026,200.
1779989105.061026,191.9916821057,1779989105.061026,200.
1779989105.161026,197.6034255252,1779989105.161026,200.
1779989105.2610261,206.1716689173,1779989105.2610261,200.
1779989105.361026,198.6440120714,1779989105.361026,200.
1779989105.461026,182.4258257419,1779989105.461026,200.
1779989105.561026,184.3989191877,1779989105.561026,200.
1779989105.661026,177.7259890975,1779989105.661026,200.
1779989105.7610261,177.9119258965,1779989105.7610261,200.
1779989105.861026,170.8788690204,1779989105.861026,200.
1779989105.961026,186.3599974435,1779989105.961026,200.
1779989106.061026,154.3454530404,1779989106.061026,200.
1779989106.161026,147.7475390439,1779989106.161026,200.
1779989106.2610261,159.4996049716,1779989106.2610261,200.
1779989106.361026,154.6540463947,1779989106.361026,200.
1779989106.461026,179.3122675513,1779989106.461026,200.
1779989106.561026,197.3424629086,1779989106.561026,200.
1779989106.661026,174.1969139145,1779989106.661026,200.
1779989106.7610261,156.8987182313,1779989106.7610261,200.
1779989106.861026,200.7300289513,1779989106.861026,200.
1779989106.961026,179.2664749939,1779989106.961026,200.
1779989107.061026,197.5446888858,1779989107.061026,200.
1779989107.161026,183.0778049082,1779989107.161026,200.
1779989107.2610261,200.1539649845,1779989107.2610261,200.
1779989107.361026,199.7394873412,1779989107.361026,200.
1779989107.461026,223.4433260901,1779989107.461026,200.
1779989107.561026,210.9246510856,1779989107.561026,200.
1779989107.661026,209.4646714266,1779989107.661026,200.
1779989107.7610261,189.0531905487,1779989107.7610261,200.
1779989107.861026,196.6144029564,1779989107.861026,200.
1779989107.961026,209.5814157052,1779989107.961026,200.
1779989108.061026,180.6768160907,1779989108.061026,200.
1779989108.161026,206.3419178852,1779989108.161026,200.
1779989108.2610261,176.0119562734,1779989108.2610261,200.
1779989108.361026,154.7926358689,1779989108.361026,200.
1779989108.461026,172.1705285168,1779989108.461026,200.
1779989108.561026,177.2325253551,1779989108.561026,200.
1779989108.661026,173.1020899981,1779989108.661026,200.
1779989108.7610261,159.8937287723,1779989108.7610261,200.
1779989108.861026,147.6552667528,1779989108.861026,200.
1779989108.961026,162.3819864432,1779989108.961026,200.
1779989109.061026,152.5570545438,1779989109.061026,200.
1779989109.161026,151.981165602,1779989109.161026,200.
1779989109.2610261,149.7071601657,1779989109.2610261,200.
1779989109.361026,179.1778093292,1779989109.361026,200.
1779989109.461026,164.8579239676,1779989109.461026,200.
1779989109.561026,154.1136108396,1779989109.561026,200.
1779989109.661026,177.3579389504,1779989109.661026,200.
1779989109.7610261,205.0850823728,1779989109.7610261,200.
1779989109.861026,180.3155964495,1779989109.861026,200.
1779989109.961026,209.4913138742,1779989109.961026,200.
1779989110.061026,202.1142567174,1779989110.061026,200.
1779989110.161026,183.1616192486,1779989110.161026,200.
1779989110.2610261,215.194802467,1779989110.2610261,200.
1779989110.361026,189.6371620173,1779989110.361026,200.
1779989110.461026,231.139213796,1779989110.461026,200.
1779989110.561026,190.0789581821,1779989110.561026,200.
1779989110.661026,190.3578874472,1779989110.661026,200.
1779989110.7610261,208.3261721193,1779989110.7610261,200.
1779989110.861026,180.8881939548,1779989110.861026,200.
1779989110.961026,185.7534677336,1779989110.961026,200.
1779989111.061026,177.383998921,1779989111.061026,200.
1779989111.161026,194.1197052624,1779989111.161026,200.
1779989111.2610261,181.8920761966,1779989111.2610261,200.
1779989111.361026,158.1951676232,1779989111.361026,200.
1779989111.461026,151.7097471101,1779989111.461026,200.
1779989111.561026,163.6198798747,1779989111.561026,200.
1779989111.661026,148.5630471632,1779989111.661026,200.
1779989111.7610261,169.136471075,1779989111.7610261,200.
1779989111.861026,174.5360050268,1779989111.861026,200.
1779989111.961026,171.6019708523,1779989111.961026,200.
1779989112.061026,185.1269790037,1779989112.061026,200.
1779989112.161026,186.0655906359,1779989112.161026,200.
1779989112.2610261,189.0403570324,1779989112.2610261,200.
1779989112.361026,192.617319752,1779989112.361026,200.
1779989112.461026,206.2148166932,1779989112.461026,200.
1779989112.561026,180.3115718106,1779989112.561026,200.
1779989112.661026,227.6639207732,1779989112.661026,200.
1779989112.7610261,205.0294534247,1779989112.7610261,200.
1779989112.861026,247.2909614324,1779989112.861026,200.
1779989112.961026,184.3153299651,1779989112.961026,200.
1779989113.061026,210.1428721627,1779989113.061026,200.
1779989113.161026,190.7064506096,1779989113.161026,200.
1779989113.2610261,196.4709141197,1779989113.2610261,200.
1779989113.361026,171.1120664296,1779989113.361026,200.
1779989113.461026,201.4098238597,1779989113.461026,200.
1779989113.561026,193.2699008481,1779989113.561026,200.
1779989113.661026,190.4075165041,1779989113.661026,200.
1779989113.7610261,192.6848344555,1779989113.7610261,200.
1779989113.861026,162.9123146844,1779989113.861026,200.
1779989113.961026,175.8169409303,1779989113.961026,200.
1779989114.061026,150.2495739762,1779989114.061026,200.
1779989114.161026,169.6364502889,1779989114.161026,200.
1779989114.2610261,170.4671270493,1779989114.2610261,200.
1779989114.361026,184.4625688100,1779989114.361026,200.
1779989114.461026,171.4442818712,1779989114.461026,200.
1779989114.561026,184.8970574882,1779989114.561026,200.
1779989114.661026,176.2924301724,1779989114.661026,200.
1779989114.7610261,202.8689101573,1779989114.7610261,200.
1779989114.861026,199.7854146443,1779989114.861026,200.
1779989114.961026,192.2961818633,1779989114.961026,200.
1779989115.061026,223.0156803850,1779989115.061026,200.
1779989115.161026,206.2836381806,1779989115.161026,200.
1779989115.2610261,214.560173754,1779989115.2610261,200.
1779989115.361026,213.2121588376,1779989115.361026,200.
1779989115.461026,202.5030009618,1779989115.461026,200.
1779989115.561026,176.7308869687,1779989115.561026,200.
1779989115.661026,207.8346090816,1779989115.661026,200.
1779989115.7610261,178.5502139236,1779989115.7610261,200.
1779989115.861026,201.224463277,1779989115.861026,200.
1779989115.961026,178.4044289482,1779989115.961026,200.
1779989116.061026,169.5719769023,1779989116.061026,200.
1779989116.161026,180.0936420307,1779989116.161026,200.
1779989116.2610261,207.9736217097,1779989116.2610261,200.
1779989116.361026,168.2859248754,1779989116.361026,200.
1779989116.461026,162.7089499779,1779989116.461026,200.
1779989116.561026,151.9595360049,1779989116.561026,200.
1779989116.661026,171.3488911486,1779989116.661026,200.
1779989116.7610261,151.1113021544,1779989116.7610261,200.
1779989116.861026,145.8865835041,1779989116.861026,200.
1779989116.961026,175.3886795725,1779989116.961026,200.
1779989117.061026,167.722315184,1779989117.061026,200.
1779989117.161026,155.6351520937,1779989117.161026,200.
1779989117.2610261,172.154072958,1779989117.2610261,200.
1779989117.361026,203.547900294,1779989117.361026,200.
1779989117.461026,209.5663379153,1779989117.461026,200.
1779989117.561026,172.7599077402,1779989117.561026,200.
1779989117.661026,235.7340669502,1779989117.661026,200.
1779989117.7610261,187.356763414,1779989117.7610261,200.
1779989117.861026,227.2924017407,1779989117.861026,200.
1779989117.961026,251.6732882711,1779989117.961026,200.
1779989118.061026,215.4914496163,1779989118.061026,200.
1779989118.161026,211.1521322496,1779989118.161026,200.
1779989118.2610261,186.1258506256,1779989118.2610261,200.
1779989118.361026,187.8641596409,1779989118.361026,200.
1779989118.461026,222.2520687215,1779989118.461026,200.
1779989118.561026,185.4817753318,1779989118.561026,200.
1779989118.661026,178.1271317213,1779989118.661026,200.
1779989118.7610261,183.1002799453,1779989118.7610261,200.
1779989118.861026,192.6557833681,1779989118.861026,200.
1779989118.961026,199.4145166408,1779989118.961026,200.
1779989119.061026,151.4614624135,1779989119.061026,200.
1779989119.161026,185.6398803758,1779989119.161026,200.
1779989119.2610261,173.1487826938,1779989119.2610261,200.
1779989119.361026,129.6711732428,1779989119.361026,200.
1779989119.461026,160.6636541199,1779989119.461026,200.
1779989119.561026,172.1120478798,1779989119.561026,200.
1779989119.661026,182.1385584187,1779989119.661026,200.
1779989119.7610261,202.4241994971,1779989119.7610261,200.
1779989119.861026,186.5261592921,1779989119.861026,200.
1779989119.961026,170.1515691825,1779989119.961026,200.
1779989120.061026,202.1889401716,1779989120.061026,200.
1779989120.161026,207.0919006626,1779989120.161026,200.
1779989120.2610261,209.4558578951,1779989120.2610261,200.
1779989120.361026,182.3073225114,1779989120.361026,200.
1779989120.461026,192.6260304046,1779989120.461026,200.
1779989120.561026,249.2781975351,1779989120.561026,200.
1779989120.661026,192.1937990973,1779989120.661026,200.
1779989120.7610261,204.9115229342,1779989120.7610261,200.
1779989120.861026,205.0851371581,1779989120.861026,200.
1779989120.961026,223.9292104385,1779989120.961026,200.
1779989121.061026,209.7445606005,1779989121.061026,200.
1779989121.161026,248.1950445068,1779989121.161026,200.
1779989121.2610261,198.0828446386,1779989121.2610261,200.
1779989121.361026,181.6789691063,1779989121.361026,200.
1779989121.461026,170.0286066394,1779989121.461026,200.
1779989121.561026,219.3183228412,1779989121.561026,200.
1779989121.661026,185.6652302081,1779989121.661026,200.
1779989121.7610261,190.1665889325,1779989121.7610261,200.
1779989121.861026,182.8532702564,1779989121.861026,200.
1779989121.961026,178.9756021771,1779989121.961026,200.
1779989122.061026,168.9944877764,1779989122.061026,200.
1779989122.161026,177.3345310758,1779989122.161026,200.
1779989122.2610261,155.3961283610,1779989122.2610261,200.
1779989122.361026,199.8263189623,1779989122.361026,200.
1779989122.461026,171.2909073757,1779989122.461026,200.
1779989122.561026,240.0059480811,1779989122.561026,200.
1779989122.661026,208.4383115572,1779989122.661026,200.
1779989122.7610261,185.4521836118,1779989122.7610261,200.
1779989122.861026,190.4838561324,1779989122.861026,200.
1779989122.961026,192.9883289843,1779989122.961026,200.
1779989123.061026,206.7036229775,1779989123.061026,200.
1779989123.161026,196.3519282369,1779989123.161026,200.
1779989123.2610261,212.6820726295,1779989123.2610261,200.
1779989123.361026,198.8445881936,1779989123.361026,200.
1779989123.461026,184.7812965046,1779989123.461026,200.
1779989123.561026,216.7215860485,1779989123.561026,200.
1779989123.661026,223.987980688,1779989123.661026,200.
1779989123.7610261,197.5976397196,1779989123.7610261,200.
1779989123.861026,191.6141928148,1779989123.861026,200.
1779989123.961026,191.3065144367,1779989123.961026,200.
1779989124.061026,190.1251209818,1779989124.061026,200.
1779989124.161026,189.2702023024,1779989124.161026,200.
1779989124.2610261,138.2205342806,1779989124.2610261,200.
1779989124.361026,173.2922132338,1779989124.361026,200.
1779989124.461026,173.3585236517,1779989124.461026,200.
1779989124.561026,178.4053767205,1779989124.561026,200.
1779989124.661026,156.5146304295,1779989124.661026,200.
1779989124.7610261,173.2363591751,1779989124.7610261,200.
1779989124.861026,193.3231666454,1779989124.861026,200.
1779989124.961026,163.9066840863,1779989124.961026,200.
1779989125.061026,177.2423000122,1779989125.061026,200.
1779989125.161026,199.7710500893,1779989125.161026,200.
1779989125.2610261,196.3471097082,1779989125.2610261,200.
1779989125.361026,194.2963419479,1779989125.361026,200.
1779989125.461026,178.9950898719,1779989125.461026,200.
1779989125.561026,195.5322573507,1779989125.561026,200.
1779989125.661026,237.7347068218,1779989125.661026,200.
1779989125.7610261,207.6660928067,1779989125.7610261,200.
1779989125.861026,204.8472469312,1779989125.861026,200.
1779989125.961026,183.9182635003,1779989125.961026,200.
1779989126.061026,186.3402764976,1779989126.061026,200.
1779989126.161026,215.8240246027,1779989126.161026,200.
1779989126.2610261,184.0289831165,1779989126.2610261,200.
1779989126.361026,180.7210285028,1779989126.361026,200.
1779989126.461026,201.6887859248,1779989126.461026,200.
1779989126.561026,175.2768619871,1779989126.561026,200.
1779989126.661026,180.6821892726,1779989126.661026,200.
1779989126.7610261,172.8116280717,1779989126.7610261,200.
1779989126.861026,174.6691120021,1779989126.861026,200.
1779989126.961026,151.1583515155,1779989126.961026,200.
1779989127.061026,144.8377209949,1779989127.061026,200.
1779989127.161026,147.5901199522,1779989127.161026,200.
1779989127.2610261,189.1989903367,1779989127.2610261,200.
1779989127.361026,204.3704513425,1779989127.361026,200.
1779989127.461026,203.0075484889,1779989127.461026,200.
1779989127.561026,161.4350624972,1779989127.561026,200.
1779989127.661026,187.5811913653,1779989127.661026,200.
1779989127.7610261,184.7633935291,1779989127.7610261,200.
1779989127.861026,216.4148994296,1779989127.861026,200.
1779989127.961026,171.1458901222,1779989127.961026,200.
1779989128.061026,189.3172590267,1779989128.061026,200.
1779989128.161026,204.665224468,1779989128.161026,200.
1779989128.2610261,181.9923906224,1779989128.2610261,200.
1779989128.361026,209.7120949638,1779989128.361026,200.
1779989128.461026,205.9309219156,1779989128.461026,200.
1779989128.561026,224.5674017629,1779989128.561026,200.
1779989128.661026,213.9994402654,1779989128.661026,200.
1779989128.7610261,210.1524113618,1779989128.7610261,200.
1779989128.861026,216.0888177191,1779989128.861026,200.
1779989128.961026,194.1208219478,1779989128.961026,200.
1779989129.061026,185.5356139657,1779989129.061026,200.
1779989129.161026,200.5964592619,1779989129.161026,200.
1779989129.2610261,183.3679252626,1779989129.2610261,200.
1779989129.361026,178.4316821419,1779989129.361026,200.
1779989129.461026,199.1707735820,1779989129.461026,200.
1779989129.561026,181.1612981247,1779989129.561026,200.
1779989129.661026,148.6626958466,1779989129.661026,200.
1779989129.7610261,177.7104924035,1779989129.7610261,200.
1779989129.861026,206.3923580285,1779989129.861026,200.
1779989129.961026,182.1748407566,1779989129.961026,200.
1779989130.061026,206.5454921705,1779989130.061026,200.
1779989130.161026,176.4524019877,1779989130.161026,200.
1779989130.2610261,180.3406034162,1779989130.2610261,200.
1779989130.361026,199.4272365854,1779989130.361026,200.
1779989130.461026,162.7766400715,1779989130.461026,200.
1779989130.561026,195.0311001867,1779989130.561026,200.
1779989130.661026,180.3606631597,1779989130.661026,200.
1779989130.7610261,198.4522052496,1779989130.7610261,200.
1779989130.861026,198.2153265811,1779989130.861026,200.
1779989130.961026,196.3675881201,1779989130.961026,200.
1779989131.061026,209.4037243362,1779989131.061026,200.
1779989131.161026,212.3038785735,1779989131.161026,200.
1779989131.2610261,203.6824789395,1779989131.2610261,200.
1779989131.361026,204.8705676613,1779989131.361026,200.
1779989131.461026,207.9587594388,1779989131.461026,200.
1779989131.561026,182.9884792679,1779989131.561026,200.
1779989131.661026,198.9993732294,1779989131.661026,200.
1779989131.7610261,184.2813417729,1779989131.7610261,200.
1779989131.861026,194.6308691716,1779989131.861026,200.
1779989131.961026,159.9429011916,1779989131.961026,200.
1779989132.061026,171.4381808354,1779989132.061026,200.
1779989132.161026,149.467560072,1779989132.161026,200.
1779989132.2610261,172.2614784695,1779989132.2610261,200.
1779989132.361026,129.0018449324,1779989132.361026,200.
1779989132.461026,143.670331359,1779989132.461026,200.
1779989132.561026,145.2231354665,1779989132.561026,200.
1779989132.661026,172.4807599761,1779989132.661026,200.
1779989132.7610261,173.0053668134,1779989132.7610261,200.
1779989132.861026,187.6837859638,1779989132.861026,200.
1779989132.961026,153.6972793191,1779989132.961026,200.
1779989133.061026,176.1952822499,1779989133.061026,200.
1779989133.161026,173.7325835466,1779989133.161026,200.
1779989133.2610261,176.8210837680,1779989133.2610261,200.
1779989133.361026,181.1233228123,1779989133.361026,200.
1779989133.461026,200.0909610521,1779989133.461026,200.
1779989133.561026,187.4479431206,1779989133.561026,200.
1779989133.661026,201.4317063945,1779989133.661026,200.
1779989133.7610261,183.0910392979,1779989133.7610261,200.
1779989133.861026,192.4328526800,1779989133.861026,200.
1779989133.961026,209.2450898556,1779989133.961026,200.
1779989134.061026,207.0291600457,1779989134.061026,200.
1779989134.161026,208.7383443814,1779989134.161026,200.
1779989134.2610261,181.3485332299,1779989134.2610261,200.
1779989134.361026,196.147015767,1779989134.361026,200.
1779989134.461026,189.5682195512,1779989134.461026,200.
1779989134.561026,181.7719772904,1779989134.561026,200.
1779989134.661026,173.9599067560,1779989134.661026,200.
1779989134.7610261,167.6043165218,1779989134.7610261,200.
1779989134.861026,133.0640641332,1779989134.861026,200.
1779989134.961026,155.4898389555,1779989134.961026,200.
1779989135.061026,189.8176759196,1779989135.061026,200.
1779989135.161026,194.1435846986,1779989135.161026,200.
1779989135.2610261,164.7314108822,1779989135.2610261,200.
1779989135.361026,174.997353338,1779989135.361026,200.
1779989135.461026,173.4126797733,1779989135.461026,200.
1779989135.561026,144.2649104825,1779989135.561026,200.
1779989135.661026,211.8587049265,1779989135.661026,200.
1779989135.7610261,200.7612161945,1779989135.7610261,200.
1779989135.861026,162.8260992377,1779989135.861026,200.
1779989135.961026,173.1471564761,1779989135.961026,200.
1779989136.061026,181.0438918931,1779989136.061026,200.
1779989136.161026,196.1803588005,1779989136.161026,200.
1779989136.2610261,182.0143905232,1779989136.2610261,200.
1779989136.361026,204.3516312001,1779989136.361026,200.
1779989136.461026,230.5910715469,1779989136.461026,200.
1779989136.561026,234.1866742466,1779989136.561026,200.
1779989136.661026,216.57910188,1779989136.661026,200.
1779989136.7610261,206.1537168041,1779989136.7610261,200.
1779989136.861026,233.9401179401,1779989136.861026,200.
1779989136.961026,233.9401179401,1779989136.961026,0.
1779989137.061026,233.9401179401,1779989137.061026,0.
1779989137.161026,233.9401179401,1779989137.161026,0.
1779989137.2610261,233.9401179401,1779989137.2610261,0.
1779989137.361026,233.9401179401,1779989137.361026,0.
1779989137.461026,233.9401179401,1779989137.461026,0.
1779989137.561026,233.9401179401,1779989137.561026,0.
1779989137.661026,233.9401179401,1779989137.661026,0.
1779989137.7610261,233.9401179401,1779989137.7610261,0.
1779989137.861026,233.9401179401,1779989137.861026,0.
1779989137.961026,233.9401179401,1779989137.961026,0.
1779989138.061026,233.9401179401,1779989138.061026,0.
1779989138.161026,233.9401179401,1779989138.161026,0.
1779989138.2610261,233.9401179401,1779989138.2610261,0.
1779989138.361026,233.9401179401,1779989138.361026,0.
1779989138.461026,233.9401179401,1779989138.461026,0.
1779989138.561026,233.9401179401,1779989138.561026,0.
1779989138.661026,233.9401179401,1779989138.661026,0.
1779989138.7610261,233.9401179401,1779989138.7610261,0.
1779989138.861026,233.9401179401,1779989138.861026,0.
1779989138.961026,233.9401179401,1779989138.961026,0.
1779989139.061026,233.9401179401,1779989139.061026,0.
1779989139.161026,233.9401179401,1779989139.161026,0.
1779989139.2610261,233.9401179401,1779989139.2610261,0.
1779989139.361026,233.9401179401,1779989139.361026,0.
1779989139.461026,233.9401179401,1779989139.461026,0.
1779989139.561026,233.9401179401,1779989139.561026,0.
1779989139.661026,233.9401179401,1779989139.661026,0.
1779989139.7610261,233.9401179401,1779989139.7610261,0.
1779989139.861026,233.9401179401,1779989139.861026,0.
1779989139.961026,233.9401179401,1779989139.961026,0.
1779989140.061026,233.9401179401,1779989140.061026,0.
1779989140.161026,233.9401179401,1779989140.161026,0.
1779989140.2610261,233.9401179401,1779989140.2610261,0.
1779989140.361026,233.9401179401,1779989140.361026,0.
1779989140.461026,233.9401179401,1779989140.461026,0.
1779989140.561026,233.9401179401,1779989140.561026,0.
1779989140.661026,233.9401179401,1779989140.661026,0.
1779989140.7610261,233.9401179401,1779989140.7610261,0.
1779989140.861026,233.9401179401,1779989140.861026,0.
1779989140.961026,233.9401179401,1779989140.961026,0.
1779989141.061026,233.9401179401,1779989141.061026,0.
1779989141.161026,233.9401179401,1779989141.161026,0.
1779989141.2610261,233.9401179401,1779989141.2610261,0.
1779989141.361026,233.9401179401,1779989141.361026,0.
1779989141.461026,233.9401179401,1779989141.461026,0.
1779989141.561026,233.9401179401,1779989141.561026,0.
1779989141.661026,233.9401179401,1779989141.661026,0.
1779989141.7610261,233.9401179401,1779989141.7610261,0.
1779989141.861026,233.9401179401,1779989141.861026,0.
1779989141.961026,233.9401179401,1779989141.961026,0.
1779989142.061026,233.9401179401,1779989142.061026,0.
1779989142.161026,233.9401179401,1779989142.161026,0.
1779989142.2610261,233.9401179401,1779989142.2610261,0.
1779989142.361026,233.9401179401,1779989142.361026,0.
1779989142.461026,233.9401179401,1779989142.461026,0.
1779989142.561026,233.9401179401,1779989142.561026,0.
1779989142.661026,233.9401179401,1779989142.661026,0.
1779989142.7610261,233.9401179401,1779989142.7610261,0.
1779989142.861026,233.9401179401,1779989142.861026,0.
1779989142.961026,233.9401179401,1779989142.961026,0.
1779989143.061026,233.9401179401,1779989143.061026,0.
1779989143.161026,233.9401179401,1779989143.161026,0.
1779989143.2610261,233.9401179401,1779989143.2610261,0.
1779989143.361026,233.9401179401,1779989143.361026,0.
1779989143.461026,233.9401179401,1779989143.461026,0.
1779989143.561026,233.9401179401,1779989143.561026,0.
1779989143.661026,233.9401179401,1779989143.661026,0.
1779989143.7610261,233.9401179401,1779989143.7610261,0.
1779989143.861026,233.9401179401,1779989143.861026,0.
1779989143.961026,233.9401179401,1779989143.961026,0.
1779989144.061026,233.9401179401,1779989144.061026,0.
1779989144.161026,233.9401179401,1779989144.161026,0.
1779989144.2610261,233.9401179401,1779989144.2610261,0.
1779989144.361026,233.9401179401,1779989144.361026,0.
1779989144.461026,233.9401179401,1779989144.461026,0.
1779989144.561026,233.9401179401,1779989144.561026,0.
1779989144.661026,233.9401179401,1779989144.661026,0.
1779989144.7610261,233.9401179401,1779989144.7610261,0.
1779989144.861026,233.9401179401,1779989144.861026,0.
1779989144.961026,233.9401179401,1779989144.961026,0.
1779989145.061026,233.9401179401,1779989145.061026,0.
1779989145.161026,233.9401179401,1779989145.161026,0.
1779989145.2610261,233.9401179401,1779989145.2610261,0.
1779989145.361026,233.9401179401,1779989145.361026,0.
1779989145.461026,233.9401179401,1779989145.461026,0.
1779989145.561026,233.9401179401,1779989145.561026,0.
1779989145.661026,233.9401179401,1779989145.661026,0.
1779989145.7610261,233.9401179401,1779989145.7610261,0.
1779989145.861026,233.9401179401,1779989145.861026,0.
1779989145.961026,233.9401179401,1779989145.961026,0.
1779989146.061026,233.9401179401,1779989146.061026,0.
1779989146.161026,233.9401179401,1779989146.161026,0.
1779989146.2610261,233.9401179401,1779989146.2610261,0.
1779989146.361026,233.9401179401,1779989146.361026,0.
1779989146.461026,233.9401179401,1779989146.461026,0.
1779989146.561026,233.9401179401,1779989146.561026,0.
1779989146.661026,233.9401179401,1779989146.661026,0.
1779989146.7610261,233.9401179401,1779989146.7610261,0.
1779989146.861026,233.9401179401,1779989146.861026,0.
1779989146.961026,233.9401179401,1779989146.961026,0.
1779989147.061026,233.9401179401,1779989147.061026,0.
1779989147.161026,233.9401179401,1779989147.161026,0.
1779989147.2610261,233.9401179401,1779989147.2610261,0.
1779989147.361026,233.9401179401,1779989147.361026,0.
1779989147.461026,233.9401179401,1779989147.461026,0.
1779989147.561026,233.9401179401,1779989147.561026,0.
1779989147.661026,233.9401179401,1779989147.661026,0.
1779989147.7610261,233.9401179401,1779989147.7610261,0.
1779989147.861026,233.9401179401,1779989147.861026,0.
1779989147.961026,233.9401179401,1779989147.961026,0.
1779989148.061026,233.9401179401,1779989148.061026,0.
1779989148.161026,233.9401179401,1779989148.161026,0.
1779989148.2610261,233.9401179401,1779989148.2610261,0.
1779989148.361026,233.9401179401,1779989148.361026,0.
1779989148.461026,233.9401179401,1779989148.461026,0.
1779989148.561026,233.9401179401,1779989148.561026,0.
1779989148.661026,233.9401179401,1779989148.661026,0.
1779989148.7610261,233.9401179401,1779989148.7610261,0.
1779989148.861026,233.9401179401,1779989148.861026,0.
1779989148.961026,233.9401179401,1779989148.961026,0.
1779989149.061026,233.9401179401,1779989149.061026,0.
1779989149.161026,233.9401179401,1779989149.161026,0.
1779989149.2610261,233.9401179401,1779989149.2610261,0.
1779989149.361026,233.9401179401,1779989149.361026,0.
1779989149.461026,233.9401179401,1779989149.461026,0.
1779989149.561026,233.9401179401,1779989149.561026,0.
1779989149.661026,233.9401179401,1779989149.661026,0.
1779989149.7610261,233.9401179401,1779989149.7610261,0.
1779989149.861026,233.9401179401,1779989149.861026,0.
1779989149.961026,233.9401179401,1779989149.961026,0.
1779989150.061026,233.9401179401,1779989150.061026,0.
1779989150.161026,233.9401179401,1779989150.161026,0.
1779989150.2610261,233.9401179401,1779989150.2610261,0.
1779989150.361026,233.9401179401,1779989150.361026,0.
1779989150.461026,233.9401179401,1779989150.461026,0.
1779989150.561026,233.9401179401,1779989150.561026,0.
1779989150.661026,233.9401179401,1779989150.661026,0.
1779989150.7610261,233.9401179401,1779989150.7610261,0.
1779989150.861026,233.9401179401,1779989150.861026,0.
1779989150.961026,233.9401179401,1779989150.961026,0.
1779989151.061026,233.9401179401,1779989151.061026,0.
1779989151.161026,233.9401179401,1779989151.161026,0.
1779989151.2610261,233.9401179401,1779989151.2610261,0.
1779989151.361026,233.9401179401,1779989151.361026,0.
1779989151.461026,233.9401179401,1779989151.461026,0.
1779989151.561026,233.9401179401,1779989151.561026,0.
1779989151.661026,233.9401179401,1779989151.661026,0.
1779989151.7610261,233.9401179401,1779989151.7610261,0.
1779989151.861026,233.9401179401,1779989151.861026,0.
1779989151.961026,233.9401179401,1779989151.961026,0.
1779989152.061026,233.9401179401,1779989152.061026,0.
1779989152.161026,233.9401179401,1779989152.161026,0.
1779989152.2610261,233.9401179401,1779989152.2610261,0.
1779989152.361026,233.9401179401,1779989152.361026,0.
1779989152.461026,233.9401179401,1779989152.461026,0.
1779989152.561026,233.9401179401,1779989152.561026,0.
1779989152.661026,233.9401179401,1779989152.661026,0.
1779989152.7610261,233.9401179401,1779989152.7610261,0.
1779989152.861026,233.9401179401,1779989152.861026,0.
1779989152.961026,233.9401179401,1779989152.961026,0.
1779989153.061026,233.9401179401,1779989153.061026,0.
1779989153.161026,233.9401179401,1779989153.161026,0.
1779989153.2610261,233.9401179401,1779989153.2610261,0.
1779989153.361026,233.9401179401,1779989153.361026,0.
1779989153.461026,233.9401179401,1779989153.461026,0.
1779989153.561026,233.9401179401,1779989153.561026,0.
1779989153.661026,233.9401179401,1779989153.661026,0.
1779989153.7610261,233.9401179401,1779989153.7610261,0.
1779989153.861026,233.9401179401,1779989153.861026,0.
1779989153.961026,233.9401179401,1779989153.961026,0.
1779989154.061026,233.9401179401,1779989154.061026,0.
1779989154.161026,233.9401179401,1779989154.161026,0.
1779989154.2610261,233.9401179401,1779989154.2610261,0.
1779989154.361026,233.9401179401,1779989154.361026,0.
1779989154.461026,233.9401179401,1779989154.461026,0.
1779989154.561026,233.9401179401,1779989154.561026,0.
1779989154.661026,233.9401179401,1779989154.661026,0.
1779989154.7610261,233.9401179401,1779989154.7610261,0.
1779989154.861026,233.9401179401,1779989154.861026,0.
1779989154.961026,233.9401179401,1779989154.961026,0.
1779989155.061026,233.9401179401,1779989155.061026,0.
1779989155.161026,233.9401179401,1779989155.161026,0.
1779989155.2610261,233.9401179401,1779989155.2610261,0.
1779989155.361026,233.9401179401,1779989155.361026,0.
1779989155.461026,233.9401179401,1779989155.461026,0.
1779989155.561026,233.9401179401,1779989155.561026,0.
1779989155.661026,233.9401179401,1779989155.661026,0.
1779989155.7610261,233.9401179401,1779989155.7610261,0.
1779989155.861026,233.9401179401,1779989155.861026,0.
1779989155.961026,233.9401179401,1779989155.961026,0.
1779989156.061026,233.9401179401,1779989156.061026,0.
1779989156.161026,233.9401179401,1779989156.161026,0.
1779989156.2610261,233.9401179401,1779989156.2610261,0.
1779989156.361026,233.9401179401,1779989156.361026,0.
1779989156.461026,233.9401179401,1779989156.461026,0.
1779989156.561026,233.9401179401,1779989156.561026,0.
1779989156.661026,233.9401179401,1779989156.661026,0.
1779989156.7610261,233.9401179401,1779989156.7610261,0.
1779989156.861026,233.9401179401,1779989156.861026,0.
1779989156.961026,233.9401179401,1779989156.961026,0.
1779989157.061026,233.9401179401,1779989157.061026,0.
1779989157.161026,233.9401179401,1779989157.161026,0.
1779989157.2610261,233.9401179401,1779989157.2610261,0.
1779989157.361026,233.9401179401,1779989157.361026,0.
1779989157.461026,233.9401179401,1779989157.461026,0.
1779989157.561026,233.9401179401,1779989157.561026,0.
1779989157.661026,233.9401179401,1779989157.661026,0.
1779989157.7610261,233.9401179401,1779989157.7610261,0.
1779989157.861026,233.9401179401,1779989157.861026,0.
1779989157.961026,233.9401179401,1779989157.961026,0.
1779989158.061026,233.9401179401,1779989158.061026,0.
1779989158.161026,233.9401179401,1779989158.161026,0.
1779989158.2610261,233.9401179401,1779989158.2610261,0.
1779989158.361026,233.9401179401,1779989158.361026,0.
1779989158.461026,233.9401179401,1779989158.461026,0.
1779989158.561026,233.9401179401,1779989158.561026,0.
1779989158.661026,233.9401179401,1779989158.661026,0.
1779989158.7610261,233.9401179401,1779989158.7610261,0.
1779989158.861026,233.9401179401,1779989158.861026,0.
1779989158.961026,233.9401179401,1779989158.961026,0.
1779989159.061026,233.9401179401,1779989159.061026,0.
1779989159.161026,233.9401179401,1779989159.161026,0.
1779989159.2610261,233.9401179401,1779989159.2610261,0.
1779989159.361026,233.9401179401,1779989159.361026,0.
1779989159.461026,233.9401179401,1779989159.461026,0.
1779989159.561026,233.9401179401,1779989159.561026,0.
1779989159.661026,233.9401179401,1779989159.661026,0.
1779989159.7610261,233.9401179401,1779989159.7610261,0.
1779989159.861026,233.9401179401,1779989159.861026,0.
1779989159.961026,233.9401179401,1779989159.961026,0.
1779989160.061026,233.9401179401,1779989160.061026,0.
1779989160.161026,233.9401179401,1779989160.161026,0.
1779989160.2610261,233.9401179401,1779989160.2610261,0.
1779989160.361026,233.9401179401,1779989160.361026,0.
1779989160.461026,233.9401179401,1779989160.461026,0.
1779989160.561026,233.9401179401,1779989160.561026,0.
1779989160.661026,233.9401179401,1779989160.661026,0.
1779989160.7610261,233.9401179401,1779989160.7610261,0.
1779989160.861026,233.9401179401,1779989160.861026,0.
1779989160.961026,233.9401179401,1779989160.961026,0.
1779989161.061026,233.9401179401,1779989161.061026,0.
1779989161.161026,233.9401179401,1779989161.161026,0.
1779989161.2610261,233.9401179401,1779989161.2610261,0.
1779989161.361026,233.9401179401,1779989161.361026,0.
1779989161.461026,233.9401179401,1779989161.461026,0.
1779989161.561026,233.9401179401,1779989161.561026,0.
1779989161.661026,233.9401179401,1779989161.661026,0.
1779989161.7610261,233.9401179401,1779989161.7610261,0.
1779989161.861026,233.9401179401,1779989161.861026,0.
1779989161.961026,233.9401179401,1779989161.961026,0.
1779989162.061026,233.9401179401,1779989162.061026,0.
1779989162.161026,233.9401179401,1779989162.161026,0.
1779989162.2610261,233.9401179401,1779989162.2610261,0.
1779989162.361026,233.9401179401,1779989162.361026,0.
1779989162.461026,233.9401179401,1779989162.461026,0.
1779989162.561026,233.9401179401,1779989162.561026,0.
1779989162.661026,233.9401179401,1779989162.661026,0.
1779989162.7610261,233.9401179401,1779989162.7610261,0.
1779989162.861026,233.9401179401,1779989162.861026,0.
1779989162.961026,233.9401179401,1779989162.961026,0.
1779989163.061026,233.9401179401,1779989163.061026,0.
1779989163.161026,233.9401179401,1779989163.161026,0.
1779989163.2610261,233.9401179401,1779989163.2610261,0.
1779989163.361026,233.9401179401,1779989163.361026,0.
1779989163.461026,233.9401179401,1779989163.461026,0.
1779989163.561026,233.9401179401,1779989163.561026,0.
1779989163.661026,233.9401179401,1779989163.661026,0.
1779989163.7610261,233.9401179401,1779989163.7610261,0.
1779989163.861026,233.9401179401,1779989163.861026,0.
1779989163.961026,233.9401179401,1779989163.961026,0.
1779989164.061026,233.9401179401,1779989164.061026,0.
1779989164.161026,233.9401179401,1779989164.161026,0.
1779989164.2610261,233.9401179401,1779989164.2610261,0.
1779989164.361026,233.9401179401,1779989164.361026,0.
1779989164.461026,233.9401179401,1779989164.461026,0.
1779989164.561026,233.9401179401,1779989164.561026,0.
1779989164.661026,233.9401179401,1779989164.661026,0.
1779989164.7610261,233.9401179401,1779989164.7610261,0.
1779989164.861026,233.9401179401,1779989164.861026,0.
1779989164.961026,233.9401179401,1779989164.961026,0.
1779989165.061026,233.9401179401,1779989165.061026,0.
1779989165.161026,233.9401179401,1779989165.161026,0.
1779989165.2610261,233.9401179401,1779989165.2610261,0.
1779989165.361026,233.9401179401,1779989165.361026,0.
1779989165.461026,233.9401179401,1779989165.461026,0.
1779989165.561026,233.9401179401,1779989165.561026,0.
1779989165.661026,233.9401179401,1779989165.661026,0.
1779989165.7610261,233.9401179401,1779989165.7610261,0.
1779989165.861026,233.9401179401,1779989165.861026,0.
1779989165.961026,233.9401179401,1779989165.961026,0.
1779989166.061026,233.9401179401,1779989166.061026,0.
1779989166.161026,233.9401179401,1779989166.161026,0.
1779989166.2610261,233.9401179401,1779989166.2610261,0.
1779989166.361026,233.9401179401,1779989166.361026,0.
1779989166.461026,233.9401179401,1779989166.461026,0.
1779989166.561026,233.9401179401,1779989166.561026,0.
1779989166.661026,233.9401179401,1779989166.661026,0.
1779989166.7610261,233.9401179401,1779989166.7610261,0.
1779989166.861026,233.9401179401,1779989166.861026,0.
1779989166.961026,233.9401179401,1779989166.961026,0.
1779989167.061026,233.9401179401,1779989167.061026,0.
1779989167.161026,233.9401179401,1779989167.161026,0.
1779989167.2610261,233.9401179401,1779989167.2610261,0.
1779989167.361026,233.9401179401,1779989167.361026,0.
1779989167.461026,233.9401179401,1779989167.461026,0.
1779989167.561026,233.9401179401,1779989167.561026,0.
1779989167.661026,233.9401179401,1779989167.661026,0.
1779989167.7610261,233.9401179401,1779989167.7610261,0.
1779989167.861026,233.9401179401,1779989167.861026,0.
1779989167.961026,233.9401179401,1779989167.961026,0.
1779989168.061026,233.9401179401,1779989168.061026,0.
1779989168.161026,233.9401179401,1779989168.161026,0.
1779989168.2610261,233.9401179401,1779989168.2610261,0.
1779989168.361026,233.9401179401,1779989168.361026,0.
1779989168.461026,233.9401179401,1779989168.461026,0.
1779989168.561026,233.9401179401,1779989168.561026,0.
1779989168.661026,233.9401179401,1779989168.661026,0.
1779989168.7610261,233.9401179401,1779989168.7610261,0.
1779989168.861026,233.9401179401,1779989168.861026,0.
1779989168.961026,233.9401179401,1779989168.961026,0.
1779989169.061026,233.9401179401,1779989169.061026,0.
1779989169.161026,233.9401179401,1779989169.161026,0.
1779989169.2610261,233.9401179401,1779989169.2610261,0.
1779989169.361026,233.9401179401,1779989169.361026,0.
1779989169.461026,233.9401179401,1779989169.461026,0.
1779989169.561026,233.9401179401,1779989169.561026,0.
1779989169.661026,233.9401179401,1779989169.661026,0.
1779989169.7610261,233.9401179401,1779989169.7610261,0.
1779989169.861026,233.9401179401,1779989169.861026,0.
1779989169.961026,233.9401179401,1779989169.961026,0.
1779989170.061026,233.9401179401,1779989170.061026,0.
1779989170.161026,233.9401179401,1779989170.161026,0.
1779989170.2610261,233.9401179401,1779989170.2610261,0.
1779989170.361026,233.9401179401,1779989170.361026,0.
1779989170.461026,233.9401179401,1779989170.461026,0.
1779989170.561026,233.9401179401,1779989170.561026,0.
1779989170.661026,233.9401179401,1779989170.661026,0.
1779989170.7610261,233.9401179401,1779989170.7610261,0.
1779989170.861026,233.9401179401,1779989170.861026,0.
1779989170.961026,233.9401179401,1779989170.961026,0.
1779989171.061026,233.9401179401,1779989171.061026,0.
1779989171.161026,233.9401179401,1779989171.161026,0.
1779989171.2610261,233.9401179401,1779989171.2610261,0.
1779989171.361026,233.9401179401,1779989171.361026,0.
1779989171.461026,233.9401179401,1779989171.461026,0.
1779989171.561026,233.9401179401,1779989171.561026,0.
1779989171.661026,233.9401179401,1779989171.661026,0.
1779989171.7610261,233.9401179401,1779989171.7610261,0.
1779989171.861026,233.9401179401,1779989171.861026,0.
1779989171.961026,233.9401179401,1779989171.961026,0.
1779989172.061026,233.9401179401,1779989172.061026,0.
1779989172.161026,233.9401179401,1779989172.161026,0.
1779989172.2610261,233.9401179401,1779989172.2610261,0.
1779989172.361026,233.9401179401,1779989172.361026,0.
1779989172.461026,233.9401179401,1779989172.461026,0.
1779989172.561026,233.9401179401,1779989172.561026,0.
1779989172.661026,233.9401179401,1779989172.661026,0.
1779989172.7610261,233.9401179401,1779989172.7610261,0.
1779989172.861026,233.9401179401,1779989172.861026,0.
1779989172.961026,233.9401179401,1779989172.961026,0.
1779989173.061026,233.9401179401,1779989173.061026,0.
1779989173.161026,233.9401179401,1779989173.161026,0.
1779989173.2610261,233.9401179401,1779989173.2610261,0.
1779989173.361026,233.9401179401,1779989173.361026,0.
1779989173.461026,233.9401179401,1779989173.461026,0.
1779989173.561026,233.9401179401,1779989173.561026,0.
1779989173.661026,233.9401179401,1779989173.661026,0.
1779989173.7610261,233.9401179401,1779989173.7610261,0.
1779989173.861026,233.9401179401,1779989173.861026,0.
1779989173.961026,233.9401179401,1779989173.961026,0.
1779989174.061026,233.9401179401,1779989174.061026,0.
1779989174.161026,233.9401179401,1779989174.161026,0.
1779989174.2610261,233.9401179401,1779989174.2610261,0.
1779989174.361026,233.9401179401,1779989174.361026,0.
1779989174.461026,233.9401179401,1779989174.461026,0.
1779989174.561026,233.9401179401,1779989174.561026,0.
1779989174.661026,233.9401179401,1779989174.661026,0.
1779989174.7610261,233.9401179401,1779989174.7610261,0.
1779989174.861026,233.9401179401,1779989174.861026,0.
1779989174.961026,233.9401179401,1779989174.961026,0.
1779989175.061026,233.9401179401,1779989175.061026,0.
1779989175.161026,233.9401179401,1779989175.161026,0.
1779989175.2610261,233.9401179401,1779989175.2610261,0.
1779989175.361026,233.9401179401,1779989175.361026,0.
1779989175.461026,233.9401179401,1779989175.461026,0.
1779989175.561026,233.9401179401,1779989175.561026,0.
1779989175.661026,233.9401179401,1779989175.661026,0.
1779989175.7610261,233.9401179401,1779989175.7610261,0.
1779989175.861026,233.9401179401,1779989175.861026,0.
1779989175.961026,233.9401179401,1779989175.961026,0.
1779989176.061026,233.9401179401,1779989176.061026,0.
1779989176.161026,233.9401179401,1779989176.161026,0.
1779989176.2610261,233.9401179401,1779989176.2610261,0.
1779989176.361026,233.9401179401,1779989176.361026,0.
1779989176.461026,233.9401179401,1779989176.461026,0.
1779989176.561026,233.9401179401,1779989176.561026,0.
1779989176.661026,233.9401179401,1779989176.661026,0.
1779989176.7610261,233.9401179401,1779989176.7610261,0.
1779989176.861026,233.9401179401,1779989176.861026,0.
1779989176.961026,233.9401179401,1779989176.961026,0.
1779989177.061026,233.9401179401,1779989177.061026,0.
1779989177.161026,233.9401179401,1779989177.161026,0.
1779989177.2610261,233.9401179401,1779989177.2610261,0.
1779989177.361026,233.9401179401,1779989177.361026,0.
1779989177.461026,233.9401179401,1779989177.461026,0.
1779989177.561026,233.9401179401,1779989177.561026,0.
1779989177.661026,233.9401179401,1779989177.661026,0.
1779989177.7610261,233.9401179401,1779989177.7610261,0.
1779989177.861026,233.9401179401,1779989177.861026,0.
1779989177.961026,233.9401179401,1779989177.961026,0.
1779989178.061026,233.9401179401,1779989178.061026,0.
1779989178.161026,233.9401179401,1779989178.161026,0.
1779989178.2610261,233.9401179401,1779989178.2610261,0.
1779989178.361026,233.9401179401,1779989178.361026,0.
1779989178.461026,233.9401179401,1779989178.461026,0.
1779989178.561026,233.9401179401,1779989178.561026,0.
1779989178.661026,233.9401179401,1779989178.661026,0.
1779989178.7610261,233.9401179401,1779989178.7610261,0.
1779989178.861026,233.9401179401,1779989178.861026,0.
1779989178.961026,233.9401179401,1779989178.961026,0.
1779989179.061026,233.9401179401,1779989179.061026,0.
1779989179.161026,233.9401179401,1779989179.161026,0.
1779989179.2610261,233.9401179401,1779989179.2610261,0.
1779989179.361026,233.9401179401,1779989179.361026,0.
1779989179.461026,233.9401179401,1779989179.461026,0.
1779989179.561026,233.9401179401,1779989179.561026,0.
1779989179.661026,233.9401179401,1779989179.661026,0.
1779989179.7610261,233.9401179401,1779989179.7610261,0.
1779989179.861026,233.9401179401,1779989179.861026,0.
1779989179.961026,233.9401179401,1779989179.961026,0.
1779989180.061026,233.9401179401,1779989180.061026,0.
1779989180.161026,233.9401179401,1779989180.161026,0.
1779989180.2610261,233.9401179401,1779989180.2610261,0.
1779989180.361026,233.9401179401,1779989180.361026,0.
1779989180.461026,233.9401179401,1779989180.461026,0.
1779989180.561026,233.9401179401,1779989180.561026,0.
1779989180.661026,233.9401179401,1779989180.661026,0.
1779989180.7610261,233.9401179401,1779989180.7610261,0.
1779989180.861026,233.9401179401,1779989180.861026,0.
1779989180.961026,233.9401179401,1779989180.961026,0.
1779989181.061026,233.9401179401,1779989181.061026,0.
1779989181.161026,233.9401179401,1779989181.161026,0.
1779989181.2610261,233.9401179401,1779989181.2610261,0.
1779989181.361026,233.9401179401,1779989181.361026,0.
1779989181.461026,233.9401179401,1779989181.461026,0.
1779989181.561026,233.9401179401,1779989181.561026,0.
1779989181.661026,233.9401179401,1779989181.661026,0.
1779989181.7610261,233.9401179401,1779989181.7610261,0.
1779989181.861026,233.9401179401,1779989181.861026,0.
1779989181.961026,233.9401179401,1779989181.961026,0.
1779989182.061026,233.9401179401,1779989182.061026,0.
1779989182.161026,233.9401179401,1779989182.161026,0.
1779989182.2610261,233.9401179401,1779989182.2610261,0.
1779989182.361026,233.9401179401,1779989182.361026,0.
1779989182.461026,233.9401179401,1779989182.461026,0.
1779989182.561026,233.9401179401,1779989182.561026,0.
1779989182.661026,233.9401179401,1779989182.661026,0.
1779989182.7610261,233.9401179401,1779989182.7610261,0.
1779989182.861026,233.9401179401,1779989182.861026,0.
1779989182.961026,233.9401179401,1779989182.961026,0.
1779989183.061026,233.9401179401,1779989183.061026,0.
1779989183.161026,233.9401179401,1779989183.161026,0.
1779989183.2610261,233.9401179401,1779989183.2610261,0.
1779989183.361026,233.9401179401,1779989183.361026,0.
1779989183.461026,233.9401179401,1779989183.461026,0.
1779989183.561026,233.9401179401,1779989183.561026,0.
1779989183.661026,233.9401179401,1779989183.661026,0.
1779989183.7610261,233.9401179401,1779989183.7610261,0.
1779989183.861026,233.9401179401,1779989183.861026,0.
1779989183.961026,233.9401179401,1779989183.961026,0.
1779989184.061026,233.9401179401,1779989184.061026,0.
1779989184.161026,233.9401179401,1779989184.161026,0.
1779989184.2610261,233.9401179401,1779989184.2610261,0.
1779989184.361026,233.9401179401,1779989184.361026,0.
1779989184.461026,233.9401179401,1779989184.461026,0.
1779989184.561026,233.9401179401,1779989184.561026,0.
1779989184.661026,233.9401179401,1779989184.661026,0.
1779989184.7610261,233.9401179401,1779989184.7610261,0.
1779989184.861026,233.9401179401,1779989184.861026,0.
1779989184.961026,233.9401179401,1779989184.961026,0.
1779989185.061026,233.9401179401,1779989185.061026,0.
1779989185.161026,233.9401179401,1779989185.161026,0.
1779989185.2610261,233.9401179401,1779989185.2610261,0.
1779989185.361026,233.9401179401,1779989185.361026,0.
1779989185.461026,233.9401179401,1779989185.461026,0.
1779989185.561026,233.9401179401,1779989185.561026,0.
1779989185.661026,233.9401179401,1779989185.661026,0.
1779989185.7610261,233.9401179401,1779989185.7610261,0.
1779989185.861026,233.9401179401,1779989185.861026,0.
1779989185.961026,233.9401179401,1779989185.961026,0.
1779989186.061026,233.9401179401,1779989186.061026,0.
1779989186.161026,233.9401179401,1779989186.161026,0.
1779989186.2610261,233.9401179401,1779989186.2610261,0.
1779989186.361026,233.9401179401,1779989186.361026,0.
1779989186.461026,233.9401179401,1779989186.461026,0.
1779989186.561026,233.9401179401,1779989186.561026,0.
1779989186.661026,233.9401179401,1779989186.661026,0.
1779989186.7610261,233.9401179401,1779989186.7610261,0.
1779989186.861026,233.9401179401,1779989186.861026,0.
1779989186.961026,233.9401179401,1779989186.961026,0.
1779989187.061026,233.9401179401,1779989187.061026,0.
1779989187.161026,233.9401179401,1779989187.161026,0.
1779989187.2610261,233.9401179401,1779989187.2610261,0.
1779989187.361026,233.9401179401,1779989187.361026,0.
1779989187.461026,233.9401179401,1779989187.461026,0.
1779989187.561026,233.9401179401,1779989187.561026,0.
1779989187.661026,233.9401179401,1779989187.661026,0.
1779989187.7610261,233.9401179401,1779989187.7610261,0.
1779989187.861026,233.9401179401,1779989187.861026,0.
1779989187.961026,233.9401179401,1779989187.961026,0.
1779989188.061026,233.9401179401,1779989188.061026,0.
1779989188.161026,233.9401179401,1779989188.161026,0.
1779989188.2610261,233.9401179401,1779989188.2610261,0.
1779989188.361026,233.9401179401,1779989188.361026,0.
1779989188.461026,233.9401179401,1779989188.461026,0.
1779989188.561026,233.9401179401,1779989188.561026,0.
1779989188.661026,233.9401179401,1779989188.661026,0.
1779989188.7610261,233.9401179401,1779989188.7610261,0.
1779989188.861026,233.9401179401,1779989188.861026,0.
1779989188.961026,233.9401179401,1779989188.961026,0.
1779989189.061026,233.9401179401,1779989189.061026,0.
1779989189.161026,233.9401179401,1779989189.161026,0.
1779989189.2610261,233.9401179401,1779989189.2610261,0.
1779989189.361026,233.9401179401,1779989189.361026,0.
1779989189.461026,233.9401179401,1779989189.461026,0.
1779989189.561026,233.9401179401,1779989189.561026,0.
1779989189.661026,233.9401179401,1779989189.661026,0.
1779989189.7610261,233.9401179401,1779989189.7610261,0.
1779989189.861026,233.9401179401,1779989189.861026,0.
1779989189.961026,233.9401179401,1779989189.961026,0.
1779989190.061026,233.9401179401,1779989190.061026,0.
1779989190.161026,233.9401179401,1779989190.161026,0.
1779989190.2610261,233.9401179401,1779989190.2610261,0.
1779989190.361026,233.9401179401,1779989190.361026,0.
1779989190.461026,233.9401179401,1779989190.461026,0.
1779989190.561026,233.9401179401,1779989190.561026,0.
1779989190.661026,233.9401179401,1779989190.661026,0.
1779989190.7610261,233.9401179401,1779989190.7610261,0.
1779989190.861026,233.9401179401,1779989190.861026,0.
1779989190.961026,233.9401179401,1779989190.961026,0.
1779989191.061026,233.9401179401,1779989191.061026,0.
1779989191.161026,233.9401179401,1779989191.161026,0.
1779989191.2610261,233.9401179401,1779989191.2610261,0.
1779989191.361026,233.9401179401,1779989191.361026,0.
1779989191.461026,233.9401179401,1779989191.461026,0.
1779989191.561026,233.9401179401,1779989191.561026,0.
1779989191.661026,233.9401179401,1779989191.661026,0.
1779989191.7610261,233.9401179401,1779989191.7610261,0.
1779989191.861026,233.9401179401,1779989191.861026,0.
1779989191.961026,233.9401179401,1779989191.961026,0.
1779989192.061026,233.9401179401,1779989192.061026,0.
1779989192.161026,233.9401179401,1779989192.161026,0.
1779989192.2610261,233.9401179401,1779989192.2610261,0.
1779989192.361026,233.9401179401,1779989192.361026,0.
1779989192.461026,233.9401179401,1779989192.461026,0.
1779989192.561026,233.9401179401,1779989192.561026,0.
1779989192.661026,233.9401179401,1779989192.661026,0.
1779989192.7610261,233.9401179401,1779989192.7610261,0.
1779989192.861026,233.9401179401,1779989192.861026,0.
1779989192.961026,233.9401179401,1779989192.961026,0.
1779989193.061026,233.9401179401,1779989193.061026,0.
1779989193.161026,233.9401179401,1779989193.161026,0.
1779989193.2610261,233.9401179401,1779989193.2610261,0.
1779989193.361026,233.9401179401,1779989193.361026,0.
1779989193.461026,233.9401179401,1779989193.461026,0.
1779989193.561026,233.9401179401,1779989193.561026,0.
1779989193.661026,233.9401179401,1779989193.661026,0.
1779989193.7610261,233.9401179401,1779989193.7610261,0.
1779989193.861026,233.9401179401,1779989193.861026,0.
1779989193.961026,233.9401179401,1779989193.961026,0.
1779989194.061026,233.9401179401,1779989194.061026,0.
1779989194.161026,233.9401179401,1779989194.161026,0.
1779989194.2610261,233.9401179401,1779989194.2610261,0.
1779989194.361026,233.9401179401,1779989194.361026,0.
1779989194.461026,233.9401179401,1779989194.461026,0.
1779989194.561026,233.9401179401,1779989194.561026,0.
1779989194.661026,233.9401179401,1779989194.661026,0.
1779989194.7610261,233.9401179401,1779989194.7610261,0.
1779989194.861026,233.9401179401,1779989194.861026,0.
