Command_x,Command_y,Target_x,Target_y
1779988912.461026,176.9744400668,1779988912.461026,0.
1779988912.561026,176.9744400668,1779988912.561026,0.
1779988912.661026,176.9744400668,1779988912.661026,0.
1779988912.7610261,176.9744400668,1779988912.7610261,0.
1779988912.861026,176.9744400668,1779988912.861026,0.
1779988912.961026,176.9744400668,1779988912.961026,0.
1779988913.061026,176.9744400668,1779988913.061026,0.
1779988913.161026,176.9744400668,1779988913.161026,0.
1779988913.2610261,176.9744400668,1779988913.2610261,0.
1779988913.361026,176.9744400668,1779988913.361026,0.
1779988913.461026,176.9744400668,1779988913.461026,0.
1779988913.561026,176.9744400668,1779988913.561026,0.
1779988913.661026,176.9744400668,1779988913.661026,0.
1779988913.7610261,176.9744400668,1779988913.7610261,0.
1779988913.861026,176.9744400668,1779988913.861026,0.
1779988913.961026,176.9744400668,1779988913.961026,0.
1779988914.061026,176.9744400668,1779988914.061026,0.
1779988914.161026,176.9744400668,1779988914.161026,0.
1779988914.2610261,176.9744400668,1779988914.2610261,0.
1779988914.361026,176.9744400668,1779988914.361026,0.
1779988914.461026,176.9744400668,1779988914.461026,0.
1779988914.561026,176.9744400668,1779988914.561026,0.
1779988914.661026,176.9744400668,1779988914.661026,0.
1779988914.7610261,176.9744400668,1779988914.7610261,0.
1779988914.861026,176.9744400668,1779988914.861026,0.
1779988914.961026,176.9744400668,1779988914.961026,0.
1779988915.061026,176.9744400668,1779988915.061026,0.
1779988915.161026,176.9744400668,1779988915.161026,0.
1779988915.2610261,176.9744400668,1779988915.2610261,0.
1779988915.361026,176.9744400668,1779988915.361026,0.
1779988915.461026,176.9744400668,1779988915.461026,0.
1779988915.561026,176.9744400668,1779988915.561026,0.
1779988915.661026,176.9744400668,1779988915.661026,0.
1779988915.7610261,176.9744400668,1779988915.7610261,0.
1779988915.861026,176.9744400668,1779988915.861026,0.
1779988915.961026,176.9744400668,1779988915.961026,0.
1779988916.061026,176.9744400668,1779988916.061026,0.
1779988916.161026,176.9744400668,1779988916.161026,0.
1779988916.2610261,176.9744400668,1779988916.2610261,0.
1779988916.361026,176.9744400668,1779988916.361026,0.
1779988916.461026,176.9744400668,1779988916.461026,0.
1779988916.561026,176.9744400668,1779988916.561026,0.
1779988916.661026,176.9744400668,1779988916.661026,0.
1779988916.7610261,176.9744400668,1779988916.7610261,0.
1779988916.861026,176.9744400668,1779988916.861026,0.
1779988916.961026,176.9744400668,1779988916.961026,0.
1779988917.061026,176.9744400668,1779988917.061026,0.
1779988917.161026,176.9744400668,1779988917.161026,0.
1779988917.2610261,176.9744400668,1779988917.2610261,0.
1779988917.361026,176.9744400668,1779988917.361026,0.
1779988917.461026,176.9744400668,1779988917.461026,0.
1779988917.561026,176.9744400668,1779988917.561026,0.
1779988917.661026,176.9744400668,1779988917.661026,0.
1779988917.7610261,176.9744400668,1779988917.7610261,0.
1779988917.861026,176.9744400668,1779988917.861026,0.
1779988917.961026,176.9744400668,1779988917.961026,0.
1779988918.061026,176.9744400668,1779988918.061026,0.
1779988918.161026,176.9744400668,1779988918.161026,0.
1779988918.2610261,176.9744400668,1779988918.2610261,0.
1779988918.361026,176.9744400668,1779988918.361026,0.
1779988918.461026,176.9744400668,1779988918.461026,0.
1779988918.561026,176.9744400668,1779988918.561026,0.
1779988918.661026,176.9744400668,1779988918.661026,0.
1779988918.7610261,176.9744400668,1779988918.7610261,0.
1779988918.861026,176.9744400668,1779988918.861026,0.
1779988918.961026,176.9744400668,1779988918.961026,0.
1779988919.061026,176.9744400668,1779988919.061026,0.
1779988919.161026,176.9744400668,1779988919.161026,0.
1779988919.2610261,176.9744400668,1779988919.2610261,0.
1779988919.361026,176.9744400668,1779988919.361026,0.
1779988919.461026,176.9744400668,1779988919.461026,0.
1779988919.561026,176.9744400668,1779988919.561026,0.
1779988919.661026,176.9744400668,1779988919.661026,0.
1779988919.7610261,176.9744400668,1779988919.7610261,0.
1779988919.861026,176.9744400668,1779988919.861026,0.
1779988919.961026,176.9744400668,1779988919.961026,0.
1779988920.061026,176.9744400668,1779988920.061026,0.
1779988920.161026,176.9744400668,1779988920.161026,0.
1779988920.2610261,176.9744400668,1779988920.2610261,0.
1779988920.361026,176.9744400668,1779988920.361026,0.
1779988920.461026,176.9744400668,1779988920.461026,0.
1779988920.561026,176.9744400668,1779988920.561026,0.
1779988920.661026,176.9744400668,1779988920.661026,0.
1779988920.7610261,176.9744400668,1779988920.7610261,0.
1779988920.861026,176.9744400668,1779988920.861026,0.
1779988920.961026,176.9744400668,1779988920.961026,0.
1779988921.061026,176.9744400668,1779988921.061026,0.
1779988921.161026,176.9744400668,1779988921.161026,0.
1779988921.2610261,176.9744400668,1779988921.2610261,0.
1779988921.361026,176.9744400668,1779988921.361026,0.
1779988921.461026,176.9744400668,1779988921.461026,0.
1779988921.561026,176.9744400668,1779988921.561026,0.
1779988921.661026,176.9744400668,1779988921.661026,0.
1779988921.7610261,176.9744400668,1779988921.7610261,0.
1779988921.861026,176.9744400668,1779988921.861026,0.
1779988921.961026,176.9744400668,1779988921.961026,0.
1779988922.061026,176.9744400668,1779988922.061026,0.
1779988922.161026,176.9744400668,1779988922.161026,0.
1779988922.2610261,176.9744400668,1779988922.2610261,0.
1779988922.361026,176.9744400668,1779988922.361026,0.
1779988922.461026,176.9744400668,1779988922.461026,0.
1779988922.561026,176.9744400668,1779988922.561026,0.
1779988922.661026,176.9744400668,1779988922.661026,0.
1779988922.7610261,176.9744400668,1779988922.7610261,0.
1779988922.861026,176.9744400668,1779988922.861026,0.
1779988922.961026,176.9744400668,1779988922.961026,0.
1779988923.061026,176.9744400668,1779988923.061026,0.
1779988923.161026,176.9744400668,1779988923.161026,0.
1779988923.2610261,176.9744400668,1779988923.2610261,0.
1779988923.361026,176.9744400668,1779988923.361026,0.
1779988923.461026,176.9744400668,1779988923.461026,0.
1779988923.561026,176.9744400668,1779988923.561026,0.
1779988923.661026,176.9744400668,1779988923.661026,0.
1779988923.7610261,176.9744400668,1779988923.7610261,0.
1779988923.861026,176.9744400668,1779988923.861026,0.
1779988923.961026,176.9744400668,1779988923.961026,0.
1779988924.061026,176.9744400668,1779988924.061026,0.
1779988924.161026,176.9744400668,1779988924.161026,0.
1779988924.2610261,176.9744400668,1779988924.2610261,0.
1779988924.361026,176.9744400668,1779988924.361026,0.
1779988924.461026,176.9744400668,1779988924.461026,0.
1779988924.561026,176.9744400668,1779988924.561026,0.
1779988924.661026,176.9744400668,1779988924.661026,0.
1779988924.7610261,176.9744400668,1779988924.7610261,0.
1779988924.861026,176.9744400668,1779988924.861026,0.
1779988924.961026,176.9744400668,1779988924.961026,0.
1779988925.061026,176.9744400668,1779988925.061026,0.
1779988925.161026,176.9744400668,1779988925.161026,0.
1779988925.2610261,176.9744400668,1779988925.2610261,0.
1779988925.361026,176.9744400668,1779988925.361026,0.
1779988925.461026,176.9744400668,1779988925.461026,0.
1779988925.561026,176.9744400668,1779988925.561026,0.
1779988925.661026,176.9744400668,1779988925.661026,0.
1779988925.7610261,176.9744400668,1779988925.7610261,0.
1779988925.861026,176.9744400668,1779988925.861026,0.
1779988925.961026,176.9744400668,1779988925.961026,0.
1779988926.061026,176.9744400668,1779988926.061026,0.
1779988926.161026,176.9744400668,1779988926.161026,0.
1779988926.2610261,176.9744400668,1779988926.2610261,0.
1779988926.361026,176.9744400668,1779988926.361026,0.
1779988926.461026,176.9744400668,1779988926.461026,0.
1779988926.561026,176.9744400668,1779988926.561026,0.
1779988926.661026,176.9744400668,1779988926.661026,0.
1779988926.7610261,176.9744400668,1779988926.7610261,0.
1779988926.861026,176.9744400668,1779988926.861026,0.
1779988926.961026,176.9744400668,1779988926.961026,0.
1779988927.061026,176.9744400668,1779988927.061026,0.
1779988927.161026,176.9744400668,1779988927.161026,0.
1779988927.2610261,176.9744400668,1779988927.2610261,0.
1779988927.361026,176.9744400668,1779988927.361026,0.
1779988927.461026,176.9744400668,1779988927.461026,0.
1779988927.561026,176.9744400668,1779988927.561026,0.
1779988927.661026,176.9744400668,1779988927.661026,0.
1779988927.7610261,176.9744400668,1779988927.7610261,0.
1779988927.861026,176.9744400668,1779988927.861026,0.
1779988927.961026,176.9744400668,1779988927.961026,0.
1779988928.061026,176.9744400668,1779988928.061026,0.
1779988928.161026,176.9744400668,1779988928.161026,0.
1779988928.2610261,176.9744400668,1779988928.2610261,0.
1779988928.361026,176.9744400668,1779988928.361026,0.
1779988928.461026,176.9744400668,1779988928.461026,0.
1779988928.561026,176.9744400668,1779988928.561026,0.
1779988928.661026,176.9744400668,1779988928.661026,0.
1779988928.7610261,176.9744400668,1779988928.7610261,0.
1779988928.861026,176.9744400668,1779988928.861026,0.
1779988928.961026,176.9744400668,1779988928.961026,0.
1779988929.061026,176.9744400668,1779988929.061026,0.
1779988929.161026,176.9744400668,1779988929.161026,0.
1779988929.2610261,176.9744400668,1779988929.2610261,0.
1779988929.361026,176.9744400668,1779988929.361026,0.
1779988929.461026,176.9744400668,1779988929.461026,0.
1779988929.561026,176.9744400668,1779988929.561026,0.
1779988929.661026,176.9744400668,1779988929.661026,0.
1779988929.7610261,176.9744400668,1779988929.7610261,0.
1779988929.861026,176.9744400668,1779988929.861026,0.
1779988929.961026,176.9744400668,1779988929.961026,0.
1779988930.061026,176.9744400668,1779988930.061026,0.
1779988930.161026,176.9744400668,1779988930.161026,0.
1779988930.2610261,176.9744400668,1779988930.2610261,0.
1779988930.361026,176.9744400668,1779988930.361026,0.
1779988930.461026,176.9744400668,1779988930.461026,0.
1779988930.561026,176.9744400668,1779988930.561026,0.
1779988930.661026,176.9744400668,1779988930.661026,0.
1779988930.7610261,176.9744400668,1779988930.7610261,0.
1779988930.861026,176.9744400668,1779988930.861026,0.
1779988930.961026,176.9744400668,1779988930.961026,0.
1779988931.061026,176.9744400668,1779988931.061026,0.
1779988931.161026,176.9744400668,1779988931.161026,0.
1779988931.2610261,176.9744400668,1779988931.2610261,0.
1779988931.361026,176.9744400668,1779988931.361026,0.
1779988931.461026,176.9744400668,1779988931.461026,0.
1779988931.561026,176.9744400668,1779988931.561026,0.
1779988931.661026,176.9744400668,1779988931.661026,0.
1779988931.7610261,176.9744400668,1779988931.7610261,0.
1779988931.861026,176.9744400668,1779988931.861026,0.
1779988931.961026,176.9744400668,1779988931.961026,0.
1779988932.061026,176.9744400668,1779988932.061026,0.
1779988932.161026,176.9744400668,1779988932.161026,0.
1779988932.2610261,176.9744400668,1779988932.2610261,0.
1779988932.361026,176.9744400668,1779988932.361026,0.
1779988932.461026,176.9744400668,1779988932.461026,0.
1779988932.561026,176.9744400668,1779988932.561026,0.
1779988932.661026,176.9744400668,1779988932.661026,0.
1779988932.7610261,176.9744400668,1779988932.7610261,0.
1779988932.861026,176.9744400668,1779988932.861026,0.
1779988932.961026,176.9744400668,1779988932.961026,0.
1779988933.061026,176.9744400668,1779988933.061026,0.
1779988933.161026,176.9744400668,1779988933.161026,0.
1779988933.2610261,176.9744400668,1779988933.2610261,0.
1779988933.361026,176.9744400668,1779988933.361026,0.
1779988933.461026,176.9744400668,1779988933.461026,0.
1779988933.561026,176.9744400668,1779988933.561026,0.
1779988933.661026,176.9744400668,1779988933.661026,0.
1779988933.7610261,176.9744400668,1779988933.7610261,0.
1779988933.861026,176.9744400668,1779988933.861026,0.
1779988933.961026,176.9744400668,1779988933.961026,0.
1779988934.061026,176.9744400668,1779988934.061026,0.
1779988934.161026,176.9744400668,1779988934.161026,0.
1779988934.2610261,176.9744400668,1779988934.2610261,0.
1779988934.361026,176.9744400668,1779988934.361026,0.
1779988934.461026,176.9744400668,1779988934.461026,0.
1779988934.561026,176.9744400668,1779988934.561026,0.
1779988934.661026,176.9744400668,1779988934.661026,0.
1779988934.7610261,176.9744400668,1779988934.7610261,0.
1779988934.861026,176.9744400668,1779988934.861026,0.
1779988934.961026,176.9744400668,1779988934.961026,0.
1779988935.061026,176.9744400668,1779988935.061026,0.
1779988935.161026,176.9744400668,1779988935.161026,0.
1779988935.2610261,176.9744400668,1779988935.2610261,0.
1779988935.361026,176.9744400668,1779988935.361026,0.
1779988935.461026,176.9744400668,1779988935.461026,0.
1779988935.561026,176.9744400668,1779988935.561026,0.
1779988935.661026,176.9744400668,1779988935.661026,0.
1779988935.7610261,176.9744400668,1779988935.7610261,0.
1779988935.861026,176.9744400668,1779988935.861026,0.
1779988935.961026,176.9744400668,1779988935.961026,0.
1779988936.061026,176.9744400668,1779988936.061026,0.
1779988936.161026,176.9744400668,1779988936.161026,0.
1779988936.2610261,176.9744400668,1779988936.2610261,0.
1779988936.361026,176.9744400668,1779988936.361026,0.
1779988936.461026,176.9744400668,1779988936.461026,0.
1779988936.561026,176.9744400668,1779988936.561026,0.
1779988936.661026,176.9744400668,1779988936.661026,0.
1779988936.7610261,176.9744400668,1779988936.7610261,0.
1779988936.861026,176.9744400668,1779988936.861026,0.
1779988936.961026,176.9744400668,1779988936.961026,0.
1779988937.061026,176.9744400668,1779988937.061026,0.
1779988937.161026,176.9744400668,1779988937.161026,0.
1779988937.2610261,176.9744400668,1779988937.2610261,0.
1779988937.361026,176.9744400668,1779988937.361026,0.
1779988937.461026,176.9744400668,1779988937.461026,0.
1779988937.561026,176.9744400668,1779988937.561026,0.
1779988937.661026,176.9744400668,1779988937.661026,0.
1779988937.7610261,176.9744400668,1779988937.7610261,0.
1779988937.861026,176.9744400668,1779988937.861026,0.
1779988937.961026,176.9744400668,1779988937.961026,0.
1779988938.061026,176.9744400668,1779988938.061026,0.
1779988938.161026,176.9744400668,1779988938.161026,0.
1779988938.2610261,176.9744400668,1779988938.2610261,0.
1779988938.361026,176.9744400668,1779988938.361026,0.
1779988938.461026,176.9744400668,1779988938.461026,0.
1779988938.561026,176.9744400668,1779988938.561026,0.
1779988938.661026,176.9744400668,1779988938.661026,0.
1779988938.7610261,176.9744400668,1779988938.7610261,0.
1779988938.861026,176.9744400668,1779988938.861026,0.
1779988938.961026,176.9744400668,1779988938.961026,0.
1779988939.061026,176.9744400668,1779988939.061026,0.
1779988939.161026,176.9744400668,1779988939.161026,0.
1779988939.2610261,176.9744400668,1779988939.2610261,0.
1779988939.361026,176.9744400668,1779988939.361026,0.
1779988939.461026,176.9744400668,1779988939.461026,0.
1779988939.561026,176.9744400668,1779988939.561026,0.
1779988939.661026,176.9744400668,1779988939.661026,0.
1779988939.7610261,176.9744400668,1779988939.7610261,0.
1779988939.861026,176.9744400668,1779988939.861026,0.
1779988939.961026,176.9744400668,1779988939.961026,0.
1779988940.061026,176.9744400668,1779988940.061026,0.
1779988940.161026,176.9744400668,1779988940.161026,0.
1779988940.2610261,176.9744400668,1779988940.2610261,0.
1779988940.361026,176.9744400668,1779988940.361026,0.
1779988940.461026,176.9744400668,1779988940.461026,0.
1779988940.561026,176.9744400668,1779988940.561026,0.
1779988940.661026,176.9744400668,1779988940.661026,0.
1779988940.7610261,176.9744400668,1779988940.7610261,0.
1779988940.861026,176.9744400668,1779988940.861026,0.
1779988940.961026,176.9744400668,1779988940.961026,0.
1779988941.061026,176.9744400668,1779988941.061026,0.
1779988941.161026,176.9744400668,1779988941.161026,0.
1779988941.2610261,176.9744400668,1779988941.2610261,0.
1779988941.361026,176.9744400668,1779988941.361026,0.
1779988941.461026,176.9744400668,1779988941.461026,0.
1779988941.561026,176.9744400668,1779988941.561026,0.
1779988941.661026,176.9744400668,1779988941.661026,0.
1779988941.7610261,176.9744400668,1779988941.7610261,0.
1779988941.861026,176.9744400668,1779988941.861026,0.
1779988941.961026,176.9744400668,1779988941.961026,0.
1779988942.061026,176.9744400668,1779988942.061026,0.
1779988942.161026,176.9744400668,1779988942.161026,0.
1779988942.2610261,176.9744400668,1779988942.2610261,0.
1779988942.361026,176.9744400668,1779988942.361026,0.
1779988942.461026,176.9744400668,1779988942.461026,0.
1779988942.561026,176.9744400668,1779988942.561026,0.
1779988942.661026,176.9744400668,1779988942.661026,0.
1779988942.7610261,176.9744400668,1779988942.7610261,0.
1779988942.861026,176.9744400668,1779988942.861026,0.
1779988942.961026,176.9744400668,1779988942.961026,0.
1779988943.061026,176.9744400668,1779988943.061026,0.
1779988943.161026,176.9744400668,1779988943.161026,0.
1779988943.2610261,176.9744400668,1779988943.2610261,0.
1779988943.361026,176.9744400668,1779988943.361026,0.
1779988943.461026,176.9744400668,1779988943.461026,0.
1779988943.561026,176.9744400668,1779988943.561026,0.
1779988943.661026,176.9744400668,1779988943.661026,0.
1779988943.7610261,176.9744400668,1779988943.7610261,0.
1779988943.861026,176.9744400668,1779988943.861026,0.
1779988943.961026,176.9744400668,1779988943.961026,0.
1779988944.061026,176.9744400668,1779988944.061026,0.
1779988944.161026,176.9744400668,1779988944.161026,0.
1779988944.2610261,176.9744400668,1779988944.2610261,0.
1779988944.361026,176.9744400668,1779988944.361026,0.
1779988944.461026,176.9744400668,1779988944.461026,0.
1779988944.561026,176.9744400668,1779988944.561026,0.
1779988944.661026,176.9744400668,1779988944.661026,0.
1779988944.7610261,176.9744400668,1779988944.7610261,0.
1779988944.861026,176.9744400668,1779988944.861026,0.
1779988944.961026,176.9744400668,1779988944.961026,0.
1779988945.061026,176.9744400668,1779988945.061026,0.
1779988945.161026,176.9744400668,1779988945.161026,0.
1779988945.2610261,176.9744400668,1779988945.2610261,0.
1779988945.361026,176.9744400668,1779988945.361026,0.
1779988945.461026,176.9744400668,1779988945.461026,0.
1779988945.561026,176.9744400668,1779988945.561026,0.
1779988945.661026,176.9744400668,1779988945.661026,0.
1779988945.7610261,176.9744400668,1779988945.7610261,0.
1779988945.861026,176.9744400668,1779988945.861026,0.
1779988945.961026,176.9744400668,1779988945.961026,0.
1779988946.061026,176.9744400668,1779988946.061026,0.
1779988946.161026,176.9744400668,1779988946.161026,0.
1779988946.2610261,176.9744400668,1779988946.2610261,0.
1779988946.361026,176.9744400668,1779988946.361026,0.
1779988946.461026,176.9744400668,1779988946.461026,0.
1779988946.561026,176.9744400668,1779988946.561026,0.
1779988946.661026,176.9744400668,1779988946.661026,0.
1779988946.7610261,176.9744400668,1779988946.7610261,0.
1779988946.861026,176.9744400668,1779988946.861026,0.
1779988946.961026,176.9744400668,1779988946.961026,0.
1779988947.061026,176.9744400668,1779988947.061026,0.
1779988947.161026,176.9744400668,1779988947.161026,0.
1779988947.2610261,176.9744400668,1779988947.2610261,0.
1779988947.361026,176.9744400668,1779988947.361026,0.
1779988947.461026,176.9744400668,1779988947.461026,0.
1779988947.561026,176.9744400668,1779988947.561026,0.
1779988947.661026,176.9744400668,1779988947.661026,0.
1779988947.7610261,176.9744400668,1779988947.7610261,0.
1779988947.861026,176.9744400668,1779988947.861026,0.
1779988947.961026,176.9744400668,1779988947.961026,0.
1779988948.061026,176.9744400668,1779988948.061026,0.
1779988948.161026,176.9744400668,1779988948.161026,0.
1779988948.2610261,176.9744400668,1779988948.2610261,0.
1779988948.361026,176.9744400668,1779988948.361026,0.
1779988948.461026,176.9744400668,1779988948.461026,0.
1779988948.561026,176.9744400668,1779988948.561026,0.
1779988948.661026,176.9744400668,1779988948.661026,0.
1779988948.7610261,176.9744400668,1779988948.7610261,0.
1779988948.861026,176.9744400668,1779988948.861026,0.
1779988948.961026,176.9744400668,1779988948.961026,0.
1779988949.061026,176.9744400668,1779988949.061026,0.
1779988949.161026,176.9744400668,1779988949.161026,0.
1779988949.2610261,176.9744400668,1779988949.2610261,0.
1779988949.361026,176.9744400668,1779988949.361026,0.
1779988949.461026,176.9744400668,1779988949.461026,0.
1779988949.561026,176.9744400668,1779988949.561026,0.
1779988949.661026,176.9744400668,1779988949.661026,0.
1779988949.7610261,176.9744400668,1779988949.7610261,0.
1779988949.861026,176.9744400668,1779988949.861026,0.
1779988949.961026,176.9744400668,1779988949.961026,0.
1779988950.061026,176.9744400668,1779988950.061026,0.
1779988950.161026,176.9744400668,1779988950.161026,0.
1779988950.2610261,176.9744400668,1779988950.2610261,0.
1779988950.361026,176.9744400668,1779988950.361026,0.
1779988950.461026,176.9744400668,1779988950.461026,0.
1779988950.561026,176.9744400668,1779988950.561026,0.
1779988950.661026,176.9744400668,1779988950.661026,0.
1779988950.7610261,176.9744400668,1779988950.7610261,0.
1779988950.861026,176.9744400668,1779988950.861026,0.
1779988950.961026,176.9744400668,1779988950.961026,0.
1779988951.061026,176.9744400668,1779988951.061026,0.
1779988951.161026,176.9744400668,1779988951.161026,0.
1779988951.2610261,176.9744400668,1779988951.2610261,0.
1779988951.361026,176.9744400668,1779988951.361026,0.
1779988951.461026,176.9744400668,1779988951.461026,0.
1779988951.561026,176.9744400668,1779988951.561026,0.
1779988951.661026,176.9744400668,1779988951.661026,0.
1779988951.7610261,176.9744400668,1779988951.7610261,0.
1779988951.861026,176.9744400668,1779988951.861026,0.
1779988951.961026,176.9744400668,1779988951.961026,0.
1779988952.061026,176.9744400668,1779988952.061026,0.
1779988952.161026,176.9744400668,1779988952.161026,0.
1779988952.2610261,176.9744400668,1779988952.2610261,0.
1779988952.361026,176.9744400668,1779988952.361026,0.
1779988952.461026,176.9744400668,1779988952.461026,0.
1779988952.561026,176.9744400668,1779988952.561026,0.
1779988952.661026,176.9744400668,1779988952.661026,0.
1779988952.7610261,176.9744400668,1779988952.7610261,0.
1779988952.861026,176.9744400668,1779988952.861026,0.
1779988952.961026,176.9744400668,1779988952.961026,0.
1779988953.061026,176.9744400668,1779988953.061026,0.
1779988953.161026,176.9744400668,1779988953.161026,0.
1779988953.2610261,176.9744400668,1779988953.2610261,0.
1779988953.361026,176.9744400668,1779988953.361026,0.
1779988953.461026,176.9744400668,1779988953.461026,0.
1779988953.561026,176.9744400668,1779988953.561026,0.
1779988953.661026,176.9744400668,1779988953.661026,0.
1779988953.7610261,176.9744400668,1779988953.7610261,0.
1779988953.861026,176.9744400668,1779988953.861026,0.
1779988953.961026,176.9744400668,1779988953.961026,0.
1779988954.061026,176.9744400668,1779988954.061026,0.
1779988954.161026,176.9744400668,1779988954.161026,0.
1779988954.2610261,176.9744400668,1779988954.2610261,0.
1779988954.361026,176.9744400668,1779988954.361026,0.
1779988954.461026,176.9744400668,1779988954.461026,0.
1779988954.561026,176.9744400668,1779988954.561026,0.
1779988954.661026,176.9744400668,1779988954.661026,0.
1779988954.7610261,176.9744400668,1779988954.7610261,0.
1779988954.861026,176.9744400668,1779988954.861026,0.
1779988954.961026,176.9744400668,1779988954.961026,0.
1779988955.061026,176.9744400668,1779988955.061026,0.
1779988955.161026,176.9744400668,1779988955.161026,0.
1779988955.2610261,176.9744400668,1779988955.2610261,0.
1779988955.361026,176.9744400668,1779988955.361026,0.
1779988955.461026,176.9744400668,1779988955.461026,0.
1779988955.561026,176.9744400668,1779988955.561026,0.
1779988955.661026,176.9744400668,1779988955.661026,0.
1779988955.7610261,176.9744400668,1779988955.7610261,0.
1779988955.861026,176.9744400668,1779988955.861026,0.
1779988955.961026,176.9744400668,1779988955.961026,0.
1779988956.061026,176.9744400668,1779988956.061026,0.
1779988956.161026,176.9744400668,1779988956.161026,0.
1779988956.2610261,176.9744400668,1779988956.2610261,0.
1779988956.361026,176.9744400668,1779988956.361026,0.
1779988956.461026,176.9744400668,1779988956.461026,0.
1779988956.561026,176.9744400668,1779988956.561026,0.
1779988956.661026,176.9744400668,1779988956.661026,0.
1779988956.7610261,176.9744400668,1779988956.7610261,0.
1779988956.861026,176.9744400668,1779988956.861026,0.
1779988956.961026,176.9744400668,1779988956.961026,0.
1779988957.061026,176.9744400668,1779988957.061026,0.
1779988957.161026,176.9744400668,1779988957.161026,0.
1779988957.2610261,176.9744400668,1779988957.2610261,0.
1779988957.361026,176.9744400668,1779988957.361026,0.
1779988957.461026,176.9744400668,1779988957.461026,0.
1779988957.561026,176.9744400668,1779988957.561026,0.
1779988957.661026,176.9744400668,1779988957.661026,0.
1779988957.7610261,176.9744400668,1779988957.7610261,0.
1779988957.861026,176.9744400668,1779988957.861026,0.
1779988957.961026,176.9744400668,1779988957.961026,0.
1779988958.061026,176.9744400668,1779988958.061026,0.
1779988958.161026,176.9744400668,1779988958.161026,0.
1779988958.2610261,176.9744400668,1779988958.2610261,0.
1779988958.361026,176.9744400668,1779988958.361026,0.
1779988958.461026,176.9744400668,1779988958.461026,0.
1779988958.561026,176.9744400668,1779988958.561026,0.
1779988958.661026,176.9744400668,1779988958.661026,0.
1779988958.7610261,176.9744400668,1779988958.7610261,0.
1779988958.861026,176.9744400668,1779988958.861026,0.
1779988958.961026,176.9744400668,1779988958.961026,0.
1779988959.061026,176.9744400668,1779988959.061026,0.
1779988959.161026,176.9744400668,1779988959.161026,0.
1779988959.2610261,176.9744400668,1779988959.2610261,0.
1779988959.361026,176.9744400668,1779988959.361026,0.
1779988959.461026,176.9744400668,1779988959.461026,0.
1779988959.561026,176.9744400668,1779988959.561026,0.
1779988959.661026,176.9744400668,1779988959.661026,0.
1779988959.7610261,176.9744400668,1779988959.7610261,0.
1779988959.861026,176.9744400668,1779988959.861026,0.
1779988959.961026,176.9744400668,1779988959.961026,0.
1779988960.061026,176.9744400668,1779988960.061026,0.
1779988960.161026,176.9744400668,1779988960.161026,0.
1779988960.2610261,176.9744400668,1779988960.2610261,0.
1779988960.361026,176.9744400668,1779988960.361026,0.
1779988960.461026,176.9744400668,1779988960.461026,0.
1779988960.561026,176.9744400668,1779988960.561026,0.
1779988960.661026,176.9744400668,1779988960.661026,0.
1779988960.7610261,176.9744400668,1779988960.7610261,0.
1779988960.861026,176.9744400668,1779988960.861026,0.
1779988960.961026,176.9744400668,1779988960.961026,0.
1779988961.061026,176.9744400668,1779988961.061026,0.
1779988961.161026,176.9744400668,1779988961.161026,0.
1779988961.2610261,176.9744400668,1779988961.2610261,0.
1779988961.361026,176.9744400668,1779988961.361026,0.
1779988961.461026,176.9744400668,1779988961.461026,0.
1779988961.561026,176.9744400668,1779988961.561026,0.
1779988961.661026,176.9744400668,1779988961.661026,0.
1779988961.7610261,176.9744400668,1779988961.7610261,0.
1779988961.861026,176.9744400668,1779988961.861026,0.
1779988961.961026,176.9744400668,1779988961.961026,0.
1779988962.061026,176.9744400668,1779988962.061026,0.
1779988962.161026,176.9744400668,1779988962.161026,0.
1779988962.2610261,176.9744400668,1779988962.2610261,0.
1779988962.361026,176.9744400668,1779988962.361026,0.
1779988962.461026,176.9744400668,1779988962.461026,0.
1779988962.561026,176.9744400668,1779988962.561026,0.
1779988962.661026,176.9744400668,1779988962.661026,0.
1779988962.7610261,176.9744400668,1779988962.7610261,0.
1779988962.861026,176.9744400668,1779988962.861026,0.
1779988962.961026,176.9744400668,1779988962.961026,0.
1779988963.061026,176.9744400668,1779988963.061026,0.
1779988963.161026,176.9744400668,1779988963.161026,0.
1779988963.2610261,176.9744400668,1779988963.2610261,0.
1779988963.361026,176.9744400668,1779988963.361026,0.
1779988963.461026,176.9744400668,1779988963.461026,0.
1779988963.561026,176.9744400668,1779988963.561026,0.
1779988963.661026,176.9744400668,1779988963.661026,0.
1779988963.7610261,176.9744400668,1779988963.7610261,0.
1779988963.861026,176.9744400668,1779988963.861026,0.
1779988963.961026,176.9744400668,1779988963.961026,0.
1779988964.061026,176.9744400668,1779988964.061026,0.
1779988964.161026,176.9744400668,1779988964.161026,0.
1779988964.2610261,176.9744400668,1779988964.2610261,0.
1779988964.361026,176.9744400668,1779988964.361026,0.
1779988964.461026,176.9744400668,1779988964.461026,0.
1779988964.561026,176.9744400668,1779988964.561026,0.
1779988964.661026,176.9744400668,1779988964.661026,0.
1779988964.7610261,176.9744400668,1779988964.7610261,0.
1779988964.861026,176.9744400668,1779988964.861026,0.
1779988964.961026,176.9744400668,1779988964.961026,0.
1779988965.061026,176.9744400668,1779988965.061026,0.
1779988965.161026,176.9744400668,1779988965.161026,0.
1779988965.2610261,176.9744400668,1779988965.2610261,0.
1779988965.361026,176.9744400668,1779988965.361026,0.
1779988965.461026,176.9744400668,1779988965.461026,0.
1779988965.561026,176.9744400668,1779988965.561026,0.
1779988965.661026,176.9744400668,1779988965.661026,0.
1779988965.7610261,176.9744400668,1779988965.7610261,0.
1779988965.861026,176.9744400668,1779988965.861026,0.
1779988965.961026,176.9744400668,1779988965.961026,0.
1779988966.061026,176.9744400668,1779988966.061026,0.
1779988966.161026,176.9744400668,1779988966.161026,0.
1779988966.2610261,176.9744400668,1779988966.2610261,0.
1779988966.361026,176.9744400668,1779988966.361026,0.
1779988966.461026,176.9744400668,1779988966.461026,0.
1779988966.561026,176.9744400668,1779988966.561026,0.
1779988966.661026,176.9744400668,1779988966.661026,0.
1779988966.7610261,176.9744400668,1779988966.7610261,0.
1779988966.861026,176.9744400668,1779988966.861026,0.
1779988966.961026,176.9744400668,1779988966.961026,0.
1779988967.061026,176.9744400668,1779988967.061026,0.
1779988967.161026,176.9744400668,1779988967.161026,0.
1779988967.2610261,176.9744400668,1779988967.2610261,0.
1779988967.361026,176.9744400668,1779988967.361026,0.
1779988967.461026,176.9744400668,1779988967.461026,0.
1779988967.561026,176.9744400668,1779988967.561026,0.
1779988967.661026,176.9744400668,1779988967.661026,0.
1779988967.7610261,176.9744400668,1779988967.7610261,0.
1779988967.861026,176.9744400668,1779988967.861026,0.
1779988967.961026,176.9744400668,1779988967.961026,0.
1779988968.061026,176.9744400668,1779988968.061026,0.
1779988968.161026,176.9744400668,1779988968.161026,0.
1779988968.2610261,176.9744400668,1779988968.2610261,0.
1779988968.361026,176.9744400668,1779988968.361026,0.
1779988968.461026,176.9744400668,1779988968.461026,0.
1779988968.561026,176.9744400668,1779988968.561026,0.
1779988968.661026,176.9744400668,1779988968.661026,0.
1779988968.7610261,176.9744400668,1779988968.7610261,0.
1779988968.861026,176.9744400668,1779988968.861026,0.
1779988968.961026,176.9744400668,1779988968.961026,0.
1779988969.061026,176.9744400668,1779988969.061026,0.
1779988969.161026,176.9744400668,1779988969.161026,0.
1779988969.2610261,176.9744400668,1779988969.2610261,0.
1779988969.361026,176.9744400668,1779988969.361026,0.
1779988969.461026,176.9744400668,1779988969.461026,0.
1779988969.561026,176.9744400668,1779988969.561026,0.
1779988969.661026,176.9744400668,1779988969.661026,0.
1779988969.7610261,176.9744400668,1779988969.7610261,0.
1779988969.861026,176.9744400668,1779988969.861026,0.
1779988969.961026,176.9744400668,1779988969.961026,0.
1779988970.061026,176.9744400668,1779988970.061026,0.
1779988970.161026,176.9744400668,1779988970.161026,0.
1779988970.2610261,176.9744400668,1779988970.2610261,0.
1779988970.361026,176.9744400668,1779988970.361026,0.
1779988970.461026,176.9744400668,1779988970.461026,0.
1779988970.561026,176.9744400668,1779988970.561026,0.
1779988970.661026,176.9744400668,1779988970.661026,0.
1779988970.7610261,176.9744400668,1779988970.7610261,0.
1779988970.861026,176.9744400668,1779988970.861026,0.
1779988970.961026,176.9744400668,1779988970.961026,0.
1779988971.061026,176.9744400668,1779988971.061026,0.
1779988971.161026,176.9744400668,1779988971.161026,0.
1779988971.2610261,176.9744400668,1779988971.2610261,0.
1779988971.361026,176.9744400668,1779988971.361026,0.
1779988971.461026,176.9744400668,1779988971.461026,0.
1779988971.561026,176.9744400668,1779988971.561026,0.
1779988971.661026,176.9744400668,1779988971.661026,0.
1779988971.7610261,176.9744400668,1779988971.7610261,0.
1779988971.861026,176.9744400668,1779988971.861026,0.
1779988971.961026,176.9744400668,1779988971.961026,0.
1779988972.061026,176.9744400668,1779988972.061026,0.
1779988972.161026,176.9744400668,1779988972.161026,0.
1779988972.2610261,176.9744400668,1779988972.2610261,0.
1779988972.361026,176.9744400668,1779988972.361026,0.
1779988972.461026,176.9744400668,1779988972.461026,0.
1779988972.561026,176.9744400668,1779988972.561026,0.
1779988972.661026,176.9744400668,1779988972.661026,0.
1779988972.7610261,176.9744400668,1779988972.7610261,0.
1779988972.861026,176.9744400668,1779988972.861026,0.
1779988972.961026,176.9744400668,1779988972.961026,0.
1779988973.061026,176.9744400668,1779988973.061026,0.
1779988973.161026,176.9744400668,1779988973.161026,0.
1779988973.2610261,176.9744400668,1779988973.2610261,0.
1779988973.361026,176.9744400668,1779988973.361026,0.
1779988973.461026,176.9744400668,1779988973.461026,0.
1779988973.561026,176.9744400668,1779988973.561026,0.
1779988973.661026,176.9744400668,1779988973.661026,0.
1779988973.7610261,176.9744400668,1779988973.7610261,0.
1779988973.861026,176.9744400668,1779988973.861026,0.
1779988973.961026,176.9744400668,1779988973.961026,0.
1779988974.061026,176.9744400668,1779988974.061026,0.
1779988974.161026,176.9744400668,1779988974.161026,0.
1779988974.2610261,176.9744400668,1779988974.2610261,0.
1779988974.361026,176.9744400668,1779988974.361026,0.
1779988974.461026,176.9744400668,1779988974.461026,0.
1779988974.561026,176.9744400668,1779988974.561026,0.
1779988974.661026,176.9744400668,1779988974.661026,0.
1779988974.7610261,176.9744400668,1779988974.7610261,0.
1779988974.861026,176.9744400668,1779988974.861026,0.
1779988974.961026,176.9744400668,1779988974.961026,0.
1779988975.061026,176.9744400668,1779988975.061026,0.
1779988975.161026,176.9744400668,1779988975.161026,0.
1779988975.2610261,176.9744400668,1779988975.2610261,0.
1779988975.361026,176.9744400668,1779988975.361026,0.
1779988975.461026,176.9744400668,1779988975.461026,0.
1779988975.561026,176.9744400668,1779988975.561026,0.
1779988975.661026,176.9744400668,1779988975.661026,0.
1779988975.7610261,176.9744400668,1779988975.7610261,0.
1779988975.861026,176.9744400668,1779988975.861026,0.
1779988975.961026,176.9744400668,1779988975.961026,0.
1779988976.061026,176.9744400668,1779988976.061026,0.
1779988976.161026,176.9744400668,1779988976.161026,0.
1779988976.2610261,176.9744400668,1779988976.2610261,0.
1779988976.361026,176.9744400668,1779988976.361026,0.
1779988976.461026,176.9744400668,1779988976.461026,0.
1779988976.561026,176.9744400668,1779988976.561026,0.
1779988976.661026,176.9744400668,1779988976.661026,0.
1779988976.7610261,176.9744400668,1779988976.7610261,0.
1779988976.861026,176.9744400668,1779988976.861026,0.
1779988976.961026,176.9744400668,1779988976.961026,0.
1779988977.061026,176.9744400668,1779988977.061026,0.
1779988977.161026,176.9744400668,1779988977.161026,0.
1779988977.2610261,176.9744400668,1779988977.2610261,0.
1779988977.361026,176.9744400668,1779988977.361026,0.
1779988977.461026,176.9744400668,1779988977.461026,0.
1779988977.561026,176.9744400668,1779988977.561026,0.
1779988977.661026,176.9744400668,1779988977.661026,0.
1779988977.7610261,176.9744400668,1779988977.7610261,0.
1779988977.861026,176.9744400668,1779988977.861026,0.
1779988977.961026,176.9744400668,1779988977.961026,0.
1779988978.061026,176.9744400668,1779988978.061026,0.
1779988978.161026,176.9744400668,1779988978.161026,0.
1779988978.2610261,176.9744400668,1779988978.2610261,0.
1779988978.361026,176.9744400668,1779988978.361026,0.
1779988978.461026,176.9744400668,1779988978.461026,0.
1779988978.561026,176.9744400668,1779988978.561026,0.
1779988978.661026,176.9744400668,1779988978.661026,0.
1779988978.7610261,176.9744400668,1779988978.7610261,0.
1779988978.861026,176.9744400668,1779988978.861026,0.
1779988978.961026,176.9744400668,1779988978.961026,0.
1779988979.061026,176.9744400668,1779988979.061026,0.
1779988979.161026,176.9744400668,1779988979.161026,0.
1779988979.2610261,176.9744400668,1779988979.2610261,0.
1779988979.361026,176.9744400668,1779988979.361026,0.
1779988979.461026,176.9744400668,1779988979.461026,0.
1779988979.561026,176.9744400668,1779988979.561026,0.
1779988979.661026,176.9744400668,1779988979.661026,0.
1779988979.7610261,176.9744400668,1779988979.7610261,0.
1779988979.861026,176.9744400668,1779988979.861026,0.
1779988979.961026,176.9744400668,1779988979.961026,0.
1779988980.061026,176.9744400668,1779988980.061026,0.
1779988980.161026,176.9744400668,1779988980.161026,0.
1779988980.2610261,176.9744400668,1779988980.2610261,0.
1779988980.361026,176.9744400668,1779988980.361026,0.
1779988980.461026,176.9744400668,1779988980.461026,0.
1779988980.561026,176.9744400668,1779988980.561026,0.
1779988980.661026,176.9744400668,1779988980.661026,0.
1779988980.7610261,176.9744400668,1779988980.7610261,0.
1779988980.861026,176.9744400668,1779988980.861026,0.
1779988980.961026,176.9744400668,1779988980.961026,0.
1779988981.061026,176.9744400668,1779988981.061026,0.
1779988981.161026,176.9744400668,1779988981.161026,0.
1779988981.2610261,176.9744400668,1779988981.2610261,0.
1779988981.361026,176.9744400668,1779988981.361026,0.
1779988981.461026,176.9744400668,1779988981.461026,0.
1779988981.561026,176.9744400668,1779988981.561026,0.
1779988981.661026,176.9744400668,1779988981.661026,0.
1779988981.7610261,176.9744400668,1779988981.7610261,0.
1779988981.861026,176.9744400668,1779988981.861026,0.
1779988981.961026,176.9744400668,1779988981.961026,0.
1779988982.061026,176.9744400668,1779988982.061026,0.
1779988982.161026,176.9744400668,1779988982.161026,0.
1779988982.2610261,176.9744400668,1779988982.2610261,0.
1779988982.361026,176.9744400668,1779988982.361026,0.
1779988982.461026,176.9744400668,1779988982.461026,0.
1779988982.561026,176.9744400668,1779988982.561026,0.
1779988982.661026,176.9744400668,1779988982.661026,0.
1779988982.7610261,176.9744400668,1779988982.7610261,0.
1779988982.861026,176.9744400668,1779988982.861026,0.
1779988982.961026,176.9744400668,1779988982.961026,0.
1779988983.061026,176.9744400668,1779988983.061026,0.
1779988983.161026,176.9744400668,1779988983.161026,0.
1779988983.2610261,176.9744400668,1779988983.2610261,0.
1779988983.361026,176.9744400668,1779988983.361026,0.
1779988983.461026,176.9744400668,1779988983.461026,0.
1779988983.561026,176.9744400668,1779988983.561026,0.
1779988983.661026,176.9744400668,1779988983.661026,0.
1779988983.7610261,176.9744400668,1779988983.7610261,0.
1779988983.861026,176.9744400668,1779988983.861026,0.
1779988983.961026,176.9744400668,1779988983.961026,0.
1779988984.061026,176.9744400668,1779988984.061026,0.
1779988984.161026,176.9744400668,1779988984.161026,0.
1779988984.2610261,176.9744400668,1779988984.2610261,0.
1779988984.361026,176.9744400668,1779988984.361026,0.
1779988984.461026,176.9744400668,1779988984.461026,0.
1779988984.561026,176.9744400668,1779988984.561026,0.
1779988984.661026,176.9744400668,1779988984.661026,0.
1779988984.7610261,176.9744400668,1779988984.7610261,0.
1779988984.861026,176.9744400668,1779988984.861026,0.
1779988984.961026,176.9744400668,1779988984.961026,0.
1779988985.061026,176.9744400668,1779988985.061026,0.
1779988985.161026,176.9744400668,1779988985.161026,0.
1779988985.2610261,176.9744400668,1779988985.2610261,0.
1779988985.361026,176.9744400668,1779988985.361026,0.
1779988985.461026,176.9744400668,1779988985.461026,0.
1779988985.561026,176.9744400668,1779988985.561026,0.
1779988985.661026,176.9744400668,1779988985.661026,0.
1779988985.7610261,176.9744400668,1779988985.7610261,0.
1779988985.861026,176.9744400668,1779988985.861026,0.
1779988985.961026,176.9744400668,1779988985.961026,0.
1779988986.061026,176.9744400668,1779988986.061026,0.
1779988986.161026,176.9744400668,1779988986.161026,0.
1779988986.2610261,176.9744400668,1779988986.2610261,0.
1779988986.361026,176.9744400668,1779988986.361026,0.
1779988986.461026,176.9744400668,1779988986.461026,0.
1779988986.561026,176.9744400668,1779988986.561026,0.
1779988986.661026,176.9744400668,1779988986.661026,0.
1779988986.7610261,176.9744400668,1779988986.7610261,0.
1779988986.861026,176.9744400668,1779988986.861026,0.
1779988986.961026,176.9744400668,1779988986.961026,0.
1779988987.061026,176.9744400668,1779988987.061026,0.
1779988987.161026,176.9744400668,1779988987.161026,0.
1779988987.2610261,176.9744400668,1779988987.2610261,0.
1779988987.361026,176.9744400668,1779988987.361026,0.
1779988987.461026,176.9744400668,1779988987.461026,0.
1779988987.561026,176.9744400668,1779988987.561026,0.
1779988987.661026,176.9744400668,1779988987.661026,0.
1779988987.7610261,176.9744400668,1779988987.7610261,0.
1779988987.861026,176.9744400668,1779988987.861026,0.
1779988987.961026,176.9744400668,1779988987.961026,0.
1779988988.061026,176.9744400668,1779988988.061026,0.
1779988988.161026,176.9744400668,1779988988.161026,0.
1779988988.2610261,176.9744400668,1779988988.2610261,0.
1779988988.361026,176.9744400668,1779988988.361026,0.
1779988988.461026,176.9744400668,1779988988.461026,0.
1779988988.561026,176.9744400668,1779988988.561026,0.
1779988988.661026,176.9744400668,1779988988.661026,0.
1779988988.7610261,176.9744400668,1779988988.7610261,0.
1779988988.861026,176.9744400668,1779988988.861026,0.
1779988988.961026,176.9744400668,1779988988.961026,0.
1779988989.061026,176.9744400668,1779988989.061026,0.
1779988989.161026,176.9744400668,1779988989.161026,0.
1779988989.2610261,176.9744400668,1779988989.2610261,0.
1779988989.361026,176.9744400668,1779988989.361026,0.
1779988989.461026,176.9744400668,1779988989.461026,0.
1779988989.561026,176.9744400668,1779988989.561026,0.
1779988989.661026,176.9744400668,1779988989.661026,0.
1779988989.7610261,176.9744400668,1779988989.7610261,0.
1779988989.861026,176.9744400668,1779988989.861026,0.
1779988989.961026,176.9744400668,1779988989.961026,0.
1779988990.061026,176.9744400668,1779988990.061026,0.
1779988990.161026,176.9744400668,1779988990.161026,0.
1779988990.2610261,176.9744400668,1779988990.2610261,0.
1779988990.361026,176.9744400668,1779988990.361026,0.
1779988990.461026,176.9744400668,1779988990.461026,0.
1779988990.561026,176.9744400668,1779988990.561026,0.
1779988990.661026,176.9744400668,1779988990.661026,0.
1779988990.7610261,176.9744400668,1779988990.7610261,0.
1779988990.861026,176.9744400668,1779988990.861026,0.
1779988990.961026,176.9744400668,1779988990.961026,0.
1779988991.061026,176.9744400668,1779988991.061026,0.
1779988991.161026,176.9744400668,1779988991.161026,0.
1779988991.2610261,176.9744400668,1779988991.2610261,0.
1779988991.361026,176.9744400668,1779988991.361026,0.
1779988991.461026,176.9744400668,1779988991.461026,0.
1779988991.561026,176.9744400668,1779988991.561026,0.
1779988991.661026,176.9744400668,1779988991.661026,0.
1779988991.7610261,176.9744400668,1779988991.7610261,0.
1779988991.861026,176.9744400668,1779988991.861026,0.
1779988991.961026,176.9744400668,1779988991.961026,0.
1779988992.061026,176.9744400668,1779988992.061026,0.
1779988992.161026,176.9744400668,1779988992.161026,0.
1779988992.2610261,176.9744400668,1779988992.2610261,0.
1779988992.361026,176.9744400668,1779988992.361026,0.
1779988992.461026,176.9744400668,1779988992.461026,0.
1779988992.561026,176.9744400668,1779988992.561026,0.
1779988992.661026,176.9744400668,1779988992.661026,0.
1779988992.7610261,176.9744400668,1779988992.7610261,0.
1779988992.861026,176.9744400668,1779988992.861026,0.
1779988992.961026,176.9744400668,1779988992.961026,0.
1779988993.061026,176.9744400668,1779988993.061026,0.
1779988993.161026,176.9744400668,1779988993.161026,0.
1779988993.2610261,176.9744400668,1779988993.2610261,0.
1779988993.361026,176.9744400668,1779988993.361026,0.
1779988993.461026,176.9744400668,1779988993.461026,0.
1779988993.561026,176.9744400668,1779988993.561026,0.
1779988993.661026,176.9744400668,1779988993.661026,0.
1779988993.7610261,176.9744400668,1779988993.7610261,0.
1779988993.861026,176.9744400668,1779988993.861026,0.
1779988993.961026,176.9744400668,1779988993.961026,0.
1779988994.061026,176.9744400668,1779988994.061026,0.
1779988994.161026,176.9744400668,1779988994.161026,0.
1779988994.2610261,176.9744400668,1779988994.2610261,0.
1779988994.361026,176.9744400668,1779988994.361026,0.
1779988994.461026,176.9744400668,1779988994.461026,0.
1779988994.561026,176.9744400668,1779988994.561026,0.
1779988994.661026,176.9744400668,1779988994.661026,0.
1779988994.7610261,176.9744400668,1779988994.7610261,0.
1779988994.861026,176.9744400668,1779988994.861026,0.
1779988994.961026,176.9744400668,1779988994.961026,0.
1779988995.061026,176.9744400668,1779988995.061026,0.
1779988995.161026,176.9744400668,1779988995.161026,0.
1779988995.2610261,176.9744400668,1779988995.2610261,0.
1779988995.361026,176.9744400668,1779988995.361026,0.
1779988995.461026,176.9744400668,1779988995.461026,0.
1779988995.561026,176.9744400668,1779988995.561026,0.
1779988995.661026,176.9744400668,1779988995.661026,0.
1779988995.7610261,176.9744400668,1779988995.7610261,0.
1779988995.861026,176.9744400668,1779988995.861026,0.
1779988995.961026,176.9744400668,1779988995.961026,0.
1779988996.061026,176.9744400668,1779988996.061026,0.
1779988996.161026,176.9744400668,1779988996.161026,0.
1779988996.2610261,176.9744400668,1779988996.2610261,0.
1779988996.361026,176.9744400668,1779988996.361026,0.
1779988996.461026,176.9744400668,1779988996.461026,0.
1779988996.561026,176.9744400668,1779988996.561026,0.
1779988996.661026,176.9744400668,1779988996.661026,0.
1779988996.7610261,176.9744400668,1779988996.7610261,0.
1779988996.861026,176.9744400668,1779988996.861026,0.
1779988996.961026,176.9744400668,1779988996.961026,0.
1779988997.061026,176.9744400668,1779988997.061026,0.
1779988997.161026,176.9744400668,1779988997.161026,0.
1779988997.2610261,176.9744400668,1779988997.2610261,0.
1779988997.361026,176.9744400668,1779988997.361026,0.
1779988997.461026,176.9744400668,1779988997.461026,0.
1779988997.561026,176.9744400668,1779988997.561026,0.
1779988997.661026,176.9744400668,1779988997.661026,0.
1779988997.7610261,176.9744400668,1779988997.7610261,0.
1779988997.861026,176.9744400668,1779988997.861026,0.
1779988997.961026,176.9744400668,1779988997.961026,0.
1779988998.061026,176.9744400668,1779988998.061026,0.
1779988998.161026,176.9744400668,1779988998.161026,0.
1779988998.2610261,176.9744400668,1779988998.2610261,0.
1779988998.361026,176.9744400668,1779988998.361026,0.
1779988998.461026,176.9744400668,1779988998.461026,0.
1779988998.561026,176.9744400668,1779988998.561026,0.
1779988998.661026,176.9744400668,1779988998.661026,0.
1779988998.7610261,176.9744400668,1779988998.7610261,0.
1779988998.861026,176.9744400668,1779988998.861026,0.
1779988998.961026,176.9744400668,1779988998.961026,0.
1779988999.061026,176.9744400668,1779988999.061026,0.
1779988999.161026,176.9744400668,1779988999.161026,0.
1779988999.2610261,176.9744400668,1779988999.2610261,0.
1779988999.361026,176.9744400668,1779988999.361026,0.
1779988999.461026,176.9744400668,1779988999.461026,0.
1779988999.561026,176.9744400668,1779988999.561026,0.
1779988999.661026,176.9744400668,1779988999.661026,0.
1779988999.7610261,176.9744400668,1779988999.7610261,0.
1779988999.861026,176.9744400668,1779988999.861026,0.
1779988999.961026,176.9744400668,1779988999.961026,0.
1779989000.061026,176.9744400668,1779989000.061026,0.
1779989000.161026,176.9744400668,1779989000.161026,0.
1779989000.2610261,176.9744400668,1779989000.2610261,0.
1779989000.361026,176.9744400668,1779989000.361026,0.
1779989000.461026,176.9744400668,1779989000.461026,0.
1779989000.561026,176.9744400668,1779989000.561026,0.
1779989000.661026,176.9744400668,1779989000.661026,0.
1779989000.7610261,176.9744400668,1779989000.7610261,0.
1779989000.861026,176.9744400668,1779989000.861026,0.
1779989000.961026,176.9744400668,1779989000.961026,0.
1779989001.061026,176.9744400668,1779989001.061026,0.
1779989001.161026,176.9744400668,1779989001.161026,0.
1779989001.2610261,176.9744400668,1779989001.2610261,0.
1779989001.361026,176.9744400668,1779989001.361026,0.
1779989001.461026,176.9744400668,1779989001.461026,0.
1779989001.561026,176.9744400668,1779989001.561026,0.
1779989001.661026,176.9744400668,1779989001.661026,0.
1779989001.7610261,176.9744400668,1779989001.7610261,0.
1779989001.861026,176.9744400668,1779989001.861026,0.
1779989001.961026,176.9744400668,1779989001.961026,0.
1779989002.061026,176.9744400668,1779989002.061026,0.
1779989002.161026,176.9744400668,1779989002.161026,0.
1779989002.2610261,176.9744400668,1779989002.2610261,0.
1779989002.361026,176.9744400668,1779989002.361026,0.
1779989002.461026,176.9744400668,1779989002.461026,0.
1779989002.561026,176.9744400668,1779989002.561026,0.
1779989002.661026,176.9744400668,1779989002.661026,0.
1779989002.7610261,176.9744400668,1779989002.7610261,0.
1779989002.861026,176.9744400668,1779989002.861026,0.
1779989002.961026,176.9744400668,1779989002.961026,0.
1779989003.061026,176.9744400668,1779989003.061026,0.
1779989003.161026,176.9744400668,1779989003.161026,0.
1779989003.2610261,176.9744400668,1779989003.2610261,0.
1779989003.361026,176.9744400668,1779989003.361026,0.
1779989003.461026,176.9744400668,1779989003.461026,0.
1779989003.561026,176.9744400668,1779989003.561026,0.
1779989003.661026,176.9744400668,1779989003.661026,0.
1779989003.7610261,176.9744400668,1779989003.7610261,0.
1779989003.861026,176.9744400668,1779989003.861026,0.
1779989003.961026,176.9744400668,1779989003.961026,0.
1779989004.061026,176.9744400668,1779989004.061026,0.
1779989004.161026,176.9744400668,1779989004.161026,0.
1779989004.2610261,176.9744400668,1779989004.2610261,0.
1779989004.361026,176.9744400668,1779989004.361026,0.
1779989004.461026,176.9744400668,1779989004.461026,0.
1779989004.561026,176.9744400668,1779989004.561026,0.
1779989004.661026,176.9744400668,1779989004.661026,0.
1779989004.7610261,176.9744400668,1779989004.7610261,0.
1779989004.861026,176.9744400668,1779989004.861026,0.
1779989004.961026,176.9744400668,1779989004.961026,0.
1779989005.061026,176.9744400668,1779989005.061026,0.
1779989005.161026,176.9744400668,1779989005.161026,0.
1779989005.2610261,176.9744400668,1779989005.2610261,0.
1779989005.361026,176.9744400668,1779989005.361026,0.
1779989005.461026,176.9744400668,1779989005.461026,0.
1779989005.561026,176.9744400668,1779989005.561026,0.
1779989005.661026,176.9744400668,1779989005.661026,0.
1779989005.7610261,176.9744400668,1779989005.7610261,0.
1779989005.861026,176.9744400668,1779989005.861026,0.
1779989005.961026,176.9744400668,1779989005.961026,0.
1779989006.061026,176.9744400668,1779989006.061026,0.
1779989006.161026,176.9744400668,1779989006.161026,0.
1779989006.2610261,176.9744400668,1779989006.2610261,0.
1779989006.361026,176.9744400668,1779989006.361026,0.
1779989006.461026,176.9744400668,1779989006.461026,0.
1779989006.561026,176.9744400668,1779989006.561026,0.
1779989006.661026,176.9744400668,1779989006.661026,0.
1779989006.7610261,176.9744400668,1779989006.7610261,0.
1779989006.861026,176.9744400668,1779989006.861026,0.
1779989006.961026,176.9744400668,1779989006.961026,0.
1779989007.061026,176.9744400668,1779989007.061026,0.
1779989007.161026,176.9744400668,1779989007.161026,0.
1779989007.2610261,176.9744400668,1779989007.2610261,0.
1779989007.361026,176.9744400668,1779989007.361026,0.
1779989007.461026,176.9744400668,1779989007.461026,0.
1779989007.561026,176.9744400668,1779989007.561026,0.
1779989007.661026,176.9744400668,1779989007.661026,0.
1779989007.7610261,176.9744400668,1779989007.7610261,0.
1779989007.861026,176.9744400668,1779989007.861026,0.
1779989007.961026,176.9744400668,1779989007.961026,0.
1779989008.061026,176.9744400668,1779989008.061026,0.
1779989008.161026,176.9744400668,1779989008.161026,0.
1779989008.2610261,176.9744400668,1779989008.2610261,0.
1779989008.361026,176.9744400668,1779989008.361026,0.
1779989008.461026,176.9744400668,1779989008.461026,0.
1779989008.561026,176.9744400668,1779989008.561026,0.
1779989008.661026,176.9744400668,1779989008.661026,0.
1779989008.7610261,176.9744400668,1779989008.7610261,0.
1779989008.861026,176.9744400668,1779989008.861026,0.
1779989008.961026,176.9744400668,1779989008.961026,0.
1779989009.061026,176.9744400668,1779989009.061026,0.
1779989009.161026,176.9744400668,1779989009.161026,0.
1779989009.2610261,176.9744400668,1779989009.2610261,0.
1779989009.361026,176.9744400668,1779989009.361026,0.
1779989009.461026,176.9744400668,1779989009.461026,0.
1779989009.561026,176.9744400668,1779989009.561026,0.
1779989009.661026,176.9744400668,1779989009.661026,0.
1779989009.7610261,176.9744400668,1779989009.7610261,0.
1779989009.861026,176.9744400668,1779989009.861026,0.
1779989009.961026,176.9744400668,1779989009.961026,0.
1779989010.061026,176.9744400668,1779989010.061026,0.
1779989010.161026,176.9744400668,1779989010.161026,0.
1779989010.2610261,176.9744400668,1779989010.2610261,0.
1779989010.361026,176.9744400668,1779989010.361026,0.
1779989010.461026,176.9744400668,1779989010.461026,0.
1779989010.561026,176.9744400668,1779989010.561026,0.
1779989010.661026,176.9744400668,1779989010.661026,0.
1779989010.7610261,176.9744400668,1779989010.7610261,0.
1779989010.861026,176.9744400668,1779989010.861026,0.
1779989010.961026,176.9744400668,1779989010.961026,0.
1779989011.061026,176.9744400668,1779989011.061026,0.
1779989011.161026,176.9744400668,1779989011.161026,0.
1779989011.2610261,176.9744400668,1779989011.2610261,0.
1779989011.361026,176.9744400668,1779989011.361026,0.
1779989011.461026,176.9744400668,1779989011.461026,0.
1779989011.561026,176.9744400668,1779989011.561026,0.
1779989011.661026,176.9744400668,1779989011.661026,0.
1779989011.7610261,176.9744400668,1779989011.7610261,0.
1779989011.861026,176.9744400668,1779989011.861026,0.
1779989011.961026,176.9744400668,1779989011.961026,0.
1779989012.061026,176.9744400668,1779989012.061026,0.
1779989012.161026,176.9744400668,1779989012.161026,0.
1779989012.2610261,176.9744400668,1779989012.2610261,0.
1779989012.361026,176.9744400668,1779989012.361026,0.
1779989012.461026,176.9744400668,1779989012.461026,0.
1779989012.561026,176.9744400668,1779989012.561026,0.
1779989012.661026,176.9744400668,1779989012.661026,0.
1779989012.7610261,176.9744400668,1779989012.7610261,0.
1779989012.861026,176.9744400668,1779989012.861026,0.
1779989012.961026,176.9744400668,1779989012.961026,0.
1779989013.061026,176.9744400668,1779989013.061026,0.
1779989013.161026,176.9744400668,1779989013.161026,0.
1779989013.2610261,176.9744400668,1779989013.2610261,0.
1779989013.361026,176.9744400668,1779989013.361026,0.
1779989013.461026,176.9744400668,1779989013.461026,0.
1779989013.561026,176.9744400668,1779989013.561026,0.
1779989013.661026,176.9744400668,1779989013.661026,0.
1779989013.7610261,176.9744400668,1779989013.7610261,0.
1779989013.861026,176.9744400668,1779989013.861026,0.
1779989013.961026,176.9744400668,1779989013.961026,0.
1779989014.061026,176.9744400668,1779989014.061026,0.
1779989014.161026,176.9744400668,1779989014.161026,0.
1779989014.2610261,176.9744400668,1779989014.2610261,0.
1779989014.361026,176.9744400668,1779989014.361026,0.
1779989014.461026,176.9744400668,1779989014.461026,0.
1779989014.561026,176.9744400668,1779989014.561026,0.
1779989014.661026,176.9744400668,1779989014.661026,0.
1779989014.7610261,176.9744400668,1779989014.7610261,0.
1779989014.861026,176.9744400668,1779989014.861026,0.
1779989014.961026,176.9744400668,1779989014.961026,0.
1779989015.061026,176.9744400668,1779989015.061026,0.
1779989015.161026,176.9744400668,1779989015.161026,0.
1779989015.2610261,176.9744400668,1779989015.2610261,0.
1779989015.361026,176.9744400668,1779989015.361026,0.
1779989015.461026,176.9744400668,1779989015.461026,0.
1779989015.561026,176.9744400668,1779989015.561026,0.
1779989015.661026,176.9744400668,1779989015.661026,0.
1779989015.7610261,176.9744400668,1779989015.7610261,0.
1779989015.861026,176.9744400668,1779989015.861026,0.
1779989015.961026,176.9744400668,1779989015.961026,0.
1779989016.061026,176.9744400668,1779989016.061026,0.
1779989016.161026,176.9744400668,1779989016.161026,0.
1779989016.2610261,176.9744400668,1779989016.2610261,0.
1779989016.361026,176.9744400668,1779989016.361026,0.
1779989016.461026,176.9744400668,1779989016.461026,0.
1779989016.561026,176.9744400668,1779989016.561026,0.
1779989016.661026,176.9744400668,1779989016.661026,0.
1779989016.7610261,176.9744400668,1779989016.7610261,0.
1779989016.861026,176.9744400668,1779989016.861026,0.
1779989016.961026,176.9744400668,1779989016.961026,0.
1779989017.061026,176.9744400668,1779989017.061026,0.
1779989017.161026,176.9744400668,1779989017.161026,0.
1779989017.2610261,176.9744400668,1779989017.2610261,0.
1779989017.361026,176.9744400668,1779989017.361026,0.
1779989017.461026,176.9744400668,1779989017.461026,0.
1779989017.561026,176.9744400668,1779989017.561026,0.
1779989017.661026,176.9744400668,1779989017.661026,0.
1779989017.7610261,176.9744400668,1779989017.7610261,0.
1779989017.861026,176.9744400668,1779989017.861026,0.
1779989017.961026,176.9744400668,1779989017.961026,0.
1779989018.061026,176.9744400668,1779989018.061026,0.
1779989018.161026,176.9744400668,1779989018.161026,0.
1779989018.2610261,176.9744400668,1779989018.2610261,0.
1779989018.361026,176.9744400668,1779989018.361026,0.
1779989018.461026,176.9744400668,1779989018.461026,0.
1779989018.561026,176.9744400668,1779989018.561026,0.
1779989018.661026,176.9744400668,1779989018.661026,0.
1779989018.7610261,176.9744400668,1779989018.7610261,0.
1779989018.861026,176.9744400668,1779989018.861026,0.
1779989018.961026,176.9744400668,1779989018.961026,0.
1779989019.061026,176.9744400668,1779989019.061026,0.
1779989019.161026,176.9744400668,1779989019.161026,0.
1779989019.2610261,176.9744400668,1779989019.2610261,0.
1779989019.361026,176.9744400668,1779989019.361026,0.
1779989019.461026,176.9744400668,1779989019.461026,0.
1779989019.561026,176.9744400668,1779989019.561026,0.
1779989019.661026,176.9744400668,1779989019.661026,0.
1779989019.7610261,176.9744400668,1779989019.7610261,0.
1779989019.861026,176.9744400668,1779989019.861026,0.
1779989019.961026,176.9744400668,1779989019.961026,0.
1779989020.061026,176.9744400668,1779989020.061026,0.
1779989020.161026,176.9744400668,1779989020.161026,0.
1779989020.2610261,176.9744400668,1779989020.2610261,0.
1779989020.361026,176.9744400668,1779989020.361026,0.
1779989020.461026,176.9744400668,1779989020.461026,0.
1779989020.561026,176.9744400668,1779989020.561026,0.
1779989020.661026,176.9744400668,1779989020.661026,0.
1779989020.7610261,176.9744400668,1779989020.7610261,0.
1779989020.861026,176.9744400668,1779989020.861026,0.
1779989020.961026,176.9744400668,1779989020.961026,0.
1779989021.061026,176.9744400668,1779989021.061026,0.
1779989021.161026,176.9744400668,1779989021.161026,0.
1779989021.2610261,176.9744400668,1779989021.2610261,0.
1779989021.361026,176.9744400668,1779989021.361026,0.
1779989021.461026,176.9744400668,1779989021.461026,0.
1779989021.561026,176.9744400668,1779989021.561026,0.
1779989021.661026,176.9744400668,1779989021.661026,0.
1779989021.7610261,176.9744400668,1779989021.7610261,0.
1779989021.861026,176.9744400668,1779989021.861026,0.
1779989021.961026,176.9744400668,1779989021.961026,0.
1779989022.061026,176.9744400668,1779989022.061026,0.
1779989022.161026,176.9744400668,1779989022.161026,0.
1779989022.2610261,176.9744400668,1779989022.2610261,0.
1779989022.361026,176.9744400668,1779989022.361026,0.
1779989022.461026,176.9744400668,1779989022.461026,0.
1779989022.561026,176.9744400668,1779989022.561026,0.
1779989022.661026,176.9744400668,1779989022.661026,0.
1779989022.7610261,176.9744400668,1779989022.7610261,0.
1779989022.861026,176.9744400668,1779989022.861026,0.
1779989022.961026,176.9744400668,1779989022.961026,0.
1779989023.061026,176.9744400668,1779989023.061026,0.
1779989023.161026,176.9744400668,1779989023.161026,0.
1779989023.2610261,176.9744400668,1779989023.2610261,0.
1779989023.361026,176.9744400668,1779989023.361026,0.
1779989023.461026,176.9744400668,1779989023.461026,0.
1779989023.561026,176.9744400668,1779989023.561026,0.
1779989023.661026,176.9744400668,1779989023.661026,0.
1779989023.7610261,176.9744400668,1779989023.7610261,0.
1779989023.861026,176.9744400668,1779989023.861026,0.
1779989023.961026,176.9744400668,1779989023.961026,0.
1779989024.061026,176.9744400668,1779989024.061026,0.
1779989024.161026,176.9744400668,1779989024.161026,0.
1779989024.2610261,176.9744400668,1779989024.2610261,0.
1779989024.361026,176.9744400668,1779989024.361026,0.
1779989024.461026,176.9744400668,1779989024.461026,0.
1779989024.561026,176.9744400668,1779989024.561026,0.
1779989024.661026,176.9744400668,1779989024.661026,0.
1779989024.7610261,176.9744400668,1779989024.7610261,0.
1779989024.861026,176.9744400668,1779989024.861026,0.
1779989024.961026,176.9744400668,1779989024.961026,0.
1779989025.061026,176.9744400668,1779989025.061026,0.
1779989025.161026,176.9744400668,1779989025.161026,0.
1779989025.2610261,176.9744400668,1779989025.2610261,0.
1779989025.361026,176.9744400668,1779989025.361026,0.
1779989025.461026,176.9744400668,1779989025.461026,0.
1779989025.561026,176.9744400668,1779989025.561026,0.
1779989025.661026,176.9744400668,1779989025.661026,0.
1779989025.7610261,176.9744400668,1779989025.7610261,0.
1779989025.861026,176.9744400668,1779989025.861026,0.
1779989025.961026,176.9744400668,1779989025.961026,0.
1779989026.061026,176.9744400668,1779989026.061026,0.
1779989026.161026,176.9744400668,1779989026.161026,0.
1779989026.2610261,176.9744400668,1779989026.2610261,0.
1779989026.361026,176.9744400668,1779989026.361026,0.
1779989026.461026,176.9744400668,1779989026.461026,0.
1779989026.561026,176.9744400668,1779989026.561026,0.
1779989026.661026,176.9744400668,1779989026.661026,0.
1779989026.7610261,176.9744400668,1779989026.7610261,0.
1779989026.861026,176.9744400668,1779989026.861026,0.
1779989026.961026,176.9744400668,1779989026.961026,0.
1779989027.061026,176.9744400668,1779989027.061026,0.
1779989027.161026,176.9744400668,1779989027.161026,0.
1779989027.2610261,176.9744400668,1779989027.2610261,0.
1779989027.361026,176.9744400668,1779989027.361026,0.
1779989027.461026,176.9744400668,1779989027.461026,0.
1779989027.561026,176.9744400668,1779989027.561026,0.
1779989027.661026,176.9744400668,1779989027.661026,0.
1779989027.7610261,176.9744400668,1779989027.7610261,0.
1779989027.861026,176.9744400668,1779989027.861026,0.
1779989027.961026,176.9744400668,1779989027.961026,0.
1779989028.061026,176.9744400668,1779989028.061026,0.
1779989028.161026,176.9744400668,1779989028.161026,0.
1779989028.2610261,176.9744400668,1779989028.2610261,0.
1779989028.361026,176.9744400668,1779989028.361026,0.
1779989028.461026,176.9744400668,1779989028.461026,0.
1779989028.561026,176.9744400668,1779989028.561026,0.
1779989028.661026,176.9744400668,1779989028.661026,0.
1779989028.7610261,176.9744400668,1779989028.7610261,0.
1779989028.861026,176.9744400668,1779989028.861026,0.
1779989028.961026,176.9744400668,1779989028.961026,0.
1779989029.061026,176.9744400668,1779989029.061026,0.
1779989029.161026,176.9744400668,1779989029.161026,0.
1779989029.2610261,176.9744400668,1779989029.2610261,0.
1779989029.361026,176.9744400668,1779989029.361026,0.
1779989029.461026,176.9744400668,1779989029.461026,0.
1779989029.561026,176.9744400668,1779989029.561026,0.
1779989029.661026,176.9744400668,1779989029.661026,0.
1779989029.7610261,176.9744400668,1779989029.7610261,0.
1779989029.861026,176.9744400668,1779989029.861026,0.
1779989029.961026,176.9744400668,1779989029.961026,0.
1779989030.061026,176.9744400668,1779989030.061026,0.
1779989030.161026,176.9744400668,1779989030.161026,0.
1779989030.2610261,176.9744400668,1779989030.2610261,0.
1779989030.361026,176.9744400668,1779989030.361026,0.
1779989030.461026,176.9744400668,1779989030.461026,0.
1779989030.561026,176.9744400668,1779989030.561026,0.
1779989030.661026,176.9744400668,1779989030.661026,0.
1779989030.7610261,176.9744400668,1779989030.7610261,0.
1779989030.861026,176.9744400668,1779989030.861026,0.
1779989030.961026,176.9744400668,1779989030.961026,0.
1779989031.061026,176.9744400668,1779989031.061026,0.
1779989031.161026,176.9744400668,1779989031.161026,0.
1779989031.2610261,176.9744400668,1779989031.2610261,0.
1779989031.361026,176.9744400668,1779989031.361026,0.
1779989031.461026,176.9744400668,1779989031.461026,0.
1779989031.561026,176.9744400668,1779989031.561026,0.
1779989031.661026,176.9744400668,1779989031.661026,0.
1779989031.7610261,176.9744400668,1779989031.7610261,0.
1779989031.861026,176.9744400668,1779989031.861026,0.
1779989031.961026,176.9744400668,1779989031.961026,0.
1779989032.061026,176.9744400668,1779989032.061026,0.
1779989032.161026,176.9744400668,1779989032.161026,0.
1779989032.2610261,176.9744400668,1779989032.2610261,0.
1779989032.361026,176.9744400668,1779989032.361026,0.
1779989032.461026,176.9744400668,1779989032.461026,0.
1779989032.561026,176.9744400668,1779989032.561026,0.
1779989032.661026,176.9744400668,1779989032.661026,0.
1779989032.7610261,176.9744400668,1779989032.7610261,0.
1779989032.861026,176.9744400668,1779989032.861026,0.
1779989032.961026,176.9744400668,1779989032.961026,0.
1779989033.061026,176.9744400668,1779989033.061026,0.
1779989033.161026,176.9744400668,1779989033.161026,0.
1779989033.2610261,176.9744400668,1779989033.2610261,0.
1779989033.361026,176.9744400668,1779989033.361026,0.
1779989033.461026,176.9744400668,1779989033.461026,0.
1779989033.561026,176.9744400668,1779989033.561026,0.
1779989033.661026,176.9744400668,1779989033.661026,0.
1779989033.7610261,176.9744400668,1779989033.7610261,0.
1779989033.861026,176.9744400668,1779989033.861026,0.
1779989033.961026,176.9744400668,1779989033.961026,0.
1779989034.061026,176.9744400668,1779989034.061026,0.
1779989034.161026,176.9744400668,1779989034.161026,0.
1779989034.2610261,176.9744400668,1779989034.2610261,0.
1779989034.361026,176.9744400668,1779989034.361026,0.
1779989034.461026,176.9744400668,1779989034.461026,0.
1779989034.561026,176.9744400668,1779989034.561026,0.
1779989034.661026,176.9744400668,1779989034.661026,0.
1779989034.7610261,176.9744400668,1779989034.7610261,0.
1779989034.861026,176.9744400668,1779989034.861026,0.
1779989034.961026,176.9744400668,1779989034.961026,0.
1779989035.061026,176.9744400668,1779989035.061026,0.
1779989035.161026,176.9744400668,1779989035.161026,0.
1779989035.2610261,176.9744400668,1779989035.2610261,0.
1779989035.361026,176.9744400668,1779989035.361026,0.
1779989035.461026,176.9744400668,1779989035.461026,0.
1779989035.561026,176.9744400668,1779989035.561026,0.
1779989035.661026,176.9744400668,1779989035.661026,0.
1779989035.7610261,176.9744400668,1779989035.7610261,0.
1779989035.861026,176.9744400668,1779989035.861026,0.
1779989035.961026,176.9744400668,1779989035.961026,0.
1779989036.061026,176.9744400668,1779989036.061026,0.
1779989036.161026,176.9744400668,1779989036.161026,0.
1779989036.2610261,176.9744400668,1779989036.2610261,0.
1779989036.361026,176.9744400668,1779989036.361026,0.
1779989036.461026,176.9744400668,1779989036.461026,0.
1779989036.561026,176.9744400668,1779989036.561026,0.
1779989036.661026,176.9744400668,1779989036.661026,0.
1779989036.7610261,176.9744400668,1779989036.7610261,0.
1779989036.861026,176.9744400668,1779989036.861026,0.
1779989036.961026,176.9744400668,1779989036.961026,0.
1779989037.061026,176.9744400668,1779989037.061026,0.
1779989037.161026,176.9744400668,1779989037.161026,0.
1779989037.2610261,176.9744400668,1779989037.2610261,0.
1779989037.361026,176.9744400668,1779989037.361026,0.
1779989037.461026,176.9744400668,1779989037.461026,0.
1779989037.561026,176.9744400668,1779989037.561026,0.
1779989037.661026,176.9744400668,1779989037.661026,0.
1779989037.7610261,176.9744400668,1779989037.7610261,0.
1779989037.861026,176.9744400668,1779989037.861026,0.
1779989037.961026,176.9744400668,1779989037.961026,0.
1779989038.061026,176.9744400668,1779989038.061026,0.
1779989038.161026,176.9744400668,1779989038.161026,0.
1779989038.2610261,176.9744400668,1779989038.2610261,0.
1779989038.361026,176.9744400668,1779989038.361026,0.
1779989038.461026,176.9744400668,1779989038.461026,0.
1779989038.561026,176.9744400668,1779989038.561026,0.
1779989038.661026,176.9744400668,1779989038.661026,0.
1779989038.7610261,176.9744400668,1779989038.7610261,0.
1779989038.861026,176.9744400668,1779989038.861026,0.
1779989038.961026,176.9744400668,1779989038.961026,0.
1779989039.061026,176.9744400668,1779989039.061026,0.
1779989039.161026,176.9744400668,1779989039.161026,0.
1779989039.2610261,176.9744400668,1779989039.2610261,0.
1779989039.361026,176.9744400668,1779989039.361026,0.
1779989039.461026,176.9744400668,1779989039.461026,0.
1779989039.561026,176.9744400668,1779989039.561026,0.
1779989039.661026,176.9744400668,1779989039.661026,0.
1779989039.7610261,176.9744400668,1779989039.7610261,0.
1779989039.861026,176.9744400668,1779989039.861026,0.
1779989039.961026,176.9744400668,1779989039.961026,0.
1779989040.061026,176.9744400668,1779989040.061026,0.
1779989040.161026,176.9744400668,1779989040.161026,0.
1779989040.2610261,176.9744400668,1779989040.2610261,0.
1779989040.361026,176.9744400668,1779989040.361026,0.
1779989040.461026,176.9744400668,1779989040.461026,0.
1779989040.561026,176.9744400668,1779989040.561026,0.
1779989040.661026,176.9744400668,1779989040.661026,0.
1779989040.7610261,176.9744400668,1779989040.7610261,0.
1779989040.861026,176.9744400668,1779989040.861026,0.
1779989040.961026,176.9744400668,1779989040.961026,0.
1779989041.061026,176.9744400668,1779989041.061026,0.
1779989041.161026,176.9744400668,1779989041.161026,0.
1779989041.2610261,176.9744400668,1779989041.2610261,0.
1779989041.361026,176.9744400668,1779989041.361026,0.
1779989041.461026,176.9744400668,1779989041.461026,0.
1779989041.561026,176.9744400668,1779989041.561026,0.
1779989041.661026,176.9744400668,1779989041.661026,0.
1779989041.7610261,176.9744400668,1779989041.7610261,0.
1779989041.861026,176.9744400668,1779989041.861026,0.
1779989041.961026,176.9744400668,1779989041.961026,0.
1779989042.061026,176.9744400668,1779989042.061026,0.
1779989042.161026,176.9744400668,1779989042.161026,0.
1779989042.2610261,176.9744400668,1779989042.2610261,0.
1779989042.361026,176.9744400668,1779989042.361026,0.
1779989042.461026,176.9744400668,1779989042.461026,0.
1779989042.561026,176.9744400668,1779989042.561026,0.
1779989042.661026,176.9744400668,1779989042.661026,0.
1779989042.7610261,176.9744400668,1779989042.7610261,0.
1779989042.861026,176.9744400668,1779989042.861026,0.
1779989042.961026,176.9744400668,1779989042.961026,0.
1779989043.061026,176.9744400668,1779989043.061026,0.
1779989043.161026,176.9744400668,1779989043.161026,0.
1779989043.2610261,176.9744400668,1779989043.2610261,0.
1779989043.361026,176.9744400668,1779989043.361026,0.
1779989043.461026,176.9744400668,1779989043.461026,0.
1779989043.561026,176.9744400668,1779989043.561026,0.
1779989043.661026,176.9744400668,1779989043.661026,0.
1779989043.7610261,176.9744400668,1779989043.7610261,0.
1779989043.861026,176.9744400668,1779989043.861026,0.
1779989043.961026,176.9744400668,1779989043.961026,0.
1779989044.061026,176.9744400668,1779989044.061026,0.
1779989044.161026,176.9744400668,1779989044.161026,0.
1779989044.2610261,176.9744400668,1779989044.2610261,0.
1779989044.361026,176.9744400668,1779989044.361026,0.
1779989044.461026,176.9744400668,1779989044.461026,0.
1779989044.561026,176.9744400668,1779989044.561026,0.
1779989044.661026,176.9744400668,1779989044.661026,0.
1779989044.7610261,176.9744400668,1779989044.7610261,0.
1779989044.861026,176.9744400668,1779989044.861026,0.
1779989044.961026,176.9744400668,1779989044.961026,0.
1779989045.061026,176.9744400668,1779989045.061026,0.
1779989045.161026,176.9744400668,1779989045.161026,0.
1779989045.2610261,176.9744400668,1779989045.2610261,0.
1779989045.361026,176.9744400668,1779989045.361026,0.
1779989045.461026,176.9744400668,1779989045.461026,0.
1779989045.561026,176.9744400668,1779989045.561026,0.
1779989045.661026,176.9744400668,1779989045.661026,0.
1779989045.7610261,176.9744400668,1779989045.7610261,0.
1779989045.861026,176.9744400668,1779989045.861026,0.
1779989045.961026,176.9744400668,1779989045.961026,0.
1779989046.061026,176.9744400668,1779989046.061026,0.
1779989046.161026,176.9744400668,1779989046.161026,0.
1779989046.2610261,176.9744400668,1779989046.2610261,0.
1779989046.361026,176.9744400668,1779989046.361026,0.
1779989046.461026,176.9744400668,1779989046.461026,0.
1779989046.561026,176.9744400668,1779989046.561026,0.
1779989046.661026,176.9744400668,1779989046.661026,0.
1779989046.7610261,176.9744400668,1779989046.7610261,0.
1779989046.861026,176.9744400668,1779989046.861026,0.
1779989046.961026,176.9744400668,1779989046.961026,0.
1779989047.061026,176.9744400668,1779989047.061026,0.
1779989047.161026,176.9744400668,1779989047.161026,0.
1779989047.2610261,176.9744400668,1779989047.2610261,0.
1779989047.361026,176.9744400668,1779989047.361026,0.
1779989047.461026,176.9744400668,1779989047.461026,0.
1779989047.561026,176.9744400668,1779989047.561026,0.
1779989047.661026,176.9744400668,1779989047.661026,0.
1779989047.7610261,176.9744400668,1779989047.7610261,0.
1779989047.861026,176.9744400668,1779989047.861026,0.
1779989047.961026,176.9744400668,1779989047.961026,0.
1779989048.061026,176.9744400668,1779989048.061026,0.
1779989048.161026,176.9744400668,1779989048.161026,0.
1779989048.2610261,176.9744400668,1779989048.2610261,0.
1779989048.361026,176.9744400668,1779989048.361026,0.
1779989048.461026,176.9744400668,1779989048.461026,0.
1779989048.561026,176.9744400668,1779989048.561026,0.
1779989048.661026,176.9744400668,1779989048.661026,0.
1779989048.7610261,176.9744400668,1779989048.7610261,0.
1779989048.861026,176.9744400668,1779989048.861026,0.
1779989048.961026,176.9744400668,1779989048.961026,0.
1779989049.061026,176.9744400668,1779989049.061026,0.
1779989049.161026,176.9744400668,1779989049.161026,0.
1779989049.2610261,176.9744400668,1779989049.2610261,0.
1779989049.361026,176.9744400668,1779989049.361026,0.
1779989049.461026,176.9744400668,1779989049.461026,0.
1779989049.561026,176.9744400668,1779989049.561026,0.
1779989049.661026,176.9744400668,1779989049.661026,0.
1779989049.7610261,176.9744400668,1779989049.7610261,0.
1779989049.861026,176.9744400668,1779989049.861026,0.
1779989049.961026,176.9744400668,1779989049.961026,0.
1779989050.061026,176.9744400668,1779989050.061026,0.
1779989050.161026,176.9744400668,1779989050.161026,0.
1779989050.2610261,176.9744400668,1779989050.2610261,0.
1779989050.361026,176.9744400668,1779989050.361026,0.
1779989050.461026,176.9744400668,1779989050.461026,0.
1779989050.561026,176.9744400668,1779989050.561026,0.
1779989050.661026,176.9744400668,1779989050.661026,0.
1779989050.7610261,176.9744400668,1779989050.7610261,0.
1779989050.861026,176.9744400668,1779989050.861026,0.
1779989050.961026,176.9744400668,1779989050.961026,0.
1779989051.061026,176.9744400668,1779989051.061026,0.
1779989051.161026,176.9744400668,1779989051.161026,0.
1779989051.2610261,176.9744400668,1779989051.2610261,0.
1779989051.361026,176.9744400668,1779989051.361026,0.
1779989051.461026,176.9744400668,1779989051.461026,0.
1779989051.561026,176.9744400668,1779989051.561026,0.
1779989051.661026,176.9744400668,1779989051.661026,0.
1779989051.7610261,176.9744400668,1779989051.7610261,0.
1779989051.861026,176.9744400668,1779989051.861026,0.
1779989051.961026,176.9744400668,1779989051.961026,0.
1779989052.061026,176.9744400668,1779989052.061026,0.
1779989052.161026,176.9744400668,1779989052.161026,0.
1779989052.2610261,176.9744400668,1779989052.2610261,0.
1779989052.361026,176.9744400668,1779989052.361026,0.
1779989052.461026,0.,1779989052.461026,200.
1779989052.561026,0.,1779989052.561026,200.
1779989052.661026,0.,1779989052.661026,200.
1779989052.7610261,0.,1779989052.7610261,200.
1779989052.861026,0.,1779989052.861026,200.
1779989052.961026,0.,1779989052.961026,200.
1779989053.061026,0.,1779989053.061026,200.
1779989053.161026,0.,1779989053.161026,200.
1779989053.2610261,0.,1779989053.2610261,200.
1779989053.361026,0.,1779989053.361026,200.
1779989053.461026,0.,1779989053.461026,200.
1779989053.561026,0.,1779989053.561026,200.
1779989053.661026,0.,1779989053.661026,200.
1779989053.7610261,0.,1779989053.7610261,200.
1779989053.861026,0.,1779989053.861026,200.
1779989053.961026,0.,1779989053.961026,200.
1779989054.061026,0.,1779989054.061026,200.
1779989054.161026,0.,1779989054.161026,200.
1779989054.2610261,0.,1779989054.2610261,200.
1779989054.361026,0.,1779989054.361026,200.
1779989054.461026,0.,1779989054.461026,200.
1779989054.561026,0.,1779989054.561026,200.
1779989054.661026,0.,1779989054.661026,200.
1779989054.7610261,0.,1779989054.7610261,200.
1779989054.861026,0.,1779989054.861026,200.
1779989054.961026,0.,1779989054.961026,200.
1779989055.061026,0.,1779989055.061026,200.
1779989055.161026,0.,1779989055.161026,200.
1779989055.2610261,0.,1779989055.2610261,200.
1779989055.361026,0.,1779989055.361026,200.
1779989055.461026,0.,1779989055.461026,200.
1779989055.561026,0.,1779989055.561026,200.
1779989055.661026,0.,1779989055.661026,200.
1779989055.7610261,0.,1779989055.7610261,200.
1779989055.861026,0.,1779989055.861026,200.
1779989055.961026,0.,1779989055.961026,200.
1779989056.061026,0.,1779989056.061026,200.
1779989056.161026,0.,1779989056.161026,200.
1779989056.2610261,0.,1779989056.2610261,200.
1779989056.361026,0.,1779989056.361026,200.
1779989056.461026,0.,1779989056.461026,200.
1779989056.561026,0.,1779989056.561026,200.
1779989056.661026,0.,1779989056.661026,200.
1779989056.7610261,0.,1779989056.7610261,200.
1779989056.861026,0.,1779989056.861026,200.
1779989056.961026,0.,1779989056.961026,200.
1779989057.061026,0.,1779989057.061026,200.
1779989057.161026,0.,1779989057.161026,200.
1779989057.2610261,0.,1779989057.2610261,200.
1779989057.361026,0.,1779989057.361026,200.
1779989057.461026,0.,1779989057.461026,200.
1779989057.561026,0.,1779989057.561026,200.
1779989057.661026,0.,1779989057.661026,200.
1779989057.7610261,0.,1779989057.7610261,200.
1779989057.861026,0.,1779989057.861026,200.
1779989057.961026,0.,1779989057.961026,200.
1779989058.061026,0.,1779989058.061026,200.
1779989058.161026,0.,1779989058.161026,200.
1779989058.2610261,0.,1779989058.2610261,200.
1779989058.361026,0.,1779989058.361026,200.
1779989058.461026,0.,1779989058.461026,200.
1779989058.561026,0.,1779989058.561026,200.
1779989058.661026,0.,1779989058.661026,200.
1779989058.7610261,0.,1779989058.7610261,200.
1779989058.861026,0.,1779989058.861026,200.
1779989058.961026,0.,1779989058.961026,200.
1779989059.061026,0.,1779989059.061026,200.
1779989059.161026,0.,1779989059.161026,200.
1779989059.2610261,0.,1779989059.2610261,200.
1779989059.361026,0.,1779989059.361026,200.
1779989059.461026,0.,1779989059.461026,200.
1779989059.561026,0.,1779989059.561026,200.
1779989059.661026,0.,1779989059.661026,200.
1779989059.7610261,0.,1779989059.7610261,200.
1779989059.861026,0.,1779989059.861026,200.
1779989059.961026,0.,1779989059.961026,200.
1779989060.061026,0.,1779989060.061026,200.
1779989060.161026,0.,1779989060.161026,200.
1779989060.2610261,0.,1779989060.2610261,200.
1779989060.361026,0.,1779989060.361026,200.
1779989060.461026,0.,1779989060.461026,200.
1779989060.561026,0.,1779989060.561026,200.
1779989060.661026,0.,1779989060.661026,200.
1779989060.7610261,0.,1779989060.7610261,200.
1779989060.861026,0.,1779989060.861026,200.
1779989060.961026,0.,1779989060.961026,200.
1779989061.061026,0.,1779989061.061026,200.
1779989061.161026,0.,1779989061.161026,200.
1779989061.2610261,0.,1779989061.2610261,200.
1779989061.361026,0.,1779989061.361026,200.
1779989061.461026,0.,1779989061.461026,200.
1779989061.561026,0.,1779989061.561026,200.
1779989061.661026,0.,1779989061.661026,200.
1779989061.7610261,0.,1779989061.7610261,200.
1779989061.861026,0.,1779989061.861026,200.
1779989061.961026,0.,1779989061.961026,200.
1779989062.061026,0.,1779989062.061026,200.
1779989062.161026,0.,1779989062.161026,200.
1779989062.2610261,0.,1779989062.2610261,200.
1779989062.361026,0.,1779989062.361026,200.
1779989062.461026,0.,1779989062.461026,200.
1779989062.561026,0.,1779989062.561026,200.
1779989062.661026,0.,1779989062.661026,200.
1779989062.7610261,0.,1779989062.7610261,200.
1779989062.861026,0.,1779989062.861026,200.
1779989062.961026,0.,1779989062.961026,200.
1779989063.061026,0.,1779989063.061026,200.
1779989063.161026,0.,1779989063.161026,200.
1779989063.2610261,0.,1779989063.2610261,200.
1779989063.361026,0.,1779989063.361026,200.
1779989063.461026,0.,1779989063.461026,200.
1779989063.561026,0.,1779989063.561026,200.
1779989063.661026,0.,1779989063.661026,200.
1779989063.7610261,0.,1779989063.7610261,200.
1779989063.861026,0.,1779989063.861026,200.
1779989063.961026,0.,1779989063.961026,200.
1779989064.061026,0.,1779989064.061026,200.
1779989064.161026,0.,1779989064.161026,200.
1779989064.2610261,0.,1779989064.2610261,200.
1779989064.361026,0.,1779989064.361026,200.
1779989064.461026,0.,1779989064.461026,200.
1779989064.561026,0.,1779989064.561026,200.
1779989064.661026,0.,1779989064.661026,200.
1779989064.7610261,0.,1779989064.7610261,200.
1779989064.861026,0.,1779989064.861026,200.
1779989064.961026,0.,1779989064.961026,200.
1779989065.061026,0.,1779989065.061026,200.
1779989065.161026,0.,1779989065.161026,200.
1779989065.2610261,0.,1779989065.2610261,200.
1779989065.361026,0.,1779989065.361026,200.
1779989065.461026,0.,1779989065.461026,200.
1779989065.561026,0.,1779989065.561026,200.
1779989065.661026,0.,1779989065.661026,200.
1779989065.7610261,0.,1779989065.7610261,200.
1779989065.861026,0.,1779989065.861026,200.
1779989065.961026,0.,1779989065.961026,200.
1779989066.061026,0.,1779989066.061026,200.
1779989066.161026,0.,1779989066.161026,200.
1779989066.2610261,0.,1779989066.2610261,200.
1779989066.361026,0.,1779989066.361026,200.
1779989066.461026,0.,1779989066.461026,200.
1779989066.561026,0.,1779989066.561026,200.
1779989066.661026,0.,1779989066.661026,200.
1779989066.7610261,0.,1779989066.7610261,200.
1779989066.861026,0.,1779989066.861026,200.
1779989066.961026,0.,1779989066.961026,200.
1779989067.061026,0.,1779989067.061026,200.
1779989067.161026,0.,1779989067.161026,200.
1779989067.2610261,0.,1779989067.2610261,200.
1779989067.361026,0.,1779989067.361026,200.
1779989067.461026,0.,1779989067.461026,200.
1779989067.561026,0.,1779989067.561026,200.
1779989067.661026,0.,1779989067.661026,200.
1779989067.7610261,0.,1779989067.7610261,200.
1779989067.861026,0.,1779989067.861026,200.
1779989067.961026,0.,1779989067.961026,200.
1779989068.061026,0.,1779989068.061026,200.
1779989068.161026,0.,1779989068.161026,200.
1779989068.2610261,0.,1779989068.2610261,200.
1779989068.361026,0.,1779989068.361026,200.
1779989068.461026,0.,1779989068.461026,200.
1779989068.561026,0.,1779989068.561026,200.
1779989068.661026,0.,1779989068.661026,200.
1779989068.7610261,0.,1779989068.7610261,200.
1779989068.861026,0.,1779989068.861026,200.
1779989068.961026,0.,1779989068.961026,200.
1779989069.061026,0.,1779989069.061026,200.
1779989069.161026,0.,1779989069.161026,200.
1779989069.2610261,0.,1779989069.2610261,200.
1779989069.361026,0.,1779989069.361026,200.
1779989069.461026,0.,1779989069.461026,200.
1779989069.561026,0.,1779989069.561026,200.
1779989069.661026,0.,1779989069.661026,200.
1779989069.7610261,0.,1779989069.7610261,200.
1779989069.861026,0.,1779989069.861026,200.
1779989069.961026,0.,1779989069.961026,200.
1779989070.061026,0.,1779989070.061026,200.
1779989070.161026,0.,1779989070.161026,200.
1779989070.2610261,0.,1779989070.2610261,200.
1779989070.361026,0.,1779989070.361026,200.
1779989070.461026,0.,1779989070.461026,200.
1779989070.561026,0.,1779989070.561026,200.
1779989070.661026,0.,1779989070.661026,200.
1779989070.7610261,0.,1779989070.7610261,200.
1779989070.861026,0.,1779989070.861026,200.
1779989070.961026,0.,1779989070.961026,200.
1779989071.061026,0.,1779989071.061026,200.
1779989071.161026,0.,1779989071.161026,200.
1779989071.2610261,0.,1779989071.2610261,200.
1779989071.361026,0.,1779989071.361026,200.
1779989071.461026,0.,1779989071.461026,200.
1779989071.561026,0.,1779989071.561026,200.
1779989071.661026,0.,1779989071.661026,200.
1779989071.7610261,0.,1779989071.7610261,200.
1779989071.861026,0.,1779989071.861026,200.
1779989071.961026,0.,1779989071.961026,200.
1779989072.061026,0.,1779989072.061026,200.
1779989072.161026,0.,1779989072.161026,200.
1779989072.2610261,0.,1779989072.2610261,200.
1779989072.361026,0.,1779989072.361026,200.
1779989072.461026,0.,1779989072.461026,200.
1779989072.561026,0.,1779989072.561026,200.
1779989072.661026,0.,1779989072.661026,200.
1779989072.7610261,0.,1779989072.7610261,200.
1779989072.861026,0.,1779989072.861026,200.
1779989072.961026,0.,1779989072.961026,200.
1779989073.061026,0.,1779989073.061026,200.
1779989073.161026,0.,1779989073.161026,200.
1779989073.2610261,0.,1779989073.2610261,200.
1779989073.361026,0.,1779989073.361026,200.
1779989073.461026,0.,1779989073.461026,200.
1779989073.561026,0.,1779989073.561026,200.
1779989073.661026,0.,1779989073.661026,200.
1779989073.7610261,0.,1779989073.7610261,200.
1779989073.861026,0.,1779989073.861026,200.
1779989073.961026,0.,1779989073.961026,200.
1779989074.061026,0.,1779989074.061026,200.
1779989074.161026,0.,1779989074.161026,200.
1779989074.2610261,0.,1779989074.2610261,200.
1779989074.361026,0.,1779989074.361026,200.
1779989074.461026,0.,1779989074.461026,200.
1779989074.561026,0.,1779989074.561026,200.
1779989074.661026,0.,1779989074.661026,200.
1779989074.7610261,0.,1779989074.7610261,200.
1779989074.861026,0.,1779989074.861026,200.
1779989074.961026,0.,1779989074.961026,200.
1779989075.061026,0.,1779989075.061026,200.
1779989075.161026,0.,1779989075.161026,200.
1779989075.2610261,0.,1779989075.2610261,200.
1779989075.361026,0.,1779989075.361026,200.
1779989075.461026,0.,1779989075.461026,200.
1779989075.561026,0.,1779989075.561026,200.
1779989075.661026,0.,1779989075.661026,200.
1779989075.7610261,0.,1779989075.7610261,200.
1779989075.861026,0.,1779989075.861026,200.
1779989075.961026,0.,1779989075.961026,200.
1779989076.061026,0.,1779989076.061026,200.
1779989076.161026,0.,1779989076.161026,200.
1779989076.2610261,0.,1779989076.2610261,200.
1779989076.361026,0.,1779989076.361026,200.
1779989076.461026,0.,1779989076.461026,200.
1779989076.561026,0.,1779989076.561026,200.
1779989076.661026,0.,1779989076.661026,200.
1779989076.7610261,0.,1779989076.7610261,200.
1779989076.861026,0.,1779989076.861026,200.
1779989076.961026,0.,1779989076.961026,200.
1779989077.061026,0.,1779989077.061026,200.
1779989077.161026,0.,1779989077.161026,200.
1779989077.2610261,0.,1779989077.2610261,200.
1779989077.361026,0.,1779989077.361026,200.
1779989077.461026,0.,1779989077.461026,200.
1779989077.561026,0.,1779989077.561026,200.
1779989077.661026,0.,1779989077.661026,200.
1779989077.7610261,0.,1779989077.7610261,200.
1779989077.861026,0.,1779989077.861026,200.
1779989077.961026,0.,1779989077.961026,200.
1779989078.061026,0.,1779989078.061026,200.
1779989078.161026,0.,1779989078.161026,200.
1779989078.2610261,0.,1779989078.2610261,200.
1779989078.361026,0.,1779989078.361026,200.
1779989078.461026,0.,1779989078.461026,200.
1779989078.561026,0.,1779989078.561026,200.
1779989078.661026,0.,1779989078.661026,200.
1779989078.7610261,0.,1779989078.7610261,200.
1779989078.861026,0.,1779989078.861026,200.
1779989078.961026,0.,1779989078.961026,200.
1779989079.061026,0.,1779989079.061026,200.
1779989079.161026,0.,1779989079.161026,200.
1779989079.2610261,0.,1779989079.2610261,200.
1779989079.361026,0.,1779989079.361026,200.
1779989079.461026,0.,1779989079.461026,200.
1779989079.561026,0.,1779989079.561026,200.
1779989079.661026,0.,1779989079.661026,200.
1779989079.7610261,0.,1779989079.7610261,200.
1779989079.861026,0.,1779989079.861026,200.
1779989079.961026,0.,1779989079.961026,200.
1779989080.061026,0.,1779989080.061026,200.
1779989080.161026,0.,1779989080.161026,200.
1779989080.2610261,0.,1779989080.2610261,200.
1779989080.361026,0.,1779989080.361026,200.
1779989080.461026,0.,1779989080.461026,200.
1779989080.561026,0.,1779989080.561026,200.
1779989080.661026,0.,1779989080.661026,200.
1779989080.7610261,0.,1779989080.7610261,200.
1779989080.861026,0.,1779989080.861026,200.
1779989080.961026,0.,1779989080.961026,200.
1779989081.061026,0.,1779989081.061026,200.
1779989081.161026,0.,1779989081.161026,200.
1779989081.2610261,0.,1779989081.2610261,200.
1779989081.361026,0.,1779989081.361026,200.
1779989081.461026,0.,1779989081.461026,200.
1779989081.561026,0.,1779989081.561026,200.
1779989081.661026,0.,1779989081.661026,200.
1779989081.7610261,0.,1779989081.7610261,200.
1779989081.861026,0.,1779989081.861026,200.
1779989081.961026,0.,1779989081.961026,200.
1779989082.061026,0.,1779989082.061026,200.
1779989082.161026,0.,1779989082.161026,200.
1779989082.2610261,0.,1779989082.2610261,200.
1779989082.361026,0.,1779989082.361026,200.
1779989082.461026,0.,1779989082.461026,200.
1779989082.561026,0.,1779989082.561026,200.
1779989082.661026,0.,1779989082.661026,200.
1779989082.7610261,0.,1779989082.7610261,200.
1779989082.861026,0.,1779989082.861026,200.
1779989082.961026,0.,1779989082.961026,200.
1779989083.061026,0.,1779989083.061026,200.
1779989083.161026,0.,1779989083.161026,200.
1779989083.2610261,0.,1779989083.2610261,200.
1779989083.361026,0.,1779989083.361026,200.
1779989083.461026,0.,1779989083.461026,200.
1779989083.561026,0.,1779989083.561026,200.
1779989083.661026,0.,1779989083.661026,200.
1779989083.7610261,0.,1779989083.7610261,200.
1779989083.861026,0.,1779989083.861026,200.
1779989083.961026,0.,1779989083.961026,200.
1779989084.061026,0.,1779989084.061026,200.
1779989084.161026,0.,1779989084.161026,200.
1779989084.2610261,0.,1779989084.2610261,200.
1779989084.361026,0.,1779989084.361026,200.
1779989084.461026,0.,1779989084.461026,200.
1779989084.561026,0.,1779989084.561026,200.
1779989084.661026,0.,1779989084.661026,200.
1779989084.7610261,0.,1779989084.7610261,200.
1779989084.861026,0.,1779989084.861026,200.
1779989084.961026,0.,1779989084.961026,200.
1779989085.061026,0.,1779989085.061026,200.
1779989085.161026,0.,1779989085.161026,200.
1779989085.2610261,0.,1779989085.2610261,200.
1779989085.361026,0.,1779989085.361026,200.
1779989085.461026,0.,1779989085.461026,200.
1779989085.561026,0.,1779989085.561026,200.
1779989085.661026,0.,1779989085.661026,200.
1779989085.7610261,0.,1779989085.7610261,200.
1779989085.861026,0.,1779989085.861026,200.
1779989085.961026,0.,1779989085.961026,200.
1779989086.061026,0.,1779989086.061026,200.
1779989086.161026,0.,1779989086.161026,200.
1779989086.2610261,0.,1779989086.2610261,200.
1779989086.361026,0.,1779989086.361026,200.
1779989086.461026,0.,1779989086.461026,200.
1779989086.561026,0.,1779989086.561026,200.
1779989086.661026,0.,1779989086.661026,200.
1779989086.7610261,0.,1779989086.7610261,200.
1779989086.861026,0.,1779989086.861026,200.
1779989086.961026,0.,1779989086.961026,200.
1779989087.061026,0.,1779989087.061026,200.
1779989087.161026,0.,1779989087.161026,200.
1779989087.2610261,0.,1779989087.2610261,200.
1779989087.361026,0.,1779989087.361026,200.
1779989087.461026,0.,1779989087.461026,200.
1779989087.561026,0.,1779989087.561026,200.
1779989087.661026,0.,1779989087.661026,200.
1779989087.7610261,0.,1779989087.7610261,200.
1779989087.861026,0.,1779989087.861026,200.
1779989087.961026,0.,1779989087.961026,200.
1779989088.061026,0.,1779989088.061026,200.
1779989088.161026,0.,1779989088.161026,200.
1779989088.2610261,0.,1779989088.2610261,200.
1779989088.361026,0.,1779989088.361026,200.
1779989088.461026,0.,1779989088.461026,200.
1779989088.561026,0.,1779989088.561026,200.
1779989088.661026,0.,1779989088.661026,200.
1779989088.7610261,0.,1779989088.7610261,200.
1779989088.861026,0.,1779989088.861026,200.
1779989088.961026,0.,1779989088.961026,200.
1779989089.061026,0.,1779989089.061026,200.
1779989089.161026,0.,1779989089.161026,200.
1779989089.2610261,0.,1779989089.2610261,200.
1779989089.361026,0.,1779989089.361026,200.
1779989089.461026,0.,1779989089.461026,200.
1779989089.561026,0.,1779989089.561026,200.
1779989089.661026,0.,1779989089.661026,200.
1779989089.7610261,0.,1779989089.7610261,200.
1779989089.861026,0.,1779989089.861026,200.
1779989089.961026,0.,1779989089.961026,200.
1779989090.061026,0.,1779989090.061026,200.
1779989090.161026,0.,1779989090.161026,200.
1779989090.2610261,0.,1779989090.2610261,200.
1779989090.361026,0.,1779989090.361026,200.
1779989090.461026,0.,1779989090.461026,200.
1779989090.561026,0.,1779989090.561026,200.
1779989090.661026,0.,1779989090.661026,200.
1779989090.7610261,0.,1779989090.7610261,200.
1779989090.861026,0.,1779989090.861026,200.
1779989090.961026,0.,1779989090.961026,200.
1779989091.061026,0.,1779989091.061026,200.
1779989091.161026,0.,1779989091.161026,200.
1779989091.2610261,0.,1779989091.2610261,200.
1779989091.361026,0.,1779989091.361026,200.
1779989091.461026,0.,1779989091.461026,200.
1779989091.561026,0.,1779989091.561026,200.
1779989091.661026,0.,1779989091.661026,200.
1779989091.7610261,0.,1779989091.7610261,200.
1779989091.861026,0.,1779989091.861026,200.
1779989091.961026,0.,1779989091.961026,200.
1779989092.061026,0.,1779989092.061026,200.
1779989092.161026,0.,1779989092.161026,200.
1779989092.2610261,0.,1779989092.2610261,200.
1779989092.361026,0.,1779989092.361026,200.
1779989092.461026,0.,1779989092.461026,200.
1779989092.561026,0.,1779989092.561026,200.
1779989092.661026,0.,1779989092.661026,200.
1779989092.7610261,0.,1779989092.7610261,200.
1779989092.861026,0.,1779989092.861026,200.
1779989092.961026,0.,1779989092.961026,200.
1779989093.061026,0.,1779989093.061026,200.
1779989093.161026,76.7214834143,1779989093.161026,200.
1779989093.2610261,131.9349377178,1779989093.2610261,200.
1779989093.361026,169.1422345694,1779989093.361026,200.
1779989093.461026,178.3472552457,1779989093.461026,200.
1779989093.561026,174.5130333676,1779989093.561026,200.
1779989093.661026,181.0558074,1779989093.661026,200.
1779989093.7610261,167.7659244007,1779989093.7610261,200.
1779989093.861026,185.7208614630,1779989093.861026,200.
1779989093.961026,197.1471443769,1779989093.961026,200.
1779989094.061026,205.2899065758,1779989094.061026,200.
1779989094.161026,216.5376804552,1779989094.161026,200.
1779989094.2610261,183.6996566324,1779989094.2610261,200.
1779989094.361026,203.5581807226,1779989094.361026,200.
1779989094.461026,215.3910338956,1779989094.461026,200.
1779989094.561026,213.4065717043,1779989094.561026,200.
1779989094.661026,187.649138038,1779989094.661026,200.
1779989094.7610261,229.9246826372,1779989094.7610261,200.
1779989094.861026,241.2082477718,1779989094.861026,200.
1779989094.961026,190.9993749303,1779989094.961026,200.
1779989095.061026,188.2122324105,1779989095.061026,200.
1779989095.161026,196.0739826782,1779989095.161026,200.
1779989095.2610261,198.2144695884,1779989095.2610261,200.
1779989095.361026,199.7304607412,1779989095.361026,200.
1779989095.461026,193.5423773107,1779989095.461026,200.
1779989095.561026,183.4200831922,1779989095.561026,200.
1779989095.661026,188.2163388245,1779989095.661026,200.
1779989095.7610261,162.2426671318,1779989095.7610261,200.
1779989095.861026,176.4642011837,1779989095.861026,200.
1779989095.961026,184.0839647748,1779989095.961026,200.
1779989096.061026,179.5653318930,1779989096.061026,200.
1779989096.161026,195.4826715815,1779989096.161026,200.
1779989096.2610261,206.9233456819,1779989096.2610261,200.
1779989096.361026,183.6440729151,1779989096.361026,200.
1779989096.461026,209.4591908852,1779989096.461026,200.
1779989096.561026,225.0361854078,1779989096.561026,200.
1779989096.661026,207.8023417914,1779989096.661026,200.
1779989096.7610261,182.5402368610,1779989096.7610261,200.
1779989096.861026,234.4092853561,1779989096.861026,200.
1779989096.961026,207.4370724961,1779989096.961026,200.
1779989097.061026,201.4854761470,1779989097.061026,200.
1779989097.161026,209.5453145216,1779989097.161026,200.
1779989097.2610261,214.1485742435,1779989097.2610261,200.
1779989097.361026,204.2439882845,1779989097.361026,200.
1779989097.461026,193.7821542402,1779989097.461026,200.
1779989097.561026,194.0880429432,1779989097.561026,200.
1779989097.661026,174.2788847893,1779989097.661026,200.
1779989097.7610261,178.5461846936,1779989097.7610261,200.
1779989097.861026,190.9023917936,1779989097.861026,200.
1779989097.961026,164.2871799735,1779989097.961026,200.
1779989098.061026,177.6412058290,1779989098.061026,200.
1779989098.161026,147.0812592542,1779989098.161026,200.
1779989098.2610261,176.0793583196,1779989098.2610261,200.
1779989098.361026,161.0182989707,1779989098.361026,200.
1779989098.461026,166.8016389644,1779989098.461026,200.
1779989098.561026,182.0351466920,1779989098.561026,200.
1779989098.661026,176.4178242632,1779989098.661026,200.
1779989098.7610261,173.4962948376,1779989098.7610261,200.
1779989098.861026,178.7303433534,1779989098.861026,200.
1779989098.961026,201.5043442858,1779989098.961026,200.
1779989099.061026,179.1607699276,1779989099.061026,200.
1779989099.161026,182.1994522747,1779989099.161026,200.
1779989099.2610261,195.4853092493,1779989099.2610261,200.
1779989099.361026,215.2773344719,1779989099.361026,200.
1779989099.461026,176.9426620070,1779989099.461026,200.
1779989099.561026,198.9133839149,1779989099.561026,200.
1779989099.661026,205.9615454946,1779989099.661026,200.
1779989099.7610261,208.0033672177,1779989099.7610261,200.
1779989099.861026,209.4366158264,1779989099.861026,200.
1779989099.961026,180.9046834116,1779989099.961026,200.
1779989100.061026,197.2668574292,1779989100.061026,200.
1779989100.161026,214.2264897146,1779989100.161026,200.
1779989100.2610261,191.3314791831,1779989100.2610261,200.
1779989100.361026,195.3676666951,1779989100.361026,200.
1779989100.461026,210.0263820164,1779989100.461026,200.
1779989100.561026,176.6900670115,1779989100.561026,200.
1779989100.661026,157.7400830063,1779989100.661026,200.
1779989100.7610261,156.8627030468,1779989100.7610261,200.
1779989100.861026,178.0906752112,1779989100.861026,200.
1779989100.961026,165.2706038878,1779989100.961026,200.
1779989101.061026,173.0547846245,1779989101.061026,200.
1779989101.161026,156.6800762021,1779989101.161026,200.
1779989101.2610261,146.9712435221,1779989101.2610261,200.
1779989101.361026,188.752650829,1779989101.361026,200.
1779989101.461026,191.7194434985,1779989101.461026,200.
1779989101.561026,199.5554548164,1779989101.561026,200.
1779989101.661026,205.8415063289,1779989101.661026,200.
1779989101.7610261,186.8614954344,1779989101.7610261,200.
1779989101.861026,176.6738534406,1779989101.861026,200.
1779989101.961026,203.5388118390,1779989101.961026,200.
1779989102.061026,230.4523858822,1779989102.061026,200.
1779989102.161026,204.0606048318,1779989102.161026,200.
1779989102.2610261,186.2826993322,1779989102.2610261,200.
1779989102.361026,176.3509991735,1779989102.361026,200.
1779989102.461026,178.1245665887,1779989102.461026,200.
1779989102.561026,207.8310467510,1779989102.561026,200.
1779989102.661026,195.9572536785,1779989102.661026,200.
1779989102.7610261,178.2700132920,1779989102.7610261,200.
1779989102.861026,200.8948052819,1779989102.861026,200.
1779989102.961026,175.8049079638,1779989102.961026,200.
1779989103.061026,179.3069556736,1779989103.061026,200.
1779989103.161026,167.1051313908,1779989103.161026,200.
1779989103.2610261,153.1359676860,1779989103.2610261,200.
1779989103.361026,170.5027103467,1779989103.361026,200.
1779989103.461026,170.0055378342,1779989103.461026,200.
1779989103.561026,133.125536741,1779989103.561026,200.
1779989103.661026,169.1707043422,1779989103.661026,200.
1779989103.7610261,212.3376498638,1779989103.7610261,200.
1779989103.861026,187.6282208072,1779989103.861026,200.
1779989103.961026,152.159362111,1779989103.961026,200.
1779989104.061026,176.2557582157,1779989104.061026,200.
1779989104.161026,195.7797242192,1779989104.161026,200.
1779989104.2610261,208.6372562111,1779989104.2610261,200.
1779989104.361026,204.5040071525,1779989104.361026,200.
1779989104.461026,161.7718625592,1779989104.461026,200.
1779989104.561026,166.6464495161,1779989104.561026,200.
1779989104.661026,234.3725687407,1779989104.661026,200.
1779989104.7610261,191.522547105,1779989104.7610261,200.
1779989104.861026,230.1204295655,1779989104.861026,200.
1779989104.961026,196.0009130339,1779989104.961026,200.
1779989105.061026,191.9916821057,1779989105.061026,200.
1779989105.161026,197.6034255252,1779989105.161026,200.
1779989105.2610261,206.1716689173,1779989105.2610261,200.
1779989105.361026,198.6440120714,1779989105.361026,200.
1779989105.461026,182.4258257419,1779989105.461026,200.
1779989105.561026,184.3989191877,1779989105.561026,200.
1779989105.661026,177.7259890975,1779989105.661026,200.
1779989105.7610261,177.9119258965,1779989105.7610261,200.
1779989105.861026,170.8788690204,1779989105.861026,200.
1779989105.961026,186.3599974435,1779989105.961026,200.
1779989106.061026,154.3454530404,1779989106.061026,200.
1779989106.161026,147.7475390439,1779989106.161026,200.
1779989106.2610261,159.4996049716,1779989106.2610261,200.
1779989106.361026,154.6540463947,1779989106.361026,200.
1779989106.461026,179.3122675513,1779989106.461026,200.
1779989106.561026,197.3424629086,1779989106.561026,200.
1779989106.661026,174.1969139145,1779989106.661026,200.
1779989106.7610261,156.8987182313,1779989106.7610261,200.
1779989106.861026,200.7300289513,1779989106.861026,200.
1779989106.961026,179.2664749939,1779989106.961026,200.
1779989107.061026,197.5446888858,1779989107.061026,200.
1779989107.161026,183.0778049082,1779989107.161026,200.
1779989107.2610261,200.1539649845,1779989107.2610261,200.
1779989107.361026,199.7394873412,1779989107.361026,200.
1779989107.461026,223.4433260901,1779989107.461026,200.
1779989107.561026,210.9246510856,1779989107.561026,200.
1779989107.661026,209.4646714266,1779989107.661026,200.
1779989107.7610261,189.0531905487,1779989107.7610261,200.
1779989107.861026,196.6144029564,1779989107.861026,200.
1779989107.961026,209.5814157052,1779989107.961026,200.
1779989108.061026,180.6768160907,1779989108.061026,200.
1779989108.161026,206.3419178852,1779989108.161026,200.
1779989108.2610261,176.0119562734,1779989108.2610261,200.
1779989108.361026,154.7926358689,1779989108.361026,200.
1779989108.461026,172.1705285168,1779989108.461026,200.
1779989108.561026,177.2325253551,1779989108.561026,200.
1779989108.661026,173.1020899981,1779989108.661026,200.
1779989108.7610261,159.8937287723,1779989108.7610261,200.
1779989108.861026,147.6552667528,1779989108.861026,200.
1779989108.961026,162.3819864432,1779989108.961026,200.
1779989109.061026,152.5570545438,1779989109.061026,200.
1779989109.161026,151.981165602,1779989109.161026,200.
1779989109.2610261,149.7071601657,1779989109.2610261,200.
1779989109.361026,179.1778093292,1779989109.361026,200.
1779989109.461026,164.8579239676,1779989109.461026,200.
1779989109.561026,154.1136108396,1779989109.561026,200.
1779989109.661026,177.3579389504,1779989109.661026,200.
1779989109.7610261,205.0850823728,1779989109.7610261,200.
1779989109.861026,180.3155964495,1779989109.861026,200.
1779989109.961026,209.4913138742,1779989109.961026,200.
1779989110.061026,202.1142567174,1779989110.061026,200.
1779989110.161026,183.1616192486,1779989110.161026,200.
1779989110.2610261,215.194802467,1779989110.2610261,200.
1779989110.361026,189.6371620173,1779989110.361026,200.
1779989110.461026,231.139213796,1779989110.461026,200.
1779989110.561026,190.0789581821,1779989110.561026,200.
1779989110.661026,190.3578874472,1779989110.661026,200.
1779989110.7610261,208.3261721193,1779989110.7610261,200.
1779989110.861026,180.8881939548,1779989110.861026,200.
1779989110.961026,185.7534677336,1779989110.961026,200.
1779989111.061026,177.383998921,1779989111.061026,200.
1779989111.161026,194.1197052624,1779989111.161026,200.
1779989111.2610261,181.8920761966,1779989111.2610261,200.
1779989111.361026,158.1951676232,1779989111.361026,200.
1779989111.461026,151.7097471101,1779989111.461026,200.
1779989111.561026,163.6198798747,1779989111.561026,200.
1779989111.661026,148.5630471632,1779989111.661026,200.
1779989111.7610261,169.136471075,1779989111.7610261,200.
1779989111.861026,174.5360050268,1779989111.861026,200.
1779989111.961026,171.6019708523,1779989111.961026,200.
1779989112.061026,185.1269790037,1779989112.061026,200.
1779989112.161026,186.0655906359,1779989112.161026,200.
1779989112.2610261,189.0403570324,1779989112.2610261,200.
1779989112.361026,192.617319752,1779989112.361026,200.
1779989112.461026,206.2148166932,1779989112.461026,200.
1779989112.561026,180.3115718106,1779989112.561026,200.
1779989112.661026,227.6639207732,1779989112.661026,200.
1779989112.7610261,205.0294534247,1779989112.7610261,200.
1779989112.861026,247.2909614324,1779989112.861026,200.
1779989112.961026,184.3153299651,1779989112.961026,200.
1779989113.061026,210.1428721627,1779989113.061026,200.
1779989113.161026,190.7064506096,1779989113.161026,200.
1779989113.2610261,196.4709141197,1779989113.2610261,200.
1779989113.361026,171.1120664296,1779989113.361026,200.
1779989113.461026,201.4098238597,1779989113.461026,200.
1779989113.561026,193.2699008481,1779989113.561026,200.
1779989113.661026,190.4075165041,1779989113.661026,200.
1779989113.7610261,192.6848344555,1779989113.7610261,200.
1779989113.861026,162.9123146844,1779989113.861026,200.
1779989113.961026,175.8169409303,1779989113.961026,200.
1779989114.061026,150.2495739762,1779989114.061026,200.
1779989114.161026,169.6364502889,1779989114.161026,200.
1779989114.2610261,170.4671270493,1779989114.2610261,200.
1779989114.361026,184.4625688100,1779989114.361026,200.
1779989114.461026,171.4442818712,1779989114.461026,200.
1779989114.561026,184.8970574882,1779989114.561026,200.
1779989114.661026,176.2924301724,1779989114.661026,200.
1779989114.7610261,202.8689101573,1779989114.7610261,200.
1779989114.861026,199.7854146443,1779989114.861026,200.
1779989114.961026,192.2961818633,1779989114.961026,200.
1779989115.061026,223.0156803850,1779989115.061026,200.
1779989115.161026,206.2836381806,1779989115.161026,200.
1779989115.2610261,214.560173754,1779989115.2610261,200.
1779989115.361026,213.2121588376,1779989115.361026,200.
1779989115.461026,202.5030009618,1779989115.461026,200.
1779989115.561026,176.7308869687,1779989115.561026,200.
1779989115.661026,207.8346090816,1779989115.661026,200.
1779989115.7610261,178.5502139236,1779989115.7610261,200.
1779989115.861026,201.224463277,1779989115.861026,200.
1779989115.961026,178.4044289482,1779989115.961026,200.
1779989116.061026,169.5719769023,1779989116.061026,200.
1779989116.161026,180.0936420307,1779989116.161026,200.
1779989116.2610261,207.9736217097,1779989116.2610261,200.
1779989116.361026,168.2859248754,1779989116.361026,200.
1779989116.461026,162.7089499779,1779989116.461026,200.
1779989116.561026,151.9595360049,1779989116.561026,200.
1779989116.661026,171.3488911486,1779989116.661026,200.
1779989116.7610261,151.1113021544,1779989116.7610261,200.
1779989116.861026,145.8865835041,1779989116.861026,200.
1779989116.961026,175.3886795725,1779989116.961026,200.
1779989117.061026,167.722315184,1779989117.061026,200.
1779989117.161026,155.6351520937,1779989117.161026,200.
1779989117.2610261,172.154072958,1779989117.2610261,200.
1779989117.361026,203.547900294,1779989117.361026,200.
1779989117.461026,209.5663379153,1779989117.461026,200.
1779989117.561026,172.7599077402,1779989117.561026,200.
1779989117.661026,235.7340669502,1779989117.661026,200.
1779989117.7610261,187.356763414,1779989117.7610261,200.
1779989117.861026,227.2924017407,1779989117.861026,200.
1779989117.961026,251.6732882711,1779989117.961026,200.
1779989118.061026,215.4914496163,1779989118.061026,200.
1779989118.161026,211.1521322496,1779989118.161026,200.
1779989118.2610261,186.1258506256,1779989118.2610261,200.
1779989118.361026,187.8641596409,1779989118.361026,200.
1779989118.461026,222.2520687215,1779989118.461026,200.
1779989118.561026,185.4817753318,1779989118.561026,200.
1779989118.661026,178.1271317213,1779989118.661026,200.
1779989118.7610261,183.1002799453,1779989118.7610261,200.
1779989118.861026,192.6557833681,1779989118.861026,200.
1779989118.961026,199.4145166408,1779989118.961026,200.
1779989119.061026,151.4614624135,1779989119.061026,200.
1779989119.161026,185.6398803758,1779989119.161026,200.
1779989119.2610261,173.1487826938,1779989119.2610261,200.
1779989119.361026,129.6711732428,1779989119.361026,200.
1779989119.461026,160.6636541199,1779989119.461026,200.
1779989119.561026,172.1120478798,1779989119.561026,200.
1779989119.661026,182.1385584187,1779989119.661026,200.
1779989119.7610261,202.4241994971,1779989119.7610261,200.
1779989119.861026,186.5261592921,1779989119.861026,200.
1779989119.961026,170.1515691825,1779989119.961026,200.
1779989120.061026,202.1889401716,1779989120.061026,200.
1779989120.161026,207.0919006626,1779989120.161026,200.
1779989120.2610261,209.4558578951,1779989120.2610261,200.
1779989120.361026,182.3073225114,1779989120.361026,200.
1779989120.461026,192.6260304046,1779989120.461026,200.
1779989120.561026,249.2781975351,1779989120.561026,200.
1779989120.661026,192.1937990973,1779989120.661026,200.
1779989120.7610261,204.9115229342,1779989120.7610261,200.
1779989120.861026,205.0851371581,1779989120.861026,200.
1779989120.961026,223.9292104385,1779989120.961026,200.
1779989121.061026,209.7445606005,1779989121.061026,200.
1779989121.161026,248.1950445068,1779989121.161026,200.
1779989121.2610261,198.0828446386,1779989121.2610261,200.
1779989121.361026,181.6789691063,1779989121.361026,200.
1779989121.461026,170.0286066394,1779989121.461026,200.
1779989121.561026,219.3183228412,1779989121.561026,200.
1779989121.661026,185.6652302081,1779989121.661026,200.
1779989121.7610261,190.1665889325,1779989121.7610261,200.
1779989121.861026,182.8532702564,1779989121.861026,200.
1779989121.961026,178.9756021771,1779989121.961026,200.
1779989122.061026,168.9944877764,1779989122.061026,200.
1779989122.161026,177.3345310758,1779989122.161026,200.
1779989122.2610261,155.3961283610,1779989122.2610261,200.
1779989122.361026,199.8263189623,1779989122.361026,200.
1779989122.461026,171.2909073757,1779989122.461026,200.
1779989122.561026,240.0059480811,1779989122.561026,200.
1779989122.661026,208.4383115572,1779989122.661026,200.
1779989122.7610261,185.4521836118,1779989122.7610261,200.
1779989122.861026,190.4838561324,1779989122.861026,200.
1779989122.961026,192.9883289843,1779989122.961026,200.
1779989123.061026,206.7036229775,1779989123.061026,200.
1779989123.161026,196.3519282369,1779989123.161026,200.
1779989123.2610261,212.6820726295,1779989123.2610261,200.
1779989123.361026,198.8445881936,1779989123.361026,200.
1779989123.461026,184.7812965046,1779989123.461026,200.
1779989123.561026,216.7215860485,1779989123.561026,200.
1779989123.661026,223.987980688,1779989123.661026,200.
1779989123.7610261,197.5976397196,1779989123.7610261,200.
1779989123.861026,191.6141928148,1779989123.861026,200.
1779989123.961026,191.3065144367,1779989123.961026,200.
1779989124.061026,190.1251209818,1779989124.061026,200.
1779989124.161026,189.2702023024,1779989124.161026,200.
1779989124.2610261,138.2205342806,1779989124.2610261,200.
1779989124.361026,173.2922132338,1779989124.361026,200.
1779989124.461026,173.3585236517,1779989124.461026,200.
1779989124.561026,178.4053767205,1779989124.561026,200.
1779989124.661026,156.5146304295,1779989124.661026,200.
1779989124.7610261,173.2363591751,1779989124.7610261,200.
1779989124.861026,193.3231666454,1779989124.861026,200.
1779989124.961026,163.9066840863,1779989124.961026,200.
1779989125.061026,177.2423000122,1779989125.061026,200.
1779989125.161026,199.7710500893,1779989125.161026,200.
1779989125.2610261,196.3471097082,1779989125.2610261,200.
1779989125.361026,194.2963419479,1779989125.361026,200.
1779989125.461026,178.9950898719,1779989125.461026,200.
1779989125.561026,195.5322573507,1779989125.561026,200.
1779989125.661026,237.7347068218,1779989125.661026,200.
1779989125.7610261,207.6660928067,1779989125.7610261,200.
1779989125.861026,204.8472469312,1779989125.861026,200.
1779989125.961026,183.9182635003,1779989125.961026,200.
1779989126.061026,186.3402764976,1779989126.061026,200.
1779989126.161026,215.8240246027,1779989126.161026,200.
1779989126.2610261,184.0289831165,1779989126.2610261,200.
1779989126.361026,180.7210285028,1779989126.361026,200.
1779989126.461026,201.6887859248,1779989126.461026,200.
1779989126.561026,175.2768619871,1779989126.561026,200.
1779989126.661026,180.6821892726,1779989126.661026,200.
1779989126.7610261,172.8116280717,1779989126.7610261,200.
1779989126.861026,174.6691120021,1779989126.861026,200.
1779989126.961026,151.1583515155,1779989126.961026,200.
1779989127.061026,144.8377209949,1779989127.061026,200.
1779989127.161026,147.5901199522,1779989127.161026,200.
1779989127.2610261,189.1989903367,1779989127.2610261,200.
1779989127.361026,204.3704513425,1779989127.361026,200.
1779989127.461026,203.0075484889,1779989127.461026,200.
1779989127.561026,161.4350624972,1779989127.561026,200.
1779989127.661026,187.5811913653,1779989127.661026,200.
1779989127.7610261,184.7633935291,1779989127.7610261,200.
1779989127.861026,216.4148994296,1779989127.861026,200.
1779989127.961026,171.1458901222,1779989127.961026,200.
1779989128.061026,189.3172590267,1779989128.061026,200.
1779989128.161026,204.665224468,1779989128.161026,200.
1779989128.2610261,181.9923906224,1779989128.2610261,200.
1779989128.361026,209.7120949638,1779989128.361026,200.
1779989128.461026,205.9309219156,1779989128.461026,200.
1779989128.561026,224.5674017629,1779989128.561026,200.
1779989128.661026,213.9994402654,1779989128.661026,200.
1779989128.7610261,210.1524113618,1779989128.7610261,200.
1779989128.861026,216.0888177191,1779989128.861026,200.
1779989128.961026,194.1208219478,1779989128.961026,200.
1779989129.061026,185.5356139657,1779989129.061026,200.
1779989129.161026,200.5964592619,1779989129.161026,200.
1779989129.2610261,183.3679252626,1779989129.2610261,200.
1779989129.361026,178.4316821419,1779989129.361026,200.
1779989129.461026,199.1707735820,1779989129.461026,200.
1779989129.561026,181.1612981247,1779989129.561026,200.
1779989129.661026,148.6626958466,1779989129.661026,200.
1779989129.7610261,177.7104924035,1779989129.7610261,200.
1779989129.861026,206.3923580285,1779989129.861026,200.
1779989129.961026,182.1748407566,1779989129.961026,200.
1779989130.061026,206.5454921705,1779989130.061026,200.
1779989130.161026,176.4524019877,1779989130.161026,200.
1779989130.2610261,180.3406034162,1779989130.2610261,200.
1779989130.361026,199.4272365854,1779989130.361026,200.
1779989130.461026,162.7766400715,1779989130.461026,200.
1779989130.561026,195.0311001867,1779989130.561026,200.
1779989130.661026,180.3606631597,1779989130.661026,200.
1779989130.7610261,198.4522052496,1779989130.7610261,200.
1779989130.861026,198.2153265811,1779989130.861026,200.
1779989130.961026,196.3675881201,1779989130.961026,200.
1779989131.061026,209.4037243362,1779989131.061026,200.
1779989131.161026,212.3038785735,1779989131.161026,200.
1779989131.2610261,203.6824789395,1779989131.2610261,200.
1779989131.361026,204.8705676613,1779989131.361026,200.
1779989131.461026,207.9587594388,1779989131.461026,200.
1779989131.561026,182.9884792679,1779989131.561026,200.
1779989131.661026,198.9993732294,1779989131.661026,200.
1779989131.7610261,184.2813417729,1779989131.7610261,200.
1779989131.861026,194.6308691716,1779989131.861026,200.
1779989131.961026,159.9429011916,1779989131.961026,200.
1779989132.061026,171.4381808354,1779989132.061026,200.
1779989132.161026,149.467560072,1779989132.161026,200.
1779989132.2610261,172.2614784695,1779989132.2610261,200.
1779989132.361026,129.0018449324,1779989132.361026,200.
1779989132.461026,143.670331359,1779989132.461026,200.
1779989132.561026,145.2231354665,1779989132.561026,200.
1779989132.661026,172.4807599761,1779989132.661026,200.
1779989132.7610261,173.0053668134,1779989132.7610261,200.
1779989132.861026,187.6837859638,1779989132.861026,200.
1779989132.961026,153.6972793191,1779989132.961026,200.
1779989133.061026,176.1952822499,1779989133.061026,200.
1779989133.161026,173.7325835466,1779989133.161026,200.
1779989133.2610261,176.8210837680,1779989133.2610261,200.
1779989133.361026,181.1233228123,1779989133.361026,200.
1779989133.461026,200.0909610521,1779989133.461026,200.
1779989133.561026,187.4479431206,1779989133.561026,200.
1779989133.661026,201.4317063945,1779989133.661026,200.
1779989133.7610261,183.0910392979,1779989133.7610261,200.
1779989133.861026,192.4328526800,1779989133.861026,200.
1779989133.961026,209.2450898556,1779989133.961026,200.
1779989134.061026,207.0291600457,1779989134.061026,200.
1779989134.161026,208.7383443814,1779989134.161026,200.
1779989134.2610261,181.3485332299,1779989134.2610261,200.
1779989134.361026,196.147015767,1779989134.361026,200.
1779989134.461026,189.5682195512,1779989134.461026,200.
1779989134.561026,181.7719772904,1779989134.561026,200.
1779989134.661026,173.9599067560,1779989134.661026,200.
1779989134.7610261,167.6043165218,1779989134.7610261,200.
1779989134.861026,133.0640641332,1779989134.861026,200.
1779989134.961026,155.4898389555,1779989134.961026,200.
1779989135.061026,189.8176759196,1779989135.061026,200.
1779989135.161026,194.1435846986,1779989135.161026,200.
1779989135.2610261,164.7314108822,1779989135.2610261,200.
1779989135.361026,174.997353338,1779989135.361026,200.
1779989135.461026,173.4126797733,1779989135.461026,200.
1779989135.561026,144.2649104825,1779989135.561026,200.
1779989135.661026,211.8587049265,1779989135.661026,200.
1779989135.7610261,200.7612161945,1779989135.7610261,200.
1779989135.861026,162.8260992377,1779989135.861026,200.
1779989135.961026,173.1471564761,1779989135.961026,200.
1779989136.061026,181.0438918931,1779989136.061026,200.
1779989136.161026,196.1803588005,1779989136.161026,200.
1779989136.2610261,182.0143905232,1779989136.2610261,200.
1779989136.361026,204.3516312001,1779989136.361026,200.
1779989136.461026,230.5910715469,1779989136.461026,200.
1779989136.561026,234.1866742466,1779989136.561026,200.
1779989136.661026,216.57910188,1779989136.661026,200.
1779989136.7610261,206.1537168041,1779989136.7610261,200.
1779989136.861026,233.9401179401,1779989136.861026,200.
1779989136.961026,233.9401179401,1779989136.961026,0.
1779989137.061026,233.9401179401,1779989137.061026,0.
1779989137.161026,233.9401179401,1779989137.161026,0.
1779989137.2610261,233.9401179401,1779989137.2610261,0.
1779989137.361026,233.9401179401,1779989137.361026,0.
1779989137.461026,233.9401179401,1779989137.461026,0.
1779989137.561026,233.9401179401,1779989137.561026,0.
1779989137.661026,233.9401179401,1779989137.661026,0.
1779989137.7610261,233.9401179401,1779989137.7610261,0.
1779989137.861026,233.9401179401,1779989137.861026,0.
1779989137.961026,233.9401179401,1779989137.961026,0.
1779989138.061026,233.9401179401,1779989138.061026,0.
1779989138.161026,233.9401179401,1779989138.161026,0.
1779989138.2610261,233.9401179401,1779989138.2610261,0.
1779989138.361026,233.9401179401,1779989138.361026,0.
1779989138.461026,233.9401179401,1779989138.461026,0.
1779989138.561026,233.9401179401,1779989138.561026,0.
1779989138.661026,233.9401179401,1779989138.661026,0.
1779989138.7610261,233.9401179401,1779989138.7610261,0.
1779989138.861026,233.9401179401,1779989138.861026,0.
1779989138.961026,233.9401179401,1779989138.961026,0.
1779989139.061026,233.9401179401,1779989139.061026,0.
1779989139.161026,233.9401179401,1779989139.161026,0.
1779989139.2610261,233.9401179401,1779989139.2610261,0.
1779989139.361026,233.9401179401,1779989139.361026,0.
1779989139.461026,233.9401179401,1779989139.461026,0.
1779989139.561026,233.9401179401,1779989139.561026,0.
1779989139.661026,233.9401179401,1779989139.661026,0.
1779989139.7610261,233.9401179401,1779989139.7610261,0.
1779989139.861026,233.9401179401,1779989139.861026,0.
1779989139.961026,233.9401179401,1779989139.961026,0.
1779989140.061026,233.9401179401,1779989140.061026,0.
1779989140.161026,233.9401179401,1779989140.161026,0.
1779989140.2610261,233.9401179401,1779989140.2610261,0.
1779989140.361026,233.9401179401,1779989140.361026,0.
1779989140.461026,233.9401179401,1779989140.461026,0.
1779989140.561026,233.9401179401,1779989140.561026,0.
1779989140.661026,233.9401179401,1779989140.661026,0.
1779989140.7610261,233.9401179401,1779989140.7610261,0.
1779989140.861026,233.9401179401,1779989140.861026,0.
1779989140.961026,233.9401179401,1779989140.961026,0.
1779989141.061026,233.9401179401,1779989141.061026,0.
1779989141.161026,233.9401179401,1779989141.161026,0.
1779989141.2610261,233.9401179401,1779989141.2610261,0.
1779989141.361026,233.9401179401,1779989141.361026,0.
1779989141.461026,233.9401179401,1779989141.461026,0.
1779989141.561026,233.9401179401,1779989141.561026,0.
1779989141.661026,233.9401179401,1779989141.661026,0.
1779989141.7610261,233.9401179401,1779989141.7610261,0.
1779989141.861026,233.9401179401,1779989141.861026,0.
1779989141.961026,233.9401179401,1779989141.961026,0.
1779989142.061026,233.9401179401,1779989142.061026,0.
1779989142.161026,233.9401179401,1779989142.161026,0.
1779989142.2610261,233.9401179401,1779989142.2610261,0.
1779989142.361026,233.9401179401,1779989142.361026,0.
1779989142.461026,233.9401179401,1779989142.461026,0.
1779989142.561026,233.9401179401,1779989142.561026,0.
1779989142.661026,233.9401179401,1779989142.661026,0.
1779989142.7610261,233.9401179401,1779989142.7610261,0.
1779989142.861026,233.9401179401,1779989142.861026,0.
1779989142.961026,233.9401179401,1779989142.961026,0.
1779989143.061026,233.9401179401,1779989143.061026,0.
1779989143.161026,233.9401179401,1779989143.161026,0.
1779989143.2610261,233.9401179401,1779989143.2610261,0.
1779989143.361026,233.9401179401,1779989143.361026,0.
1779989143.461026,233.9401179401,1779989143.461026,0.
1779989143.561026,233.9401179401,1779989143.561026,0.
1779989143.661026,233.9401179401,1779989143.661026,0.
1779989143.7610261,233.9401179401,1779989143.7610261,0.
1779989143.861026,233.9401179401,1779989143.861026,0.
1779989143.961026,233.9401179401,1779989143.961026,0.
1779989144.061026,233.9401179401,1779989144.061026,0.
1779989144.161026,233.9401179401,1779989144.161026,0.
1779989144.2610261,233.9401179401,1779989144.2610261,0.
1779989144.361026,233.9401179401,1779989144.361026,0.
1779989144.461026,233.9401179401,1779989144.461026,0.
1779989144.561026,233.9401179401,1779989144.561026,0.
1779989144.661026,233.9401179401,1779989144.661026,0.
1779989144.7610261,233.9401179401,1779989144.7610261,0.
1779989144.861026,233.9401179401,1779989144.861026,0.
1779989144.961026,233.9401179401,1779989144.961026,0.
1779989145.061026,233.9401179401,1779989145.061026,0.
1779989145.161026,233.9401179401,1779989145.161026,0.
1779989145.2610261,233.9401179401,1779989145.2610261,0.
1779989145.361026,233.9401179401,1779989145.361026,0.
1779989145.461026,233.9401179401,1779989145.461026,0.
1779989145.561026,233.9401179401,1779989145.561026,0.
1779989145.661026,233.9401179401,1779989145.661026,0.
1779989145.7610261,233.9401179401,1779989145.7610261,0.
1779989145.861026,233.9401179401,1779989145.861026,0.
1779989145.961026,233.9401179401,1779989145.961026,0.
1779989146.061026,233.9401179401,1779989146.061026,0.
1779989146.161026,233.9401179401,1779989146.161026,0.
1779989146.2610261,233.9401179401,1779989146.2610261,0.
1779989146.361026,233.9401179401,1779989146.361026,0.
1779989146.461026,233.9401179401,1779989146.461026,0.
1779989146.561026,233.9401179401,1779989146.561026,0.
1779989146.661026,233.9401179401,1779989146.661026,0.
1779989146.7610261,233.9401179401,1779989146.7610261,0.
1779989146.861026,233.9401179401,1779989146.861026,0.
1779989146.961026,233.9401179401,1779989146.961026,0.
1779989147.061026,233.9401179401,1779989147.061026,0.
1779989147.161026,233.9401179401,1779989147.161026,0.
1779989147.2610261,233.9401179401,1779989147.2610261,0.
1779989147.361026,233.9401179401,1779989147.361026,0.
1779989147.461026,233.9401179401,1779989147.461026,0.
1779989147.561026,233.9401179401,1779989147.561026,0.
1779989147.661026,233.9401179401,1779989147.661026,0.
1779989147.7610261,233.9401179401,1779989147.7610261,0.
1779989147.861026,233.9401179401,1779989147.861026,0.
1779989147.961026,233.9401179401,1779989147.961026,0.
1779989148.061026,233.9401179401,1779989148.061026,0.
1779989148.161026,233.9401179401,1779989148.161026,0.
1779989148.2610261,233.9401179401,1779989148.2610261,0.
1779989148.361026,233.9401179401,1779989148.361026,0.
1779989148.461026,233.9401179401,1779989148.461026,0.
1779989148.561026,233.9401179401,1779989148.561026,0.
1779989148.661026,233.9401179401,1779989148.661026,0.
1779989148.7610261,233.9401179401,1779989148.7610261,0.
1779989148.861026,233.9401179401,1779989148.861026,0.
1779989148.961026,233.9401179401,1779989148.961026,0.
1779989149.061026,233.9401179401,1779989149.061026,0.
1779989149.161026,233.9401179401,1779989149.161026,0.
1779989149.2610261,233.9401179401,1779989149.2610261,0.
1779989149.361026,233.9401179401,1779989149.361026,0.
1779989149.461026,233.9401179401,1779989149.461026,0.
1779989149.561026,233.9401179401,1779989149.561026,0.
1779989149.661026,233.9401179401,1779989149.661026,0.
1779989149.7610261,233.9401179401,1779989149.7610261,0.
1779989149.861026,233.9401179401,1779989149.861026,0.
1779989149.961026,233.9401179401,1779989149.961026,0.
1779989150.061026,233.9401179401,1779989150.061026,0.
1779989150.161026,233.9401179401,1779989150.161026,0.
1779989150.2610261,233.9401179401,1779989150.2610261,0.
1779989150.361026,233.9401179401,1779989150.361026,0.
1779989150.461026,233.9401179401,1779989150.461026,0.
1779989150.561026,233.9401179401,1779989150.561026,0.
1779989150.661026,233.9401179401,1779989150.661026,0.
1779989150.7610261,233.9401179401,1779989150.7610261,0.
1779989150.861026,233.9401179401,1779989150.861026,0.
1779989150.961026,233.9401179401,1779989150.961026,0.
1779989151.061026,233.9401179401,1779989151.061026,0.
1779989151.161026,233.9401179401,1779989151.161026,0.
1779989151.2610261,233.9401179401,1779989151.2610261,0.
1779989151.361026,233.9401179401,1779989151.361026,0.
1779989151.461026,233.9401179401,1779989151.461026,0.
1779989151.561026,233.9401179401,1779989151.561026,0.
1779989151.661026,233.9401179401,1779989151.661026,0.
1779989151.7610261,233.9401179401,1779989151.7610261,0.
1779989151.861026,233.9401179401,1779989151.861026,0.
1779989151.961026,233.9401179401,1779989151.961026,0.
1779989152.061026,233.9401179401,1779989152.061026,0.
1779989152.161026,233.9401179401,1779989152.161026,0.
1779989152.2610261,233.9401179401,1779989152.2610261,0.
1779989152.361026,233.9401179401,1779989152.361026,0.
1779989152.461026,233.9401179401,1779989152.461026,0.
1779989152.561026,233.9401179401,1779989152.561026,0.
1779989152.661026,233.9401179401,1779989152.661026,0.
1779989152.7610261,233.9401179401,1779989152.7610261,0.
1779989152.861026,233.9401179401,1779989152.861026,0.
1779989152.961026,233.9401179401,1779989152.961026,0.
1779989153.061026,233.9401179401,1779989153.061026,0.
1779989153.161026,233.9401179401,1779989153.161026,0.
1779989153.2610261,233.9401179401,1779989153.2610261,0.
1779989153.361026,233.9401179401,1779989153.361026,0.
1779989153.461026,233.9401179401,1779989153.461026,0.
1779989153.561026,233.9401179401,1779989153.561026,0.
1779989153.661026,233.9401179401,1779989153.661026,0.
1779989153.7610261,233.9401179401,1779989153.7610261,0.
1779989153.861026,233.9401179401,1779989153.861026,0.
1779989153.961026,233.9401179401,1779989153.961026,0.
1779989154.061026,233.9401179401,1779989154.061026,0.
1779989154.161026,233.9401179401,1779989154.161026,0.
1779989154.2610261,233.9401179401,1779989154.2610261,0.
1779989154.361026,233.9401179401,1779989154.361026,0.
1779989154.461026,233.9401179401,1779989154.461026,0.
1779989154.561026,233.9401179401,1779989154.561026,0.
1779989154.661026,233.9401179401,1779989154.661026,0.
1779989154.7610261,233.9401179401,1779989154.7610261,0.
1779989154.861026,233.9401179401,1779989154.861026,0.
1779989154.961026,233.9401179401,1779989154.961026,0.
1779989155.061026,233.9401179401,1779989155.061026,0.
1779989155.161026,233.9401179401,1779989155.161026,0.
1779989155.2610261,233.9401179401,1779989155.2610261,0.
1779989155.361026,233.9401179401,1779989155.361026,0.
1779989155.461026,233.9401179401,1779989155.461026,0.
1779989155.561026,233.9401179401,1779989155.561026,0.
1779989155.661026,233.9401179401,1779989155.661026,0.
1779989155.7610261,233.9401179401,1779989155.7610261,0.
1779989155.861026,233.9401179401,1779989155.861026,0.
1779989155.961026,233.9401179401,1779989155.961026,0.
1779989156.061026,233.9401179401,1779989156.061026,0.
1779989156.161026,233.9401179401,1779989156.161026,0.
1779989156.2610261,233.9401179401,1779989156.2610261,0.
1779989156.361026,233.9401179401,1779989156.361026,0.
1779989156.461026,233.9401179401,1779989156.461026,0.
1779989156.561026,233.9401179401,1779989156.561026,0.
1779989156.661026,233.9401179401,1779989156.661026,0.
1779989156.7610261,233.9401179401,1779989156.7610261,0.
1779989156.861026,233.9401179401,1779989156.861026,0.
1779989156.961026,233.9401179401,1779989156.961026,0.
1779989157.061026,233.9401179401,1779989157.061026,0.
1779989157.161026,233.9401179401,1779989157.161026,0.
1779989157.2610261,233.9401179401,1779989157.2610261,0.
1779989157.361026,233.9401179401,1779989157.361026,0.
1779989157.461026,233.9401179401,1779989157.461026,0.
1779989157.561026,233.9401179401,1779989157.561026,0.
1779989157.661026,233.9401179401,1779989157.661026,0.
1779989157.7610261,233.9401179401,1779989157.7610261,0.
1779989157.861026,233.9401179401,1779989157.861026,0.
1779989157.961026,233.9401179401,1779989157.961026,0.
1779989158.061026,233.9401179401,1779989158.061026,0.
1779989158.161026,233.9401179401,1779989158.161026,0.
1779989158.2610261,233.9401179401,1779989158.2610261,0.
1779989158.361026,233.9401179401,1779989158.361026,0.
1779989158.461026,233.9401179401,1779989158.461026,0.
1779989158.561026,233.9401179401,1779989158.561026,0.
1779989158.661026,233.9401179401,1779989158.661026,0.
1779989158.7610261,233.9401179401,1779989158.7610261,0.
1779989158.861026,233.9401179401,1779989158.861026,0.
1779989158.961026,233.9401179401,1779989158.961026,0.
1779989159.061026,233.9401179401,1779989159.061026,0.
1779989159.161026,233.9401179401,1779989159.161026,0.
1779989159.2610261,233.9401179401,1779989159.2610261,0.
1779989159.361026,233.9401179401,1779989159.361026,0.
1779989159.461026,233.9401179401,1779989159.461026,0.
1779989159.561026,233.9401179401,1779989159.561026,0.
1779989159.661026,233.9401179401,1779989159.661026,0.
1779989159.7610261,233.9401179401,1779989159.7610261,0.
1779989159.861026,233.9401179401,1779989159.861026,0.
1779989159.961026,233.9401179401,1779989159.961026,0.
1779989160.061026,233.9401179401,1779989160.061026,0.
1779989160.161026,233.9401179401,1779989160.161026,0.
1779989160.2610261,233.9401179401,1779989160.2610261,0.
1779989160.361026,233.9401179401,1779989160.361026,0.
1779989160.461026,233.9401179401,1779989160.461026,0.
1779989160.561026,233.9401179401,1779989160.561026,0.
1779989160.661026,233.9401179401,1779989160.661026,0.
1779989160.7610261,233.9401179401,1779989160.7610261,0.
1779989160.861026,233.9401179401,1779989160.861026,0.
1779989160.961026,233.9401179401,1779989160.961026,0.
1779989161.061026,233.9401179401,1779989161.061026,0.
1779989161.161026,233.9401179401,1779989161.161026,0.
1779989161.2610261,233.9401179401,1779989161.2610261,0.
1779989161.361026,233.9401179401,1779989161.361026,0.
1779989161.461026,233.9401179401,1779989161.461026,0.
1779989161.561026,233.9401179401,1779989161.561026,0.
1779989161.661026,233.9401179401,1779989161.661026,0.
1779989161.7610261,233.9401179401,1779989161.7610261,0.
1779989161.861026,233.9401179401,1779989161.861026,0.
1779989161.961026,233.9401179401,1779989161.961026,0.
1779989162.061026,233.9401179401,1779989162.061026,0.
1779989162.161026,233.9401179401,1779989162.161026,0.
1779989162.2610261,233.9401179401,1779989162.2610261,0.
1779989162.361026,233.9401179401,1779989162.361026,0.
1779989162.461026,233.9401179401,1779989162.461026,0.
1779989162.561026,233.9401179401,1779989162.561026,0.
1779989162.661026,233.9401179401,1779989162.661026,0.
1779989162.7610261,233.9401179401,1779989162.7610261,0.
1779989162.861026,233.9401179401,1779989162.861026,0.
1779989162.961026,233.9401179401,1779989162.961026,0.
1779989163.061026,233.9401179401,1779989163.061026,0.
1779989163.161026,233.9401179401,1779989163.161026,0.
1779989163.2610261,233.9401179401,1779989163.2610261,0.
1779989163.361026,233.9401179401,1779989163.361026,0.
1779989163.461026,233.9401179401,1779989163.461026,0.
1779989163.561026,233.9401179401,1779989163.561026,0.
1779989163.661026,233.9401179401,1779989163.661026,0.
1779989163.7610261,233.9401179401,1779989163.7610261,0.
1779989163.861026,233.9401179401,1779989163.861026,0.
1779989163.961026,233.9401179401,1779989163.961026,0.
1779989164.061026,233.9401179401,1779989164.061026,0.
1779989164.161026,233.9401179401,1779989164.161026,0.
1779989164.2610261,233.9401179401,1779989164.2610261,0.
1779989164.361026,233.9401179401,1779989164.361026,0.
1779989164.461026,233.9401179401,1779989164.461026,0.
1779989164.561026,233.9401179401,1779989164.561026,0.
1779989164.661026,233.9401179401,1779989164.661026,0.
1779989164.7610261,233.9401179401,1779989164.7610261,0.
1779989164.861026,233.9401179401,1779989164.861026,0.
1779989164.961026,233.9401179401,1779989164.961026,0.
1779989165.061026,233.9401179401,1779989165.061026,0.
1779989165.161026,233.9401179401,1779989165.161026,0.
1779989165.2610261,233.9401179401,1779989165.2610261,0.
1779989165.361026,233.9401179401,1779989165.361026,0.
1779989165.461026,233.9401179401,1779989165.461026,0.
1779989165.561026,233.9401179401,1779989165.561026,0.
1779989165.661026,233.9401179401,1779989165.661026,0.
1779989165.7610261,233.9401179401,1779989165.7610261,0.
1779989165.861026,233.9401179401,1779989165.861026,0.
1779989165.961026,233.9401179401,1779989165.961026,0.
1779989166.061026,233.9401179401,1779989166.061026,0.
1779989166.161026,233.9401179401,1779989166.161026,0.
1779989166.2610261,233.9401179401,1779989166.2610261,0.
1779989166.361026,233.9401179401,1779989166.361026,0.
1779989166.461026,233.9401179401,1779989166.461026,0.
1779989166.561026,233.9401179401,1779989166.561026,0.
1779989166.661026,233.9401179401,1779989166.661026,0.
1779989166.7610261,233.9401179401,1779989166.7610261,0.
1779989166.861026,233.9401179401,1779989166.861026,0.
1779989166.961026,233.9401179401,1779989166.961026,0.
1779989167.061026,233.9401179401,1779989167.061026,0.
1779989167.161026,233.9401179401,1779989167.161026,0.
1779989167.2610261,233.9401179401,1779989167.2610261,0.
1779989167.361026,233.9401179401,1779989167.361026,0.
1779989167.461026,233.9401179401,1779989167.461026,0.
1779989167.561026,233.9401179401,1779989167.561026,0.
1779989167.661026,233.9401179401,1779989167.661026,0.
1779989167.7610261,233.9401179401,1779989167.7610261,0.
1779989167.861026,233.9401179401,1779989167.861026,0.
1779989167.961026,233.9401179401,1779989167.961026,0.
1779989168.061026,233.9401179401,1779989168.061026,0.
1779989168.161026,233.9401179401,1779989168.161026,0.
1779989168.2610261,233.9401179401,1779989168.2610261,0.
1779989168.361026,233.9401179401,1779989168.361026,0.
1779989168.461026,233.9401179401,1779989168.461026,0.
1779989168.561026,233.9401179401,1779989168.561026,0.
1779989168.661026,233.9401179401,1779989168.661026,0.
1779989168.7610261,233.9401179401,1779989168.7610261,0.
1779989168.861026,233.9401179401,1779989168.861026,0.
1779989168.961026,233.9401179401,1779989168.961026,0.
1779989169.061026,233.9401179401,1779989169.061026,0.
1779989169.161026,233.9401179401,1779989169.161026,0.
1779989169.2610261,233.9401179401,1779989169.2610261,0.
1779989169.361026,233.9401179401,1779989169.361026,0.
1779989169.461026,233.9401179401,1779989169.461026,0.
1779989169.561026,233.9401179401,1779989169.561026,0.
1779989169.661026,233.9401179401,1779989169.661026,0.
1779989169.7610261,233.9401179401,1779989169.7610261,0.
1779989169.861026,233.9401179401,1779989169.861026,0.
1779989169.961026,233.9401179401,1779989169.961026,0.
1779989170.061026,233.9401179401,1779989170.061026,0.
1779989170.161026,233.9401179401,1779989170.161026,0.
1779989170.2610261,233.9401179401,1779989170.2610261,0.
1779989170.361026,233.9401179401,1779989170.361026,0.
1779989170.461026,233.9401179401,1779989170.461026,0.
1779989170.561026,233.9401179401,1779989170.561026,0.
1779989170.661026,233.9401179401,1779989170.661026,0.
1779989170.7610261,233.9401179401,1779989170.7610261,0.
1779989170.861026,233.9401179401,1779989170.861026,0.
1779989170.961026,233.9401179401,1779989170.961026,0.
1779989171.061026,233.9401179401,1779989171.061026,0.
1779989171.161026,233.9401179401,1779989171.161026,0.
1779989171.2610261,233.9401179401,1779989171.2610261,0.
1779989171.361026,233.9401179401,1779989171.361026,0.
1779989171.461026,233.9401179401,1779989171.461026,0.
1779989171.561026,233.9401179401,1779989171.561026,0.
1779989171.661026,233.9401179401,1779989171.661026,0.
1779989171.7610261,233.9401179401,1779989171.7610261,0.
1779989171.861026,233.9401179401,1779989171.861026,0.
1779989171.961026,233.9401179401,1779989171.961026,0.
1779989172.061026,233.9401179401,1779989172.061026,0.
1779989172.161026,233.9401179401,1779989172.161026,0.
1779989172.2610261,233.9401179401,1779989172.2610261,0.
1779989172.361026,233.9401179401,1779989172.361026,0.
1779989172.461026,233.9401179401,1779989172.461026,0.
1779989172.561026,233.9401179401,1779989172.561026,0.
1779989172.661026,233.9401179401,1779989172.661026,0.
1779989172.7610261,233.9401179401,1779989172.7610261,0.
1779989172.861026,233.9401179401,1779989172.861026,0.
1779989172.961026,233.9401179401,1779989172.961026,0.
1779989173.061026,233.9401179401,1779989173.061026,0.
1779989173.161026,233.9401179401,1779989173.161026,0.
1779989173.2610261,233.9401179401,1779989173.2610261,0.
1779989173.361026,233.9401179401,1779989173.361026,0.
1779989173.461026,233.9401179401,1779989173.461026,0.
1779989173.561026,233.9401179401,1779989173.561026,0.
1779989173.661026,233.9401179401,1779989173.661026,0.
1779989173.7610261,233.9401179401,1779989173.7610261,0.
1779989173.861026,233.9401179401,1779989173.861026,0.
1779989173.961026,233.9401179401,1779989173.961026,0.
1779989174.061026,233.9401179401,1779989174.061026,0.
1779989174.161026,233.9401179401,1779989174.161026,0.
1779989174.2610261,233.9401179401,1779989174.2610261,0.
1779989174.361026,233.9401179401,1779989174.361026,0.
1779989174.461026,233.9401179401,1779989174.461026,0.
1779989174.561026,233.9401179401,1779989174.561026,0.
1779989174.661026,233.9401179401,1779989174.661026,0.
1779989174.7610261,233.9401179401,1779989174.7610261,0.
1779989174.861026,233.9401179401,1779989174.861026,0.
1779989174.961026,233.9401179401,1779989174.961026,0.
1779989175.061026,233.9401179401,1779989175.061026,0.
1779989175.161026,233.9401179401,1779989175.161026,0.
1779989175.2610261,233.9401179401,1779989175.2610261,0.
1779989175.361026,233.9401179401,1779989175.361026,0.
1779989175.461026,233.9401179401,1779989175.461026,0.
1779989175.561026,233.9401179401,1779989175.561026,0.
1779989175.661026,233.9401179401,1779989175.661026,0.
1779989175.7610261,233.9401179401,1779989175.7610261,0.
1779989175.861026,233.9401179401,1779989175.861026,0.
1779989175.961026,233.9401179401,1779989175.961026,0.
1779989176.061026,233.9401179401,1779989176.061026,0.
1779989176.161026,233.9401179401,1779989176.161026,0.
1779989176.2610261,233.9401179401,1779989176.2610261,0.
1779989176.361026,233.9401179401,1779989176.361026,0.
1779989176.461026,233.9401179401,1779989176.461026,0.
1779989176.561026,233.9401179401,1779989176.561026,0.
1779989176.661026,233.9401179401,1779989176.661026,0.
1779989176.7610261,233.9401179401,1779989176.7610261,0.
1779989176.861026,233.9401179401,1779989176.861026,0.
1779989176.961026,233.9401179401,1779989176.961026,0.
1779989177.061026,233.9401179401,1779989177.061026,0.
1779989177.161026,233.9401179401,1779989177.161026,0.
1779989177.2610261,233.9401179401,1779989177.2610261,0.
1779989177.361026,233.9401179401,1779989177.361026,0.
1779989177.461026,233.9401179401,1779989177.461026,0.
1779989177.561026,233.9401179401,1779989177.561026,0.
1779989177.661026,233.9401179401,1779989177.661026,0.
1779989177.7610261,233.9401179401,1779989177.7610261,0.
1779989177.861026,233.9401179401,1779989177.861026,0.
1779989177.961026,233.9401179401,1779989177.961026,0.
1779989178.061026,233.9401179401,1779989178.061026,0.
1779989178.161026,233.9401179401,1779989178.161026,0.
1779989178.2610261,233.9401179401,1779989178.2610261,0.
1779989178.361026,233.9401179401,1779989178.361026,0.
1779989178.461026,233.9401179401,1779989178.461026,0.
1779989178.561026,233.9401179401,1779989178.561026,0.
1779989178.661026,233.9401179401,1779989178.661026,0.
1779989178.7610261,233.9401179401,1779989178.7610261,0.
1779989178.861026,233.9401179401,1779989178.861026,0.
1779989178.961026,233.9401179401,1779989178.961026,0.
1779989179.061026,233.9401179401,1779989179.061026,0.
1779989179.161026,233.9401179401,1779989179.161026,0.
1779989179.2610261,233.9401179401,1779989179.2610261,0.
1779989179.361026,233.9401179401,1779989179.361026,0.
1779989179.461026,233.9401179401,1779989179.461026,0.
1779989179.561026,233.9401179401,1779989179.561026,0.
1779989179.661026,233.9401179401,1779989179.661026,0.
1779989179.7610261,233.9401179401,1779989179.7610261,0.
1779989179.861026,233.9401179401,1779989179.861026,0.
1779989179.961026,233.9401179401,1779989179.961026,0.
1779989180.061026,233.9401179401,1779989180.061026,0.
1779989180.161026,233.9401179401,1779989180.161026,0.
1779989180.2610261,233.9401179401,1779989180.2610261,0.
1779989180.361026,233.9401179401,1779989180.361026,0.
1779989180.461026,233.9401179401,1779989180.461026,0.
1779989180.561026,233.9401179401,1779989180.561026,0.
1779989180.661026,233.9401179401,1779989180.661026,0.
1779989180.7610261,233.9401179401,1779989180.7610261,0.
1779989180.861026,233.9401179401,1779989180.861026,0.
1779989180.961026,233.9401179401,1779989180.961026,0.
1779989181.061026,233.9401179401,1779989181.061026,0.
1779989181.161026,233.9401179401,1779989181.161026,0.
1779989181.2610261,233.9401179401,1779989181.2610261,0.
1779989181.361026,233.9401179401,1779989181.361026,0.
1779989181.461026,233.9401179401,1779989181.461026,0.
1779989181.561026,233.9401179401,1779989181.561026,0.
1779989181.661026,233.9401179401,1779989181.661026,0.
1779989181.7610261,233.9401179401,1779989181.7610261,0.
1779989181.861026,233.9401179401,1779989181.861026,0.
1779989181.961026,233.9401179401,1779989181.961026,0.
1779989182.061026,233.9401179401,1779989182.061026,0.
1779989182.161026,233.9401179401,1779989182.161026,0.
1779989182.2610261,233.9401179401,1779989182.2610261,0.
1779989182.361026,233.9401179401,1779989182.361026,0.
1779989182.461026,233.9401179401,1779989182.461026,0.
1779989182.561026,233.9401179401,1779989182.561026,0.
1779989182.661026,233.9401179401,1779989182.661026,0.
1779989182.7610261,233.9401179401,1779989182.7610261,0.
1779989182.861026,233.9401179401,1779989182.861026,0.
1779989182.961026,233.9401179401,1779989182.961026,0.
1779989183.061026,233.9401179401,1779989183.061026,0.
1779989183.161026,233.9401179401,1779989183.161026,0.
1779989183.2610261,233.9401179401,1779989183.2610261,0.
1779989183.361026,233.9401179401,1779989183.361026,0.
1779989183.461026,233.9401179401,1779989183.461026,0.
1779989183.561026,233.9401179401,1779989183.561026,0.
1779989183.661026,233.9401179401,1779989183.661026,0.
1779989183.7610261,233.9401179401,1779989183.7610261,0.
1779989183.861026,233.9401179401,1779989183.861026,0.
1779989183.961026,233.9401179401,1779989183.961026,0.
1779989184.061026,233.9401179401,1779989184.061026,0.
1779989184.161026,233.9401179401,1779989184.161026,0.
1779989184.2610261,233.9401179401,1779989184.2610261,0.
1779989184.361026,233.9401179401,1779989184.361026,0.
1779989184.461026,233.9401179401,1779989184.461026,0.
1779989184.561026,233.9401179401,1779989184.561026,0.
1779989184.661026,233.9401179401,1779989184.661026,0.
1779989184.7610261,233.9401179401,1779989184.7610261,0.
1779989184.861026,233.9401179401,1779989184.861026,0.
1779989184.961026,233.9401179401,1779989184.961026,0.
1779989185.061026,233.9401179401,1779989185.061026,0.
1779989185.161026,233.9401179401,1779989185.161026,0.
1779989185.2610261,233.9401179401,1779989185.2610261,0.
1779989185.361026,233.9401179401,1779989185.361026,0.
1779989185.461026,233.9401179401,1779989185.461026,0.
1779989185.561026,233.9401179401,1779989185.561026,0.
1779989185.661026,233.9401179401,1779989185.661026,0.
1779989185.7610261,233.9401179401,1779989185.7610261,0.
1779989185.861026,233.9401179401,1779989185.861026,0.
1779989185.961026,233.9401179401,1779989185.961026,0.
1779989186.061026,233.9401179401,1779989186.061026,0.
1779989186.161026,233.9401179401,1779989186.161026,0.
1779989186.2610261,233.9401179401,1779989186.2610261,0.
1779989186.361026,233.9401179401,1779989186.361026,0.
1779989186.461026,233.9401179401,1779989186.461026,0.
1779989186.561026,233.9401179401,1779989186.561026,0.
1779989186.661026,233.9401179401,1779989186.661026,0.
1779989186.7610261,233.9401179401,1779989186.7610261,0.
1779989186.861026,233.9401179401,1779989186.861026,0.
1779989186.961026,233.9401179401,1779989186.961026,0.
1779989187.061026,233.9401179401,1779989187.061026,0.
1779989187.161026,233.9401179401,1779989187.161026,0.
1779989187.2610261,233.9401179401,1779989187.2610261,0.
1779989187.361026,233.9401179401,1779989187.361026,0.
1779989187.461026,233.9401179401,1779989187.461026,0.
1779989187.561026,233.9401179401,1779989187.561026,0.
1779989187.661026,233.9401179401,1779989187.661026,0.
1779989187.7610261,233.9401179401,1779989187.7610261,0.
1779989187.861026,233.9401179401,1779989187.861026,0.
1779989187.961026,233.9401179401,1779989187.961026,0.
1779989188.061026,233.9401179401,1779989188.061026,0.
1779989188.161026,233.9401179401,1779989188.161026,0.
1779989188.2610261,233.9401179401,1779989188.2610261,0.
1779989188.361026,233.9401179401,1779989188.361026,0.
1779989188.461026,233.9401179401,1779989188.461026,0.
1779989188.561026,233.9401179401,1779989188.561026,0.
1779989188.661026,233.9401179401,1779989188.661026,0.
1779989188.7610261,233.9401179401,1779989188.7610261,0.
1779989188.861026,233.9401179401,1779989188.861026,0.
1779989188.961026,233.9401179401,1779989188.961026,0.
1779989189.061026,233.9401179401,1779989189.061026,0.
1779989189.161026,233.9401179401,1779989189.161026,0.
1779989189.2610261,233.9401179401,1779989189.2610261,0.
1779989189.361026,233.9401179401,1779989189.361026,0.
1779989189.461026,233.9401179401,1779989189.461026,0.
1779989189.561026,233.9401179401,1779989189.561026,0.
1779989189.661026,233.9401179401,1779989189.661026,0.
1779989189.7610261,233.9401179401,1779989189.7610261,0.
1779989189.861026,233.9401179401,1779989189.861026,0.
1779989189.961026,233.9401179401,1779989189.961026,0.
1779989190.061026,233.9401179401,1779989190.061026,0.
1779989190.161026,233.9401179401,1779989190.161026,0.
1779989190.2610261,233.9401179401,1779989190.2610261,0.
1779989190.361026,233.9401179401,1779989190.361026,0.
1779989190.461026,233.9401179401,1779989190.461026,0.
1779989190.561026,233.9401179401,1779989190.561026,0.
1779989190.661026,233.9401179401,1779989190.661026,0.
1779989190.7610261,233.9401179401,1779989190.7610261,0.
1779989190.861026,233.9401179401,1779989190.861026,0.
1779989190.961026,233.9401179401,1779989190.961026,0.
1779989191.061026,233.9401179401,1779989191.061026,0.
1779989191.161026,233.9401179401,1779989191.161026,0.
1779989191.2610261,233.9401179401,1779989191.2610261,0.
1779989191.361026,233.9401179401,1779989191.361026,0.
1779989191.461026,233.9401179401,1779989191.461026,0.
1779989191.561026,233.9401179401,1779989191.561026,0.
1779989191.661026,233.9401179401,1779989191.661026,0.
1779989191.7610261,233.9401179401,1779989191.7610261,0.
1779989191.861026,233.9401179401,1779989191.861026,0.
1779989191.961026,233.9401179401,1779989191.961026,0.
1779989192.061026,233.9401179401,1779989192.061026,0.
1779989192.161026,233.9401179401,1779989192.161026,0.
1779989192.2610261,233.9401179401,1779989192.2610261,0.
1779989192.361026,233.9401179401,1779989192.361026,0.
1779989192.461026,233.9401179401,1779989192.461026,0.
1779989192.561026,233.9401179401,1779989192.561026,0.
1779989192.661026,233.9401179401,1779989192.661026,0.
1779989192.7610261,233.9401179401,1779989192.7610261,0.
1779989192.861026,233.9401179401,1779989192.861026,0.
1779989192.961026,233.9401179401,1779989192.961026,0.
1779989193.061026,233.9401179401,1779989193.061026,0.
1779989193.161026,233.9401179401,1779989193.161026,0.
1779989193.2610261,233.9401179401,1779989193.2610261,0.
1779989193.361026,233.9401179401,1779989193.361026,0.
1779989193.461026,233.9401179401,1779989193.461026,0.
1779989193.561026,233.9401179401,1779989193.561026,0.
1779989193.661026,233.9401179401,1779989193.661026,0.
1779989193.7610261,233.9401179401,1779989193.7610261,0.
1779989193.861026,233.9401179401,1779989193.861026,0.
1779989193.961026,233.9401179401,1779989193.961026,0.
1779989194.061026,233.9401179401,1779989194.061026,0.
1779989194.161026,233.9401179401,1779989194.161026,0.
1779989194.2610261,233.9401179401,1779989194.2610261,0.
1779989194.361026,233.9401179401,1779989194.361026,0.
1779989194.461026,233.9401179401,1779989194.461026,0.
1779989194.561026,233.9401179401,1779989194.561026,0.
1779989194.661026,233.9401179401,1779989194.661026,0.
1779989194.7610261,233.9401179401,1779989194.7610261,0.
1779989194.861026,233.9401179401,1779989194.861026,0.
1779989194.961026,233.9401179401,1779989194.961026,0.
1779989195.061026,233.9401179401,1779989195.061026,0.
1779989195.161026,233.9401179401,1779989195.161026,0.
1779989195.2610261,233.9401179401,1779989195.2610261,0.
1779989195.361026,233.9401179401,1779989195.361026,0.
1779989195.461026,233.9401179401,1779989195.461026,0.
1779989195.561026,233.9401179401,1779989195.561026,0.
1779989195.661026,233.9401179401,1779989195.661026,0.
1779989195.7610261,233.9401179401,1779989195.7610261,0.
1779989195.861026,233.9401179401,1779989195.861026,0.
1779989195.961026,233.9401179401,1779989195.961026,0.
1779989196.061026,233.9401179401,1779989196.061026,0.
1779989196.161026,233.9401179401,1779989196.161026,0.
1779989196.2610261,233.9401179401,1779989196.2610261,0.
1779989196.361026,233.9401179401,1779989196.361026,0.
1779989196.461026,233.9401179401,1779989196.461026,0.
1779989196.561026,233.9401179401,1779989196.561026,0.
1779989196.661026,233.9401179401,1779989196.661026,0.
1779989196.7610261,233.9401179401,1779989196.7610261,0.
1779989196.861026,233.9401179401,1779989196.861026,0.
1779989196.961026,233.9401179401,1779989196.961026,0.
1779989197.061026,233.9401179401,1779989197.061026,0.
1779989197.161026,233.9401179401,1779989197.161026,0.
1779989197.2610261,233.9401179401,1779989197.2610261,0.
1779989197.361026,233.9401179401,1779989197.361026,0.
1779989197.461026,233.9401179401,1779989197.461026,0.
1779989197.561026,233.9401179401,1779989197.561026,0.
1779989197.661026,233.9401179401,1779989197.661026,0.
1779989197.7610261,233.9401179401,1779989197.7610261,0.
1779989197.861026,233.9401179401,1779989197.861026,0.
1779989197.961026,233.9401179401,1779989197.961026,0.
1779989198.061026,233.9401179401,1779989198.061026,0.
1779989198.161026,233.9401179401,1779989198.161026,0.
1779989198.2610261,233.9401179401,1779989198.2610261,0.
1779989198.361026,233.9401179401,1779989198.361026,0.
1779989198.461026,233.9401179401,1779989198.461026,0.
1779989198.561026,233.9401179401,1779989198.561026,0.
1779989198.661026,233.9401179401,1779989198.661026,0.
1779989198.7610261,233.9401179401,1779989198.7610261,0.
1779989198.861026,233.9401179401,1779989198.861026,0.
1779989198.961026,233.9401179401,1779989198.961026,0.
1779989199.061026,233.9401179401,1779989199.061026,0.
1779989199.161026,233.9401179401,1779989199.161026,0.
1779989199.2610261,233.9401179401,1779989199.2610261,0.
1779989199.361026,233.9401179401,1779989199.361026,0.
1779989199.461026,233.9401179401,1779989199.461026,0.
1779989199.561026,233.9401179401,1779989199.561026,0.
1779989199.661026,233.9401179401,1779989199.661026,0.
1779989199.7610261,233.9401179401,1779989199.7610261,0.
1779989199.861026,233.9401179401,1779989199.861026,0.
1779989199.961026,233.9401179401,1779989199.961026,0.
1779989200.061026,233.9401179401,1779989200.061026,0.
1779989200.161026,233.9401179401,1779989200.161026,0.
1779989200.2610261,233.9401179401,1779989200.2610261,0.
1779989200.361026,233.9401179401,1779989200.361026,0.
1779989200.461026,233.9401179401,1779989200.461026,0.
1779989200.561026,233.9401179401,1779989200.561026,0.
1779989200.661026,233.9401179401,1779989200.661026,0.
1779989200.7610261,233.9401179401,1779989200.7610261,0.
1779989200.861026,233.9401179401,1779989200.861026,0.
1779989200.961026,233.9401179401,1779989200.961026,0.
1779989201.061026,233.9401179401,1779989201.061026,0.
1779989201.161026,233.9401179401,1779989201.161026,0.
1779989201.2610261,233.9401179401,1779989201.2610261,0.
1779989201.361026,233.9401179401,1779989201.361026,0.
1779989201.461026,233.9401179401,1779989201.461026,0.
1779989201.561026,233.9401179401,1779989201.561026,0.
1779989201.661026,233.9401179401,1779989201.661026,0.
1779989201.7610261,233.9401179401,1779989201.7610261,0.
1779989201.861026,233.9401179401,1779989201.861026,0.
1779989201.961026,233.9401179401,1779989201.961026,0.
1779989202.061026,233.9401179401,1779989202.061026,0.
1779989202.161026,233.9401179401,1779989202.161026,0.
1779989202.2610261,233.9401179401,1779989202.2610261,0.
1779989202.361026,233.9401179401,1779989202.361026,0.
1779989202.461026,233.9401179401,1779989202.461026,0.
1779989202.561026,233.9401179401,1779989202.561026,0.
1779989202.661026,233.9401179401,1779989202.661026,0.
1779989202.7610261,233.9401179401,1779989202.7610261,0.
1779989202.861026,233.9401179401,1779989202.861026,0.
1779989202.961026,233.9401179401,1779989202.961026,0.
1779989203.061026,233.9401179401,1779989203.061026,0.
1779989203.161026,233.9401179401,1779989203.161026,0.
1779989203.2610261,233.9401179401,1779989203.2610261,0.
1779989203.361026,233.9401179401,1779989203.361026,0.
1779989203.461026,233.9401179401,1779989203.461026,0.
1779989203.561026,233.9401179401,1779989203.561026,0.
1779989203.661026,233.9401179401,1779989203.661026,0.
1779989203.7610261,233.9401179401,1779989203.7610261,0.
1779989203.861026,233.9401179401,1779989203.861026,0.
1779989203.961026,233.9401179401,1779989203.961026,0.
1779989204.061026,233.9401179401,1779989204.061026,0.
1779989204.161026,233.9401179401,1779989204.161026,0.
1779989204.2610261,233.9401179401,1779989204.2610261,0.
1779989204.361026,233.9401179401,1779989204.361026,0.
1779989204.461026,233.9401179401,1779989204.461026,0.
1779989204.561026,233.9401179401,1779989204.561026,0.
1779989204.661026,233.9401179401,1779989204.661026,0.
1779989204.7610261,233.9401179401,1779989204.7610261,0.
1779989204.861026,233.9401179401,1779989204.861026,0.
1779989204.961026,233.9401179401,1779989204.961026,0.
1779989205.061026,233.9401179401,1779989205.061026,0.
1779989205.161026,233.9401179401,1779989205.161026,0.
1779989205.2610261,233.9401179401,1779989205.2610261,0.
1779989205.361026,233.9401179401,1779989205.361026,0.
1779989205.461026,233.9401179401,1779989205.461026,0.
1779989205.561026,233.9401179401,1779989205.561026,0.
1779989205.661026,233.9401179401,1779989205.661026,0.
1779989205.7610261,233.9401179401,1779989205.7610261,0.
1779989205.861026,233.9401179401,1779989205.861026,0.
1779989205.961026,233.9401179401,1779989205.961026,0.
1779989206.061026,233.9401179401,1779989206.061026,0.
1779989206.161026,233.9401179401,1779989206.161026,0.
1779989206.2610261,233.9401179401,1779989206.2610261,0.
1779989206.361026,233.9401179401,1779989206.361026,0.
1779989206.461026,233.9401179401,1779989206.461026,0.
1779989206.561026,233.9401179401,1779989206.561026,0.
1779989206.661026,233.9401179401,1779989206.661026,0.
1779989206.7610261,233.9401179401,1779989206.7610261,0.
1779989206.861026,233.9401179401,1779989206.861026,0.
1779989206.961026,233.9401179401,1779989206.961026,0.
1779989207.061026,233.9401179401,1779989207.061026,0.
1779989207.161026,233.9401179401,1779989207.161026,0.
1779989207.2610261,233.9401179401,1779989207.2610261,0.
1779989207.361026,233.9401179401,1779989207.361026,0.
1779989207.461026,233.9401179401,1779989207.461026,0.
1779989207.561026,233.9401179401,1779989207.561026,0.
1779989207.661026,233.9401179401,1779989207.661026,0.
1779989207.7610261,233.9401179401,1779989207.7610261,0.
1779989207.861026,233.9401179401,1779989207.861026,0.
1779989207.961026,233.9401179401,1779989207.961026,0.
1779989208.061026,233.9401179401,1779989208.061026,0.
1779989208.161026,233.9401179401,1779989208.161026,0.
1779989208.2610261,233.9401179401,1779989208.2610261,0.
1779989208.361026,233.9401179401,1779989208.361026,0.
1779989208.461026,233.9401179401,1779989208.461026,0.
1779989208.561026,233.9401179401,1779989208.561026,0.
1779989208.661026,233.9401179401,1779989208.661026,0.
1779989208.7610261,233.9401179401,1779989208.7610261,0.
1779989208.861026,233.9401179401,1779989208.861026,0.
1779989208.961026,233.9401179401,1779989208.961026,0.
1779989209.061026,233.9401179401,1779989209.061026,0.
1779989209.161026,233.9401179401,1779989209.161026,0.
1779989209.2610261,233.9401179401,1779989209.2610261,0.
1779989209.361026,233.9401179401,1779989209.361026,0.
1779989209.461026,233.9401179401,1779989209.461026,0.
1779989209.561026,233.9401179401,1779989209.561026,0.
1779989209.661026,233.9401179401,1779989209.661026,0.
1779989209.7610261,233.9401179401,1779989209.7610261,0.
1779989209.861026,233.9401179401,1779989209.861026,0.
1779989209.961026,233.9401179401,1779989209.961026,0.
1779989210.061026,233.9401179401,1779989210.061026,0.
1779989210.161026,233.9401179401,1779989210.161026,0.
1779989210.2610261,233.9401179401,1779989210.2610261,0.
1779989210.361026,233.9401179401,1779989210.361026,0.
1779989210.461026,233.9401179401,1779989210.461026,0.
1779989210.561026,233.9401179401,1779989210.561026,0.
1779989210.661026,233.9401179401,1779989210.661026,0.
1779989210.7610261,233.9401179401,1779989210.7610261,0.
1779989210.861026,233.9401179401,1779989210.861026,0.
1779989210.961026,233.9401179401,1779989210.961026,0.
1779989211.061026,233.9401179401,1779989211.061026,0.
1779989211.161026,233.9401179401,1779989211.161026,0.
1779989211.2610261,233.9401179401,1779989211.2610261,0.
1779989211.361026,233.9401179401,1779989211.361026,0.
1779989211.461026,233.9401179401,1779989211.461026,0.
1779989211.561026,233.9401179401,1779989211.561026,0.
1779989211.661026,233.9401179401,1779989211.661026,0.
1779989211.7610261,233.9401179401,1779989211.7610261,0.
1779989211.861026,233.9401179401,1779989211.861026,0.
1779989211.961026,233.9401179401,1779989211.961026,0.
1779989212.061026,233.9401179401,1779989212.061026,0.
1779989212.161026,233.9401179401,1779989212.161026,0.
1779989212.2610261,233.9401179401,1779989212.2610261,0.
1779989212.361026,233.9401179401,1779989212.361026,0.
1779989212.461026,233.9401179401,1779989212.461026,0.
1779989212.561026,233.9401179401,1779989212.561026,0.
1779989212.661026,233.9401179401,1779989212.661026,0.
1779989212.7610261,233.9401179401,1779989212.7610261,0.
1779989212.861026,233.9401179401,1779989212.861026,0.
1779989212.961026,233.9401179401,1779989212.961026,0.
1779989213.061026,233.9401179401,1779989213.061026,0.
1779989213.161026,233.9401179401,1779989213.161026,0.
1779989213.2610261,233.9401179401,1779989213.2610261,0.
1779989213.361026,233.9401179401,1779989213.361026,0.
1779989213.461026,233.9401179401,1779989213.461026,0.
1779989213.561026,233.9401179401,1779989213.561026,0.
1779989213.661026,233.9401179401,1779989213.661026,0.
1779989213.7610261,233.9401179401,1779989213.7610261,0.
1779989213.861026,233.9401179401,1779989213.861026,0.
1779989213.961026,233.9401179401,1779989213.961026,0.
1779989214.061026,233.9401179401,1779989214.061026,0.
1779989214.161026,233.9401179401,1779989214.161026,0.
1779989214.2610261,233.9401179401,1779989214.2610261,0.
1779989214.361026,233.9401179401,1779989214.361026,0.
1779989214.461026,233.9401179401,1779989214.461026,0.
1779989214.561026,233.9401179401,1779989214.561026,0.
1779989214.661026,233.9401179401,1779989214.661026,0.
1779989214.7610261,233.9401179401,1779989214.7610261,0.
1779989214.861026,233.9401179401,1779989214.861026,0.
1779989214.961026,233.9401179401,1779989214.961026,0.
1779989215.061026,233.9401179401,1779989215.061026,0.
1779989215.161026,233.9401179401,1779989215.161026,0.
1779989215.2610261,233.9401179401,1779989215.2610261,0.
1779989215.361026,233.9401179401,1779989215.361026,0.
1779989215.461026,233.9401179401,1779989215.461026,0.
1779989215.561026,233.9401179401,1779989215.561026,0.
1779989215.661026,233.9401179401,1779989215.661026,0.
1779989215.7610261,233.9401179401,1779989215.7610261,0.
1779989215.861026,233.9401179401,1779989215.861026,0.
1779989215.961026,233.9401179401,1779989215.961026,0.
1779989216.061026,233.9401179401,1779989216.061026,0.
1779989216.161026,233.9401179401,1779989216.161026,0.
1779989216.2610261,233.9401179401,1779989216.2610261,0.
1779989216.361026,233.9401179401,1779989216.361026,0.
1779989216.461026,233.9401179401,1779989216.461026,0.
1779989216.561026,233.9401179401,1779989216.561026,0.
1779989216.661026,233.9401179401,1779989216.661026,0.
1779989216.7610261,233.9401179401,1779989216.7610261,0.
1779989216.861026,233.9401179401,1779989216.861026,0.
1779989216.961026,233.9401179401,1779989216.961026,0.
1779989217.061026,233.9401179401,1779989217.061026,0.
1779989217.161026,233.9401179401,1779989217.161026,0.
1779989217.2610261,233.9401179401,1779989217.2610261,0.
1779989217.361026,233.9401179401,1779989217.361026,0.
1779989217.461026,233.9401179401,1779989217.461026,0.
1779989217.561026,233.9401179401,1779989217.561026,0.
1779989217.661026,233.9401179401,1779989217.661026,0.
1779989217.7610261,233.9401179401,1779989217.7610261,0.
1779989217.861026,233.9401179401,1779989217.861026,0.
1779989217.961026,233.9401179401,1779989217.961026,0.
1779989218.061026,233.9401179401,1779989218.061026,0.
1779989218.161026,233.9401179401,1779989218.161026,0.
1779989218.2610261,233.9401179401,1779989218.2610261,0.
1779989218.361026,233.9401179401,1779989218.361026,0.
1779989218.461026,233.9401179401,1779989218.461026,0.
1779989218.561026,233.9401179401,1779989218.561026,0.
1779989218.661026,233.9401179401,1779989218.661026,0.
1779989218.7610261,233.9401179401,1779989218.7610261,0.
1779989218.861026,233.9401179401,1779989218.861026,0.
1779989218.961026,233.9401179401,1779989218.961026,0.
1779989219.061026,233.9401179401,1779989219.061026,0.
1779989219.161026,233.9401179401,1779989219.161026,0.
1779989219.2610261,233.9401179401,1779989219.2610261,0.
1779989219.361026,233.9401179401,1779989219.361026,0.
1779989219.461026,233.9401179401,1779989219.461026,0.
1779989219.561026,233.9401179401,1779989219.561026,0.
1779989219.661026,233.9401179401,1779989219.661026,0.
1779989219.7610261,233.9401179401,1779989219.7610261,0.
1779989219.861026,233.9401179401,1779989219.861026,0.
1779989219.961026,233.9401179401,1779989219.961026,0.
1779989220.061026,233.9401179401,1779989220.061026,0.
1779989220.161026,233.9401179401,1779989220.161026,0.
1779989220.2610261,233.9401179401,1779989220.2610261,0.
1779989220.361026,233.9401179401,1779989220.361026,0.
1779989220.461026,233.9401179401,1779989220.461026,0.
1779989220.561026,233.9401179401,1779989220.561026,0.
1779989220.661026,233.9401179401,1779989220.661026,0.
1779989220.7610261,233.9401179401,1779989220.7610261,0.
1779989220.861026,233.9401179401,1779989220.861026,0.
1779989220.961026,233.9401179401,1779989220.961026,0.
1779989221.061026,233.9401179401,1779989221.061026,0.
1779989221.161026,233.9401179401,1779989221.161026,0.
1779989221.2610261,233.9401179401,1779989221.2610261,0.
1779989221.361026,233.9401179401,1779989221.361026,0.
1779989221.461026,233.9401179401,1779989221.461026,0.
1779989221.561026,233.9401179401,1779989221.561026,0.
1779989221.661026,233.9401179401,1779989221.661026,0.
1779989221.7610261,233.9401179401,1779989221.7610261,0.
1779989221.861026,233.9401179401,1779989221.861026,0.
1779989221.961026,233.9401179401,1779989221.961026,0.
1779989222.061026,233.9401179401,1779989222.061026,0.
1779989222.161026,233.9401179401,1779989222.161026,0.
1779989222.2610261,233.9401179401,1779989222.2610261,0.
1779989222.361026,233.9401179401,1779989222.361026,0.
1779989222.461026,233.9401179401,1779989222.461026,0.
1779989222.561026,233.9401179401,1779989222.561026,0.
1779989222.661026,233.9401179401,1779989222.661026,0.
1779989222.7610261,233.9401179401,1779989222.7610261,0.
1779989222.861026,233.9401179401,1779989222.861026,0.
1779989222.961026,233.9401179401,1779989222.961026,0.
1779989223.061026,233.9401179401,1779989223.061026,0.
1779989223.161026,233.9401179401,1779989223.161026,0.
1779989223.2610261,233.9401179401,1779989223.2610261,0.
1779989223.361026,233.9401179401,1779989223.361026,0.
1779989223.461026,233.9401179401,1779989223.461026,0.
1779989223.561026,233.9401179401,1779989223.561026,0.
1779989223.661026,233.9401179401,1779989223.661026,0.
1779989223.7610261,233.9401179401,1779989223.7610261,0.
1779989223.861026,233.9401179401,1779989223.861026,0.
1779989223.961026,233.9401179401,1779989223.961026,0.
1779989224.061026,233.9401179401,1779989224.061026,0.
1779989224.161026,233.9401179401,1779989224.161026,0.
1779989224.2610261,233.9401179401,1779989224.2610261,0.
1779989224.361026,233.9401179401,1779989224.361026,0.
1779989224.461026,233.9401179401,1779989224.461026,0.
1779989224.561026,233.9401179401,1779989224.561026,0.
1779989224.661026,233.9401179401,1779989224.661026,0.
1779989224.7610261,233.9401179401,1779989224.7610261,0.
1779989224.861026,233.9401179401,1779989224.861026,0.
1779989224.961026,233.9401179401,1779989224.961026,0.
1779989225.061026,233.9401179401,1779989225.061026,0.
1779989225.161026,233.9401179401,1779989225.161026,0.
1779989225.2610261,233.9401179401,1779989225.2610261,0.
1779989225.361026,233.9401179401,1779989225.361026,0.
1779989225.461026,233.9401179401,1779989225.461026,0.
1779989225.561026,233.9401179401,1779989225.561026,0.
1779989225.661026,233.9401179401,1779989225.661026,0.
1779989225.7610261,233.9401179401,1779989225.7610261,0.
1779989225.861026,233.9401179401,1779989225.861026,0.
1779989225.961026,233.9401179401,1779989225.961026,0.
1779989226.061026,233.9401179401,1779989226.061026,0.
1779989226.161026,233.9401179401,1779989226.161026,0.
1779989226.2610261,233.9401179401,1779989226.2610261,0.
1779989226.361026,233.9401179401,1779989226.361026,0.
1779989226.461026,233.9401179401,1779989226.461026,0.
1779989226.561026,233.9401179401,1779989226.561026,0.
1779989226.661026,233.9401179401,1779989226.661026,0.
1779989226.7610261,233.9401179401,1779989226.7610261,0.
1779989226.861026,233.9401179401,1779989226.861026,0.
1779989226.961026,233.9401179401,1779989226.961026,0.
1779989227.061026,233.9401179401,1779989227.061026,0.
1779989227.161026,233.9401179401,1779989227.161026,0.
1779989227.2610261,233.9401179401,1779989227.2610261,0.
1779989227.361026,233.9401179401,1779989227.361026,0.
1779989227.461026,233.9401179401,1779989227.461026,0.
1779989227.561026,233.9401179401,1779989227.561026,0.
1779989227.661026,233.9401179401,1779989227.661026,0.
1779989227.7610261,233.9401179401,1779989227.7610261,0.
1779989227.861026,233.9401179401,1779989227.861026,0.
1779989227.961026,233.9401179401,1779989227.961026,0.
1779989228.061026,233.9401179401,1779989228.061026,0.
1779989228.161026,233.9401179401,1779989228.161026,0.
1779989228.2610261,233.9401179401,1779989228.2610261,0.
1779989228.361026,233.9401179401,1779989228.361026,0.
1779989228.461026,233.9401179401,1779989228.461026,0.
1779989228.561026,233.9401179401,1779989228.561026,0.
1779989228.661026,233.9401179401,1779989228.661026,0.
1779989228.7610261,233.9401179401,1779989228.7610261,0.
1779989228.861026,233.9401179401,1779989228.861026,0.
1779989228.961026,233.9401179401,1779989228.961026,0.
1779989229.061026,233.9401179401,1779989229.061026,0.
1779989229.161026,233.9401179401,1779989229.161026,0.
1779989229.2610261,233.9401179401,1779989229.2610261,0.
1779989229.361026,233.9401179401,1779989229.361026,0.
1779989229.461026,233.9401179401,1779989229.461026,0.
1779989229.561026,233.9401179401,1779989229.561026,0.
1779989229.661026,233.9401179401,1779989229.661026,0.
1779989229.7610261,233.9401179401,1779989229.7610261,0.
1779989229.861026,233.9401179401,1779989229.861026,0.
1779989229.961026,233.9401179401,1779989229.961026,0.
1779989230.061026,233.9401179401,1779989230.061026,0.
1779989230.161026,233.9401179401,1779989230.161026,0.
1779989230.2610261,233.9401179401,1779989230.2610261,0.
1779989230.361026,233.9401179401,1779989230.361026,0.
1779989230.461026,233.9401179401,1779989230.461026,0.
1779989230.561026,233.9401179401,1779989230.561026,0.
1779989230.661026,233.9401179401,1779989230.661026,0.
1779989230.7610261,233.9401179401,1779989230.7610261,0.
1779989230.861026,233.9401179401,1779989230.861026,0.
1779989230.961026,233.9401179401,1779989230.961026,0.
1779989231.061026,233.9401179401,1779989231.061026,0.
1779989231.161026,233.9401179401,1779989231.161026,0.
1779989231.2610261,233.9401179401,1779989231.2610261,0.
1779989231.361026,233.9401179401,1779989231.361026,0.
1779989231.461026,233.9401179401,1779989231.461026,0.
1779989231.561026,233.9401179401,1779989231.561026,0.
1779989231.661026,233.9401179401,1779989231.661026,0.
1779989231.7610261,233.9401179401,1779989231.7610261,0.
1779989231.861026,233.9401179401,1779989231.861026,0.
1779989231.961026,233.9401179401,1779989231.961026,0.
1779989232.061026,233.9401179401,1779989232.061026,0.
1779989232.161026,233.9401179401,1779989232.161026,0.
1779989232.2610261,233.9401179401,1779989232.2610261,0.
1779989232.361026,233.9401179401,1779989232.361026,0.
1779989232.461026,233.9401179401,1779989232.461026,0.
1779989232.561026,233.9401179401,1779989232.561026,0.
1779989232.661026,233.9401179401,1779989232.661026,0.
1779989232.7610261,233.9401179401,1779989232.7610261,0.
1779989232.861026,233.9401179401,1779989232.861026,0.
1779989232.961026,233.9401179401,1779989232.961026,0.
1779989233.061026,233.9401179401,1779989233.061026,0.
1779989233.161026,233.9401179401,1779989233.161026,0.
1779989233.2610261,233.9401179401,1779989233.2610261,0.
1779989233.361026,233.9401179401,1779989233.361026,0.
1779989233.461026,233.9401179401,1779989233.461026,0.
1779989233.561026,233.9401179401,1779989233.561026,0.
1779989233.661026,233.9401179401,1779989233.661026,0.
1779989233.7610261,233.9401179401,1779989233.7610261,0.
1779989233.861026,233.9401179401,1779989233.861026,0.
1779989233.961026,233.9401179401,1779989233.961026,0.
1779989234.061026,233.9401179401,1779989234.061026,0.
1779989234.161026,233.9401179401,1779989234.161026,0.
1779989234.2610261,233.9401179401,1779989234.2610261,0.
1779989234.361026,233.9401179401,1779989234.361026,0.
1779989234.461026,233.9401179401,1779989234.461026,0.
1779989234.561026,233.9401179401,1779989234.561026,0.
1779989234.661026,233.9401179401,1779989234.661026,0.
1779989234.7610261,233.9401179401,1779989234.7610261,0.
1779989234.861026,233.9401179401,1779989234.861026,0.
1779989234.961026,233.9401179401,1779989234.961026,0.
1779989235.061026,233.9401179401,1779989235.061026,0.
1779989235.161026,233.9401179401,1779989235.161026,0.
1779989235.2610261,233.9401179401,1779989235.2610261,0.
1779989235.361026,233.9401179401,1779989235.361026,0.
1779989235.461026,233.9401179401,1779989235.461026,0.
1779989235.561026,233.9401179401,1779989235.561026,0.
1779989235.661026,233.9401179401,1779989235.661026,0.
1779989235.7610261,233.9401179401,1779989235.7610261,0.
1779989235.861026,233.9401179401,1779989235.861026,0.
1779989235.961026,233.9401179401,1779989235.961026,0.
1779989236.061026,233.9401179401,1779989236.061026,0.
1779989236.161026,233.9401179401,1779989236.161026,0.
1779989236.2610261,233.9401179401,1779989236.2610261,0.
1779989236.361026,233.9401179401,1779989236.361026,0.
1779989236.461026,233.9401179401,1779989236.461026,0.
1779989236.561026,233.9401179401,1779989236.561026,0.
1779989236.661026,233.9401179401,1779989236.661026,0.
1779989236.7610261,233.9401179401,1779989236.7610261,0.
1779989236.861026,233.9401179401,1779989236.861026,0.
1779989236.961026,233.9401179401,1779989236.961026,0.
1779989237.061026,233.9401179401,1779989237.061026,0.
1779989237.161026,233.9401179401,1779989237.161026,0.
1779989237.2610261,233.9401179401,1779989237.2610261,0.
1779989237.361026,233.9401179401,1779989237.361026,0.
1779989237.461026,233.9401179401,1779989237.461026,0.
1779989237.561026,233.9401179401,1779989237.561026,0.
1779989237.661026,233.9401179401,1779989237.661026,0.
1779989237.7610261,233.9401179401,1779989237.7610261,0.
1779989237.861026,233.9401179401,1779989237.861026,0.
1779989237.961026,233.9401179401,1779989237.961026,0.
1779989238.061026,233.9401179401,1779989238.061026,0.
1779989238.161026,233.9401179401,1779989238.161026,0.
1779989238.2610261,233.9401179401,1779989238.2610261,0.
1779989238.361026,233.9401179401,1779989238.361026,0.
1779989238.461026,233.9401179401,1779989238.461026,0.
1779989238.561026,233.9401179401,1779989238.561026,0.
1779989238.661026,233.9401179401,1779989238.661026,0.
1779989238.7610261,233.9401179401,1779989238.7610261,0.
1779989238.861026,233.9401179401,1779989238.861026,0.
1779989238.961026,233.9401179401,1779989238.961026,0.
1779989239.061026,233.9401179401,1779989239.061026,0.
1779989239.161026,233.9401179401,1779989239.161026,0.
1779989239.2610261,233.9401179401,1779989239.2610261,0.
1779989239.361026,233.9401179401,1779989239.361026,0.
1779989239.461026,233.9401179401,1779989239.461026,0.
1779989239.561026,233.9401179401,1779989239.561026,0.
1779989239.661026,233.9401179401,1779989239.661026,0.
1779989239.7610261,233.9401179401,1779989239.7610261,0.
1779989239.861026,233.9401179401,1779989239.861026,0.
1779989239.961026,233.9401179401,1779989239.961026,0.
1779989240.061026,233.9401179401,1779989240.061026,0.
1779989240.161026,233.9401179401,1779989240.161026,0.
1779989240.2610261,233.9401179401,1779989240.2610261,0.
1779989240.361026,233.9401179401,1779989240.361026,0.
1779989240.461026,233.9401179401,1779989240.461026,0.
1779989240.561026,233.9401179401,1779989240.561026,0.
1779989240.661026,233.9401179401,1779989240.661026,0.
1779989240.7610261,233.9401179401,1779989240.7610261,0.
1779989240.861026,233.9401179401,1779989240.861026,0.
1779989240.961026,233.9401179401,1779989240.961026,0.
1779989241.061026,233.9401179401,1779989241.061026,0.
1779989241.161026,233.9401179401,1779989241.161026,0.
1779989241.2610261,233.9401179401,1779989241.2610261,0.
1779989241.361026,233.9401179401,1779989241.361026,0.
1779989241.461026,233.9401179401,1779989241.461026,0.
1779989241.561026,233.9401179401,1779989241.561026,0.
1779989241.661026,233.9401179401,1779989241.661026,0.
1779989241.7610261,233.9401179401,1779989241.7610261,0.
1779989241.861026,233.9401179401,1779989241.861026,0.
1779989241.961026,233.9401179401,1779989241.961026,0.
1779989242.061026,233.9401179401,1779989242.061026,0.
1779989242.161026,233.9401179401,1779989242.161026,0.
1779989242.2610261,233.9401179401,1779989242.2610261,0.
1779989242.361026,233.9401179401,1779989242.361026,0.
1779989242.461026,233.9401179401,1779989242.461026,0.
1779989242.561026,233.9401179401,1779989242.561026,0.
1779989242.661026,233.9401179401,1779989242.661026,0.
1779989242.7610261,233.9401179401,1779989242.7610261,0.
1779989242.861026,233.9401179401,1779989242.861026,0.
1779989242.961026,233.9401179401,1779989242.961026,0.
1779989243.061026,233.9401179401,1779989243.061026,0.
1779989243.161026,233.9401179401,1779989243.161026,0.
1779989243.2610261,233.9401179401,1779989243.2610261,0.
1779989243.361026,233.9401179401,1779989243.361026,0.
1779989243.461026,233.9401179401,1779989243.461026,0.
1779989243.561026,233.9401179401,1779989243.561026,0.
1779989243.661026,233.9401179401,1779989243.661026,0.
1779989243.7610261,233.9401179401,1779989243.7610261,0.
1779989243.861026,233.9401179401,1779989243.861026,0.
1779989243.961026,233.9401179401,1779989243.961026,0.
1779989244.061026,233.9401179401,1779989244.061026,0.
1779989244.161026,233.9401179401,1779989244.161026,0.
1779989244.2610261,233.9401179401,1779989244.2610261,0.
1779989244.361026,233.9401179401,1779989244.361026,0.
1779989244.461026,233.9401179401,1779989244.461026,0.
1779989244.561026,233.9401179401,1779989244.561026,0.
1779989244.661026,233.9401179401,1779989244.661026,0.
1779989244.7610261,233.9401179401,1779989244.7610261,0.
1779989244.861026,233.9401179401,1779989244.861026,0.
1779989244.961026,233.9401179401,1779989244.961026,0.
1779989245.061026,233.9401179401,1779989245.061026,0.
1779989245.161026,233.9401179401,1779989245.161026,0.
1779989245.2610261,233.9401179401,1779989245.2610261,0.
1779989245.361026,233.9401179401,1779989245.361026,0.
1779989245.461026,233.9401179401,1779989245.461026,0.
1779989245.561026,233.9401179401,1779989245.561026,0.
1779989245.661026,233.9401179401,1779989245.661026,0.
1779989245.7610261,233.9401179401,1779989245.7610261,0.
1779989245.861026,233.9401179401,1779989245.861026,0.
1779989245.961026,233.9401179401,1779989245.961026,0.
1779989246.061026,233.9401179401,1779989246.061026,0.
1779989246.161026,233.9401179401,1779989246.161026,0.
1779989246.2610261,233.9401179401,1779989246.2610261,0.
1779989246.361026,233.9401179401,1779989246.361026,0.
1779989246.461026,233.9401179401,1779989246.461026,0.
1779989246.561026,233.9401179401,1779989246.561026,0.
1779989246.661026,233.9401179401,1779989246.661026,0.
1779989246.7610261,233.9401179401,1779989246.7610261,0.
1779989246.861026,233.9401179401,1779989246.861026,0.
1779989246.961026,233.9401179401,1779989246.961026,0.
1779989247.061026,233.9401179401,1779989247.061026,0.
1779989247.161026,233.9401179401,1779989247.161026,0.
1779989247.2610261,233.9401179401,1779989247.2610261,0.
1779989247.361026,233.9401179401,1779989247.361026,0.
1779989247.461026,233.9401179401,1779989247.461026,0.
1779989247.561026,233.9401179401,1779989247.561026,0.
1779989247.661026,233.9401179401,1779989247.661026,0.
1779989247.7610261,233.9401179401,1779989247.7610261,0.
1779989247.861026,233.9401179401,1779989247.861026,0.
1779989247.961026,233.9401179401,1779989247.961026,0.
1779989248.061026,233.9401179401,1779989248.061026,0.
1779989248.161026,233.9401179401,1779989248.161026,0.
1779989248.2610261,233.9401179401,1779989248.2610261,0.
1779989248.361026,233.9401179401,1779989248.361026,0.
1779989248.461026,233.9401179401,1779989248.461026,0.
1779989248.561026,233.9401179401,1779989248.561026,0.
1779989248.661026,233.9401179401,1779989248.661026,0.
1779989248.7610261,233.9401179401,1779989248.7610261,0.
1779989248.861026,233.9401179401,1779989248.861026,0.
1779989248.961026,233.9401179401,1779989248.961026,0.
1779989249.061026,233.9401179401,1779989249.061026,0.
1779989249.161026,233.9401179401,1779989249.161026,0.
1779989249.2610261,233.9401179401,1779989249.2610261,0.
1779989249.361026,233.9401179401,1779989249.361026,0.
1779989249.461026,233.9401179401,1779989249.461026,0.
1779989249.561026,233.9401179401,1779989249.561026,0.
1779989249.661026,233.9401179401,1779989249.661026,0.
1779989249.7610261,233.9401179401,1779989249.7610261,0.
1779989249.861026,233.9401179401,1779989249.861026,0.
1779989249.961026,233.9401179401,1779989249.961026,0.
1779989250.061026,233.9401179401,1779989250.061026,0.
1779989250.161026,233.9401179401,1779989250.161026,0.
1779989250.2610261,233.9401179401,1779989250.2610261,0.
1779989250.361026,233.9401179401,1779989250.361026,0.
1779989250.461026,233.9401179401,1779989250.461026,0.
1779989250.561026,233.9401179401,1779989250.561026,0.
1779989250.661026,233.9401179401,1779989250.661026,0.
1779989250.7610261,233.9401179401,1779989250.7610261,0.
1779989250.861026,233.9401179401,1779989250.861026,0.
1779989250.961026,233.9401179401,1779989250.961026,0.
1779989251.061026,233.9401179401,1779989251.061026,0.
1779989251.161026,233.9401179401,1779989251.161026,0.
1779989251.2610261,233.9401179401,1779989251.2610261,0.
1779989251.361026,233.9401179401,1779989251.361026,0.
1779989251.461026,233.9401179401,1779989251.461026,0.
1779989251.561026,233.9401179401,1779989251.561026,0.
1779989251.661026,233.9401179401,1779989251.661026,0.
1779989251.7610261,233.9401179401,1779989251.7610261,0.
1779989251.861026,233.9401179401,1779989251.861026,0.
1779989251.961026,233.9401179401,1779989251.961026,0.
1779989252.061026,233.9401179401,1779989252.061026,0.
1779989252.161026,233.9401179401,1779989252.161026,0.
1779989252.2610261,233.9401179401,1779989252.2610261,0.
1779989252.361026,233.9401179401,1779989252.361026,0.
1779989252.461026,233.9401179401,1779989252.461026,0.
1779989252.561026,233.9401179401,1779989252.561026,0.
1779989252.661026,233.9401179401,1779989252.661026,0.
1779989252.7610261,233.9401179401,1779989252.7610261,0.
1779989252.861026,233.9401179401,1779989252.861026,0.
1779989252.961026,233.9401179401,1779989252.961026,0.
1779989253.061026,233.9401179401,1779989253.061026,0.
1779989253.161026,233.9401179401,1779989253.161026,0.
1779989253.2610261,233.9401179401,1779989253.2610261,0.
1779989253.361026,233.9401179401,1779989253.361026,0.
1779989253.461026,233.9401179401,1779989253.461026,0.
1779989253.561026,233.9401179401,1779989253.561026,0.
1779989253.661026,233.9401179401,1779989253.661026,0.
1779989253.7610261,233.9401179401,1779989253.7610261,0.
1779989253.861026,233.9401179401,1779989253.861026,0.
1779989253.961026,233.9401179401,1779989253.961026,0.
1779989254.061026,233.9401179401,1779989254.061026,0.
1779989254.161026,233.9401179401,1779989254.161026,0.
1779989254.2610261,233.9401179401,1779989254.2610261,0.
1779989254.361026,233.9401179401,1779989254.361026,0.
1779989254.461026,233.9401179401,1779989254.461026,0.
1779989254.561026,233.9401179401,1779989254.561026,0.
1779989254.661026,233.9401179401,1779989254.661026,0.
1779989254.7610261,233.9401179401,1779989254.7610261,0.
1779989254.861026,233.9401179401,1779989254.861026,0.
1779989254.961026,233.9401179401,1779989254.961026,0.
1779989255.061026,233.9401179401,1779989255.061026,0.
1779989255.161026,233.9401179401,1779989255.161026,0.
1779989255.2610261,233.9401179401,1779989255.2610261,0.
1779989255.361026,233.9401179401,1779989255.361026,0.
1779989255.461026,233.9401179401,1779989255.461026,0.
1779989255.561026,233.9401179401,1779989255.561026,0.
1779989255.661026,233.9401179401,1779989255.661026,0.
1779989255.7610261,233.9401179401,1779989255.7610261,0.
1779989255.861026,233.9401179401,1779989255.861026,0.
1779989255.961026,233.9401179401,1779989255.961026,0.
1779989256.061026,233.9401179401,1779989256.061026,0.
1779989256.161026,233.9401179401,1779989256.161026,0.
1779989256.2610261,233.9401179401,1779989256.2610261,0.
1779989256.361026,233.9401179401,1779989256.361026,0.
1779989256.461026,233.9401179401,1779989256.461026,0.
1779989256.561026,233.9401179401,1779989256.561026,0.
1779989256.661026,233.9401179401,1779989256.661026,0.
1779989256.7610261,233.9401179401,1779989256.7610261,0.
1779989256.861026,233.9401179401,1779989256.861026,0.
1779989256.961026,233.9401179401,1779989256.961026,0.
1779989257.061026,233.9401179401,1779989257.061026,0.
1779989257.161026,233.9401179401,1779989257.161026,0.
1779989257.2610261,233.9401179401,1779989257.2610261,0.
1779989257.361026,233.9401179401,1779989257.361026,0.
1779989257.461026,233.9401179401,1779989257.461026,0.
1779989257.561026,233.9401179401,1779989257.561026,0.
1779989257.661026,233.9401179401,1779989257.661026,0.
1779989257.7610261,233.9401179401,1779989257.7610261,0.
1779989257.861026,233.9401179401,1779989257.861026,0.
1779989257.961026,233.9401179401,1779989257.961026,0.
1779989258.061026,233.9401179401,1779989258.061026,0.
1779989258.161026,233.9401179401,1779989258.161026,0.
1779989258.2610261,233.9401179401,1779989258.2610261,0.
1779989258.361026,233.9401179401,1779989258.361026,0.
1779989258.461026,233.9401179401,1779989258.461026,0.
1779989258.561026,233.9401179401,1779989258.561026,0.
1779989258.661026,233.9401179401,1779989258.661026,0.
1779989258.7610261,233.9401179401,1779989258.7610261,0.
1779989258.861026,233.9401179401,1779989258.861026,0.
1779989258.961026,233.9401179401,1779989258.961026,0.
1779989259.061026,233.9401179401,1779989259.061026,0.
1779989259.161026,233.9401179401,1779989259.161026,0.
1779989259.2610261,233.9401179401,1779989259.2610261,0.
1779989259.361026,233.9401179401,1779989259.361026,0.
1779989259.461026,233.9401179401,1779989259.461026,0.
1779989259.561026,233.9401179401,1779989259.561026,0.
1779989259.661026,233.9401179401,1779989259.661026,0.
1779989259.7610261,233.9401179401,1779989259.7610261,0.
1779989259.861026,233.9401179401,1779989259.861026,0.
1779989259.961026,233.9401179401,1779989259.961026,0.
1779989260.061026,233.9401179401,1779989260.061026,0.
1779989260.161026,233.9401179401,1779989260.161026,0.
1779989260.2610261,233.9401179401,1779989260.2610261,0.
1779989260.361026,233.9401179401,1779989260.361026,0.
1779989260.461026,233.9401179401,1779989260.461026,0.
1779989260.561026,233.9401179401,1779989260.561026,0.
1779989260.661026,233.9401179401,1779989260.661026,0.
1779989260.7610261,233.9401179401,1779989260.7610261,0.
1779989260.861026,233.9401179401,1779989260.861026,0.
1779989260.961026,233.9401179401,1779989260.961026,0.
1779989261.061026,233.9401179401,1779989261.061026,0.
1779989261.161026,233.9401179401,1779989261.161026,0.
1779989261.2610261,233.9401179401,1779989261.2610261,0.
1779989261.361026,233.9401179401,1779989261.361026,0.
1779989261.461026,233.9401179401,1779989261.461026,0.
1779989261.561026,233.9401179401,1779989261.561026,0.
1779989261.661026,233.9401179401,1779989261.661026,0.
1779989261.7610261,233.9401179401,1779989261.7610261,0.
1779989261.861026,233.9401179401,1779989261.861026,0.
1779989261.961026,233.9401179401,1779989261.961026,0.
1779989262.061026,233.9401179401,1779989262.061026,0.
1779989262.161026,233.9401179401,1779989262.161026,0.
1779989262.2610261,233.9401179401,1779989262.2610261,0.
1779989262.361026,233.9401179401,1779989262.361026,0.
1779989262.461026,233.9401179401,1779989262.461026,0.
1779989262.561026,233.9401179401,1779989262.561026,0.
1779989262.661026,233.9401179401,1779989262.661026,0.
1779989262.7610261,233.9401179401,1779989262.7610261,0.
1779989262.861026,233.9401179401,1779989262.861026,0.
1779989262.961026,233.9401179401,1779989262.961026,0.
1779989263.061026,233.9401179401,1779989263.061026,0.
1779989263.161026,233.9401179401,1779989263.161026,0.
1779989263.2610261,233.9401179401,1779989263.2610261,0.
1779989263.361026,233.9401179401,1779989263.361026,0.
1779989263.461026,233.9401179401,1779989263.461026,0.
1779989263.561026,233.9401179401,1779989263.561026,0.
1779989263.661026,233.9401179401,1779989263.661026,0.
1779989263.7610261,233.9401179401,1779989263.7610261,0.
1779989263.861026,233.9401179401,1779989263.861026,0.
1779989263.961026,233.9401179401,1779989263.961026,0.
1779989264.061026,233.9401179401,1779989264.061026,0.
1779989264.161026,233.9401179401,1779989264.161026,0.
1779989264.2610261,233.9401179401,1779989264.2610261,0.
1779989264.361026,233.9401179401,1779989264.361026,0.
1779989264.461026,233.9401179401,1779989264.461026,0.
1779989264.561026,233.9401179401,1779989264.561026,0.
1779989264.661026,233.9401179401,1779989264.661026,0.
1779989264.7610261,233.9401179401,1779989264.7610261,0.
1779989264.861026,233.9401179401,1779989264.861026,0.
1779989264.961026,233.9401179401,1779989264.961026,0.
1779989265.061026,233.9401179401,1779989265.061026,0.
1779989265.161026,233.9401179401,1779989265.161026,0.
1779989265.2610261,233.9401179401,1779989265.2610261,0.
1779989265.361026,233.9401179401,1779989265.361026,0.
1779989265.461026,233.9401179401,1779989265.461026,0.
1779989265.561026,233.9401179401,1779989265.561026,0.
1779989265.661026,233.9401179401,1779989265.661026,0.
1779989265.7610261,233.9401179401,1779989265.7610261,0.
1779989265.861026,233.9401179401,1779989265.861026,0.
1779989265.961026,233.9401179401,1779989265.961026,0.
1779989266.061026,233.9401179401,1779989266.061026,0.
1779989266.161026,233.9401179401,1779989266.161026,0.
1779989266.2610261,233.9401179401,1779989266.2610261,0.
1779989266.361026,233.9401179401,1779989266.361026,0.
1779989266.461026,233.9401179401,1779989266.461026,0.
1779989266.561026,233.9401179401,1779989266.561026,0.
1779989266.661026,233.9401179401,1779989266.661026,0.
1779989266.7610261,233.9401179401,1779989266.7610261,0.
1779989266.861026,233.9401179401,1779989266.861026,0.
1779989266.961026,233.9401179401,1779989266.961026,0.
1779989267.061026,233.9401179401,1779989267.061026,0.
1779989267.161026,233.9401179401,1779989267.161026,0.
1779989267.2610261,233.9401179401,1779989267.2610261,0.
1779989267.361026,233.9401179401,1779989267.361026,0.
1779989267.461026,233.9401179401,1779989267.461026,0.
1779989267.561026,233.9401179401,1779989267.561026,0.
1779989267.661026,233.9401179401,1779989267.661026,0.
1779989267.7610261,233.9401179401,1779989267.7610261,0.
1779989267.861026,233.9401179401,1779989267.861026,0.
1779989267.961026,233.9401179401,1779989267.961026,0.
1779989268.061026,233.9401179401,1779989268.061026,0.
1779989268.161026,233.9401179401,1779989268.161026,0.
1779989268.2610261,233.9401179401,1779989268.2610261,0.
1779989268.361026,233.9401179401,1779989268.361026,0.
1779989268.461026,233.9401179401,1779989268.461026,0.
1779989268.561026,233.9401179401,1779989268.561026,0.
1779989268.661026,233.9401179401,1779989268.661026,0.
1779989268.7610261,233.9401179401,1779989268.7610261,0.
1779989268.861026,233.9401179401,1779989268.861026,0.
1779989268.961026,233.9401179401,1779989268.961026,0.
1779989269.061026,233.9401179401,1779989269.061026,0.
1779989269.161026,233.9401179401,1779989269.161026,0.
1779989269.2610261,233.9401179401,1779989269.2610261,0.
1779989269.361026,233.9401179401,1779989269.361026,0.
1779989269.461026,233.9401179401,1779989269.461026,0.
1779989269.561026,233.9401179401,1779989269.561026,0.
1779989269.661026,233.9401179401,1779989269.661026,0.
1779989269.7610261,233.9401179401,1779989269.7610261,0.
1779989269.861026,233.9401179401,1779989269.861026,0.
1779989269.961026,233.9401179401,1779989269.961026,0.
1779989270.061026,233.9401179401,1779989270.061026,0.
1779989270.161026,233.9401179401,1779989270.161026,0.
1779989270.2610261,233.9401179401,1779989270.2610261,0.
1779989270.361026,233.9401179401,1779989270.361026,0.
1779989270.461026,233.9401179401,1779989270.461026,0.
1779989270.561026,233.9401179401,1779989270.561026,0.
1779989270.661026,233.9401179401,1779989270.661026,0.
1779989270.7610261,233.9401179401,1779989270.7610261,0.
1779989270.861026,233.9401179401,1779989270.861026,0.
1779989270.961026,233.9401179401,1779989270.961026,0.
1779989271.061026,233.9401179401,1779989271.061026,0.
1779989271.161026,233.9401179401,1779989271.161026,0.
1779989271.2610261,233.9401179401,1779989271.2610261,0.
1779989271.361026,233.9401179401,1779989271.361026,0.
1779989271.461026,233.9401179401,1779989271.461026,0.
1779989271.561026,233.9401179401,1779989271.561026,0.
1779989271.661026,233.9401179401,1779989271.661026,0.
1779989271.7610261,233.9401179401,1779989271.7610261,0.
1779989271.861026,233.9401179401,1779989271.861026,0.
1779989271.961026,233.9401179401,1779989271.961026,0.
1779989272.061026,233.9401179401,1779989272.061026,0.
1779989272.161026,233.9401179401,1779989272.161026,0.
1779989272.2610261,233.9401179401,1779989272.2610261,0.
1779989272.361026,233.9401179401,1779989272.361026,0.
1779989272.461026,233.9401179401,1779989272.461026,0.
1779989272.561026,233.9401179401,1779989272.561026,0.
1779989272.661026,233.9401179401,1779989272.661026,0.
1779989272.7610261,233.9401179401,1779989272.7610261,0.
1779989272.861026,233.9401179401,1779989272.861026,0.
1779989272.961026,233.9401179401,1779989272.961026,0.
1779989273.061026,233.9401179401,1779989273.061026,0.
1779989273.161026,233.9401179401,1779989273.161026,0.
1779989273.2610261,233.9401179401,1779989273.2610261,0.
1779989273.361026,233.9401179401,1779989273.361026,0.
1779989273.461026,233.9401179401,1779989273.461026,0.
1779989273.561026,233.9401179401,1779989273.561026,0.
1779989273.661026,233.9401179401,1779989273.661026,0.
1779989273.7610261,233.9401179401,1779989273.7610261,0.
1779989273.861026,233.9401179401,1779989273.861026,0.
1779989273.961026,233.9401179401,1779989273.961026,0.
1779989274.061026,233.9401179401,1779989274.061026,0.
1779989274.161026,233.9401179401,1779989274.161026,0.
1779989274.2610261,233.9401179401,1779989274.2610261,0.
1779989274.361026,233.9401179401,1779989274.361026,0.
1779989274.461026,233.9401179401,1779989274.461026,0.
1779989274.561026,233.9401179401,1779989274.561026,0.
1779989274.661026,233.9401179401,1779989274.661026,0.
1779989274.7610261,233.9401179401,1779989274.7610261,0.
1779989274.861026,233.9401179401,1779989274.861026,0.
1779989274.961026,233.9401179401,1779989274.961026,0.
1779989275.061026,233.9401179401,1779989275.061026,0.
1779989275.161026,233.9401179401,1779989275.161026,0.
1779989275.2610261,233.9401179401,1779989275.2610261,0.
1779989275.361026,233.9401179401,1779989275.361026,0.
1779989275.461026,233.9401179401,1779989275.461026,0.
1779989275.561026,233.9401179401,1779989275.561026,0.
1779989275.661026,233.9401179401,1779989275.661026,0.
1779989275.7610261,233.9401179401,1779989275.7610261,0.
1779989275.861026,233.9401179401,1779989275.861026,0.
1779989275.961026,233.9401179401,1779989275.961026,0.
1779989276.061026,233.9401179401,1779989276.061026,0.
1779989276.161026,233.9401179401,1779989276.161026,0.
1779989276.2610261,233.9401179401,1779989276.2610261,0.
1779989276.361026,233.9401179401,1779989276.361026,0.
1779989276.461026,233.9401179401,1779989276.461026,0.
1779989276.561026,233.9401179401,1779989276.561026,0.
1779989276.661026,233.9401179401,1779989276.661026,0.
1779989276.7610261,233.9401179401,1779989276.7610261,0.
1779989276.861026,233.9401179401,1779989276.861026,0.
1779989276.961026,233.9401179401,1779989276.961026,0.
1779989277.061026,233.9401179401,1779989277.061026,0.
1779989277.161026,233.9401179401,1779989277.161026,0.
1779989277.2610261,233.9401179401,1779989277.2610261,0.
1779989277.361026,233.9401179401,1779989277.361026,0.
1779989277.461026,233.9401179401,1779989277.461026,0.
1779989277.561026,233.9401179401,1779989277.561026,0.
1779989277.661026,233.9401179401,1779989277.661026,0.
1779989277.7610261,233.9401179401,1779989277.7610261,0.
1779989277.861026,233.9401179401,1779989277.861026,0.
1779989277.961026,233.9401179401,1779989277.961026,0.
1779989278.061026,233.9401179401,1779989278.061026,0.
1779989278.161026,233.9401179401,1779989278.161026,0.
1779989278.2610261,233.9401179401,1779989278.2610261,0.
1779989278.361026,233.9401179401,1779989278.361026,0.
1779989278.461026,233.9401179401,1779989278.461026,0.
1779989278.561026,233.9401179401,1779989278.561026,0.
1779989278.661026,233.9401179401,1779989278.661026,0.
1779989278.7610261,233.9401179401,1779989278.7610261,0.
1779989278.861026,233.9401179401,1779989278.861026,0.
1779989278.961026,233.9401179401,1779989278.961026,0.
1779989279.061026,233.9401179401,1779989279.061026,0.
1779989279.161026,233.9401179401,1779989279.161026,0.
1779989279.2610261,233.9401179401,1779989279.2610261,0.
1779989279.361026,233.9401179401,1779989279.361026,0.
1779989279.461026,233.9401179401,1779989279.461026,0.
1779989279.561026,233.9401179401,1779989279.561026,0.
1779989279.661026,233.9401179401,1779989279.661026,0.
1779989279.7610261,233.9401179401,1779989279.7610261,0.
1779989279.861026,233.9401179401,1779989279.861026,0.
1779989279.961026,233.9401179401,1779989279.961026,0.
1779989280.061026,233.9401179401,1779989280.061026,0.
1779989280.161026,233.9401179401,1779989280.161026,0.
1779989280.2610261,233.9401179401,1779989280.2610261,0.
1779989280.361026,233.9401179401,1779989280.361026,0.
1779989280.461026,233.9401179401,1779989280.461026,0.
1779989280.561026,233.9401179401,1779989280.561026,0.
1779989280.661026,233.9401179401,1779989280.661026,0.
1779989280.7610261,233.9401179401,1779989280.7610261,0.
1779989280.861026,233.9401179401,1779989280.861026,0.
1779989280.961026,233.9401179401,1779989280.961026,0.
1779989281.061026,233.9401179401,1779989281.061026,0.
1779989281.161026,233.9401179401,1779989281.161026,0.
1779989281.2610261,233.9401179401,1779989281.2610261,0.
1779989281.361026,233.9401179401,1779989281.361026,0.
1779989281.461026,233.9401179401,1779989281.461026,0.
1779989281.561026,233.9401179401,1779989281.561026,0.
1779989281.661026,233.9401179401,1779989281.661026,0.
1779989281.7610261,233.9401179401,1779989281.7610261,0.
1779989281.861026,233.9401179401,1779989281.861026,0.
1779989281.961026,233.9401179401,1779989281.961026,0.
1779989282.061026,233.9401179401,1779989282.061026,0.
1779989282.161026,233.9401179401,1779989282.161026,0.
1779989282.2610261,233.9401179401,1779989282.2610261,0.
1779989282.361026,233.9401179401,1779989282.361026,0.
1779989282.461026,233.9401179401,1779989282.461026,0.
1779989282.561026,233.9401179401,1779989282.561026,0.
1779989282.661026,233.9401179401,1779989282.661026,0.
1779989282.7610261,233.9401179401,1779989282.7610261,0.
1779989282.861026,233.9401179401,1779989282.861026,0.
1779989282.961026,233.9401179401,1779989282.961026,0.
1779989283.061026,233.9401179401,1779989283.061026,0.
1779989283.161026,233.9401179401,1779989283.161026,0.
1779989283.2610261,233.9401179401,1779989283.2610261,0.
1779989283.361026,233.9401179401,1779989283.361026,0.
1779989283.461026,233.9401179401,1779989283.461026,0.
1779989283.561026,233.9401179401,1779989283.561026,0.
1779989283.661026,233.9401179401,1779989283.661026,0.
1779989283.7610261,233.9401179401,1779989283.7610261,0.
1779989283.861026,233.9401179401,1779989283.861026,0.
1779989283.961026,233.9401179401,1779989283.961026,0.
1779989284.061026,233.9401179401,1779989284.061026,0.
1779989284.161026,233.9401179401,1779989284.161026,0.
1779989284.2610261,233.9401179401,1779989284.2610261,0.
1779989284.361026,233.9401179401,1779989284.361026,0.
1779989284.461026,233.9401179401,1779989284.461026,0.
1779989284.561026,233.9401179401,1779989284.561026,0.
1779989284.661026,233.9401179401,1779989284.661026,0.
1779989284.7610261,233.9401179401,1779989284.7610261,0.
1779989284.861026,233.9401179401,1779989284.861026,0.
1779989284.961026,233.9401179401,1779989284.961026,0.
1779989285.061026,233.9401179401,1779989285.061026,0.
1779989285.161026,233.9401179401,1779989285.161026,0.
1779989285.2610261,233.9401179401,1779989285.2610261,0.
1779989285.361026,233.9401179401,1779989285.361026,0.
1779989285.461026,233.9401179401,1779989285.461026,0.
1779989285.561026,233.9401179401,1779989285.561026,0.
1779989285.661026,233.9401179401,1779989285.661026,0.
1779989285.7610261,233.9401179401,1779989285.7610261,0.
1779989285.861026,233.9401179401,1779989285.861026,0.
1779989285.961026,233.9401179401,1779989285.961026,0.
1779989286.061026,233.9401179401,1779989286.061026,0.
1779989286.161026,233.9401179401,1779989286.161026,0.
1779989286.2610261,233.9401179401,1779989286.2610261,0.
1779989286.361026,233.9401179401,1779989286.361026,0.
1779989286.461026,233.9401179401,1779989286.461026,0.
1779989286.561026,233.9401179401,1779989286.561026,0.
1779989286.661026,233.9401179401,1779989286.661026,0.
1779989286.7610261,233.9401179401,1779989286.7610261,0.
1779989286.861026,233.9401179401,1779989286.861026,0.
1779989286.961026,233.9401179401,1779989286.961026,0.
1779989287.061026,233.9401179401,1779989287.061026,0.
1779989287.161026,233.9401179401,1779989287.161026,0.
1779989287.2610261,233.9401179401,1779989287.2610261,0.
1779989287.361026,233.9401179401,1779989287.361026,0.
1779989287.461026,233.9401179401,1779989287.461026,0.
1779989287.561026,233.9401179401,1779989287.561026,0.
1779989287.661026,233.9401179401,1779989287.661026,0.
1779989287.7610261,233.9401179401,1779989287.7610261,0.
1779989287.861026,233.9401179401,1779989287.861026,0.
1779989287.961026,233.9401179401,1779989287.961026,0.
1779989288.061026,233.9401179401,1779989288.061026,0.
1779989288.161026,233.9401179401,1779989288.161026,0.
1779989288.2610261,233.9401179401,1779989288.2610261,0.
1779989288.361026,233.9401179401,1779989288.361026,0.
1779989288.461026,233.9401179401,1779989288.461026,0.
1779989288.561026,233.9401179401,1779989288.561026,0.
1779989288.661026,233.9401179401,1779989288.661026,0.
1779989288.7610261,233.9401179401,1779989288.7610261,0.
1779989288.861026,233.9401179401,1779989288.861026,0.
1779989288.961026,233.9401179401,1779989288.961026,0.
1779989289.061026,233.9401179401,1779989289.061026,0.
1779989289.161026,233.9401179401,1779989289.161026,0.
1779989289.2610261,233.9401179401,1779989289.2610261,0.
1779989289.361026,233.9401179401,1779989289.361026,0.
1779989289.461026,233.9401179401,1779989289.461026,0.
1779989289.561026,233.9401179401,1779989289.561026,0.
1779989289.661026,233.9401179401,1779989289.661026,0.
1779989289.7610261,233.9401179401,1779989289.7610261,0.
1779989289.861026,233.9401179401,1779989289.861026,0.
1779989289.961026,233.9401179401,1779989289.961026,0.
1779989290.061026,233.9401179401,1779989290.061026,0.
1779989290.161026,233.9401179401,1779989290.161026,0.
1779989290.2610261,233.9401179401,1779989290.2610261,0.
1779989290.361026,233.9401179401,1779989290.361026,0.
1779989290.461026,233.9401179401,1779989290.461026,0.
1779989290.561026,233.9401179401,1779989290.561026,0.
1779989290.661026,233.9401179401,1779989290.661026,0.
1779989290.7610261,233.9401179401,1779989290.7610261,0.
1779989290.861026,233.9401179401,1779989290.861026,0.
1779989290.961026,233.9401179401,1779989290.961026,0.
1779989291.061026,233.9401179401,1779989291.061026,0.
1779989291.161026,233.9401179401,1779989291.161026,0.
1779989291.2610261,233.9401179401,1779989291.2610261,0.
1779989291.361026,233.9401179401,1779989291.361026,0.
1779989291.461026,233.9401179401,1779989291.461026,0.
1779989291.561026,233.9401179401,1779989291.561026,0.
1779989291.661026,233.9401179401,1779989291.661026,0.
1779989291.7610261,233.9401179401,1779989291.7610261,0.
1779989291.861026,233.9401179401,1779989291.861026,0.
1779989291.961026,233.9401179401,1779989291.961026,0.
1779989292.061026,233.9401179401,1779989292.061026,0.
1779989292.161026,233.9401179401,1779989292.161026,0.
1779989292.2610261,233.9401179401,1779989292.2610261,0.
1779989292.361026,233.9401179401,1779989292.361026,0.
1779989292.461026,233.9401179401,1779989292.461026,0.
1779989292.561026,233.9401179401,1779989292.561026,0.
1779989292.661026,233.9401179401,1779989292.661026,0.
1779989292.7610261,233.9401179401,1779989292.7610261,0.
1779989292.861026,233.9401179401,1779989292.861026,0.
1779989292.961026,233.9401179401,1779989292.961026,0.
1779989293.061026,233.9401179401,1779989293.061026,0.
1779989293.161026,233.9401179401,1779989293.161026,0.
1779989293.2610261,233.9401179401,1779989293.2610261,0.
1779989293.361026,233.9401179401,1779989293.361026,0.
1779989293.461026,233.9401179401,1779989293.461026,0.
1779989293.561026,233.9401179401,1779989293.561026,0.
1779989293.661026,233.9401179401,1779989293.661026,0.
1779989293.7610261,233.9401179401,1779989293.7610261,0.
1779989293.861026,233.9401179401,1779989293.861026,0.
1779989293.961026,233.9401179401,1779989293.961026,0.
1779989294.061026,233.9401179401,1779989294.061026,0.
1779989294.161026,233.9401179401,1779989294.161026,0.
1779989294.2610261,233.9401179401,1779989294.2610261,0.
1779989294.361026,233.9401179401,1779989294.361026,0.
1779989294.461026,233.9401179401,1779989294.461026,0.
1779989294.561026,233.9401179401,1779989294.561026,0.
1779989294.661026,233.9401179401,1779989294.661026,0.
1779989294.7610261,233.9401179401,1779989294.7610261,0.
1779989294.861026,233.9401179401,1779989294.861026,0.
1779989294.961026,233.9401179401,1779989294.961026,0.
1779989295.061026,233.9401179401,1779989295.061026,0.
1779989295.161026,233.9401179401,1779989295.161026,0.
1779989295.2610261,233.9401179401,1779989295.2610261,0.
1779989295.361026,233.9401179401,1779989295.361026,0.
1779989295.461026,233.9401179401,1779989295.461026,0.
1779989295.561026,233.9401179401,1779989295.561026,0.
1779989295.661026,233.9401179401,1779989295.661026,0.
1779989295.7610261,233.9401179401,1779989295.7610261,0.
1779989295.861026,233.9401179401,1779989295.861026,0.
1779989295.961026,233.9401179401,1779989295.961026,0.
1779989296.061026,233.9401179401,1779989296.061026,0.
1779989296.161026,233.9401179401,1779989296.161026,0.
1779989296.2610261,233.9401179401,1779989296.2610261,0.
1779989296.361026,233.9401179401,1779989296.361026,0.
1779989296.461026,233.9401179401,1779989296.461026,0.
1779989296.561026,233.9401179401,1779989296.561026,0.
1779989296.661026,233.9401179401,1779989296.661026,0.
1779989296.7610261,233.9401179401,1779989296.7610261,0.
1779989296.861026,233.9401179401,1779989296.861026,0.
1779989296.961026,233.9401179401,1779989296.961026,0.
1779989297.061026,233.9401179401,1779989297.061026,0.
1779989297.161026,233.9401179401,1779989297.161026,0.
1779989297.2610261,233.9401179401,1779989297.2610261,0.
1779989297.361026,233.9401179401,1779989297.361026,0.
1779989297.461026,233.9401179401,1779989297.461026,0.
1779989297.561026,233.9401179401,1779989297.561026,0.
1779989297.661026,233.9401179401,1779989297.661026,0.
1779989297.7610261,233.9401179401,1779989297.7610261,0.
1779989297.861026,233.9401179401,1779989297.861026,0.
1779989297.961026,233.9401179401,1779989297.961026,0.
1779989298.061026,233.9401179401,1779989298.061026,0.
1779989298.161026,233.9401179401,1779989298.161026,0.
1779989298.2610261,233.9401179401,1779989298.2610261,0.
1779989298.361026,233.9401179401,1779989298.361026,0.
1779989298.461026,233.9401179401,1779989298.461026,0.
1779989298.561026,233.9401179401,1779989298.561026,0.
1779989298.661026,233.9401179401,1779989298.661026,0.
1779989298.7610261,233.9401179401,1779989298.7610261,0.
1779989298.861026,233.9401179401,1779989298.861026,0.
1779989298.961026,233.9401179401,1779989298.961026,0.
1779989299.061026,233.9401179401,1779989299.061026,0.
1779989299.161026,233.9401179401,1779989299.161026,0.
1779989299.2610261,233.9401179401,1779989299.2610261,0.
1779989299.361026,233.9401179401,1779989299.361026,0.
1779989299.461026,233.9401179401,1779989299.461026,0.
1779989299.561026,233.9401179401,1779989299.561026,0.
1779989299.661026,233.9401179401,1779989299.661026,0.
1779989299.7610261,233.9401179401,1779989299.7610261,0.
1779989299.861026,233.9401179401,1779989299.861026,0.
1779989299.961026,233.9401179401,1779989299.961026,0.
1779989300.061026,233.9401179401,1779989300.061026,0.
1779989300.161026,233.9401179401,1779989300.161026,0.
1779989300.2610261,233.9401179401,1779989300.2610261,0.
1779989300.361026,233.9401179401,1779989300.361026,0.
1779989300.461026,233.9401179401,1779989300.461026,0.
1779989300.561026,233.9401179401,1779989300.561026,0.
1779989300.661026,233.9401179401,1779989300.661026,0.
1779989300.7610261,233.9401179401,1779989300.7610261,0.
1779989300.861026,233.9401179401,1779989300.861026,0.
1779989300.961026,233.9401179401,1779989300.961026,0.
1779989301.061026,233.9401179401,1779989301.061026,0.
1779989301.161026,233.9401179401,1779989301.161026,0.
1779989301.2610261,233.9401179401,1779989301.2610261,0.
1779989301.361026,233.9401179401,1779989301.361026,0.
1779989301.461026,233.9401179401,1779989301.461026,0.
1779989301.561026,233.9401179401,1779989301.561026,0.
1779989301.661026,233.9401179401,1779989301.661026,0.
1779989301.7610261,233.9401179401,1779989301.7610261,0.
1779989301.861026,233.9401179401,1779989301.861026,0.
1779989301.961026,233.9401179401,1779989301.961026,0.
1779989302.061026,233.9401179401,1779989302.061026,0.
1779989302.161026,233.9401179401,1779989302.161026,0.
1779989302.2610261,233.9401179401,1779989302.2610261,0.
1779989302.361026,233.9401179401,1779989302.361026,0.
1779989302.461026,233.9401179401,1779989302.461026,0.
1779989302.561026,233.9401179401,1779989302.561026,0.
1779989302.661026,233.9401179401,1779989302.661026,0.
1779989302.7610261,233.9401179401,1779989302.7610261,0.
1779989302.861026,233.9401179401,1779989302.861026,0.
1779989302.961026,233.9401179401,1779989302.961026,0.
1779989303.061026,233.9401179401,1779989303.061026,0.
1779989303.161026,233.9401179401,1779989303.161026,0.
1779989303.2610261,233.9401179401,1779989303.2610261,0.
1779989303.361026,233.9401179401,1779989303.361026,0.
1779989303.461026,233.9401179401,1779989303.461026,0.
1779989303.561026,233.9401179401,1779989303.561026,0.
1779989303.661026,233.9401179401,1779989303.661026,0.
1779989303.7610261,233.9401179401,1779989303.7610261,0.
1779989303.861026,233.9401179401,1779989303.861026,0.
1779989303.961026,233.9401179401,1779989303.961026,0.
1779989304.061026,233.9401179401,1779989304.061026,0.
1779989304.161026,233.9401179401,1779989304.161026,0.
1779989304.2610261,233.9401179401,1779989304.2610261,0.
1779989304.361026,233.9401179401,1779989304.361026,0.
1779989304.461026,233.9401179401,1779989304.461026,0.
1779989304.561026,233.9401179401,1779989304.561026,0.
1779989304.661026,233.9401179401,1779989304.661026,0.
1779989304.7610261,233.9401179401,1779989304.7610261,0.
1779989304.861026,233.9401179401,1779989304.861026,0.
1779989304.961026,233.9401179401,1779989304.961026,0.
1779989305.061026,233.9401179401,1779989305.061026,0.
1779989305.161026,233.9401179401,1779989305.161026,0.
1779989305.2610261,233.9401179401,1779989305.2610261,0.
1779989305.361026,233.9401179401,1779989305.361026,0.
1779989305.461026,233.9401179401,1779989305.461026,0.
1779989305.561026,233.9401179401,1779989305.561026,0.
1779989305.661026,233.9401179401,1779989305.661026,0.
1779989305.7610261,233.9401179401,1779989305.7610261,0.
1779989305.861026,233.9401179401,1779989305.861026,0.
1779989305.961026,233.9401179401,1779989305.961026,0.
1779989306.061026,233.9401179401,1779989306.061026,0.
1779989306.161026,233.9401179401,1779989306.161026,0.
1779989306.2610261,233.9401179401,1779989306.2610261,0.
1779989306.361026,233.9401179401,1779989306.361026,0.
1779989306.461026,233.9401179401,1779989306.461026,0.
1779989306.561026,233.9401179401,1779989306.561026,0.
1779989306.661026,233.9401179401,1779989306.661026,0.
1779989306.7610261,233.9401179401,1779989306.7610261,0.
1779989306.861026,233.9401179401,1779989306.861026,0.
1779989306.961026,233.9401179401,1779989306.961026,0.
1779989307.061026,233.9401179401,1779989307.061026,0.
1779989307.161026,233.9401179401,1779989307.161026,0.
1779989307.2610261,233.9401179401,1779989307.2610261,0.
1779989307.361026,233.9401179401,1779989307.361026,0.
1779989307.461026,233.9401179401,1779989307.461026,0.
1779989307.561026,233.9401179401,1779989307.561026,0.
1779989307.661026,233.9401179401,1779989307.661026,0.
1779989307.7610261,233.9401179401,1779989307.7610261,0.
1779989307.861026,233.9401179401,1779989307.861026,0.
1779989307.961026,233.9401179401,1779989307.961026,0.
1779989308.061026,233.9401179401,1779989308.061026,0.
1779989308.161026,233.9401179401,1779989308.161026,0.
1779989308.2610261,233.9401179401,1779989308.2610261,0.
1779989308.361026,233.9401179401,1779989308.361026,0.
1779989308.461026,233.9401179401,1779989308.461026,0.
1779989308.561026,233.9401179401,1779989308.561026,0.
1779989308.661026,233.9401179401,1779989308.661026,0.
1779989308.7610261,233.9401179401,1779989308.7610261,0.
1779989308.861026,233.9401179401,1779989308.861026,0.
1779989308.961026,233.9401179401,1779989308.961026,0.
1779989309.061026,233.9401179401,1779989309.061026,0.
1779989309.161026,233.9401179401,1779989309.161026,0.
1779989309.2610261,233.9401179401,1779989309.2610261,0.
1779989309.361026,233.9401179401,1779989309.361026,0.
1779989309.461026,233.9401179401,1779989309.461026,0.
1779989309.561026,233.9401179401,1779989309.561026,0.
1779989309.661026,233.9401179401,1779989309.661026,0.
1779989309.7610261,233.9401179401,1779989309.7610261,0.
1779989309.861026,233.9401179401,1779989309.861026,0.
1779989309.961026,233.9401179401,1779989309.961026,0.
1779989310.061026,233.9401179401,1779989310.061026,0.
1779989310.161026,233.9401179401,1779989310.161026,0.
1779989310.2610261,233.9401179401,1779989310.2610261,0.
1779989310.361026,233.9401179401,1779989310.361026,0.
1779989310.461026,233.9401179401,1779989310.461026,0.
1779989310.561026,233.9401179401,1779989310.561026,0.
1779989310.661026,233.9401179401,1779989310.661026,0.
1779989310.7610261,233.9401179401,1779989310.7610261,0.
1779989310.861026,233.9401179401,1779989310.861026,0.
1779989310.961026,233.9401179401,1779989310.961026,0.
1779989311.061026,233.9401179401,1779989311.061026,0.
1779989311.161026,233.9401179401,1779989311.161026,0.
1779989311.2610261,233.9401179401,1779989311.2610261,0.
1779989311.361026,233.9401179401,1779989311.361026,0.
1779989311.461026,233.9401179401,1779989311.461026,0.
1779989311.561026,233.9401179401,1779989311.561026,0.
1779989311.661026,233.9401179401,1779989311.661026,0.
1779989311.7610261,233.9401179401,1779989311.7610261,0.
1779989311.861026,233.9401179401,1779989311.861026,0.
1779989311.961026,233.9401179401,1779989311.961026,0.
1779989312.061026,233.9401179401,1779989312.061026,0.
1779989312.161026,233.9401179401,1779989312.161026,0.
1779989312.2610261,233.9401179401,1779989312.2610261,0.
1779989312.361026,233.9401179401,1779989312.361026,0.
1779989312.461026,233.9401179401,1779989312.461026,0.
1779989312.561026,233.9401179401,1779989312.561026,0.
1779989312.661026,233.9401179401,1779989312.661026,0.
1779989312.7610261,233.9401179401,1779989312.7610261,0.
1779989312.861026,233.9401179401,1779989312.861026,0.
1779989312.961026,233.9401179401,1779989312.961026,0.
1779989313.061026,233.9401179401,1779989313.061026,0.
1779989313.161026,233.9401179401,1779989313.161026,0.
1779989313.2610261,233.9401179401,1779989313.2610261,0.
1779989313.361026,233.9401179401,1779989313.361026,0.
1779989313.461026,233.9401179401,1779989313.461026,0.
1779989313.561026,233.9401179401,1779989313.561026,0.
1779989313.661026,233.9401179401,1779989313.661026,0.
1779989313.7610261,233.9401179401,1779989313.7610261,0.
1779989313.861026,233.9401179401,1779989313.861026,0.
1779989313.961026,233.9401179401,1779989313.961026,0.
1779989314.061026,233.9401179401,1779989314.061026,0.
1779989314.161026,233.9401179401,1779989314.161026,0.
1779989314.2610261,233.9401179401,1779989314.2610261,0.
1779989314.361026,233.9401179401,1779989314.361026,0.
1779989314.461026,233.9401179401,1779989314.461026,0.
1779989314.561026,233.9401179401,1779989314.561026,0.
1779989314.661026,233.9401179401,1779989314.661026,0.
1779989314.7610261,233.9401179401,1779989314.7610261,0.
1779989314.861026,233.9401179401,1779989314.861026,0.
1779989314.961026,233.9401179401,1779989314.961026,0.
1779989315.061026,233.9401179401,1779989315.061026,0.
1779989315.161026,233.9401179401,1779989315.161026,0.
1779989315.2610261,233.9401179401,1779989315.2610261,0.
1779989315.361026,233.9401179401,1779989315.361026,0.
1779989315.461026,233.9401179401,1779989315.461026,0.
1779989315.561026,233.9401179401,1779989315.561026,0.
1779989315.661026,233.9401179401,1779989315.661026,0.
1779989315.7610261,233.9401179401,1779989315.7610261,0.
1779989315.861026,233.9401179401,1779989315.861026,0.
1779989315.961026,233.9401179401,1779989315.961026,0.
1779989316.061026,233.9401179401,1779989316.061026,0.
1779989316.161026,233.9401179401,1779989316.161026,0.
1779989316.2610261,233.9401179401,1779989316.2610261,0.
1779989316.361026,233.9401179401,1779989316.361026,0.
1779989316.461026,233.9401179401,1779989316.461026,0.
1779989316.561026,233.9401179401,1779989316.561026,0.
1779989316.661026,233.9401179401,1779989316.661026,0.
1779989316.7610261,233.9401179401,1779989316.7610261,0.
1779989316.861026,233.9401179401,1779989316.861026,0.
1779989316.961026,233.9401179401,1779989316.961026,0.
1779989317.061026,233.9401179401,1779989317.061026,0.
1779989317.161026,233.9401179401,1779989317.161026,0.
1779989317.2610261,233.9401179401,1779989317.2610261,0.
1779989317.361026,233.9401179401,1779989317.361026,0.
1779989317.461026,233.9401179401,1779989317.461026,0.
1779989317.561026,233.9401179401,1779989317.561026,0.
1779989317.661026,233.9401179401,1779989317.661026,0.
1779989317.7610261,233.9401179401,1779989317.7610261,0.
1779989317.861026,233.9401179401,1779989317.861026,0.
1779989317.961026,233.9401179401,1779989317.961026,0.
1779989318.061026,233.9401179401,1779989318.061026,0.
1779989318.161026,233.9401179401,1779989318.161026,0.
1779989318.2610261,233.9401179401,1779989318.2610261,0.
1779989318.361026,233.9401179401,1779989318.361026,0.
1779989318.461026,233.9401179401,1779989318.461026,0.
1779989318.561026,233.9401179401,1779989318.561026,0.
1779989318.661026,233.9401179401,1779989318.661026,0.
1779989318.7610261,233.9401179401,1779989318.7610261,0.
1779989318.861026,233.9401179401,1779989318.861026,0.
1779989318.961026,233.9401179401,1779989318.961026,0.
1779989319.061026,233.9401179401,1779989319.061026,0.
1779989319.161026,233.9401179401,1779989319.161026,0.
1779989319.2610261,233.9401179401,1779989319.2610261,0.
1779989319.361026,233.9401179401,1779989319.361026,0.
1779989319.461026,233.9401179401,1779989319.461026,0.
1779989319.561026,233.9401179401,1779989319.561026,0.
1779989319.661026,233.9401179401,1779989319.661026,0.
1779989319.7610261,233.9401179401,1779989319.7610261,0.
1779989319.861026,233.9401179401,1779989319.861026,0.
1779989319.961026,233.9401179401,1779989319.961026,0.
1779989320.061026,233.9401179401,1779989320.061026,0.
1779989320.161026,233.9401179401,1779989320.161026,0.
1779989320.2610261,233.9401179401,1779989320.2610261,0.
1779989320.361026,233.9401179401,1779989320.361026,0.
1779989320.461026,233.9401179401,1779989320.461026,0.
1779989320.561026,233.9401179401,1779989320.561026,0.
1779989320.661026,233.9401179401,1779989320.661026,0.
1779989320.7610261,233.9401179401,1779989320.7610261,0.
1779989320.861026,233.9401179401,1779989320.861026,0.
1779989320.961026,233.9401179401,1779989320.961026,0.
1779989321.061026,233.9401179401,1779989321.061026,0.
1779989321.161026,233.9401179401,1779989321.161026,0.
1779989321.2610261,233.9401179401,1779989321.2610261,0.
1779989321.361026,233.9401179401,1779989321.361026,0.
1779989321.461026,233.9401179401,1779989321.461026,0.
1779989321.561026,233.9401179401,1779989321.561026,0.
1779989321.661026,233.9401179401,1779989321.661026,0.
1779989321.7610261,233.9401179401,1779989321.7610261,0.
1779989321.861026,233.9401179401,1779989321.861026,0.
1779989321.961026,233.9401179401,1779989321.961026,0.
1779989322.061026,233.9401179401,1779989322.061026,0.
1779989322.161026,233.9401179401,1779989322.161026,0.
1779989322.2610261,233.9401179401,1779989322.2610261,0.
1779989322.361026,233.9401179401,1779989322.361026,0.
1779989322.461026,0.,1779989322.461026,200.
1779989322.561026,0.,1779989322.561026,200.
1779989322.661026,0.,1779989322.661026,200.
1779989322.7610261,0.,1779989322.7610261,200.
1779989322.861026,0.,1779989322.861026,200.
1779989322.961026,0.,1779989322.961026,200.
1779989323.061026,0.,1779989323.061026,200.
1779989323.161026,0.,1779989323.161026,200.
1779989323.2610261,0.,1779989323.2610261,200.
1779989323.361026,0.,1779989323.361026,200.
1779989323.461026,0.,1779989323.461026,200.
1779989323.561026,0.,1779989323.561026,200.
1779989323.661026,0.,1779989323.661026,200.
1779989323.7610261,0.,1779989323.7610261,200.
1779989323.861026,0.,1779989323.861026,200.
1779989323.961026,0.,1779989323.961026,200.
1779989324.061026,0.,1779989324.061026,200.
1779989324.161026,0.,1779989324.161026,200.
1779989324.2610261,0.,1779989324.2610261,200.
1779989324.361026,0.,1779989324.361026,200.
1779989324.461026,0.,1779989324.461026,200.
1779989324.561026,0.,1779989324.561026,200.
1779989324.661026,0.,1779989324.661026,200.
1779989324.7610261,0.,1779989324.7610261,200.
1779989324.861026,0.,1779989324.861026,200.
1779989324.961026,0.,1779989324.961026,200.
1779989325.061026,0.,1779989325.061026,200.
1779989325.161026,0.,1779989325.161026,200.
1779989325.2610261,0.,1779989325.2610261,200.
1779989325.361026,0.,1779989325.361026,200.
1779989325.461026,0.,1779989325.461026,200.
1779989325.561026,0.,1779989325.561026,200.
1779989325.661026,0.,1779989325.661026,200.
1779989325.7610261,0.,1779989325.7610261,200.
1779989325.861026,0.,1779989325.861026,200.
1779989325.961026,0.,1779989325.961026,200.
1779989326.061026,0.,1779989326.061026,200.
1779989326.161026,0.,1779989326.161026,200.
1779989326.2610261,0.,1779989326.2610261,200.
1779989326.361026,0.,1779989326.361026,200.
1779989326.461026,0.,1779989326.461026,200.
1779989326.561026,0.,1779989326.561026,200.
1779989326.661026,0.,1779989326.661026,200.
1779989326.7610261,0.,1779989326.7610261,200.
1779989326.861026,0.,1779989326.861026,200.
1779989326.961026,0.,1779989326.961026,200.
1779989327.061026,0.,1779989327.061026,200.
1779989327.161026,0.,1779989327.161026,200.
1779989327.2610261,0.,1779989327.2610261,200.
1779989327.361026,0.,1779989327.361026,200.
1779989327.461026,0.,1779989327.461026,200.
1779989327.561026,0.,1779989327.561026,200.
1779989327.661026,0.,1779989327.661026,200.
1779989327.7610261,0.,1779989327.7610261,200.
1779989327.861026,0.,1779989327.861026,200.
1779989327.961026,0.,1779989327.961026,200.
1779989328.061026,0.,1779989328.061026,200.
1779989328.161026,0.,1779989328.161026,200.
1779989328.2610261,0.,1779989328.2610261,200.
1779989328.361026,0.,1779989328.361026,200.
1779989328.461026,0.,1779989328.461026,200.
1779989328.561026,0.,1779989328.561026,200.
1779989328.661026,0.,1779989328.661026,200.
1779989328.7610261,0.,1779989328.7610261,200.
1779989328.861026,0.,1779989328.861026,200.
1779989328.961026,0.,1779989328.961026,200.
1779989329.061026,0.,1779989329.061026,200.
1779989329.161026,0.,1779989329.161026,200.
1779989329.2610261,0.,1779989329.2610261,200.
1779989329.361026,0.,1779989329.361026,200.
1779989329.461026,0.,1779989329.461026,200.
1779989329.561026,0.,1779989329.561026,200.
1779989329.661026,0.,1779989329.661026,200.
1779989329.7610261,0.,1779989329.7610261,200.
1779989329.861026,0.,1779989329.861026,200.
1779989329.961026,0.,1779989329.961026,200.
1779989330.061026,0.,1779989330.061026,200.
1779989330.161026,0.,1779989330.161026,200.
1779989330.2610261,0.,1779989330.2610261,200.
1779989330.361026,0.,1779989330.361026,200.
1779989330.461026,0.,1779989330.461026,200.
1779989330.561026,0.,1779989330.561026,200.
1779989330.661026,0.,1779989330.661026,200.
1779989330.7610261,0.,1779989330.7610261,200.
1779989330.861026,0.,1779989330.861026,200.
1779989330.961026,0.,1779989330.961026,200.
1779989331.061026,0.,1779989331.061026,200.
1779989331.161026,0.,1779989331.161026,200.
1779989331.2610261,0.,1779989331.2610261,200.
1779989331.361026,0.,1779989331.361026,200.
1779989331.461026,0.,1779989331.461026,200.
1779989331.561026,0.,1779989331.561026,200.
1779989331.661026,0.,1779989331.661026,200.
1779989331.7610261,0.,1779989331.7610261,200.
1779989331.861026,0.,1779989331.861026,200.
1779989331.961026,0.,1779989331.961026,200.
1779989332.061026,0.,1779989332.061026,200.
1779989332.161026,0.,1779989332.161026,200.
1779989332.2610261,0.,1779989332.2610261,200.
1779989332.361026,0.,1779989332.361026,200.
1779989332.461026,0.,1779989332.461026,200.
1779989332.561026,0.,1779989332.561026,200.
1779989332.661026,0.,1779989332.661026,200.
1779989332.7610261,0.,1779989332.7610261,200.
1779989332.861026,0.,1779989332.861026,200.
1779989332.961026,0.,1779989332.961026,200.
1779989333.061026,0.,1779989333.061026,200.
1779989333.161026,0.,1779989333.161026,200.
1779989333.2610261,0.,1779989333.2610261,200.
1779989333.361026,0.,1779989333.361026,200.
1779989333.461026,0.,1779989333.461026,200.
1779989333.561026,0.,1779989333.561026,200.
1779989333.661026,0.,1779989333.661026,200.
1779989333.7610261,0.,1779989333.7610261,200.
1779989333.861026,0.,1779989333.861026,200.
1779989333.961026,0.,1779989333.961026,200.
1779989334.061026,0.,1779989334.061026,200.
1779989334.161026,0.,1779989334.161026,200.
1779989334.2610261,0.,1779989334.2610261,200.
1779989334.361026,0.,1779989334.361026,200.
1779989334.461026,0.,1779989334.461026,200.
1779989334.561026,0.,1779989334.561026,200.
1779989334.661026,0.,1779989334.661026,200.
1779989334.7610261,0.,1779989334.7610261,200.
1779989334.861026,0.,1779989334.861026,200.
1779989334.961026,0.,1779989334.961026,200.
1779989335.061026,0.,1779989335.061026,200.
1779989335.161026,0.,1779989335.161026,200.
1779989335.2610261,0.,1779989335.2610261,200.
1779989335.361026,0.,1779989335.361026,200.
1779989335.461026,0.,1779989335.461026,200.
1779989335.561026,0.,1779989335.561026,200.
1779989335.661026,0.,1779989335.661026,200.
1779989335.7610261,0.,1779989335.7610261,200.
1779989335.861026,0.,1779989335.861026,200.
1779989335.961026,0.,1779989335.961026,200.
1779989336.061026,0.,1779989336.061026,200.
1779989336.161026,0.,1779989336.161026,200.
1779989336.2610261,0.,1779989336.2610261,200.
1779989336.361026,0.,1779989336.361026,200.
1779989336.461026,0.,1779989336.461026,200.
1779989336.561026,0.,1779989336.561026,200.
1779989336.661026,0.,1779989336.661026,200.
1779989336.7610261,0.,1779989336.7610261,200.
1779989336.861026,0.,1779989336.861026,200.
1779989336.961026,0.,1779989336.961026,200.
1779989337.061026,0.,1779989337.061026,200.
1779989337.161026,0.,1779989337.161026,200.
1779989337.2610261,0.,1779989337.2610261,200.
1779989337.361026,0.,1779989337.361026,200.
1779989337.461026,0.,1779989337.461026,200.
1779989337.561026,0.,1779989337.561026,200.
1779989337.661026,0.,1779989337.661026,200.
1779989337.7610261,0.,1779989337.7610261,200.
1779989337.861026,0.,1779989337.861026,200.
1779989337.961026,0.,1779989337.961026,200.
1779989338.061026,0.,1779989338.061026,200.
1779989338.161026,0.,1779989338.161026,200.
1779989338.2610261,0.,1779989338.2610261,200.
1779989338.361026,0.,1779989338.361026,200.
1779989338.461026,0.,1779989338.461026,200.
1779989338.561026,0.,1779989338.561026,200.
1779989338.661026,0.,1779989338.661026,200.
1779989338.7610261,0.,1779989338.7610261,200.
1779989338.861026,0.,1779989338.861026,200.
1779989338.961026,0.,1779989338.961026,200.
1779989339.061026,73.6933085447,1779989339.061026,200.
1779989339.161026,147.0700904314,1779989339.161026,200.
1779989339.2610261,147.4583800951,1779989339.2610261,200.
1779989339.361026,174.1864694076,1779989339.361026,200.
1779989339.461026,150.3435950182,1779989339.461026,200.
1779989339.561026,144.4788724361,1779989339.561026,200.
1779989339.661026,165.2556068373,1779989339.661026,200.
1779989339.7610261,161.3385619478,1779989339.7610261,200.
1779989339.861026,173.5542361276,1779989339.861026,200.
1779989339.961026,172.5114071579,1779989339.961026,200.
1779989340.061026,161.1307235198,1779989340.061026,200.
1779989340.161026,168.0338318432,1779989340.161026,200.
1779989340.2610261,174.2021041943,1779989340.2610261,200.
1779989340.361026,200.3102032893,1779989340.361026,200.
1779989340.461026,183.1639761680,1779989340.461026,200.
1779989340.561026,202.1148853705,1779989340.561026,200.
1779989340.661026,203.2508586588,1779989340.661026,200.
1779989340.7610261,198.4877036415,1779989340.7610261,200.
1779989340.861026,185.7411977551,1779989340.861026,200.
1779989340.961026,175.2427495653,1779989340.961026,200.
1779989341.061026,201.7159085585,1779989341.061026,200.
1779989341.161026,204.6680696839,1779989341.161026,200.
1779989341.2610261,211.5865022084,1779989341.2610261,200.
1779989341.361026,236.2843801424,1779989341.361026,200.
1779989341.461026,209.018096165,1779989341.461026,200.
1779989341.561026,184.0660104829,1779989341.561026,200.
1779989341.661026,174.6683844526,1779989341.661026,200.
1779989341.7610261,182.4103165808,1779989341.7610261,200.
1779989341.861026,178.1879980661,1779989341.861026,200.
1779989341.961026,151.1616529774,1779989341.961026,200.
1779989342.061026,166.4957211672,1779989342.061026,200.
1779989342.161026,181.1683822691,1779989342.161026,200.
1779989342.2610261,152.7095979537,1779989342.2610261,200.
1779989342.361026,167.7729623773,1779989342.361026,200.
1779989342.461026,147.7547640909,1779989342.461026,200.
1779989342.561026,203.6175949546,1779989342.561026,200.
1779989342.661026,184.8880449931,1779989342.661026,200.
1779989342.7610261,150.0929427608,1779989342.7610261,200.
1779989342.861026,171.7898129416,1779989342.861026,200.
1779989342.961026,156.0450754303,1779989342.961026,200.
1779989343.061026,175.1188109716,1779989343.061026,200.
1779989343.161026,178.5895391305,1779989343.161026,200.
1779989343.2610261,211.2725395984,1779989343.2610261,200.
1779989343.361026,205.3890590738,1779989343.361026,200.
1779989343.461026,196.3873985025,1779989343.461026,200.
1779989343.561026,202.7798657985,1779989343.561026,200.
1779989343.661026,180.2920575228,1779989343.661026,200.
1779989343.7610261,202.2197161532,1779989343.7610261,200.
1779989343.861026,228.2476744971,1779989343.861026,200.
1779989343.961026,247.2477477176,1779989343.961026,200.
1779989344.061026,216.6337183857,1779989344.061026,200.
1779989344.161026,238.8432631928,1779989344.161026,200.
1779989344.2610261,175.8413556538,1779989344.2610261,200.
1779989344.361026,174.3026015537,1779989344.361026,200.
1779989344.461026,180.0101672094,1779989344.461026,200.
1779989344.561026,175.1529070766,1779989344.561026,200.
1779989344.661026,149.5536803268,1779989344.661026,200.
1779989344.7610261,157.9546775762,1779989344.7610261,200.
1779989344.861026,160.0773948171,1779989344.861026,200.
1779989344.961026,176.7648562099,1779989344.961026,200.
1779989345.061026,150.3974231209,1779989345.061026,200.
1779989345.161026,174.7609506496,1779989345.161026,200.
1779989345.2610261,174.9672416202,1779989345.2610261,200.
1779989345.361026,182.2467310509,1779989345.361026,200.
1779989345.461026,193.7330241178,1779989345.461026,200.
1779989345.561026,170.3522636924,1779989345.561026,200.
1779989345.661026,206.5753805164,1779989345.661026,200.
1779989345.7610261,199.4690265870,1779989345.7610261,200.
1779989345.861026,244.0678936219,1779989345.861026,200.
1779989345.961026,182.7992891871,1779989345.961026,200.
1779989346.061026,178.6052204328,1779989346.061026,200.
1779989346.161026,232.9944995958,1779989346.161026,200.
1779989346.2610261,187.8310018735,1779989346.2610261,200.
1779989346.361026,196.7157640191,1779989346.361026,200.
1779989346.461026,212.8383884748,1779989346.461026,200.
1779989346.561026,203.6186435794,1779989346.561026,200.
1779989346.661026,222.5428543628,1779989346.661026,200.
1779989346.7610261,227.5532079873,1779989346.7610261,200.
1779989346.861026,198.8046328673,1779989346.861026,200.
1779989346.961026,207.8341911653,1779989346.961026,200.
1779989347.061026,189.9896043266,1779989347.061026,200.
1779989347.161026,164.4670438672,1779989347.161026,200.
1779989347.2610261,170.5069272118,1779989347.2610261,200.
1779989347.361026,157.6515508476,1779989347.361026,200.
1779989347.461026,184.4046362895,1779989347.461026,200.
1779989347.561026,188.5480482916,1779989347.561026,200.
1779989347.661026,178.6497187093,1779989347.661026,200.
1779989347.7610261,179.2355657139,1779989347.7610261,200.
1779989347.861026,148.453993904,1779989347.861026,200.
1779989347.961026,168.3646582737,1779989347.961026,200.
1779989348.061026,184.7517522002,1779989348.061026,200.
1779989348.161026,173.9939074837,1779989348.161026,200.
1779989348.2610261,172.5116860353,1779989348.2610261,200.
1779989348.361026,199.5315901881,1779989348.361026,200.
1779989348.461026,187.1699229404,1779989348.461026,200.
1779989348.561026,208.8913050948,1779989348.561026,200.
1779989348.661026,181.8334760248,1779989348.661026,200.
1779989348.7610261,234.5967410530,1779989348.7610261,200.
1779989348.861026,238.2056361412,1779989348.861026,200.
1779989348.961026,253.4775590923,1779989348.961026,200.
1779989349.061026,213.4749827408,1779989349.061026,200.
1779989349.161026,186.0996948516,1779989349.161026,200.
1779989349.2610261,205.5349784462,1779989349.2610261,200.
1779989349.361026,229.324672387,1779989349.361026,200.
1779989349.461026,180.909235047,1779989349.461026,200.
1779989349.561026,202.1995384311,1779989349.561026,200.
1779989349.661026,220.3606987019,1779989349.661026,200.
1779989349.7610261,238.5784480302,1779989349.7610261,200.
1779989349.861026,166.7719932835,1779989349.861026,200.
1779989349.961026,123.6914880484,1779989349.961026,200.
1779989350.061026,181.2264508863,1779989350.061026,200.
1779989350.161026,192.0647242536,1779989350.161026,200.
1779989350.2610261,130.0400583382,1779989350.2610261,200.
1779989350.361026,166.9110073374,1779989350.361026,200.
1779989350.461026,203.3059901856,1779989350.461026,200.
1779989350.561026,201.7305082172,1779989350.561026,200.
1779989350.661026,180.5977826626,1779989350.661026,200.
1779989350.7610261,177.2063433786,1779989350.7610261,200.
1779989350.861026,182.1133906725,1779989350.861026,200.
1779989350.961026,167.5712912651,1779989350.961026,200.
1779989351.061026,178.8507824309,1779989351.061026,200.
1779989351.161026,182.6893827709,1779989351.161026,200.
1779989351.2610261,223.054783211,1779989351.2610261,200.
1779989351.361026,176.1183441731,1779989351.361026,200.
1779989351.461026,186.7252184135,1779989351.461026,200.
1779989351.561026,176.6759336558,1779989351.561026,200.
1779989351.661026,228.5892204466,1779989351.661026,200.
1779989351.7610261,225.8423408873,1779989351.7610261,200.
1779989351.861026,208.3044254186,1779989351.861026,200.
1779989351.961026,200.5332532684,1779989351.961026,200.
1779989352.061026,188.3206251478,1779989352.061026,200.
1779989352.161026,218.3513676556,1779989352.161026,200.
1779989352.2610261,186.6496968421,1779989352.2610261,200.
1779989352.361026,178.7213280945,1779989352.361026,200.
1779989352.461026,257.0059292247,1779989352.461026,200.
1779989352.561026,212.1016452891,1779989352.561026,200.
1779989352.661026,149.8578482665,1779989352.661026,200.
1779989352.7610261,151.8902295134,1779989352.7610261,200.
1779989352.861026,152.9537844543,1779989352.861026,200.
1779989352.961026,161.1394466738,1779989352.961026,200.
1779989353.061026,158.8525141774,1779989353.061026,200.
1779989353.161026,170.7518889788,1779989353.161026,200.
1779989353.2610261,200.5167884833,1779989353.2610261,200.
1779989353.361026,206.2804209399,1779989353.361026,200.
1779989353.461026,159.3713918906,1779989353.461026,200.
1779989353.561026,151.1239915295,1779989353.561026,200.
1779989353.661026,196.9558816429,1779989353.661026,200.
1779989353.7610261,175.8336433700,1779989353.7610261,200.
1779989353.861026,186.5577276294,1779989353.861026,200.
1779989353.961026,203.4405540596,1779989353.961026,200.
1779989354.061026,179.0442043749,1779989354.061026,200.
1779989354.161026,202.6723795332,1779989354.161026,200.
1779989354.2610261,173.2299687407,1779989354.2610261,200.
1779989354.361026,188.0497361034,1779989354.361026,200.
1779989354.461026,205.4604202597,1779989354.461026,200.
1779989354.561026,207.9552121157,1779989354.561026,200.
1779989354.661026,180.1727679556,1779989354.661026,200.
1779989354.7610261,242.8998712159,1779989354.7610261,200.
1779989354.861026,193.1280626965,1779989354.861026,200.
1779989354.961026,176.18622472,1779989354.961026,200.
1779989355.061026,182.2399368109,1779989355.061026,200.
1779989355.161026,171.0973020938,1779989355.161026,200.
1779989355.2610261,214.8013674573,1779989355.2610261,200.
1779989355.361026,183.0929551656,1779989355.361026,200.
1779989355.461026,199.7371605677,1779989355.461026,200.
1779989355.561026,147.2909293645,1779989355.561026,200.
1779989355.661026,120.2971871434,1779989355.661026,200.
1779989355.7610261,176.5109648236,1779989355.7610261,200.
1779989355.861026,151.4227917091,1779989355.861026,200.
1779989355.961026,213.4555671907,1779989355.961026,200.
1779989356.061026,187.4065951416,1779989356.061026,200.
1779989356.161026,160.1057788006,1779989356.161026,200.
1779989356.2610261,201.9555223886,1779989356.2610261,200.
1779989356.361026,181.0928556243,1779989356.361026,200.
1779989356.461026,194.9790474145,1779989356.461026,200.
1779989356.561026,159.2780335911,1779989356.561026,200.
1779989356.661026,241.7429960831,1779989356.661026,200.
1779989356.7610261,183.5454132703,1779989356.7610261,200.
1779989356.861026,209.8142437675,1779989356.861026,200.
1779989356.961026,205.8509096217,1779989356.961026,200.
1779989357.061026,209.2138649352,1779989357.061026,200.
1779989357.161026,252.8782727222,1779989357.161026,200.
1779989357.2610261,194.1558599068,1779989357.2610261,200.
1779989357.361026,221.8321445952,1779989357.361026,200.
1779989357.461026,207.1752831698,1779989357.461026,200.
1779989357.561026,206.5222020146,1779989357.561026,200.
1779989357.661026,186.54708785,1779989357.661026,200.
1779989357.7610261,221.5171213275,1779989357.7610261,200.
1779989357.861026,188.9890463106,1779989357.861026,200.
1779989357.961026,178.4162244044,1779989357.961026,200.
1779989358.061026,165.1015613988,1779989358.061026,200.
1779989358.161026,208.0771029388,1779989358.161026,200.
1779989358.2610261,159.0763342172,1779989358.2610261,200.
1779989358.361026,149.2259597350,1779989358.361026,200.
1779989358.461026,147.7621562851,1779989358.461026,200.
1779989358.561026,172.0284337203,1779989358.561026,200.
1779989358.661026,207.4551337977,1779989358.661026,200.
1779989358.7610261,181.8565818875,1779989358.7610261,200.
1779989358.861026,151.5076489885,1779989358.861026,200.
1779989358.961026,194.5018897190,1779989358.961026,200.
1779989359.061026,157.6105309491,1779989359.061026,200.
1779989359.161026,206.0902057885,1779989359.161026,200.
1779989359.2610261,154.4891138918,1779989359.2610261,200.
1779989359.361026,230.6752307866,1779989359.361026,200.
1779989359.461026,168.8302579978,1779989359.461026,200.
1779989359.561026,167.2933417959,1779989359.561026,200.
1779989359.661026,170.3641753088,1779989359.661026,200.
1779989359.7610261,187.0303052138,1779989359.7610261,200.
1779989359.861026,214.3432407228,1779989359.861026,200.
1779989359.961026,217.9508926343,1779989359.961026,200.
1779989360.061026,250.957221952,1779989360.061026,200.
1779989360.161026,192.5280392352,1779989360.161026,200.
1779989360.2610261,225.0761965124,1779989360.2610261,200.
1779989360.361026,184.5998589715,1779989360.361026,200.
1779989360.461026,196.6341821594,1779989360.461026,200.
1779989360.561026,220.8942924689,1779989360.561026,200.
1779989360.661026,191.0717112951,1779989360.661026,200.
1779989360.7610261,178.9802814757,1779989360.7610261,200.
1779989360.861026,177.7123538822,1779989360.861026,200.
1779989360.961026,208.0198912625,1779989360.961026,200.
1779989361.061026,194.0065314363,1779989361.061026,200.
1779989361.161026,158.4166427481,1779989361.161026,200.
1779989361.2610261,152.9648825566,1779989361.2610261,200.
1779989361.361026,177.2022162531,1779989361.361026,200.
1779989361.461026,164.5856229114,1779989361.461026,200.
1779989361.561026,216.8924985607,1779989361.561026,200.
1779989361.661026,180.1066142795,1779989361.661026,200.
1779989361.7610261,182.7868377116,1779989361.7610261,200.
1779989361.861026,164.8946492399,1779989361.861026,200.
1779989361.961026,159.0543798709,1779989361.961026,200.
1779989362.061026,176.7493489062,1779989362.061026,200.
1779989362.161026,175.4895500688,1779989362.161026,200.
1779989362.2610261,180.6962078523,1779989362.2610261,200.
1779989362.361026,216.4337895602,1779989362.361026,200.
1779989362.461026,189.861979475,1779989362.461026,200.
1779989362.561026,203.6009102974,1779989362.561026,200.
1779989362.661026,205.3525645236,1779989362.661026,200.
1779989362.7610261,177.8379457364,1779989362.7610261,200.
1779989362.861026,216.561808128,1779989362.861026,200.
1779989362.961026,197.3626273625,1779989362.961026,200.
1779989363.061026,201.9065261726,1779989363.061026,200.
1779989363.161026,193.6640389785,1779989363.161026,200.
1779989363.2610261,226.6342317578,1779989363.2610261,200.
1779989363.361026,184.7411472209,1779989363.361026,200.
1779989363.461026,153.6166260934,1779989363.461026,200.
1779989363.561026,150.4625964126,1779989363.561026,200.
1779989363.661026,168.2432111508,1779989363.661026,200.
1779989363.7610261,177.3355199770,1779989363.7610261,200.
1779989363.861026,154.3636149129,1779989363.861026,200.
1779989363.961026,143.6091100002,1779989363.961026,200.
1779989364.061026,172.1885364034,1779989364.061026,200.
1779989364.161026,199.0630352921,1779989364.161026,200.
1779989364.2610261,156.6220254505,1779989364.2610261,200.
1779989364.361026,169.6242045549,1779989364.361026,200.
1779989364.461026,155.4466463454,1779989364.461026,200.
1779989364.561026,178.908078573,1779989364.561026,200.
1779989364.661026,181.9476523099,1779989364.661026,200.
1779989364.7610261,185.375765596,1779989364.7610261,200.
1779989364.861026,166.5821544828,1779989364.861026,200.
1779989364.961026,198.4244994813,1779989364.961026,200.
1779989365.061026,228.8040311153,1779989365.061026,200.
1779989365.161026,192.5659406648,1779989365.161026,200.
1779989365.2610261,177.5329443422,1779989365.2610261,200.
1779989365.361026,191.6520791285,1779989365.361026,200.
1779989365.461026,217.5993104926,1779989365.461026,200.
1779989365.561026,199.7494613191,1779989365.561026,200.
1779989365.661026,185.4794625445,1779989365.661026,200.
1779989365.7610261,192.6683322558,1779989365.7610261,200.
1779989365.861026,196.9849489707,1779989365.861026,200.
1779989365.961026,167.8838581489,1779989365.961026,200.
1779989366.061026,186.2438431851,1779989366.061026,200.
1779989366.161026,184.1557043743,1779989366.161026,200.
1779989366.2610261,153.1485419598,1779989366.2610261,200.
1779989366.361026,149.8329744423,1779989366.361026,200.
1779989366.461026,173.7422906733,1779989366.461026,200.
1779989366.561026,164.3430245237,1779989366.561026,200.
1779989366.661026,153.9278077402,1779989366.661026,200.
1779989366.7610261,178.7220752533,1779989366.7610261,200.
1779989366.861026,177.1217103037,1779989366.861026,200.
1779989366.961026,151.9139821765,1779989366.961026,200.
1779989367.061026,144.6628249963,1779989367.061026,200.
1779989367.161026,193.6907010841,1779989367.161026,200.
1779989367.2610261,209.7356754235,1779989367.2610261,200.
1779989367.361026,205.4377140803,1779989367.361026,200.
1779989367.461026,175.9050345868,1779989367.461026,200.
1779989367.561026,154.5013506240,1779989367.561026,200.
1779989367.661026,174.8382097709,1779989367.661026,200.
1779989367.7610261,201.1015267893,1779989367.7610261,200.
1779989367.861026,210.6985030711,1779989367.861026,200.
1779989367.961026,204.7160147349,1779989367.961026,200.
1779989368.061026,208.2016011582,1779989368.061026,200.
1779989368.161026,250.9489730065,1779989368.161026,200.
1779989368.2610261,225.9197846806,1779989368.2610261,200.
1779989368.361026,224.6258147843,1779989368.361026,200.
1779989368.461026,155.6929918943,1779989368.461026,200.
1779989368.561026,219.3139753980,1779989368.561026,200.
1779989368.661026,212.6497729401,1779989368.661026,200.
1779989368.7610261,201.5667465796,1779989368.7610261,200.
1779989368.861026,167.6370551066,1779989368.861026,200.
1779989368.961026,193.9276194112,1779989368.961026,200.
1779989369.061026,155.5742629887,1779989369.061026,200.
1779989369.161026,189.4855477916,1779989369.161026,200.
1779989369.2610261,158.6415077266,1779989369.2610261,200.
1779989369.361026,149.158589758,1779989369.361026,200.
1779989369.461026,151.0432744285,1779989369.461026,200.
1779989369.561026,166.5958550987,1779989369.561026,200.
1779989369.661026,185.3321888581,1779989369.661026,200.
1779989369.7610261,164.1454247845,1779989369.7610261,200.
1779989369.861026,143.0699623717,1779989369.861026,200.
1779989369.961026,150.0670353233,1779989369.961026,200.
1779989370.061026,179.3575526408,1779989370.061026,200.
1779989370.161026,173.1761796258,1779989370.161026,200.
1779989370.2610261,175.6346691428,1779989370.2610261,200.
1779989370.361026,223.8851692922,1779989370.361026,200.
1779989370.461026,233.9992545917,1779989370.461026,200.
1779989370.561026,197.0555195856,1779989370.561026,200.
1779989370.661026,196.6715674193,1779989370.661026,200.
1779989370.7610261,228.8343004678,1779989370.7610261,200.
1779989370.861026,217.9448366557,1779989370.861026,200.
1779989370.961026,191.6764917116,1779989370.961026,200.
1779989371.061026,192.8447573346,1779989371.061026,200.
1779989371.161026,200.9199232503,1779989371.161026,200.
1779989371.2610261,218.2418037110,1779989371.2610261,200.
1779989371.361026,203.3723107079,1779989371.361026,200.
1779989371.461026,232.0754413745,1779989371.461026,200.
1779989371.561026,198.8329306529,1779989371.561026,200.
1779989371.661026,181.8783795647,1779989371.661026,200.
1779989371.7610261,177.6785272066,1779989371.7610261,200.
1779989371.861026,154.5403954983,1779989371.861026,200.
1779989371.961026,166.6256311421,1779989371.961026,200.
1779989372.061026,180.8149578784,1779989372.061026,200.
1779989372.161026,173.9715416052,1779989372.161026,200.
1779989372.2610261,157.4417380247,1779989372.2610261,200.
1779989372.361026,140.6483274902,1779989372.361026,200.
1779989372.461026,179.4596027031,1779989372.461026,200.
1779989372.561026,174.4116183818,1779989372.561026,200.
1779989372.661026,178.3460077044,1779989372.661026,200.
1779989372.7610261,223.1832557053,1779989372.7610261,200.
1779989372.861026,191.5559943162,1779989372.861026,200.
1779989372.961026,196.1364375489,1779989372.961026,200.
1779989373.061026,161.9582520775,1779989373.061026,200.
1779989373.161026,174.8331989222,1779989373.161026,200.
1779989373.2610261,167.2491781251,1779989373.2610261,200.
1779989373.361026,212.1826730847,1779989373.361026,200.
1779989373.461026,206.9039420229,1779989373.461026,200.
1779989373.561026,204.461657935,1779989373.561026,200.
1779989373.661026,175.495750706,1779989373.661026,200.
1779989373.7610261,177.7505958209,1779989373.7610261,200.
1779989373.861026,239.3656920329,1779989373.861026,200.
1779989373.961026,184.0458025396,1779989373.961026,200.
1779989374.061026,221.6987331088,1779989374.061026,200.
1779989374.161026,217.3695605102,1779989374.161026,200.
1779989374.2610261,179.6081058067,1779989374.2610261,200.
1779989374.361026,180.8243914253,1779989374.361026,200.
1779989374.461026,147.8480253661,1779989374.461026,200.
1779989374.561026,178.7452454309,1779989374.561026,200.
1779989374.661026,154.2569853794,1779989374.661026,200.
1779989374.7610261,171.119658917,1779989374.7610261,200.
1779989374.861026,157.0230796249,1779989374.861026,200.
1779989374.961026,167.6095940766,1779989374.961026,200.
1779989375.061026,149.7245790399,1779989375.061026,200.
1779989375.161026,171.5781713865,1779989375.161026,200.
1779989375.2610261,194.6761614724,1779989375.2610261,200.
1779989375.361026,182.6016853865,1779989375.361026,200.
1779989375.461026,185.3905824607,1779989375.461026,200.
1779989375.561026,179.6954540893,1779989375.561026,200.
1779989375.661026,203.492359064,1779989375.661026,200.
1779989375.7610261,200.2187327708,1779989375.7610261,200.
1779989375.861026,179.1692645172,1779989375.861026,200.
1779989375.961026,229.7690551563,1779989375.961026,200.
1779989376.061026,188.2029281012,1779989376.061026,200.
1779989376.161026,174.5914762317,1779989376.161026,200.
1779989376.2610261,219.7307844430,1779989376.2610261,200.
1779989376.361026,286.3980139041,1779989376.361026,200.
1779989376.461026,252.2737203313,1779989376.461026,200.
1779989376.561026,183.1130196951,1779989376.561026,200.
1779989376.661026,194.6528919673,1779989376.661026,200.
1779989376.7610261,193.8058396994,1779989376.7610261,200.
1779989376.861026,225.8955953796,1779989376.861026,200.
1779989376.961026,180.1283011524,1779989376.961026,200.
1779989377.061026,204.4630287951,1779989377.061026,200.
1779989377.161026,184.3835167466,1779989377.161026,200.
1779989377.2610261,171.8637360111,1779989377.2610261,200.
1779989377.361026,173.0997938012,1779989377.361026,200.
1779989377.461026,216.7505717029,1779989377.461026,200.
1779989377.561026,203.7001513961,1779989377.561026,200.
1779989377.661026,158.2202777221,1779989377.661026,200.
1779989377.7610261,140.5862041395,1779989377.7610261,200.
1779989377.861026,154.6379438754,1779989377.861026,200.
1779989377.961026,144.4063827523,1779989377.961026,200.
1779989378.061026,153.6182053756,1779989378.061026,200.
1779989378.161026,186.3507044396,1779989378.161026,200.
1779989378.2610261,213.0403216898,1779989378.2610261,200.
1779989378.361026,184.9627927906,1779989378.361026,200.
1779989378.461026,167.4246898655,1779989378.461026,200.
1779989378.561026,215.1158339514,1779989378.561026,200.
1779989378.661026,205.0910756999,1779989378.661026,200.
1779989378.7610261,177.9229645322,1779989378.7610261,200.
1779989378.861026,252.5797475367,1779989378.861026,200.
1779989378.961026,216.7639274475,1779989378.961026,200.
1779989379.061026,213.6768353559,1779989379.061026,200.
1779989379.161026,183.3908576222,1779989379.161026,200.
1779989379.2610261,195.2686914906,1779989379.2610261,200.
1779989379.361026,186.2298649344,1779989379.361026,200.
1779989379.461026,178.4936372621,1779989379.461026,200.
1779989379.561026,197.4422098271,1779989379.561026,200.
1779989379.661026,200.6156662440,1779989379.661026,200.
1779989379.7610261,189.8571477516,1779989379.7610261,200.
1779989379.861026,169.2943555468,1779989379.861026,200.
1779989379.961026,158.7007932737,1779989379.961026,200.
1779989380.061026,195.6079888553,1779989380.061026,200.
1779989380.161026,180.8656306773,1779989380.161026,200.
1779989380.2610261,237.2513854934,1779989380.2610261,200.
1779989380.361026,194.7098445159,1779989380.361026,200.
1779989380.461026,177.6563773684,1779989380.461026,200.
1779989380.561026,158.2377640851,1779989380.561026,200.
1779989380.661026,149.1278224401,1779989380.661026,200.
1779989380.7610261,165.7835930557,1779989380.7610261,200.
1779989380.861026,200.4706737489,1779989380.861026,200.
1779989380.961026,177.4892755035,1779989380.961026,200.
1779989381.061026,191.5809269583,1779989381.061026,200.
1779989381.161026,179.4854611042,1779989381.161026,200.
1779989381.2610261,200.1829527937,1779989381.2610261,200.
1779989381.361026,168.9171021566,1779989381.361026,200.
1779989381.461026,212.9896344598,1779989381.461026,200.
1779989381.561026,205.0840312165,1779989381.561026,200.
1779989381.661026,186.4176770702,1779989381.661026,200.
1779989381.7610261,205.9954472163,1779989381.7610261,200.
1779989381.861026,204.5748369196,1779989381.861026,200.
1779989381.961026,203.5337284706,1779989381.961026,200.
1779989382.061026,212.7889800099,1779989382.061026,200.
1779989382.161026,203.5324578004,1779989382.161026,200.
1779989382.2610261,196.3909768942,1779989382.2610261,200.
1779989382.361026,188.6503174262,1779989382.361026,200.
1779989382.461026,180.7034192324,1779989382.461026,200.
1779989382.561026,183.1040067347,1779989382.561026,200.
1779989382.661026,169.5149143299,1779989382.661026,200.
1779989382.7610261,158.7772530056,1779989382.7610261,200.
1779989382.861026,167.9237100646,1779989382.861026,200.
1779989382.961026,152.8289136756,1779989382.961026,200.
1779989383.061026,166.5191186594,1779989383.061026,200.
1779989383.161026,153.5607983838,1779989383.161026,200.
1779989383.2610261,155.3309322942,1779989383.2610261,200.
1779989383.361026,168.7730603669,1779989383.361026,200.
1779989383.461026,155.3395492096,1779989383.461026,200.
1779989383.561026,174.6928145032,1779989383.561026,200.
1779989383.661026,177.7731360787,1779989383.661026,200.
1779989383.7610261,170.5777040969,1779989383.7610261,200.
1779989383.861026,185.2883920591,1779989383.861026,200.
1779989383.961026,182.6453889481,1779989383.961026,200.
1779989384.061026,196.8874644390,1779989384.061026,200.
1779989384.161026,209.2717525064,1779989384.161026,200.
1779989384.2610261,204.1500980111,1779989384.2610261,200.
1779989384.361026,192.3240049994,1779989384.361026,200.
1779989384.461026,218.6220951875,1779989384.461026,200.
1779989384.561026,196.9215470317,1779989384.561026,200.
1779989384.661026,171.0944801296,1779989384.661026,200.
1779989384.7610261,200.702020951,1779989384.7610261,200.
1779989384.861026,197.1422860694,1779989384.861026,200.
1779989384.961026,187.5814940195,1779989384.961026,200.
1779989385.061026,193.8422200465,1779989385.061026,200.
1779989385.161026,179.6736106685,1779989385.161026,200.
1779989385.2610261,186.2571433711,1779989385.2610261,200.
1779989385.361026,179.4150828596,1779989385.361026,200.
1779989385.461026,178.5845129312,1779989385.461026,200.
1779989385.561026,146.7856056343,1779989385.561026,200.
1779989385.661026,167.4783284856,1779989385.661026,200.
1779989385.7610261,132.5737227182,1779989385.7610261,200.
1779989385.861026,190.5646798578,1779989385.861026,200.
1779989385.961026,157.2130102040,1779989385.961026,200.
1779989386.061026,180.1044025321,1779989386.061026,200.
1779989386.161026,191.8907579569,1779989386.161026,200.
1779989386.2610261,185.6182503585,1779989386.2610261,200.
1779989386.361026,212.3064493564,1779989386.361026,200.
1779989386.461026,202.2255796698,1779989386.461026,200.
1779989386.561026,159.8149708079,1779989386.561026,200.
1779989386.661026,194.3073580546,1779989386.661026,200.
1779989386.7610261,209.2865163478,1779989386.7610261,200.
1779989386.861026,181.0444157777,1779989386.861026,200.
1779989386.961026,211.7044991336,1779989386.961026,200.
1779989387.061026,195.3580809464,1779989387.061026,200.
1779989387.161026,202.6814910549,1779989387.161026,200.
1779989387.2610261,236.2976807650,1779989387.2610261,200.
1779989387.361026,216.9907607143,1779989387.361026,200.
1779989387.461026,193.2847241382,1779989387.461026,200.
1779989387.561026,189.5973074677,1779989387.561026,200.
1779989387.661026,228.2729957984,1779989387.661026,200.
1779989387.7610261,182.8237477018,1779989387.7610261,200.
1779989387.861026,186.3981038659,1779989387.861026,200.
1779989387.961026,169.3812798189,1779989387.961026,200.
1779989388.061026,171.9442301245,1779989388.061026,200.
1779989388.161026,181.2705151615,1779989388.161026,200.
1779989388.2610261,171.8968200075,1779989388.2610261,200.
1779989388.361026,152.3103437702,1779989388.361026,200.
1779989388.461026,154.2274459642,1779989388.461026,200.
1779989388.561026,170.3053204343,1779989388.561026,200.
1779989388.661026,151.9229597318,1779989388.661026,200.
1779989388.7610261,185.9815641103,1779989388.7610261,200.
1779989388.861026,191.3332292202,1779989388.861026,200.
1779989388.961026,180.5022161969,1779989388.961026,200.
1779989389.061026,232.6343625914,1779989389.061026,200.
1779989389.161026,198.7414405404,1779989389.161026,200.
1779989389.2610261,192.2381763664,1779989389.2610261,200.
1779989389.361026,177.5000417123,1779989389.361026,200.
1779989389.461026,201.5564365663,1779989389.461026,200.
1779989389.561026,223.1396470389,1779989389.561026,200.
1779989389.661026,208.1745093656,1779989389.661026,200.
1779989389.7610261,181.6412379196,1779989389.7610261,200.
1779989389.861026,212.3131845027,1779989389.861026,200.
1779989389.961026,196.7246426512,1779989389.961026,200.
1779989390.061026,224.4529434887,1779989390.061026,200.
1779989390.161026,232.1555380388,1779989390.161026,200.
1779989390.2610261,181.3891976072,1779989390.2610261,200.
1779989390.361026,151.3875976212,1779989390.361026,200.
1779989390.461026,183.186271335,1779989390.461026,200.
1779989390.561026,175.9267740989,1779989390.561026,200.
1779989390.661026,157.2976598902,1779989390.661026,200.
1779989390.7610261,191.6644837792,1779989390.7610261,200.
1779989390.861026,159.2342168417,1779989390.861026,200.
1779989390.961026,196.6054010883,1779989390.961026,200.
1779989391.061026,186.2965722521,1779989391.061026,200.
1779989391.161026,146.7961361589,1779989391.161026,200.
1779989391.2610261,182.6947626209,1779989391.2610261,200.
1779989391.361026,176.3355212974,1779989391.361026,200.
1779989391.461026,174.5141283637,1779989391.461026,200.
1779989391.561026,180.4503298907,1779989391.561026,200.
1779989391.661026,179.2032770651,1779989391.661026,200.
1779989391.7610261,179.3977469932,1779989391.7610261,200.
1779989391.861026,174.3855955426,1779989391.861026,200.
1779989391.961026,176.7769429136,1779989391.961026,200.
1779989392.061026,203.4222600250,1779989392.061026,200.
1779989392.161026,207.5667137822,1779989392.161026,200.
1779989392.2610261,203.3780860337,1779989392.2610261,200.
1779989392.361026,215.3608693444,1779989392.361026,200.
1779989392.461026,207.7763260803,1779989392.461026,200.
1779989392.561026,181.6788965769,1779989392.561026,200.
1779989392.661026,200.1129141911,1779989392.661026,200.
1779989392.7610261,205.3809412232,1779989392.7610261,200.
1779989392.861026,181.5085543165,1779989392.861026,200.
1779989392.961026,180.0314840212,1779989392.961026,200.
1779989393.061026,168.7543206598,1779989393.061026,200.
1779989393.161026,181.5834207837,1779989393.161026,200.
1779989393.2610261,178.4373400739,1779989393.2610261,200.
1779989393.361026,176.2251538027,1779989393.361026,200.
1779989393.461026,153.1451581558,1779989393.461026,200.
1779989393.561026,150.9460605076,1779989393.561026,200.
1779989393.661026,172.5019530178,1779989393.661026,200.
1779989393.7610261,150.8907041661,1779989393.7610261,200.
1779989393.861026,164.0667818325,1779989393.861026,200.
1779989393.961026,177.1811231139,1779989393.961026,200.
1779989394.061026,182.4100957686,1779989394.061026,200.
1779989394.161026,176.5467101663,1779989394.161026,200.
1779989394.2610261,150.3525765274,1779989394.2610261,200.
1779989394.361026,177.8376722808,1779989394.361026,200.
1779989394.461026,205.3248890558,1779989394.461026,200.
1779989394.561026,178.5278415084,1779989394.561026,200.
1779989394.661026,191.690455482,1779989394.661026,200.
1779989394.7610261,220.7531676725,1779989394.7610261,200.
1779989394.861026,202.8853542482,1779989394.861026,200.
1779989394.961026,177.2285625709,1779989394.961026,200.
1779989395.061026,187.5275761742,1779989395.061026,200.
1779989395.161026,193.3817947805,1779989395.161026,200.
1779989395.2610261,202.4232906771,1779989395.2610261,200.
1779989395.361026,202.2243803688,1779989395.361026,200.
1779989395.461026,186.3395425761,1779989395.461026,200.
1779989395.561026,178.8296248069,1779989395.561026,200.
1779989395.661026,172.1471735333,1779989395.661026,200.
1779989395.7610261,173.5554634974,1779989395.7610261,200.
1779989395.861026,166.0504393171,1779989395.861026,200.
1779989395.961026,175.4157642069,1779989395.961026,200.
1779989396.061026,186.1241952875,1779989396.061026,200.
1779989396.161026,132.0266033885,1779989396.161026,200.
1779989396.2610261,166.983085274,1779989396.2610261,200.
1779989396.361026,173.3554906552,1779989396.361026,200.
1779989396.461026,162.6171983483,1779989396.461026,200.
1779989396.561026,163.5913603054,1779989396.561026,200.
1779989396.661026,183.4683972355,1779989396.661026,200.
1779989396.7610261,168.3309070352,1779989396.7610261,200.
1779989396.861026,175.492704299,1779989396.861026,200.
1779989396.961026,195.0078432031,1779989396.961026,200.
1779989397.061026,172.5978650092,1779989397.061026,200.
1779989397.161026,186.7021590526,1779989397.161026,200.
1779989397.2610261,205.0368063292,1779989397.2610261,200.
1779989397.361026,199.5818310625,1779989397.361026,200.
1779989397.461026,193.3761142799,1779989397.461026,200.
1779989397.561026,218.0839373683,1779989397.561026,200.
1779989397.661026,190.9069629343,1779989397.661026,200.
1779989397.7610261,196.2293503000,1779989397.7610261,200.
1779989397.861026,206.6647773091,1779989397.861026,200.
1779989397.961026,185.4271402343,1779989397.961026,200.
1779989398.061026,180.0951353791,1779989398.061026,200.
1779989398.161026,174.2132936905,1779989398.161026,200.
1779989398.2610261,150.3209778946,1779989398.2610261,200.
1779989398.361026,174.5495249888,1779989398.361026,200.
1779989398.461026,155.751771654,1779989398.461026,200.
1779989398.561026,174.1615231110,1779989398.561026,200.
1779989398.661026,158.0181900663,1779989398.661026,200.
1779989398.7610261,168.2849289857,1779989398.7610261,200.
1779989398.861026,164.0641846549,1779989398.861026,200.
1779989398.961026,162.0433094796,1779989398.961026,200.
1779989399.061026,143.8907697152,1779989399.061026,200.
1779989399.161026,151.1891546454,1779989399.161026,200.
1779989399.2610261,185.8577890925,1779989399.2610261,200.
1779989399.361026,163.8540115019,1779989399.361026,200.
1779989399.461026,173.968660013,1779989399.461026,200.
1779989399.561026,204.6690722923,1779989399.561026,200.
1779989399.661026,172.0970368421,1779989399.661026,200.
1779989399.7610261,195.4102474728,1779989399.7610261,200.
1779989399.861026,215.0612808926,1779989399.861026,200.
1779989399.961026,210.1978614698,1779989399.961026,200.
1779989400.061026,212.455504873,1779989400.061026,200.
1779989400.161026,239.5929825441,1779989400.161026,200.
1779989400.2610261,193.6724720970,1779989400.2610261,200.
1779989400.361026,181.1207672278,1779989400.361026,200.
1779989400.461026,182.4497772436,1779989400.461026,200.
1779989400.561026,242.9588291378,1779989400.561026,200.
1779989400.661026,212.4699739873,1779989400.661026,200.
1779989400.7610261,190.3723900661,1779989400.7610261,200.
1779989400.861026,208.1018000254,1779989400.861026,200.
1779989400.961026,192.3286107855,1779989400.961026,200.
1779989401.061026,155.5190410784,1779989401.061026,200.
1779989401.161026,191.8176882157,1779989401.161026,200.
1779989401.2610261,180.1336946854,1779989401.2610261,200.
1779989401.361026,155.3425294081,1779989401.361026,200.
1779989401.461026,148.2300243336,1779989401.461026,200.
1779989401.561026,170.7181003609,1779989401.561026,200.
1779989401.661026,169.2439618362,1779989401.661026,200.
1779989401.7610261,166.7273670725,1779989401.7610261,200.
1779989401.861026,173.4152423516,1779989401.861026,200.
1779989401.961026,190.9322854630,1779989401.961026,200.
1779989402.061026,161.6853526274,1779989402.061026,200.
1779989402.161026,193.7721686727,1779989402.161026,200.
1779989402.2610261,187.1466913507,1779989402.2610261,200.
1779989402.361026,176.5158494041,1779989402.361026,200.
1779989402.461026,197.1953570757,1779989402.461026,200.
1779989402.561026,188.6067077559,1779989402.561026,200.
1779989402.661026,188.6067077559,1779989402.661026,0.
1779989402.7610261,188.6067077559,1779989402.7610261,0.
1779989402.861026,188.6067077559,1779989402.861026,0.
1779989402.961026,188.6067077559,1779989402.961026,0.
1779989403.061026,188.6067077559,1779989403.061026,0.
1779989403.161026,188.6067077559,1779989403.161026,0.
1779989403.2610261,188.6067077559,1779989403.2610261,0.
1779989403.361026,188.6067077559,1779989403.361026,0.
1779989403.461026,188.6067077559,1779989403.461026,0.
1779989403.561026,188.6067077559,1779989403.561026,0.
1779989403.661026,188.6067077559,1779989403.661026,0.
1779989403.7610261,188.6067077559,1779989403.7610261,0.
1779989403.861026,188.6067077559,1779989403.861026,0.
1779989403.961026,188.6067077559,1779989403.961026,0.
1779989404.061026,188.6067077559,1779989404.061026,0.
1779989404.161026,188.6067077559,1779989404.161026,0.
1779989404.2610261,188.6067077559,1779989404.2610261,0.
1779989404.361026,188.6067077559,1779989404.361026,0.
1779989404.461026,188.6067077559,1779989404.461026,0.
1779989404.561026,188.6067077559,1779989404.561026,0.
1779989404.661026,188.6067077559,1779989404.661026,0.
1779989404.7610261,188.6067077559,1779989404.7610261,0.
1779989404.861026,188.6067077559,1779989404.861026,0.
1779989404.961026,188.6067077559,1779989404.961026,0.
1779989405.061026,188.6067077559,1779989405.061026,0.
1779989405.161026,188.6067077559,1779989405.161026,0.
1779989405.2610261,188.6067077559,1779989405.2610261,0.
1779989405.361026,188.6067077559,1779989405.361026,0.
1779989405.461026,188.6067077559,1779989405.461026,0.
1779989405.561026,188.6067077559,1779989405.561026,0.
1779989405.661026,188.6067077559,1779989405.661026,0.
1779989405.7610261,188.6067077559,1779989405.7610261,0.
1779989405.861026,188.6067077559,1779989405.861026,0.
1779989405.961026,188.6067077559,1779989405.961026,0.
1779989406.061026,188.6067077559,1779989406.061026,0.
1779989406.161026,188.6067077559,1779989406.161026,0.
1779989406.2610261,188.6067077559,1779989406.2610261,0.
1779989406.361026,188.6067077559,1779989406.361026,0.
1779989406.461026,188.6067077559,1779989406.461026,0.
1779989406.561026,188.6067077559,1779989406.561026,0.
1779989406.661026,188.6067077559,1779989406.661026,0.
1779989406.7610261,188.6067077559,1779989406.7610261,0.
1779989406.861026,188.6067077559,1779989406.861026,0.
1779989406.961026,188.6067077559,1779989406.961026,0.
1779989407.061026,188.6067077559,1779989407.061026,0.
1779989407.161026,188.6067077559,1779989407.161026,0.
1779989407.2610261,188.6067077559,1779989407.2610261,0.
1779989407.361026,188.6067077559,1779989407.361026,0.
1779989407.461026,188.6067077559,1779989407.461026,0.
1779989407.561026,188.6067077559,1779989407.561026,0.
1779989407.661026,188.6067077559,1779989407.661026,0.
1779989407.7610261,188.6067077559,1779989407.7610261,0.
1779989407.861026,188.6067077559,1779989407.861026,0.
1779989407.961026,188.6067077559,1779989407.961026,0.
1779989408.061026,188.6067077559,1779989408.061026,0.
1779989408.161026,188.6067077559,1779989408.161026,0.
1779989408.2610261,188.6067077559,1779989408.2610261,0.
1779989408.361026,188.6067077559,1779989408.361026,0.
1779989408.461026,188.6067077559,1779989408.461026,0.
1779989408.561026,188.6067077559,1779989408.561026,0.
1779989408.661026,188.6067077559,1779989408.661026,0.
1779989408.7610261,188.6067077559,1779989408.7610261,0.
1779989408.861026,188.6067077559,1779989408.861026,0.
1779989408.961026,188.6067077559,1779989408.961026,0.
1779989409.061026,188.6067077559,1779989409.061026,0.
1779989409.161026,188.6067077559,1779989409.161026,0.
1779989409.2610261,188.6067077559,1779989409.2610261,0.
1779989409.361026,188.6067077559,1779989409.361026,0.
1779989409.461026,188.6067077559,1779989409.461026,0.
1779989409.561026,188.6067077559,1779989409.561026,0.
1779989409.661026,188.6067077559,1779989409.661026,0.
1779989409.7610261,188.6067077559,1779989409.7610261,0.
1779989409.861026,188.6067077559,1779989409.861026,0.
1779989409.961026,188.6067077559,1779989409.961026,0.
1779989410.061026,188.6067077559,1779989410.061026,0.
1779989410.161026,188.6067077559,1779989410.161026,0.
1779989410.2610261,188.6067077559,1779989410.2610261,0.
1779989410.361026,188.6067077559,1779989410.361026,0.
1779989410.461026,188.6067077559,1779989410.461026,0.
1779989410.561026,188.6067077559,1779989410.561026,0.
1779989410.661026,188.6067077559,1779989410.661026,0.
1779989410.7610261,188.6067077559,1779989410.7610261,0.
1779989410.861026,188.6067077559,1779989410.861026,0.
1779989410.961026,188.6067077559,1779989410.961026,0.
1779989411.061026,188.6067077559,1779989411.061026,0.
1779989411.161026,188.6067077559,1779989411.161026,0.
1779989411.2610261,188.6067077559,1779989411.2610261,0.
1779989411.361026,188.6067077559,1779989411.361026,0.
1779989411.461026,188.6067077559,1779989411.461026,0.
1779989411.561026,188.6067077559,1779989411.561026,0.
1779989411.661026,188.6067077559,1779989411.661026,0.
1779989411.7610261,188.6067077559,1779989411.7610261,0.
1779989411.861026,188.6067077559,1779989411.861026,0.
1779989411.961026,188.6067077559,1779989411.961026,0.
1779989412.061026,188.6067077559,1779989412.061026,0.
1779989412.161026,188.6067077559,1779989412.161026,0.
1779989412.2610261,188.6067077559,1779989412.2610261,0.
1779989412.361026,188.6067077559,1779989412.361026,0.
