Command_x,Command_y,Target_x,Target_y
1778162098.873019,0.,1778162098.873019,120.
1778162098.9730191,0.,1778162098.9730191,120.
1778162099.073019,0.,1778162099.073019,120.
1778162099.1730192,0.,1778162099.1730192,120.
1778162099.273019,0.,1778162099.273019,120.
1778162099.373019,0.,1778162099.373019,120.
1778162099.4730191,0.,1778162099.4730191,120.
1778162099.573019,0.,1778162099.573019,120.
1778162099.6730192,0.,1778162099.6730192,120.
1778162099.773019,0.,1778162099.773019,120.
1778162099.873019,0.,1778162099.873019,120.
1778162099.9730191,0.,1778162099.9730191,120.
1778162100.073019,0.,1778162100.073019,120.
1778162100.1730192,0.,1778162100.1730192,120.
1778162100.273019,0.,1778162100.273019,120.
1778162100.373019,0.,1778162100.373019,120.
1778162100.4730191,0.,1778162100.4730191,120.
1778162100.573019,0.,1778162100.573019,120.
1778162100.6730192,0.,1778162100.6730192,120.
1778162100.773019,0.,1778162100.773019,120.
1778162100.873019,0.,1778162100.873019,120.
1778162100.9730191,0.,1778162100.9730191,120.
1778162101.073019,0.,1778162101.073019,120.
1778162101.1730192,0.,1778162101.1730192,120.
1778162101.273019,0.,1778162101.273019,120.
1778162101.373019,0.,1778162101.373019,120.
1778162101.4730191,0.,1778162101.4730191,120.
1778162101.573019,0.,1778162101.573019,120.
1778162101.6730192,0.,1778162101.6730192,120.
1778162101.773019,0.,1778162101.773019,120.
1778162101.873019,0.,1778162101.873019,120.
1778162101.9730191,0.,1778162101.9730191,120.
1778162102.073019,0.,1778162102.073019,120.
1778162102.1730192,0.,1778162102.1730192,120.
1778162102.273019,0.,1778162102.273019,120.
1778162102.373019,0.,1778162102.373019,120.
1778162102.4730191,0.,1778162102.4730191,120.
1778162102.573019,0.,1778162102.573019,120.
1778162102.6730192,0.,1778162102.6730192,120.
1778162102.773019,0.,1778162102.773019,120.
1778162102.873019,0.,1778162102.873019,120.
1778162102.9730191,0.,1778162102.9730191,120.
1778162103.073019,0.,1778162103.073019,120.
1778162103.1730192,0.,1778162103.1730192,120.
1778162103.273019,0.,1778162103.273019,120.
1778162103.373019,0.,1778162103.373019,120.
1778162103.4730191,0.,1778162103.4730191,120.
1778162103.573019,0.,1778162103.573019,120.
1778162103.6730192,0.,1778162103.6730192,120.
1778162103.773019,0.,1778162103.773019,120.
1778162103.873019,0.,1778162103.873019,120.
1778162103.9730191,0.,1778162103.9730191,120.
1778162104.073019,0.,1778162104.073019,120.
1778162104.1730192,0.,1778162104.1730192,120.
1778162104.273019,0.,1778162104.273019,120.
1778162104.373019,0.,1778162104.373019,120.
1778162104.4730191,0.,1778162104.4730191,120.
1778162104.573019,0.,1778162104.573019,120.
1778162104.6730192,0.,1778162104.6730192,120.
1778162104.773019,0.,1778162104.773019,120.
1778162104.873019,0.,1778162104.873019,120.
1778162104.9730191,0.,1778162104.9730191,120.
1778162105.073019,0.,1778162105.073019,120.
1778162105.1730192,0.,1778162105.1730192,120.
1778162105.273019,0.,1778162105.273019,120.
1778162105.373019,0.,1778162105.373019,120.
1778162105.4730191,0.,1778162105.4730191,120.
1778162105.573019,0.,1778162105.573019,120.
1778162105.6730192,0.,1778162105.6730192,120.
1778162105.773019,0.,1778162105.773019,120.
1778162105.873019,0.,1778162105.873019,120.
1778162105.9730191,0.,1778162105.9730191,120.
1778162106.073019,0.,1778162106.073019,120.
1778162106.1730192,0.,1778162106.1730192,120.
1778162106.273019,0.,1778162106.273019,120.
1778162106.373019,0.,1778162106.373019,120.
1778162106.4730191,0.,1778162106.4730191,120.
1778162106.573019,0.,1778162106.573019,120.
1778162106.6730192,0.,1778162106.6730192,120.
1778162106.773019,0.,1778162106.773019,120.
1778162106.873019,0.,1778162106.873019,120.
1778162106.9730191,0.,1778162106.9730191,120.
1778162107.073019,0.,1778162107.073019,120.
1778162107.1730192,0.,1778162107.1730192,120.
1778162107.273019,0.,1778162107.273019,120.
1778162107.373019,0.,1778162107.373019,120.
1778162107.4730191,0.,1778162107.4730191,120.
1778162107.573019,0.,1778162107.573019,120.
1778162107.6730192,0.,1778162107.6730192,120.
1778162107.773019,0.,1778162107.773019,120.
1778162107.873019,0.,1778162107.873019,120.
1778162107.9730191,0.,1778162107.9730191,120.
1778162108.073019,0.,1778162108.073019,120.
1778162108.1730192,0.,1778162108.1730192,120.
1778162108.273019,44.1657503808,1778162108.273019,119.2377553672
1778162108.373019,165.5366019450,1778162108.373019,118.5185632863
1778162108.4730191,204.9182047839,1778162108.4730191,117.4850082855
1778162108.573019,193.355558823,1778162108.573019,117.3368428403
1778162108.6730192,124.2700063476,1778162108.6730192,116.5057456235
1778162108.773019,93.0258370548,1778162108.773019,117.2374441146
1778162108.873019,63.6365644265,1778162108.873019,117.5466612702
1778162108.9730191,126.4955323803,1778162108.9730191,117.3252104376
1778162109.073019,109.5293907044,1778162109.073019,117.3826843804
1778162109.1730192,108.5880570645,1778162109.1730192,117.3519392608
1778162109.273019,110.4906022307,1778162109.273019,117.1008974392
1778162109.373019,112.8635921867,1778162109.373019,115.9794929774
1778162109.4730191,155.1422536207,1778162109.4730191,115.4103733067
1778162109.573019,182.1951186256,1778162109.573019,116.0772069159
1778162109.6730192,139.9939298952,1778162109.6730192,116.6315526086
1778162109.773019,68.2282616129,1778162109.773019,117.8035353112
1778162109.873019,139.6631219668,1778162109.873019,117.4926353992
1778162109.9730191,91.9874325344,1778162109.9730191,117.2644175482
1778162110.073019,105.5651284325,1778162110.073019,117.3738815561
1778162110.1730192,110.5523065189,1778162110.1730192,117.1007901766
1778162110.273019,108.5694982140,1778162110.273019,116.279781317
1778162110.373019,108.6812458232,1778162110.373019,115.2341516622
1778162110.4730191,107.5406095383,1778162110.4730191,114.8618913579
1778162110.573019,138.8157591343,1778162110.573019,114.8381656503
1778162110.6730192,133.2761756682,1778162110.6730192,114.5458758054
1778162110.773019,116.9935172766,1778162110.773019,115.3532779428
1778162110.873019,87.5787138371,1778162110.873019,115.7243592017
1778162110.9730191,142.6613723032,1778162110.9730191,115.6457680812
1778162111.073019,153.1748844978,1778162111.073019,115.2961900907
1778162111.1730192,117.7517888377,1778162111.1730192,116.3682660616
1778162111.273019,107.5127340169,1778162111.273019,117.1895705943
1778162111.373019,65.6422515436,1778162111.373019,117.4470921462
1778162111.4730191,117.0325345787,1778162111.4730191,116.9926243437
1778162111.573019,127.9125560692,1778162111.573019,116.4035513734
1778162111.6730192,109.1635185794,1778162111.6730192,115.9187488086
1778162111.773019,103.9688260631,1778162111.773019,115.8340426727
1778162111.873019,107.069283961,1778162111.873019,115.7585159227
1778162111.9730191,170.7132016321,1778162111.9730191,115.9994154564
1778162112.073019,95.4030065057,1778162112.073019,116.1475324685
1778162112.1730192,102.9352624106,1778162112.1730192,117.6476227713
1778162112.273019,148.8779935293,1778162112.273019,117.487802818
1778162112.373019,120.1846530596,1778162112.373019,118.4814781465
1778162112.4730191,106.9243283069,1778162112.4730191,118.9658695131
1778162112.573019,65.7261283978,1778162112.573019,121.1768736292
1778162112.6730192,78.1431987812,1778162112.6730192,121.9769735125
1778162112.773019,102.2213231978,1778162112.773019,120.9586801779
1778162112.873019,167.8335386880,1778162112.873019,120.
1778162112.9730191,140.1831111670,1778162112.9730191,119.3928606983
1778162113.073019,113.9372532605,1778162113.073019,120.
1778162113.1730192,65.9617620231,1778162113.1730192,120.5174946523
1778162113.273019,191.207117283,1778162113.273019,120.9828379513
1778162113.373019,134.3869662717,1778162113.373019,120.6569359827
1778162113.4730191,109.2535775378,1778162113.4730191,121.9405150672
1778162113.573019,81.8872937935,1778162113.573019,122.8606424931
1778162113.6730192,78.4423023141,1778162113.6730192,123.7027516176
1778162113.773019,83.5402292649,1778162113.773019,123.5929647152
1778162113.873019,114.5637086195,1778162113.873019,122.3940161396
1778162113.9730191,141.4268162092,1778162113.9730191,121.1737357544
1778162114.073019,130.8532652011,1778162114.073019,120.
1778162114.1730192,172.1137819745,1778162114.1730192,120.
1778162114.273019,158.3610090144,1778162114.273019,120.
1778162114.373019,111.0349723256,1778162114.373019,120.
1778162114.4730191,84.3885896126,1778162114.4730191,120.
1778162114.573019,93.8235962278,1778162114.573019,120.
1778162114.6730192,131.4513891163,1778162114.6730192,120.
1778162114.773019,136.7459529691,1778162114.773019,120.
1778162114.873019,87.8352825353,1778162114.873019,120.5312290803
1778162114.9730191,116.7768685424,1778162114.9730191,120.
1778162115.073019,141.9622558191,1778162115.073019,120.
1778162115.1730192,110.2359633165,1778162115.1730192,120.5038483810
1778162115.273019,85.3387441666,1778162115.273019,121.7196409797
1778162115.373019,77.4348142964,1778162115.373019,121.980070542
1778162115.4730191,139.2195427623,1778162115.4730191,121.7141781834
1778162115.573019,154.5950091146,1778162115.573019,121.9531376302
1778162115.6730192,160.0477674413,1778162115.6730192,122.6178763275
1778162115.773019,111.5294521000,1778162115.773019,122.6140626893
1778162115.873019,107.7187457792,1778162115.873019,122.6878192997
1778162115.9730191,64.6442230500,1778162115.9730191,123.1678314671
1778162116.073019,140.1902465819,1778162116.073019,123.7776924828
1778162116.1730192,150.1405682023,1778162116.1730192,123.7523019286
1778162116.273019,155.3019893016,1778162116.273019,124.163372324
1778162116.373019,134.2608538412,1778162116.373019,124.4101424786
1778162116.4730191,66.7751035387,1778162116.4730191,123.8139263058
1778162116.573019,56.0042345578,1778162116.573019,123.0075486376
1778162116.6730192,80.7290611857,1778162116.6730192,122.896425205
1778162116.773019,137.9656843836,1778162116.773019,122.0510918746
1778162116.873019,196.270109466,1778162116.873019,120.
1778162116.9730191,203.2514860484,1778162116.9730191,120.
1778162117.073019,95.523303696,1778162117.073019,120.
1778162117.1730192,19.1046607392,1778162117.1730192,119.1145723751
1778162117.273019,3.8209321478,1778162117.273019,118.8508359864
1778162117.373019,147.2221464342,1778162117.373019,117.7374784185
1778162117.4730191,203.6731328824,1778162117.4730191,116.0681286376
1778162117.573019,196.9091701740,1778162117.573019,114.2657600277
1778162117.6730192,118.2637317782,1778162117.6730192,111.3535989437
1778162117.773019,23.6527463556,1778162117.773019,111.3926451443
1778162117.873019,44.2440514585,1778162117.873019,112.3438663956
1778162117.9730191,113.2541855299,1778162117.9730191,111.7140608871
1778162118.073019,158.452443859,1778162118.073019,110.4997216039
1778162118.1730192,175.7002954287,1778162118.1730192,109.9767583721
1778162118.273019,120.0929988294,1778162118.273019,109.6048515907
1778162118.373019,105.8459769358,1778162118.373019,109.3911536049
1778162118.4730191,63.113372668,1778162118.4730191,109.6068098982
1778162118.573019,73.9857687402,1778162118.573019,109.3898659252
1778162118.6730192,118.3320722714,1778162118.6730192,108.6054171527
1778162118.773019,188.2612253641,1778162118.773019,107.6776225446
1778162118.873019,135.8848168098,1778162118.873019,106.0090819523
1778162118.9730191,69.2300839701,1778162118.9730191,105.3950313836
1778162119.073019,13.8460167940,1778162119.073019,106.4559125275
1778162119.1730192,44.5732208993,1778162119.1730192,107.8104881323
1778162119.273019,148.1690955738,1778162119.273019,107.8984062216
1778162119.373019,133.8080890563,1778162119.373019,107.4638019719
1778162119.4730191,124.8863455100,1778162119.4730191,107.2936384230
1778162119.573019,108.684937023,1778162119.573019,107.3075159304
1778162119.6730192,105.6612774139,1778162119.6730192,107.5999620091
1778162119.773019,85.9940361995,1778162119.773019,107.7040026404
1778162119.873019,144.8027201574,1778162119.873019,108.6130950365
1778162119.9730191,93.8837467807,1778162119.9730191,109.2793078411
1778162120.073019,105.2912228848,1778162120.073019,109.6897129069
1778162120.1730192,130.4058073084,1778162120.1730192,109.6831844316
1778162120.273019,88.8661300077,1778162120.273019,109.8727406653
1778162120.373019,97.6193624965,1778162120.373019,110.1524872291
1778162120.4730191,127.1689129787,1778162120.4730191,109.820658768
1778162120.573019,124.5335045649,1778162120.573019,110.3050847416
1778162120.6730192,117.8250332023,1778162120.6730192,111.7238150766
1778162120.773019,127.3061222078,1778162120.773019,112.8583676356
1778162120.873019,88.1901457991,1778162120.873019,113.9861146104
1778162120.9730191,56.6535612917,1778162120.9730191,114.0367304207
1778162121.073019,55.0343457193,1778162121.073019,114.0389812481
1778162121.1730192,121.0926646008,1778162121.1730192,113.9638771511
1778162121.273019,162.0350872573,1778162121.273019,113.8745827855
1778162121.373019,122.7989824342,1778162121.373019,114.3107383927
1778162121.4730191,113.4482285878,1778162121.4730191,114.5008363868
1778162121.573019,67.6814517257,1778162121.573019,114.8483651830
1778162121.6730192,58.8388662493,1778162121.6730192,114.7104485197
1778162121.773019,180.0190706541,1778162121.773019,114.0173500067
1778162121.873019,122.6726174243,1778162121.873019,114.0519562734
1778162121.9730191,111.8205055308,1778162121.9730191,116.1805610092
1778162122.073019,85.6746258558,1778162122.073019,116.1924894374
1778162122.1730192,80.2759169534,1778162122.1730192,116.4961482567
1778162122.273019,164.6258539483,1778162122.273019,116.4751149447
1778162122.373019,106.7336005798,1778162122.373019,117.1612637416
1778162122.4730191,103.1467627749,1778162122.4730191,118.0291838515
1778162122.573019,65.6393079131,1778162122.573019,118.6084550799
1778162122.6730192,101.4236309985,1778162122.6730192,118.6105365014
1778162122.773019,156.5613971415,1778162122.773019,118.5170729509
1778162122.873019,165.7630153995,1778162122.873019,118.9053498997
1778162122.9730191,124.0194985348,1778162122.9730191,120.
1778162123.073019,92.1888771302,1778162123.073019,120.
1778162123.1730192,81.8411574908,1778162123.1730192,120.
1778162123.273019,149.6013426908,1778162123.273019,120.
1778162123.373019,156.0538856627,1778162123.373019,120.
1778162123.4730191,97.3292008499,1778162123.4730191,120.8648351870
1778162123.573019,85.5483248228,1778162123.573019,121.9213977039
1778162123.6730192,120.6588620168,1778162123.6730192,121.4586638594
1778162123.773019,129.6011747887,1778162123.773019,121.0041296702
1778162123.873019,143.3380860777,1778162123.873019,120.9204280769
1778162123.9730191,142.1091621864,1778162123.9730191,121.1691235806
1778162124.073019,94.3748224103,1778162124.073019,121.5149062457
1778162124.1730192,76.1468096382,1778162124.1730192,121.6739287448
1778162124.273019,99.1666018437,1778162124.273019,120.6881876751
1778162124.373019,166.0647650014,1778162124.373019,120.
1778162124.4730191,138.5218204862,1778162124.4730191,120.
1778162124.573019,136.027673538,1778162124.573019,120.
1778162124.6730192,65.7596884018,1778162124.6730192,120.
1778162124.773019,54.8206139926,1778162124.773019,120.5734201225
1778162124.873019,126.3439099831,1778162124.873019,120.
1778162124.9730191,177.3075292882,1778162124.9730191,119.4773865694
1778162125.073019,139.3065440686,1778162125.073019,119.2918839733
1778162125.1730192,69.7514122743,1778162125.1730192,119.4770261956
1778162125.273019,94.395175562,1778162125.273019,118.8069239097
1778162125.373019,124.9065350233,1778162125.373019,118.2244417257
1778162125.4730191,87.7791442819,1778162125.4730191,118.3399618645
1778162125.573019,170.9151021194,1778162125.573019,117.7635747484
1778162125.6730192,151.4673876901,1778162125.6730192,117.8977391670
1778162125.773019,115.7959438705,1778162125.773019,117.8773834716
1778162125.873019,108.4493508808,1778162125.873019,118.1838612284
1778162125.9730191,110.7835433475,1778162125.9730191,118.1681961872
1778162126.073019,101.0472616194,1778162126.073019,117.9919617277
1778162126.1730192,108.4686315817,1778162126.1730192,117.4757940272
1778162126.273019,150.1905177558,1778162126.273019,116.7842633696
1778162126.373019,136.4077926648,1778162126.373019,116.6843948881
1778162126.4730191,154.3155155385,1778162126.4730191,116.7290280847
1778162126.573019,96.7535232758,1778162126.573019,116.7513735002
1778162126.6730192,85.8209584919,1778162126.6730192,117.0223463379
1778162126.773019,107.9357971492,1778162126.773019,116.6115683557
1778162126.873019,116.2506342278,1778162126.873019,116.4497957828
1778162126.9730191,109.0489627166,1778162126.9730191,116.756008166
1778162127.073019,87.3010863531,1778162127.073019,116.8106700313
1778162127.1730192,59.8114007487,1778162127.1730192,117.4096012035
1778162127.273019,141.7778600792,1778162127.273019,117.8564851940
1778162127.373019,134.0414912020,1778162127.373019,118.354028864
1778162127.4730191,112.3987406982,1778162127.4730191,119.0221279964
1778162127.573019,66.4361946271,1778162127.573019,119.3640339864
1778162127.6730192,13.2872389254,1778162127.6730192,119.2725792072
1778162127.773019,151.5634750888,1778162127.773019,118.8095447376
1778162127.873019,162.7229486581,1778162127.873019,117.3967835204
1778162127.9730191,32.5445897316,1778162127.9730191,118.2862049744
1778162128.073019,86.5008327633,1778162128.073019,118.8125704363
1778162128.1730192,98.3576156902,1778162128.1730192,120.
1778162128.273019,149.7802267012,1778162128.273019,120.
1778162128.373019,163.4671883197,1778162128.373019,120.
1778162128.4730191,135.7104532163,1778162128.4730191,120.
1778162128.573019,117.9892085041,1778162128.573019,120.7344167576
1778162128.6730192,110.3711985603,1778162128.6730192,121.3298936201
1778162128.773019,88.7214558823,1778162128.773019,122.1680668857
1778162128.873019,60.5811205796,1778162128.873019,122.4947631786
1778162128.9730191,163.8645422323,1778162128.9730191,120.9106390511
1778162129.073019,143.1303264186,1778162129.073019,120.
1778162129.1730192,93.8087090431,1778162129.1730192,120.9806118756
1778162129.273019,80.6925594257,1778162129.273019,121.1719237522
1778162129.373019,174.4686730384,1778162129.373019,121.1516725698
1778162129.4730191,169.3879347047,1778162129.4730191,120.9829685045
1778162129.573019,168.440396997,1778162129.573019,122.0346147291
1778162129.6730192,75.8267470617,1778162129.6730192,122.6482994438
1778162129.773019,101.6936274983,1778162129.773019,123.3485044667
1778162129.873019,20.3387254997,1778162129.873019,125.0993433829
1778162129.9730191,110.6185820095,1778162129.9730191,125.4213895866
1778162130.073019,224.5601399772,1778162130.073019,124.3946623805
1778162130.1730192,207.0312860628,1778162130.1730192,123.0648718143
1778162130.273019,140.9714584678,1778162130.273019,121.9435113883
1778162130.373019,28.1942916936,1778162130.373019,122.5922228817
1778162130.4730191,5.6388583387,1778162130.4730191,122.1139354717
1778162130.573019,61.1290031930,1778162130.573019,121.3713541629
1778162130.6730192,100.8477299147,1778162130.6730192,120.
1778162130.773019,133.5495805527,1778162130.773019,117.7506790245
1778162130.873019,199.5203134214,1778162130.873019,116.1072585063
1778162130.9730191,175.4830268060,1778162130.9730191,114.5110573449
1778162131.073019,137.9101916828,1778162131.073019,112.3527746371
1778162131.1730192,67.3074730155,1778162131.1730192,113.9224825613
1778162131.273019,13.4614946031,1778162131.273019,117.0340193587
1778162131.373019,67.2771129768,1778162131.373019,119.0110902221
1778162131.4730191,124.3064935162,1778162131.4730191,118.7216105502
1778162131.573019,179.3057394805,1778162131.573019,117.978887972
1778162131.6730192,182.4660135142,1778162131.6730192,117.4277094912
1778162131.773019,80.4488219964,1778162131.773019,117.4904653661
1778162131.873019,106.5979807047,1778162131.873019,117.2057221474
1778162131.9730191,95.8721729285,1778162131.9730191,116.178423312
1778162132.073019,107.3739244124,1778162132.073019,115.7854128330
1778162132.1730192,122.7857957974,1778162132.1730192,115.4995817896
1778162132.273019,123.2796774330,1778162132.273019,115.5164438515
1778162132.373019,154.5926450295,1778162132.373019,115.6279322680
1778162132.4730191,116.3292904974,1778162132.4730191,115.6753803706
1778162132.573019,108.3923091862,1778162132.573019,116.0689580564
1778162132.6730192,146.1080742718,1778162132.6730192,116.1239139763
1778162132.773019,73.5018080719,1778162132.773019,116.7627286661
1778162132.873019,106.3607769776,1778162132.873019,117.6091221062
1778162132.9730191,118.3310901140,1778162132.9730191,117.1987007384
1778162133.073019,133.8127758971,1778162133.073019,116.6804002513
1778162133.1730192,134.2507854416,1778162133.1730192,116.818110047
1778162133.273019,128.0151000705,1778162133.273019,117.5860474383
1778162133.373019,129.1380707439,1778162133.373019,118.4236189360
1778162133.4730191,140.0358300023,1778162133.4730191,119.456561792
1778162133.573019,68.6394624341,1778162133.573019,120.
1778162133.6730192,98.4339410128,1778162133.6730192,120.5134380545
1778162133.773019,128.4726444457,1778162133.773019,119.3975224674
1778162133.873019,135.7282897686,1778162133.873019,118.6400581499
1778162133.9730191,148.5491224719,1778162133.9730191,118.4558240401
1778162134.073019,117.2635794214,1778162134.073019,118.6714661984
1778162134.1730192,100.0810793848,1778162134.1730192,120.
1778162134.273019,101.8603232109,1778162134.273019,120.
1778162134.373019,126.9795920864,1778162134.373019,120.
1778162134.4730191,110.4243812524,1778162134.4730191,120.
1778162134.573019,133.0516463073,1778162134.573019,120.
1778162134.6730192,113.1542231976,1778162134.6730192,120.
1778162134.773019,112.0203428595,1778162134.773019,120.
1778162134.873019,111.5861021088,1778162134.873019,119.2819480812
1778162134.9730191,106.9910036904,1778162134.9730191,118.8470902364
1778162135.073019,158.9865335226,1778162135.073019,118.5609006952
1778162135.1730192,116.5184308857,1778162135.1730192,118.7314954374
1778162135.273019,112.7830902512,1778162135.273019,119.0907209437
1778162135.373019,153.7561812141,1778162135.373019,118.9796767458
1778162135.4730191,95.2227857403,1778162135.4730191,118.650067185
1778162135.573019,84.6709357292,1778162135.573019,118.7006549056
1778162135.6730192,125.1342848323,1778162135.6730192,118.9483766060
1778162135.773019,151.4983739261,1778162135.773019,118.2944798393
1778162135.873019,143.1030294434,1778162135.873019,118.2501155038
1778162135.9730191,119.0295648818,1778162135.9730191,117.5904710473
1778162136.073019,91.8705664943,1778162136.073019,117.4930911018
1778162136.1730192,120.1941619416,1778162136.1730192,116.3261206219
1778162136.273019,88.3251740397,1778162136.273019,116.4135906109
1778162136.373019,130.3372899115,1778162136.373019,116.5099300495
1778162136.4730191,133.699553935,1778162136.4730191,117.0051841537
1778162136.573019,93.8377781705,1778162136.573019,117.4501744966
1778162136.6730192,128.0955076028,1778162136.6730192,117.6008133447
1778162136.773019,90.8558617610,1778162136.773019,117.4896142297
1778162136.873019,146.9252788590,1778162136.873019,117.5612238802
1778162136.9730191,128.4942204784,1778162136.9730191,117.7915429274
1778162137.073019,92.9189933798,1778162137.073019,118.1053154853
1778162137.1730192,127.0843483857,1778162137.1730192,118.3243218867
1778162137.273019,150.9561546241,1778162137.273019,118.3818766226
1778162137.373019,143.7807840483,1778162137.373019,118.4011481308
1778162137.4730191,138.1534339692,1778162137.4730191,119.0687953768
1778162137.573019,91.1081443136,1778162137.573019,120.
1778162137.6730192,126.2091207797,1778162137.6730192,121.3681531266
1778162137.773019,124.9992805268,1778162137.773019,121.592381775
1778162137.873019,88.9465308310,1778162137.873019,122.3695083553
1778162137.9730191,128.366944675,1778162137.9730191,123.2065808736
1778162138.073019,129.0701642901,1778162138.073019,122.6322931091
1778162138.1730192,130.004030125,1778162138.1730192,122.0730136198
1778162138.273019,138.3107572313,1778162138.273019,121.7546917506
1778162138.373019,111.7095660595,1778162138.373019,121.1179698034
1778162138.4730191,150.4948743084,1778162138.4730191,121.0496101319
1778162138.573019,116.0089158643,1778162138.573019,121.0601271036
1778162138.6730192,64.9941469035,1778162138.6730192,121.1271728799
1778162138.773019,96.4524707002,1778162138.773019,120.8887736009
1778162138.873019,143.6268391847,1778162138.873019,120.
1778162138.9730191,160.0421819351,1778162138.9730191,120.
1778162139.073019,117.2659292014,1778162139.073019,120.8996153322
1778162139.1730192,106.9695069128,1778162139.1730192,121.0414761247
1778162139.273019,138.0941654340,1778162139.273019,120.
1778162139.373019,135.0254290441,1778162139.373019,120.
1778162139.4730191,88.0342563113,1778162139.4730191,121.0392545626
1778162139.573019,100.5220229441,1778162139.573019,121.4042894973
1778162139.6730192,104.9044961023,1778162139.6730192,121.4116913671
1778162139.773019,153.3422203835,1778162139.773019,121.5452718670
1778162139.873019,133.1663566433,1778162139.873019,121.8112522658
1778162139.9730191,86.7590062652,1778162139.9730191,122.1438007012
1778162140.073019,112.6671548807,1778162140.073019,122.3074998501
1778162140.1730192,148.0690277277,1778162140.1730192,121.9702317688
1778162140.273019,133.951500896,1778162140.273019,122.3739154167
1778162140.373019,83.6465530736,1778162140.373019,123.3191906374
1778162140.4730191,133.0655094977,1778162140.4730191,123.7670379261
1778162140.573019,146.6869623323,1778162140.573019,123.4806414893
1778162140.6730192,105.9262229687,1778162140.6730192,123.3959388603
1778162140.773019,103.4810041352,1778162140.773019,123.7864053566
1778162140.873019,104.6015956066,1778162140.873019,124.0602170367
1778162140.9730191,112.7179597290,1778162140.9730191,123.8594254562
1778162141.073019,108.2031786603,1778162141.073019,123.3836670477
1778162141.1730192,141.0398071611,1778162141.1730192,122.9292273846
1778162141.273019,114.4833654271,1778162141.273019,122.7309364667
1778162141.373019,126.8252539882,1778162141.373019,122.7854429657
1778162141.4730191,82.2095662683,1778162141.4730191,122.5961285830
1778162141.573019,155.7628952951,1778162141.573019,122.3337624019
1778162141.6730192,144.2411405263,1778162141.6730192,122.1685031859
1778162141.773019,104.3884302545,1778162141.773019,123.1171370808
1778162141.873019,151.5635173587,1778162141.873019,124.2128204075
1778162141.9730191,88.5901550694,1778162141.9730191,125.7034559573
1778162142.073019,124.0667166861,1778162142.073019,126.9651579353
1778162142.1730192,121.7000935047,1778162142.1730192,126.8681672548
1778162142.273019,82.3591577807,1778162142.273019,126.62997205
1778162142.373019,111.7757038629,1778162142.373019,125.730601167
1778162142.4730191,152.4409893020,1778162142.4730191,124.7053392653
1778162142.573019,138.5904811060,1778162142.573019,124.3927857881
1778162142.6730192,111.4852254866,1778162142.6730192,124.8388902504
1778162142.773019,108.074841611,1778162142.773019,124.7566266947
1778162142.873019,130.1953855941,1778162142.873019,124.887230123
1778162142.9730191,153.8992197177,1778162142.9730191,124.1768546987
1778162143.073019,132.0747935135,1778162143.073019,124.1618432566
1778162143.1730192,127.3346363616,1778162143.1730192,123.8730514125
1778162143.273019,90.2949546325,1778162143.273019,122.7733724586
1778162143.373019,173.2465608309,1778162143.373019,122.3555394252
1778162143.4730191,167.6076181316,1778162143.4730191,122.2164760148
1778162143.573019,99.175074543,1778162143.573019,122.988957491
1778162143.6730192,105.3067630909,1778162143.6730192,123.2595510823
1778162143.773019,129.2067718701,1778162143.773019,123.4027839628
1778162143.873019,93.3481873310,1778162143.873019,123.3698997714
1778162143.9730191,103.2676158442,1778162143.9730191,123.4808280529
1778162144.073019,104.5476068884,1778162144.073019,123.9171915577
1778162144.1730192,110.7033701343,1778162144.1730192,124.4159635391
1778162144.273019,126.6073668587,1778162144.273019,124.7239470486
1778162144.373019,108.1687606567,1778162144.373019,124.7791655942
1778162144.4730191,162.8470758362,1778162144.4730191,124.5889423504
1778162144.573019,116.6617666492,1778162144.573019,123.8448276264
1778162144.6730192,156.8976165588,1778162144.6730192,123.7955735284
1778162144.773019,114.5573264278,1778162144.773019,124.0155966505
1778162144.873019,64.4181847999,1778162144.873019,124.2187146091
1778162144.9730191,101.9829760128,1778162144.9730191,124.2384281391
1778162145.073019,106.8973823727,1778162145.073019,124.1771525606
1778162145.1730192,131.8724754263,1778162145.1730192,123.8612586988
1778162145.273019,116.3028643289,1778162145.273019,123.6986446565
1778162145.373019,106.5207355492,1778162145.373019,123.2692000624
1778162145.4730191,86.6866838048,1778162145.4730191,122.7285356756
1778162145.573019,121.2561336430,1778162145.573019,122.0943012961
1778162145.6730192,136.5470662254,1778162145.6730192,121.788362676
1778162145.773019,116.6698505423,1778162145.773019,122.5197036875
1778162145.873019,131.9015253510,1778162145.873019,122.9640608407
1778162145.9730191,90.9777168636,1778162145.9730191,123.0854529516
1778162146.073019,123.8770321704,1778162146.073019,123.2701428128
1778162146.1730192,150.7359848673,1778162146.1730192,123.6624941851
1778162146.273019,111.2390083367,1778162146.273019,124.0060433649
1778162146.373019,128.0752006186,1778162146.373019,123.9978811053
1778162146.4730191,87.63416472,1778162146.4730191,124.0353198271
1778162146.573019,100.9093583483,1778162146.573019,124.5896029139
1778162146.6730192,105.4982259114,1778162146.6730192,124.9594578582
1778162146.773019,105.8487610499,1778162146.773019,124.6149148639
1778162146.873019,138.3520244014,1778162146.873019,124.0796115486
1778162146.9730191,116.0463589136,1778162146.9730191,123.8201834146
1778162147.073019,112.1705405484,1778162147.073019,124.493052879
1778162147.1730192,66.7821231336,1778162147.1730192,125.1653979255
1778162147.273019,147.8211805221,1778162147.273019,125.5106858315
1778162147.373019,109.0188681179,1778162147.373019,125.6472716749
1778162147.4730191,95.3027859808,1778162147.4730191,126.4505385207
1778162147.573019,119.1886385344,1778162147.573019,126.0479536292
1778162147.6730192,127.6711180334,1778162147.6730192,125.1038248305
1778162147.773019,129.3673156485,1778162147.773019,124.8162333246
1778162147.873019,103.9012738025,1778162147.873019,124.737117634
1778162147.9730191,118.9302195311,1778162147.9730191,124.5495745348
1778162148.073019,112.6566583633,1778162148.073019,124.0089851307
1778162148.1730192,103.5049271448,1778162148.1730192,123.2258499554
1778162148.273019,94.4436998025,1778162148.273019,123.3231343684
1778162148.373019,112.0522357233,1778162148.373019,122.9752170992
1778162148.4730191,116.4180573739,1778162148.4730191,121.9611585853
1778162148.573019,96.0319999729,1778162148.573019,121.5772573404
1778162148.6730192,95.5627081485,1778162148.6730192,121.3655222083
1778162148.773019,121.4212772176,1778162148.773019,120.5527999121
1778162148.873019,129.313162944,1778162148.873019,120.5938832533
1778162148.9730191,118.8225805161,1778162148.9730191,120.6884997183
1778162149.073019,140.4681604002,1778162149.073019,120.
1778162149.1730192,86.1524860663,1778162149.1730192,120.
1778162149.273019,132.9834192898,1778162149.273019,120.
1778162149.373019,89.6699994916,1778162149.373019,120.
1778162149.4730191,98.8497081335,1778162149.4730191,119.2125789789
1778162149.573019,108.2892713300,1778162149.573019,118.9750517882
1778162149.6730192,111.4159287669,1778162149.6730192,119.0147805316
1778162149.773019,88.4945694582,1778162149.773019,119.0615409247
1778162149.873019,119.9951812212,1778162149.873019,119.0951895893
1778162149.9730191,133.0243279679,1778162149.9730191,119.01894218
1778162150.073019,112.3685849026,1778162150.073019,119.2778585918
1778162150.1730192,111.702860554,1778162150.1730192,120.
1778162150.273019,135.0633761305,1778162150.273019,120.
1778162150.373019,109.7602790707,1778162150.373019,120.
1778162150.4730191,67.0616423651,1778162150.4730191,120.8506439485
1778162150.573019,98.2161227927,1778162150.573019,121.0584952242
1778162150.6730192,129.5249866553,1778162150.6730192,120.6496104474
1778162150.773019,111.5825503239,1778162150.773019,121.3223464809
1778162150.873019,106.0381431697,1778162150.873019,122.2924264149
1778162150.9730191,134.1324695298,1778162150.9730191,122.1756347299
1778162151.073019,94.6547189262,1778162151.073019,123.6609621181
1778162151.1730192,124.6783822782,1778162151.1730192,124.0993182647
1778162151.273019,111.4740516639,1778162151.273019,125.4900919561
1778162151.373019,89.6272974154,1778162151.373019,125.9954717865
1778162151.4730191,61.3536599108,1778162151.4730191,126.1693214387
1778162151.573019,100.1614918973,1778162151.573019,125.6061858021
1778162151.6730192,106.6987833474,1778162151.6730192,124.9552218761
1778162151.773019,118.5219524247,1778162151.773019,123.5621051265
1778162151.873019,135.1183557020,1778162151.873019,123.1602411479
1778162151.9730191,133.1672903564,1778162151.9730191,122.5987329658
1778162152.073019,115.0545730625,1778162152.073019,122.5707487785
1778162152.1730192,135.0657693492,1778162152.1730192,123.4253012901
1778162152.273019,127.0806685883,1778162152.273019,123.4701911373
1778162152.373019,91.9198023554,1778162152.373019,124.4563837862
1778162152.4730191,128.7336363401,1778162152.4730191,124.8851782524
1778162152.573019,114.1442161530,1778162152.573019,125.3131895763
1778162152.6730192,105.4388215074,1778162152.6730192,125.7389720398
1778162152.773019,109.6232098545,1778162152.773019,125.5557907417
1778162152.873019,134.5610767246,1778162152.873019,125.4129734772
1778162152.9730191,116.4252704784,1778162152.9730191,125.6077651617
1778162153.073019,108.9270793517,1778162153.073019,126.3549683947
1778162153.1730192,111.7064230753,1778162153.1730192,126.1835339180
1778162153.273019,133.9190625505,1778162153.273019,126.0690335594
1778162153.373019,116.4602615634,1778162153.373019,126.3571885327
1778162153.4730191,151.3335309229,1778162153.4730191,126.284148801
1778162153.573019,156.5407532245,1778162153.573019,126.5931546696
1778162153.6730192,96.2718809431,1778162153.6730192,127.3516464870
1778162153.773019,124.2641528613,1778162153.773019,127.9269577875
1778162153.873019,137.5246159616,1778162153.873019,127.1583418441
1778162153.9730191,114.4623499508,1778162153.9730191,126.5971111914
1778162154.073019,108.3308325125,1778162154.073019,125.8015849648
1778162154.1730192,107.4162237717,1778162154.1730192,124.9069351752
1778162154.273019,156.2748560815,1778162154.273019,124.4337939087
1778162154.373019,137.4688091103,1778162154.373019,124.2846632638
1778162154.4730191,108.9437342311,1778162154.4730191,125.6377181464
1778162154.573019,133.1191592836,1778162154.573019,126.2669939134
1778162154.6730192,94.3585871834,1778162154.6730192,126.0275756301
1778162154.773019,125.3989603013,1778162154.773019,125.4791893012
1778162154.873019,91.6170468467,1778162154.873019,125.4870183876
1778162154.9730191,104.6685084787,1778162154.9730191,124.9168967392
1778162155.073019,108.8455062293,1778162155.073019,124.2771671182
1778162155.1730192,110.2509311151,1778162155.1730192,123.9360740228
1778162155.273019,106.8235272113,1778162155.273019,123.8417945462
1778162155.373019,128.0016369926,1778162155.373019,121.8947435736
1778162155.4730191,109.8383855201,1778162155.4730191,121.1117450305
1778162155.573019,129.170446237,1778162155.573019,120.5645075258
1778162155.6730192,115.0621886703,1778162155.6730192,120.
1778162155.773019,157.6043160439,1778162155.773019,120.5121712294
1778162155.873019,115.5841968396,1778162155.873019,120.6503110003
1778162155.9730191,87.0027697615,1778162155.9730191,121.3223168713
1778162156.073019,125.4391416622,1778162156.073019,121.6827398547
1778162156.1730192,109.0946969441,1778162156.1730192,121.6687683259
1778162156.273019,130.511729516,1778162156.273019,120.7924638833
1778162156.373019,93.1116191959,1778162156.373019,120.777534976
1778162156.4730191,85.4671058545,1778162156.4730191,120.6348783580
1778162156.573019,125.4978239036,1778162156.573019,120.
1778162156.6730192,136.3416026205,1778162156.6730192,117.3984162277
1778162156.773019,116.5737231957,1778162156.773019,117.3572732494
1778162156.873019,90.1671694344,1778162156.873019,116.7765260738
1778162156.9730191,126.3036224668,1778162156.9730191,116.3406558261
1778162157.073019,109.7206795786,1778162157.073019,115.1031856771
1778162157.1730192,130.3113559041,1778162157.1730192,114.5843138605
1778162157.273019,93.4593152459,1778162157.273019,114.6603396575
1778162157.373019,120.5386214629,1778162157.373019,114.1395209909
1778162157.4730191,112.5504271157,1778162157.4730191,113.6053216389
1778162157.573019,143.6664359609,1778162157.573019,113.4841722729
1778162157.6730192,96.1948604477,1778162157.6730192,114.3307006586
1778162157.773019,61.5147114245,1778162157.773019,114.5149156159
1778162157.873019,119.8317510445,1778162157.873019,114.3054658882
1778162157.9730191,128.0174551176,1778162157.9730191,113.2155321632
1778162158.073019,110.1641004878,1778162158.073019,112.6662384635
1778162158.1730192,107.3843200234,1778162158.1730192,112.3385277667
1778162158.273019,106.4678829771,1778162158.273019,112.4571369730
1778162158.373019,87.6516077582,1778162158.373019,112.5035822701
1778162158.4730191,81.4625062680,1778162158.4730191,112.6465402909
1778162158.573019,106.5483984400,1778162158.573019,112.5982960533
1778162158.6730192,106.8738880724,1778162158.6730192,113.2036912523
1778162158.773019,83.766258682,1778162158.773019,113.8583027988
1778162158.873019,100.9486649754,1778162158.873019,113.9034051703
1778162158.9730191,107.7434432063,1778162158.9730191,113.5108539032
1778162159.073019,105.4673260604,1778162159.073019,113.7345161179
1778162159.1730192,151.0204697847,1778162159.1730192,113.9980362088
1778162159.273019,120.1468496090,1778162159.273019,114.3632546658
1778162159.373019,67.6656673103,1778162159.373019,114.3865514110
1778162159.4730191,103.3181172246,1778162159.4730191,113.4535376366
1778162159.573019,126.3594034394,1778162159.573019,112.7767231679
1778162159.6730192,132.2088555097,1778162159.6730192,112.5554991685
1778162159.773019,116.5191027733,1778162159.773019,112.5420845127
1778162159.873019,104.3700420053,1778162159.873019,113.0626280501
1778162159.9730191,107.6110688783,1778162159.9730191,113.2733616770
1778162160.073019,106.4656461833,1778162160.073019,113.2895806893
1778162160.1730192,152.0709133062,1778162160.1730192,113.6277800265
1778162160.273019,94.7994348222,1778162160.273019,114.2797453289
1778162160.373019,105.9331857267,1778162160.373019,116.6056679976
1778162160.4730191,128.1904666969,1778162160.4730191,115.6406767069
1778162160.573019,110.5674565702,1778162160.573019,114.3592388913
1778162160.6730192,101.1522918979,1778162160.6730192,113.9939042766
1778162160.773019,148.5098017584,1778162160.773019,114.0651530865
1778162160.873019,131.8487131101,1778162160.873019,114.1286077859
1778162160.9730191,110.2337370276,1778162160.9730191,115.2980035424
1778162161.073019,85.9494891365,1778162161.073019,117.1926411202
1778162161.1730192,143.6722967966,1778162161.1730192,117.8331112677
1778162161.273019,152.9365139865,1778162161.273019,117.5611412779
1778162161.373019,97.2128312850,1778162161.373019,119.0455699509
1778162161.4730191,60.9698673731,1778162161.4730191,120.
1778162161.573019,80.0100242452,1778162161.573019,118.9750114549
1778162161.6730192,167.7254257686,1778162161.6730192,117.1056705128
1778162161.773019,144.1009529633,1778162161.773019,116.2525345606
1778162161.873019,140.5830207774,1778162161.873019,117.0847001445
1778162161.9730191,128.5751480158,1778162161.9730191,117.5790521101
1778162162.073019,92.6840327951,1778162162.073019,119.1709444819
1778162162.1730192,82.2573069211,1778162162.1730192,120.
1778162162.273019,127.8163710621,1778162162.273019,120.
1778162162.373019,114.3580546112,1778162162.373019,120.
1778162162.4730191,89.5552689556,1778162162.4730191,120.5370232222
1778162162.573019,148.0586064093,1778162162.573019,120.6233815412
1778162162.6730192,93.4155621862,1778162162.6730192,121.5215737011
1778162162.773019,153.0330092415,1778162162.773019,122.4935481472
1778162162.873019,134.1047763214,1778162162.873019,123.1995332039
1778162162.9730191,117.6472695130,1778162162.9730191,123.4992943348
1778162163.073019,136.1898382819,1778162163.073019,123.5356814270
1778162163.1730192,71.9357533561,1778162163.1730192,123.8521136542
1778162163.273019,125.5861986074,1778162163.273019,124.2382217733
1778162163.373019,113.1342298613,1778162163.373019,123.7189229325
1778162163.4730191,108.2699607283,1778162163.4730191,123.7609568979
1778162163.573019,149.4426512857,1778162163.573019,123.0666985606
1778162163.6730192,116.8045801365,1778162163.6730192,122.2805518038
1778162163.773019,90.5483775926,1778162163.773019,122.1088875431
1778162163.873019,84.7573377277,1778162163.873019,121.891720025
1778162163.9730191,102.0313957955,1778162163.9730191,121.8140980299
1778162164.073019,103.0476531117,1778162164.073019,120.9588324918
1778162164.1730192,176.4974175018,1778162164.1730192,120.5881446637
1778162164.273019,123.5325847663,1778162164.273019,120.
1778162164.373019,109.7022043516,1778162164.373019,120.943415817
1778162164.4730191,86.3126443840,1778162164.4730191,121.1090252972
1778162164.573019,151.3895164339,1778162164.573019,120.7835002245
1778162164.6730192,108.2214916151,1778162164.6730192,120.8500136373
1778162164.773019,129.0544023532,1778162164.773019,120.5876481888
1778162164.873019,107.1787778928,1778162164.873019,120.
1778162164.9730191,83.2053589729,1778162164.9730191,120.
1778162165.073019,124.3107596041,1778162165.073019,120.
1778162165.1730192,111.0186017663,1778162165.1730192,120.
1778162165.273019,106.637057358,1778162165.273019,120.7502179187
1778162165.373019,132.0509328455,1778162165.373019,120.6027747083
1778162165.4730191,93.9694651913,1778162165.4730191,120.
1778162165.573019,150.8958611163,1778162165.573019,120.
1778162165.6730192,140.3095337159,1778162165.6730192,120.
1778162165.773019,93.0844248538,1778162165.773019,120.
1778162165.873019,127.9090824702,1778162165.873019,120.
1778162165.9730191,87.0704879747,1778162165.9730191,120.
1778162166.073019,138.3563831298,1778162166.073019,120.
1778162166.1730192,133.2970728959,1778162166.1730192,120.
1778162166.273019,92.6540608185,1778162166.273019,120.7548435824
1778162166.373019,101.722616884,1778162166.373019,121.1397608443
1778162166.4730191,107.5098938174,1778162166.4730191,121.1932604695
1778162166.573019,88.0311382812,1778162166.573019,122.2597514641
1778162166.6730192,118.0612361060,1778162166.6730192,122.5924269108
1778162166.773019,143.2926377462,1778162166.773019,123.1339255348
1778162166.873019,112.0347229056,1778162166.873019,123.1110526066
1778162166.9730191,22.4069445811,1778162166.9730191,123.2057105490
1778162167.073019,148.7139932495,1778162167.073019,122.1821977666
1778162167.1730192,188.0773812236,1778162167.1730192,120.6206333454
1778162167.273019,153.0641678739,1778162167.273019,120.
1778162167.373019,72.4887453026,1778162167.373019,121.8487713400
1778162167.4730191,14.4977490605,1778162167.4730191,121.9080778452
1778162167.573019,92.6305592396,1778162167.573019,120.
1778162167.6730192,172.4083561532,1778162167.6730192,118.7690636084
1778162167.773019,137.9748872372,1778162167.773019,119.1233219267
1778162167.873019,135.974703701,1778162167.873019,120.
1778162167.9730191,110.9879587884,1778162167.9730191,120.
1778162168.073019,104.3784793905,1778162168.073019,120.
1778162168.1730192,81.2120711704,1778162168.1730192,120.
1778162168.273019,102.9075229750,1778162168.273019,120.9006294159
1778162168.373019,147.6107303145,1778162168.373019,121.3111944086
1778162168.4730191,180.5640302826,1778162168.4730191,120.
1778162168.573019,120.8691266465,1778162168.573019,120.
1778162168.6730192,109.0625372455,1778162168.6730192,120.
1778162168.773019,64.8282851971,1778162168.773019,120.
1778162168.873019,121.7963440425,1778162168.873019,120.
1778162168.9730191,110.4916696513,1778162168.9730191,119.2089411534
1778162169.073019,108.860435474,1778162169.073019,118.0658779661
1778162169.1730192,172.7645484102,1778162169.1730192,117.5650449667
1778162169.273019,140.022757948,1778162169.273019,117.2545575147
1778162169.373019,93.7989466276,1778162169.373019,117.4670895135
1778162169.4730191,111.1075214783,1778162169.4730191,117.4333323877
1778162169.573019,107.4345720715,1778162169.573019,117.1196295936
1778162169.6730192,105.2541650143,1778162169.6730192,118.0246923109
1778162169.773019,132.0769423189,1778162169.773019,118.6241134542
1778162169.873019,156.5287733333,1778162169.873019,118.8703841369
1778162169.9730191,136.4164541021,1778162169.9730191,117.4249521815
1778162170.073019,111.7703216958,1778162170.073019,117.0308088914
1778162170.1730192,64.1771777678,1778162170.1730192,117.4674084379
1778162170.273019,140.8820593211,1778162170.273019,117.6552318625
1778162170.373019,137.8426249240,1778162170.373019,118.2589710758
1778162170.4730191,109.1550171584,1778162170.4730191,118.7400292289
1778162170.573019,147.7043756060,1778162170.573019,118.8103578931
1778162170.6730192,118.3705598472,1778162170.6730192,118.3519718587
1778162170.773019,107.5334530199,1778162170.773019,118.6648842734
1778162170.873019,109.1707486377,1778162170.873019,119.3141655517
1778162170.9730191,85.3377446662,1778162170.9730191,120.
1778162171.073019,151.6216291422,1778162171.073019,120.6266489469
1778162171.1730192,161.6440008337,1778162171.1730192,120.6904163070
1778162171.273019,74.9534873891,1778162171.273019,120.8974029026
1778162171.373019,56.2343397059,1778162171.373019,119.3674721627
1778162171.4730191,96.3793031056,1778162171.4730191,117.9512232500
1778162171.573019,142.1378235676,1778162171.573019,117.9525083605
1778162171.6730192,150.5286838234,1778162171.6730192,117.7257547353
1778162171.773019,116.7577207341,1778162171.773019,117.5233626103
1778162171.873019,130.212460212,1778162171.873019,117.3095082099
1778162171.9730191,149.9236430812,1778162171.9730191,116.9265816504
1778162172.073019,116.5444602327,1778162172.073019,117.9425467489
1778162172.1730192,65.3530558140,1778162172.1730192,118.6798201842
1778162172.273019,74.4804406284,1778162172.273019,118.5963055229
1778162172.373019,124.0633229776,1778162172.373019,118.669891399
1778162172.4730191,115.6535104590,1778162172.4730191,118.8876423412
1778162172.573019,120.8746273105,1778162172.573019,119.1734119929
1778162172.6730192,91.8715747082,1778162172.6730192,118.6872573064
1778162172.773019,82.0434454299,1778162172.773019,118.6916071200
1778162172.873019,80.7163707612,1778162172.873019,118.9662183680
1778162172.9730191,100.7633751174,1778162172.9730191,119.1399070829
1778162173.073019,169.5603057838,1778162173.073019,118.7216265168
1778162173.1730192,138.8832068190,1778162173.1730192,119.2740319519
1778162173.273019,27.7766413638,1778162173.273019,120.
1778162173.373019,5.5553282728,1778162173.373019,120.
1778162173.4730191,148.3468169628,1778162173.4730191,117.5093920814
1778162173.573019,186.6824863065,1778162173.573019,115.5914341483
1778162173.6730192,190.179302475,1778162173.6730192,115.3540353458
1778162173.773019,126.1996204182,1778162173.773019,116.7532447758
1778162173.873019,25.2399240836,1778162173.873019,118.3712082725
1778162173.9730191,63.7401727162,1778162173.9730191,118.0301454833
1778162174.073019,95.7889334406,1778162174.073019,116.8173605650
1778162174.1730192,133.1593520721,1778162174.1730192,115.8804817055
1778162174.273019,175.4854414105,1778162174.273019,116.2128673189
1778162174.373019,185.9641753124,1778162174.373019,116.9198258251
1778162174.4730191,115.4991823157,1778162174.4730191,116.8579601801
1778162174.573019,61.4136671254,1778162174.573019,117.0171826033
1778162174.6730192,12.2827334251,1778162174.6730192,117.4074610848
1778162174.773019,45.1092418452,1778162174.773019,117.9529749897
1778162174.873019,178.7554959649,1778162174.873019,116.7869101910
1778162174.9730191,192.079623489,1778162174.9730191,115.5354120750
1778162175.073019,157.741257279,1778162175.073019,115.6252425386
1778162175.1730192,134.5584055957,1778162175.1730192,116.1345735846
1778162175.273019,112.7258276831,1778162175.273019,116.4068085168
1778162175.373019,67.9572249133,1778162175.373019,116.8077307536
1778162175.4730191,80.8102926996,1778162175.4730191,116.749218861
1778162175.573019,78.5089676529,1778162175.573019,116.188530026
1778162175.6730192,105.9115622525,1778162175.6730192,115.3441574636
1778162175.773019,129.5815653263,1778162175.773019,114.4850193379
1778162175.873019,104.7146386008,1778162175.873019,113.7276776513
1778162175.9730191,129.7153028440,1778162175.9730191,114.0046653463
1778162176.073019,86.2543805661,1778162176.073019,113.9082505216
1778162176.1730192,103.9889693351,1778162176.1730192,113.9542626176
1778162176.273019,96.1052778538,1778162176.273019,113.5773105346
1778162176.373019,104.9462268514,1778162176.373019,112.3718249838
1778162176.4730191,150.5057512596,1778162176.4730191,111.3887916029
1778162176.573019,93.4401617808,1778162176.573019,111.0473368513
1778162176.6730192,86.6672146382,1778162176.6730192,111.9177726836
1778162176.773019,121.6235657427,1778162176.773019,112.0373222153
1778162176.873019,123.3290774096,1778162176.873019,112.6248046028
1778162176.9730191,86.9774720091,1778162176.9730191,113.0067566338
1778162177.073019,97.6968103683,1778162177.073019,112.4542972455
1778162177.1730192,108.8132678261,1778162177.1730192,112.2377138673
1778162177.273019,142.1930809455,1778162177.273019,111.6612106691
1778162177.373019,132.1829874297,1778162177.373019,112.2746459357
1778162177.4730191,67.4544286465,1778162177.4730191,113.8895328038
1778162177.573019,116.9363534037,1778162177.573019,113.8471905818
1778162177.6730192,128.2979315157,1778162177.6730192,113.3386045387
1778162177.773019,107.8836851378,1778162177.773019,112.5985090843
1778162177.873019,125.0316857338,1778162177.873019,112.8707900198
1778162177.9730191,110.786588641,1778162177.9730191,113.2697468875
1778162178.073019,109.1748668287,1778162178.073019,114.0439676672
1778162178.1730192,84.1451420833,1778162178.1730192,114.9668410321
1778162178.273019,131.8853874559,1778162178.273019,115.4964592973
1778162178.373019,141.1047457001,1778162178.373019,115.1909641706
1778162178.4730191,132.0203937354,1778162178.4730191,115.0680520819
1778162178.573019,134.0432717414,1778162178.573019,116.0078642798
1778162178.6730192,86.0282447679,1778162178.6730192,117.6414953319
1778162178.773019,106.9101536253,1778162178.773019,118.7280743288
1778162178.873019,109.8629545555,1778162178.873019,118.8621733624
1778162178.9730191,140.0461150980,1778162178.9730191,118.9748055148
1778162179.073019,140.2277617415,1778162179.073019,120.
1778162179.1730192,73.3755561927,1778162179.1730192,120.
1778162179.273019,123.9734855355,1778162179.273019,121.1493511572
1778162179.373019,189.5232451789,1778162179.373019,120.6066549063
1778162179.4730191,102.1924572675,1778162179.4730191,120.5281160190
1778162179.573019,105.6305112935,1778162179.573019,121.5353598884
1778162179.6730192,100.9863959919,1778162179.6730192,121.8025042508
1778162179.773019,132.5648764581,1778162179.773019,121.8093748209
1778162179.873019,136.1103387812,1778162179.873019,121.3751397127
1778162179.9730191,93.2897416456,1778162179.9730191,121.6528599333
1778162180.073019,86.4786246204,1778162180.073019,122.0140787577
1778162180.1730192,190.6885256070,1778162180.1730192,121.8677089843
1778162180.273019,124.2570995426,1778162180.273019,122.0449605256
1778162180.373019,115.7405238218,1778162180.373019,121.9103299638
1778162180.4730191,109.5843499885,1778162180.4730191,121.5203660208
1778162180.573019,85.8373773185,1778162180.573019,121.5273609739
1778162180.6730192,167.1479351519,1778162180.6730192,122.0148897233
1778162180.773019,139.6629434172,1778162180.773019,122.2875215819
1778162180.873019,114.9567701474,1778162180.873019,123.3064016584
1778162180.9730191,86.3809047673,1778162180.9730191,123.4763716509
1778162181.073019,104.2348325494,1778162181.073019,123.3297099849
1778162181.1730192,107.4293956881,1778162181.1730192,123.2239617744
1778162181.273019,157.1476060947,1778162181.273019,122.7918613491
1778162181.373019,204.6149177818,1778162181.373019,122.4477102538
1778162181.4730191,149.2107938221,1778162181.4730191,122.562366275
1778162181.573019,29.8421587644,1778162181.573019,121.5746327925
1778162181.6730192,47.1332369114,1778162181.6730192,121.2318585366
1778162181.773019,93.8061799808,1778162181.773019,121.1440917704
1778162181.873019,103.9290840370,1778162181.873019,120.6392831978
1778162181.9730191,243.8905504603,1778162181.9730191,120.
1778162182.073019,232.7336003761,1778162182.073019,117.1511600969
1778162182.1730192,130.9233128479,1778162182.1730192,114.0934760697
1778162182.273019,67.5366029206,1778162182.273019,114.1533496099
1778162182.373019,56.1419991149,1778162182.373019,117.0782135227
1778162182.4730191,54.1057478645,1778162182.4730191,119.0546739664
1778162182.573019,117.4294318590,1778162182.573019,118.0803749067
1778162182.6730192,123.4590419132,1778162182.6730192,116.4632580058
1778162182.773019,173.1743302668,1778162182.773019,114.2666433306
1778162182.873019,195.516587713,1778162182.873019,112.8094029542
1778162182.9730191,160.2167201176,1778162182.9730191,112.5617530071
1778162183.073019,73.4018100581,1778162183.073019,112.3362499363
1778162183.1730192,14.6803620116,1778162183.1730192,113.1670656906
1778162183.273019,2.9360724023,1778162183.273019,113.3306980866
1778162183.373019,106.4332824555,1778162183.373019,112.3133182661
1778162183.4730191,226.4685438640,1778162183.4730191,109.8773335165
1778162183.573019,212.0594562986,1778162183.573019,107.3636310127
1778162183.6730192,146.1731073716,1778162183.6730192,105.4458034862
1778162183.773019,113.9393276771,1778162183.773019,104.9223096614
1778162183.873019,22.7878655354,1778162183.873019,108.1261948105
1778162183.9730191,66.4280868183,1778162183.9730191,110.1939927555
1778162184.073019,137.6967606308,1778162184.073019,109.9632585435
1778162184.1730192,126.4351679799,1778162184.1730192,109.6461252534
1778162184.273019,114.2412956309,1778162184.273019,109.4670826747
1778162184.373019,116.3512986064,1778162184.373019,109.4400352596
1778162184.4730191,127.7842985740,1778162184.4730191,110.0084658069
1778162184.573019,129.6354895931,1778162184.573019,110.2016429805
1778162184.6730192,110.5776257978,1778162184.6730192,110.5011420066
1778162184.773019,85.4542892933,1778162184.773019,112.0829238545
1778162184.873019,120.1333134457,1778162184.873019,112.8662147999
1778162184.9730191,82.7153510035,1778162184.9730191,113.5710409188
1778162185.073019,99.9737175628,1778162185.073019,114.0204573027
1778162185.1730192,123.5367757924,1778162185.1730192,113.8467044812
1778162185.273019,100.5912843647,1778162185.273019,112.8670452534
1778162185.373019,124.3391383012,1778162185.373019,111.9498880618
1778162185.4730191,129.2375368987,1778162185.4730191,111.2093833885
1778162185.573019,164.8698662381,1778162185.573019,111.1687083311
1778162185.6730192,134.8669018661,1778162185.6730192,111.341738677
1778162185.773019,104.5894180066,1778162185.773019,111.8108431013
1778162185.873019,99.187474058,1778162185.873019,111.9683122783
1778162185.9730191,103.3502362770,1778162185.9730191,111.1951471346
1778162186.073019,85.0146167141,1778162186.073019,110.7423624662
1778162186.1730192,88.8327063310,1778162186.1730192,110.7703698920
1778162186.273019,95.1736770139,1778162186.273019,110.3858403264
1778162186.373019,137.5552054330,1778162186.373019,109.9962361794
1778162186.4730191,107.3869618311,1778162186.4730191,109.9429239565
1778162186.573019,119.8436775584,1778162186.573019,109.8341974016
1778162186.6730192,123.1573175299,1778162186.6730192,110.0982810079
1778162186.773019,118.9614595938,1778162186.773019,110.4419397271
1778162186.873019,110.7203510175,1778162186.873019,110.7833709599
1778162186.9730191,87.9493999418,1778162186.9730191,110.8422974594
1778162187.073019,104.3809028821,1778162187.073019,111.1033252281
1778162187.1730192,110.6123005788,1778162187.1730192,111.9211764437
1778162187.273019,85.8522040814,1778162187.273019,112.0236285274
1778162187.373019,103.7848544507,1778162187.373019,112.2862149023
1778162187.4730191,130.5057259913,1778162187.4730191,112.0654360831
1778162187.573019,108.6072034634,1778162187.573019,112.2331816380
1778162187.6730192,108.6678549117,1778162187.6730192,112.4642004559
1778162187.773019,111.18918104,1778162187.773019,112.4303515052
1778162187.873019,104.8018698405,1778162187.873019,112.8843051674
1778162187.9730191,172.854403001,1778162187.9730191,112.7450694025
1778162188.073019,122.4462942074,1778162188.073019,112.7272008511
1778162188.1730192,91.7675795083,1778162188.1730192,114.4685613409
1778162188.273019,106.0165356743,1778162188.273019,116.4854467949
1778162188.373019,84.3262976265,1778162188.373019,117.2662166917
1778162188.4730191,152.5186322987,1778162188.4730191,117.4890605886
1778162188.573019,140.9703171791,1778162188.573019,116.7563505212
1778162188.6730192,114.7774031384,1778162188.6730192,116.7900077104
1778162188.773019,135.4051330528,1778162188.773019,116.9010292968
1778162188.873019,92.0290536207,1778162188.873019,117.9757078649
1778162188.9730191,106.6949181884,1778162188.9730191,118.1841778246
1778162189.073019,126.2298782269,1778162189.073019,117.3688516694
1778162189.1730192,107.9416371341,1778162189.1730192,116.7678092267
1778162189.273019,142.8974356793,1778162189.273019,115.8513081935
1778162189.373019,109.3762455163,1778162189.373019,115.4642810548
1778162189.4730191,131.8917419507,1778162189.4730191,115.6682530114
1778162189.573019,90.1530214159,1778162189.573019,116.5123349528
1778162189.6730192,77.9162028279,1778162189.6730192,116.3225519139
1778162189.773019,100.5267150633,1778162189.773019,115.7194791425
1778162189.873019,147.6970136979,1778162189.873019,113.7573403260
1778162189.9730191,168.4489201975,1778162189.9730191,112.7156532707
1778162190.073019,139.9616993473,1778162190.073019,112.7673221160
1778162190.1730192,91.6573830803,1778162190.1730192,113.8699968654
1778162190.273019,97.3070729674,1778162190.273019,113.8415826843
1778162190.373019,102.8579041172,1778162190.373019,113.7720879443
1778162190.4730191,140.0739123683,1778162190.4730191,113.7550794092
1778162190.573019,142.749927069,1778162190.573019,113.9819829368
1778162190.6730192,128.5351417839,1778162190.6730192,114.3517639082
1778162190.773019,110.5145969803,1778162190.773019,115.270680108
1778162190.873019,83.5410456477,1778162190.873019,116.2620167663
1778162190.9730191,115.5003834160,1778162190.9730191,116.9862914409
1778162191.073019,106.0500751762,1778162191.073019,116.8478865374
1778162191.1730192,84.9838204015,1778162191.1730192,116.9839407046
1778162191.273019,177.6035001933,1778162191.273019,117.0834463969
1778162191.373019,134.2233093479,1778162191.373019,117.1644190822
1778162191.4730191,152.3882437844,1778162191.4730191,118.3679635363
1778162191.573019,110.5882334079,1778162191.573019,119.2318994043
1778162191.6730192,83.2326657586,1778162191.6730192,119.4821324789
1778162191.773019,161.6579776182,1778162191.773019,118.9575924780
1778162191.873019,108.6628987280,1778162191.873019,119.1432632605
1778162191.9730191,103.8855580561,1778162191.9730191,119.1422614490
1778162192.073019,125.4973611509,1778162192.073019,118.7113277394
1778162192.1730192,81.8273255069,1778162192.1730192,118.7045668969
1778162192.273019,100.5875933846,1778162192.273019,119.3131355944
1778162192.373019,150.7293465652,1778162192.373019,119.0686395218
1778162192.4730191,116.1204815471,1778162192.4730191,118.6131021322
1778162192.573019,103.6452895763,1778162192.573019,118.3789123006
1778162192.6730192,125.8188591205,1778162192.6730192,118.0751077443
1778162192.773019,132.3954742620,1778162192.773019,117.9862833355
1778162192.873019,140.2589538183,1778162192.873019,118.2096710534
1778162192.9730191,112.4797917605,1778162192.9730191,118.5232730563
1778162193.073019,105.1603017835,1778162193.073019,119.0568897912
1778162193.1730192,122.0181550677,1778162193.1730192,118.5866207932
1778162193.273019,120.2045352748,1778162193.273019,118.3153571065
1778162193.373019,102.7838275132,1778162193.373019,118.0352072732
1778162193.4730191,124.9677093665,1778162193.4730191,118.1244706426
1778162193.573019,156.8176563183,1778162193.573019,118.0061277428
1778162193.6730192,115.1009061531,1778162193.6730192,117.5843371492
1778162193.773019,129.1397773256,1778162193.773019,117.5767504073
1778162193.873019,124.2540048247,1778162193.873019,117.5864943601
1778162193.9730191,104.1791057320,1778162193.9730191,118.2322398015
1778162194.073019,101.7542575371,1778162194.073019,118.4976497831
1778162194.1730192,110.1918831365,1778162194.1730192,118.9525155047
1778162194.273019,128.4310316120,1778162194.273019,118.7294561406
1778162194.373019,109.8983607397,1778162194.373019,119.0330117107
1778162194.4730191,140.1273789837,1778162194.4730191,118.8585993009
1778162194.573019,154.9922928755,1778162194.573019,118.5825215247
1778162194.6730192,130.3025027324,1778162194.6730192,118.8711017121
1778162194.773019,144.9754384036,1778162194.773019,119.053183807
1778162194.873019,91.5015683873,1778162194.873019,120.
1778162194.9730191,144.10585134,1778162194.9730191,120.
1778162195.073019,92.0496990367,1778162195.073019,120.
1778162195.1730192,103.8025773782,1778162195.1730192,120.
1778162195.273019,147.4413658235,1778162195.273019,119.3544120262
1778162195.373019,133.8659503591,1778162195.373019,119.1891033572
1778162195.4730191,121.9644315771,1778162195.4730191,118.8928181318
1778162195.573019,65.4997390230,1778162195.573019,118.6760371283
1778162195.6730192,155.9463383120,1778162195.6730192,117.7251838104
1778162195.773019,114.1043999568,1778162195.773019,117.1490700637
1778162195.873019,148.4569573467,1778162195.873019,116.3645011665
1778162195.9730191,113.0749496443,1778162195.9730191,116.1293446877
1778162196.073019,117.8668044519,1778162196.073019,116.1120719686
1778162196.1730192,89.7821855650,1778162196.1730192,115.9642550366
1778162196.273019,104.6283562182,1778162196.273019,116.1370819556
1778162196.373019,98.207992685,1778162196.373019,116.4432805336
1778162196.4730191,108.4286690441,1778162196.4730191,115.9033449969
1778162196.573019,125.7755140892,1778162196.573019,114.5590322854
1778162196.6730192,143.8597208676,1778162196.6730192,112.4381226132
1778162196.773019,142.0540687423,1778162196.773019,111.4900841336
1778162196.873019,135.9042511393,1778162196.873019,111.9745831170
1778162196.9730191,102.7091773667,1778162196.9730191,113.1035266237
1778162197.073019,119.9701837850,1778162197.073019,114.1840480940
1778162197.1730192,123.6414873980,1778162197.1730192,114.3848924577
1778162197.273019,83.4148331468,1778162197.273019,114.6684890103
1778162197.373019,118.982479809,1778162197.373019,114.5860343452
1778162197.4730191,118.3705991816,1778162197.4730191,114.5808827584
1778162197.573019,81.6875364377,1778162197.573019,114.7709999091
1778162197.6730192,113.9303227519,1778162197.6730192,113.2615627139
1778162197.773019,117.4340707839,1778162197.773019,111.6831821153
1778162197.873019,121.3569008985,1778162197.873019,110.9112249835
1778162197.9730191,138.4872125057,1778162197.9730191,110.0215432417
1778162198.073019,121.1166371043,1778162198.073019,109.9149294665
1778162198.1730192,137.0768923501,1778162198.1730192,110.2813746980
1778162198.273019,106.8464777131,1778162198.273019,110.6167470415
1778162198.373019,107.3149154034,1778162198.373019,111.7373519039
1778162198.4730191,78.2932736255,1778162198.4730191,112.5659920106
1778162198.573019,121.0481746543,1778162198.573019,113.1154081478
1778162198.6730192,125.4655995718,1778162198.6730192,113.146858006
1778162198.773019,139.9655542747,1778162198.773019,113.2214463962
1778162198.873019,95.9378187352,1778162198.873019,112.9396087286
1778162198.9730191,98.7027055921,1778162198.9730191,112.7378711629
1778162199.073019,126.5766327325,1778162199.073019,112.4018806489
1778162199.1730192,113.0863988176,1778162199.1730192,112.6573082138
1778162199.273019,113.353217118,1778162199.273019,113.2029910837
1778162199.373019,106.5710414857,1778162199.373019,113.1558541462
1778162199.4730191,107.8097713629,1778162199.4730191,112.4667021865
1778162199.573019,129.3796345750,1778162199.573019,112.3686621894
1778162199.6730192,104.4898945338,1778162199.6730192,112.3674040908
1778162199.773019,127.1772442677,1778162199.773019,111.6802000388
1778162199.873019,123.5100090411,1778162199.873019,110.9052566663
1778162199.9730191,103.2972332145,1778162199.9730191,110.9763742801
1778162200.073019,113.1966233185,1778162200.073019,111.9342320203
1778162200.1730192,163.8750727263,1778162200.1730192,112.2094995665
1778162200.273019,98.4562372446,1778162200.273019,114.0395087361
1778162200.373019,96.7814724106,1778162200.373019,114.9084686304
1778162200.4730191,85.2049338667,1778162200.4730191,114.0147108871
1778162200.573019,120.2250757872,1778162200.573019,112.8447129234
1778162200.6730192,124.6017862669,1778162200.6730192,112.8057327987
1778162200.773019,89.1923947941,1778162200.773019,113.3348162928
1778162200.873019,112.4833051225,1778162200.873019,112.9991143482
1778162200.9730191,125.974754634,1778162200.9730191,112.0612422591
1778162201.073019,131.6074544037,1778162201.073019,111.5307238298
1778162201.1730192,89.0391696795,1778162201.1730192,111.528545507
1778162201.273019,104.0378459539,1778162201.273019,111.5535284952
1778162201.373019,150.0500849100,1778162201.373019,110.9304217171
1778162201.4730191,109.4182049622,1778162201.4730191,110.6789542783
1778162201.573019,83.8204866745,1778162201.573019,111.4757642237
1778162201.6730192,134.8474655217,1778162201.6730192,111.8523530683
1778162201.773019,131.4489196599,1778162201.773019,111.9868121950
1778162201.873019,109.4195827565,1778162201.873019,112.0542445415
1778162201.9730191,140.3315760724,1778162201.9730191,111.5144348118
1778162202.073019,107.2501711708,1778162202.073019,111.8173588470
1778162202.1730192,101.3050262193,1778162202.1730192,112.5984936590
1778162202.273019,139.3457979250,1778162202.273019,112.9342768730
1778162202.373019,152.8590540653,1778162202.373019,113.0421788601
1778162202.4730191,86.8104686181,1778162202.4730191,113.7942223861
1778162202.573019,80.48979902,1778162202.573019,114.5195049011
1778162202.6730192,175.4618323459,1778162202.6730192,114.3764776415
1778162202.773019,115.3961449559,1778162202.773019,113.9231891686
1778162202.873019,105.3722711197,1778162202.873019,114.3391272963
1778162202.9730191,104.1901650852,1778162202.9730191,114.1453969324
1778162203.073019,133.4369089049,1778162203.073019,114.1893329224
1778162203.1730192,136.0031245353,1778162203.1730192,113.7302197245
1778162203.273019,126.1435541059,1778162203.273019,113.6485640527
1778162203.373019,132.8433428246,1778162203.373019,113.4667117591
1778162203.4730191,114.6083188350,1778162203.4730191,113.5910994851
1778162203.573019,131.500734082,1778162203.573019,114.0855124177
1778162203.6730192,91.7285649192,1778162203.6730192,114.9687192078
1778162203.773019,106.6155475421,1778162203.773019,114.9824535359
1778162203.873019,130.7830688222,1778162203.873019,114.6728499141
1778162203.9730191,152.2635767452,1778162203.9730191,114.5444354213
1778162204.073019,117.1865683471,1778162204.073019,115.1477086694
1778162204.1730192,91.3564552142,1778162204.1730192,116.2339674733
1778162204.273019,101.3395342874,1778162204.273019,117.0413298374
1778162204.373019,105.6892066655,1778162204.373019,117.9561259621
1778162204.4730191,124.1403976078,1778162204.4730191,117.7893348680
1778162204.573019,132.6672920106,1778162204.573019,117.1342098318
1778162204.6730192,135.0332801915,1778162204.6730192,116.7968948025
1778162204.773019,92.3854328393,1778162204.773019,117.748557656
1778162204.873019,120.6271400427,1778162204.873019,118.5026322953
1778162204.9730191,130.8816591991,1778162204.9730191,118.2983351379
1778162205.073019,129.0270908973,1778162205.073019,118.0756696336
1778162205.1730192,126.0998324326,1778162205.1730192,117.8042229671
1778162205.273019,171.7814892182,1778162205.273019,117.5128494188
1778162205.373019,161.6135554865,1778162205.373019,117.3017286663
1778162205.4730191,117.3181193087,1778162205.4730191,117.5597642651
1778162205.573019,135.1821926228,1778162205.573019,117.3823596561
1778162205.6730192,121.1001748889,1778162205.6730192,117.438800882
1778162205.773019,100.287510664,1778162205.773019,117.7529238662
1778162205.873019,129.4607814563,1778162205.873019,117.6895277573
1778162205.9730191,70.9465343914,1778162205.9730191,117.4114616502
1778162206.073019,103.6280785858,1778162206.073019,116.8495208947
1778162206.1730192,127.4614630251,1778162206.1730192,115.1468788019
1778162206.273019,131.1168839534,1778162206.273019,113.9586132273
1778162206.373019,135.6173137166,1778162206.373019,113.4826225762
1778162206.4730191,91.4803551775,1778162206.4730191,113.1604177825
1778162206.573019,106.7480538127,1778162206.573019,113.2870899949
1778162206.6730192,88.6454102812,1778162206.6730192,112.7532347643
1778162206.773019,121.9137856996,1778162206.773019,111.3821046530
1778162206.873019,131.4233704273,1778162206.873019,109.9955445682
1778162206.9730191,136.6348380534,1778162206.9730191,108.9754689762
1778162207.073019,125.0682098567,1778162207.073019,108.1781552068
1778162207.1730192,120.1489812273,1778162207.1730192,106.5019032291
1778162207.273019,138.5415558359,1778162207.273019,105.5485731368
1778162207.373019,107.7504566918,1778162207.373019,105.4958743405
1778162207.4730191,128.8315733978,1778162207.4730191,105.8400308578
1778162207.573019,112.4257296387,1778162207.573019,106.1505543591
1778162207.6730192,158.6424222341,1778162207.6730192,106.3898778308
1778162207.773019,94.4190310574,1778162207.773019,107.7292971521
1778162207.873019,84.3462869091,1778162207.873019,108.8776037720
1778162207.9730191,120.145554171,1778162207.9730191,108.9810170938
1778162208.073019,108.7132824072,1778162208.073019,109.0194535714
1778162208.1730192,149.8729598753,1778162208.1730192,110.0033418538
1778162208.273019,90.242056471,1778162208.273019,110.335847707
1778162208.373019,77.9624421495,1778162208.373019,111.5712730207
1778162208.4730191,169.1928015989,1778162208.4730191,111.0151796125
1778162208.573019,97.6722562355,1778162208.573019,110.7036222949
1778162208.6730192,108.6369758143,1778162208.6730192,111.3631956478
1778162208.773019,125.2629416731,1778162208.773019,111.4322358712
1778162208.873019,140.9967784371,1778162208.873019,111.3417123615
1778162208.9730191,118.8224907864,1778162208.9730191,110.8806488148
1778162209.073019,112.7923479788,1778162209.073019,110.8241985813
1778162209.1730192,146.753363261,1778162209.1730192,110.5771800465
1778162209.273019,162.2519597220,1778162209.273019,110.3222872586
1778162209.373019,74.7645933496,1778162209.373019,110.1055135559
1778162209.4730191,97.8149847913,1778162209.4730191,109.4681890323
1778162209.573019,141.5528631244,1778162209.573019,108.4310118863
1778162209.6730192,152.2865664303,1778162209.6730192,107.9639058457
1778162209.773019,152.5588351388,1778162209.773019,108.1719393384
1778162209.873019,158.3100252661,1778162209.873019,108.0717280127
1778162209.9730191,93.2460745952,1778162209.9730191,108.4204772884
1778162210.073019,85.8967100314,1778162210.073019,108.2457249443
1778162210.1730192,127.1427940959,1778162210.1730192,107.6357037672
1778162210.273019,136.3315173994,1778162210.273019,107.7921511747
1778162210.373019,136.2358610998,1778162210.373019,108.485735261
1778162210.4730191,112.0275835365,1778162210.4730191,109.0692761801
1778162210.573019,113.1914928911,1778162210.573019,109.2602959578
1778162210.6730192,109.307435195,1778162210.6730192,109.0484545928
1778162210.773019,175.6310011454,1778162210.773019,108.3430787975
1778162210.873019,145.0282946806,1778162210.873019,107.9482456505
1778162210.9730191,96.4257848382,1778162210.9730191,108.7891069836
1778162211.073019,19.2851569676,1778162211.073019,109.3005696048
1778162211.1730192,86.4161075083,1778162211.1730192,108.6815245279
1778162211.273019,175.7300801219,1778162211.273019,107.8490792036
1778162211.373019,100.1826191216,1778162211.373019,107.8033613702
1778162211.4730191,109.2750218809,1778162211.4730191,108.5254138063
1778162211.573019,112.3536897461,1778162211.573019,108.6854415255
1778162211.6730192,167.4350042153,1778162211.6730192,108.6139356466
1778162211.773019,127.4965199960,1778162211.773019,109.0462596429
1778162211.873019,105.7758862596,1778162211.873019,110.0345524413
1778162211.9730191,111.9688269711,1778162211.9730191,109.9054856751
1778162212.073019,87.2753106613,1778162212.073019,109.5242331358
1778162212.1730192,106.1748634026,1778162212.1730192,109.388389693
1778162212.273019,104.9752422901,1778162212.273019,108.2731797017
1778162212.373019,163.6797890803,1778162212.373019,107.8449991429
1778162212.4730191,114.9486331862,1778162212.4730191,107.7041679866
1778162212.573019,83.0206315475,1778162212.573019,108.2354164024
1778162212.6730192,166.5094437018,1778162212.6730192,108.4191649847
1778162212.773019,125.3399703556,1778162212.773019,109.9607254390
1778162212.873019,68.7091256997,1778162212.873019,111.3505601082
1778162212.9730191,95.6367969879,1778162212.9730191,111.7554030834
1778162213.073019,114.5712953910,1778162213.073019,110.7019646142
1778162213.1730192,147.9705876183,1778162213.1730192,109.6393649343
1778162213.273019,154.0713412782,1778162213.273019,109.5807675352
1778162213.373019,113.5679743737,1778162213.373019,110.1996829777
1778162213.4730191,98.4936732256,1778162213.4730191,110.6135193077
1778162213.573019,149.9679502726,1778162213.573019,111.0307974556
1778162213.6730192,155.1978153174,1778162213.6730192,111.4476345092
1778162213.773019,137.6303266841,1778162213.773019,112.9241721690
1778162213.873019,131.1808232639,1778162213.873019,114.0724186687
1778162213.9730191,110.7205381724,1778162213.9730191,115.6389378368
1778162214.073019,85.0008595324,1778162214.073019,116.0068810279
1778162214.1730192,100.8780891709,1778162214.1730192,116.9299997395
1778162214.273019,122.4125717574,1778162214.273019,117.404416374
1778162214.373019,89.4226659138,1778162214.373019,118.138161743
1778162214.4730191,142.0100003087,1778162214.4730191,118.5169494692
1778162214.573019,153.8073991399,1778162214.573019,118.409290961
1778162214.6730192,138.0865125895,1778162214.6730192,118.5416715956
1778162214.773019,91.32436555,1778162214.773019,119.0588861154
1778162214.873019,124.6310350419,1778162214.873019,118.7625613321
1778162214.9730191,129.6168485179,1778162214.9730191,118.2052485415
1778162215.073019,89.7759678255,1778162215.073019,118.1396247875
1778162215.1730192,102.626391358,1778162215.1730192,117.9057454389
1778162215.273019,127.7576907559,1778162215.273019,116.1428589906
1778162215.373019,126.1810621975,1778162215.373019,115.7500647575
1778162215.4730191,104.8131166289,1778162215.4730191,115.264088559
1778162215.573019,108.0079920518,1778162215.573019,114.8550708699
1778162215.6730192,129.8846148074,1778162215.6730192,113.8564347684
1778162215.773019,123.2925287431,1778162215.773019,113.2610819980
1778162215.873019,124.9871908818,1778162215.873019,112.8269750063
1778162215.9730191,123.9649382886,1778162215.9730191,111.9274013757
1778162216.073019,67.521274591,1778162216.073019,111.6462995109
1778162216.1730192,102.1743265959,1778162216.1730192,110.9527388036
1778162216.273019,150.2041933992,1778162216.273019,110.2451055915
1778162216.373019,139.0952859120,1778162216.373019,110.3780995641
1778162216.4730191,113.797804311,1778162216.4730191,110.5073616947
1778162216.573019,106.3179353212,1778162216.573019,110.1035447581
1778162216.6730192,104.9239474392,1778162216.6730192,109.8287956766
1778162216.773019,82.9959910362,1778162216.773019,109.402750067
1778162216.873019,122.1343024767,1778162216.873019,108.773282729
1778162216.9730191,123.9375077658,1778162216.9730191,108.3691648060
1778162217.073019,129.2554739841,1778162217.073019,107.8781675828
1778162217.1730192,134.2738173185,1778162217.1730192,107.4626985020
1778162217.273019,108.1043901705,1778162217.273019,107.4342443156
1778162217.373019,132.8003325975,1778162217.373019,107.2505438841
1778162217.4730191,115.8170951965,1778162217.4730191,107.371077783
1778162217.573019,107.9830732372,1778162217.573019,107.5164379652
1778162217.6730192,157.5113013768,1778162217.6730192,106.3882316505
1778162217.773019,97.0636797838,1778162217.773019,106.5893217382
1778162217.873019,81.5975335251,1778162217.873019,107.4488820615
1778162217.9730191,119.9938668531,1778162217.9730191,106.7212894983
1778162218.073019,153.0153390446,1778162218.073019,106.1528522356
1778162218.1730192,113.0698555982,1778162218.1730192,107.1446998464
1778162218.273019,155.3412251112,1778162218.273019,108.8293150388
1778162218.373019,120.2109736088,1778162218.373019,109.2139629223
1778162218.4730191,82.6858252146,1778162218.4730191,109.6470721192
1778162218.573019,154.9163572409,1778162218.573019,108.7021040851
1778162218.6730192,118.5375725569,1778162218.6730192,107.8585389422
1778162218.773019,107.5234142497,1778162218.773019,107.7541022575
1778162218.873019,133.9425303703,1778162218.873019,108.0602868380
1778162218.9730191,80.2321280411,1778162218.9730191,107.6053707532
1778162219.073019,105.8808934735,1778162219.073019,107.5453103200
1778162219.1730192,85.4978505175,1778162219.1730192,107.3667059552
1778162219.273019,100.0450168313,1778162219.273019,106.7899204618
1778162219.373019,99.7961512029,1778162219.373019,105.9417277238
1778162219.4730191,113.8133636009,1778162219.4730191,104.9038711447
1778162219.573019,130.0763128149,1778162219.573019,104.2215821925
1778162219.6730192,142.5804563949,1778162219.6730192,103.8639619859
1778162219.773019,104.7519683543,1778162219.773019,104.3189635485
1778162219.873019,78.5022379709,1778162219.873019,104.8190343803
1778162219.9730191,143.1207114446,1778162219.9730191,104.9747829904
1778162220.073019,114.1358888501,1778162220.073019,105.3873932174
1778162220.1730192,102.3318444827,1778162220.1730192,106.7765970373
1778162220.273019,77.2782324573,1778162220.273019,107.9894718995
1778162220.373019,125.7909235238,1778162220.373019,107.9008175052
1778162220.4730191,100.2050021927,1778162220.4730191,107.8499219055
1778162220.573019,92.302657913,1778162220.573019,107.7788777608
1778162220.6730192,124.8404537697,1778162220.6730192,107.3927080539
1778162220.773019,143.9396116986,1778162220.773019,107.3066441116
1778162220.873019,177.8097457511,1778162220.873019,106.8645656219
1778162220.9730191,96.9997933535,1778162220.9730191,106.9610333270
1778162221.073019,62.7598341198,1778162221.073019,107.4330636943
1778162221.1730192,119.7837229217,1778162221.1730192,107.4148338751
1778162221.273019,109.7829108369,1778162221.273019,108.1681943966
1778162221.373019,84.6433992213,1778162221.373019,108.391834433
1778162221.4730191,121.0800104079,1778162221.4730191,109.9011016488
1778162221.573019,109.5632011104,1778162221.573019,110.4761048736
1778162221.6730192,172.5988517757,1778162221.6730192,110.9380764551
1778162221.773019,99.1628813952,1778162221.773019,111.9531692365
1778162221.873019,138.9651511534,1778162221.873019,112.9941370560
1778162221.9730191,115.4877997430,1778162221.9730191,114.7153501537
1778162222.073019,87.0537542194,1778162222.073019,115.6364328215
1778162222.1730192,123.9528286249,1778162222.1730192,115.5249321852
1778162222.273019,132.7150544139,1778162222.273019,115.9358055763
1778162222.373019,112.4644431971,1778162222.373019,116.3204978027
1778162222.4730191,112.0360628702,1778162222.4730191,117.5127889277
1778162222.573019,148.7973050088,1778162222.573019,117.8872142034
1778162222.6730192,95.8463152645,1778162222.6730192,118.0969028293
1778162222.773019,83.9923724912,1778162222.773019,118.0584999538
1778162222.873019,124.0141914221,1778162222.873019,117.6811775576
1778162222.9730191,107.4538309938,1778162222.9730191,117.0841683656
1778162223.073019,120.7099049617,1778162223.073019,116.7323975538
1778162223.1730192,123.0990077414,1778162223.1730192,116.6568922753
1778162223.273019,107.2885477702,1778162223.273019,116.3730640759
1778162223.373019,100.7206258606,1778162223.373019,115.4263539403
1778162223.4730191,146.8561264011,1778162223.4730191,115.2531573595
1778162223.573019,117.2500793739,1778162223.573019,115.8041250304
1778162223.6730192,129.8244374924,1778162223.6730192,116.2202521115
1778162223.773019,84.8701228991,1778162223.773019,116.6700532668
1778162223.873019,102.0706840585,1778162223.873019,116.9171781301
1778162223.9730191,58.9079934569,1778162223.9730191,115.9438168334
1778162224.073019,129.9101006471,1778162224.073019,115.4213486844
1778162224.1730192,104.7258977932,1778162224.1730192,115.1253870058
1778162224.273019,104.9772946375,1778162224.273019,115.3803295811
1778162224.373019,120.9738427672,1778162224.373019,115.2307802746
1778162224.4730191,183.3807339764,1778162224.4730191,114.0326947878
1778162224.573019,99.5352260113,1778162224.573019,114.0310059072
1778162224.6730192,121.6376428946,1778162224.6730192,114.8765209501
1778162224.773019,86.0486529941,1778162224.773019,115.5229915695
1778162224.873019,106.0822590425,1778162224.873019,115.6967804601
1778162224.9730191,84.7789328887,1778162224.9730191,115.3504700817
1778162225.073019,145.3537666739,1778162225.073019,115.4897522225
1778162225.1730192,125.346358815,1778162225.1730192,115.6147891545
1778162225.273019,66.9975453798,1778162225.273019,116.2050237188
1778162225.373019,164.1285301729,1778162225.373019,116.2437709407
1778162225.4730191,153.4397774005,1778162225.4730191,115.2821882163
1778162225.573019,113.9946798355,1778162225.573019,115.3561750415
1778162225.6730192,84.7273560029,1778162225.6730192,115.791779438
1778162225.773019,81.5776218932,1778162225.773019,114.4869249019
1778162225.873019,101.5356096869,1778162225.873019,114.0133308416
1778162225.9730191,116.0496243923,1778162225.9730191,113.1577512719
1778162226.073019,108.9641100240,1778162226.073019,111.7853251130
1778162226.1730192,104.5070351449,1778162226.1730192,110.5663995562
1778162226.273019,103.9061798034,1778162226.273019,110.1089931365
1778162226.373019,107.6731310656,1778162226.373019,109.9672829143
1778162226.4730191,91.5135066843,1778162226.4730191,109.3153923688
1778162226.573019,119.8599282293,1778162226.573019,108.2879382384
1778162226.6730192,106.4734216222,1778162226.6730192,106.7143056487
1778162226.773019,81.1955060347,1778162226.773019,106.3376388723
1778162226.873019,120.106860446,1778162226.873019,105.9681621302
1778162226.9730191,124.7610937912,1778162226.9730191,105.6318634053
1778162227.073019,150.2583137030,1778162227.073019,105.8302021496
1778162227.1730192,92.6378534871,1778162227.1730192,106.7444761122
1778162227.273019,79.5029222582,1778162227.273019,107.6961026966
1778162227.373019,121.0862887604,1778162227.373019,108.0962544479
1778162227.4730191,120.9766104445,1778162227.4730191,107.9135857232
1778162227.573019,123.4108308490,1778162227.573019,108.0618625025
1778162227.6730192,82.7623822243,1778162227.6730192,108.2221503582
1778162227.773019,99.9368791056,1778162227.773019,108.4790685886
1778162227.873019,79.7265515928,1778162227.873019,108.3962281518
1778162227.9730191,144.227722052,1778162227.9730191,107.4696108268
1778162228.073019,164.7033486462,1778162228.073019,106.9641246119
1778162228.1730192,142.7174250664,1778162228.1730192,107.2230572701
1778162228.273019,89.3595561061,1778162228.273019,109.4360749083
1778162228.373019,59.7036374553,1778162228.373019,110.8979562244
1778162228.4730191,75.5262336412,1778162228.4730191,110.1855032353
1778162228.573019,111.1619270856,1778162228.573019,109.9555680816
1778162228.6730192,128.1078704644,1778162228.6730192,110.0440973581
1778162228.773019,131.8464679499,1778162228.773019,110.0226398229
1778162228.873019,129.5195798351,1778162228.873019,110.3325398468
1778162228.9730191,175.5074225948,1778162228.9730191,110.3891400992
1778162229.073019,112.2352044837,1778162229.073019,112.3482492429
1778162229.1730192,64.2321822226,1778162229.1730192,112.9843940888
1778162229.273019,69.7648655762,1778162229.273019,112.4807570962
1778162229.373019,97.5014364897,1778162229.373019,110.8790550784
1778162229.4730191,100.0560225189,1778162229.4730191,110.5078203220
1778162229.573019,121.1068283271,1778162229.573019,110.6674533514
1778162229.6730192,108.5333377731,1778162229.6730192,110.6007929861
1778162229.773019,132.2915898363,1778162229.773019,110.5950393486
1778162229.873019,109.60499639,1778162229.873019,110.2949344235
1778162229.9730191,99.4572030521,1778162229.9730191,110.7474307281
1778162230.073019,170.8177101623,1778162230.073019,111.2333974201
1778162230.1730192,96.3802722843,1778162230.1730192,112.1831077772
1778162230.273019,105.6809505899,1778162230.273019,113.4804190490
1778162230.373019,96.7070607403,1778162230.373019,113.6587201683
1778162230.4730191,101.9834847177,1778162230.4730191,114.2911596513
1778162230.573019,100.7774135093,1778162230.573019,114.4604666016
1778162230.6730192,140.3092534946,1778162230.6730192,114.0686110012
1778162230.773019,93.0589870786,1778162230.773019,114.2059106928
1778162230.873019,101.9027412981,1778162230.873019,114.4345642304
1778162230.9730191,145.1828557717,1778162230.9730191,113.8848501651
1778162231.073019,121.7317879371,1778162231.073019,114.0649227977
1778162231.1730192,68.8077265814,1778162231.1730192,115.1637883564
1778162231.273019,55.5102155036,1778162231.273019,115.5600094146
1778162231.373019,11.1020431007,1778162231.373019,115.6567409364
1778162231.4730191,2.2204086201,1778162231.4730191,115.6518017355
1778162231.573019,42.0423874249,1778162231.573019,115.6213891819
1778162231.6730192,8.408477485,1778162231.6730192,115.5911287976
1778162231.773019,1.681695497,1778162231.773019,115.5274808009
1778162231.873019,0.3363390994,1778162231.873019,115.5410123016
1778162231.9730191,0.0672678199,1778162231.9730191,115.6444185995
1778162232.073019,0.013453564,1778162232.073019,115.6246243170
1778162232.1730192,0.0026907128,1778162232.1730192,115.6051393002
1778162232.273019,0.0005381426,1778162232.273019,115.5976421946
1778162232.373019,0.0001076285,1778162232.373019,115.6170241967
1778162232.4730191,0.0000215257,1778162232.4730191,115.6089402331
1778162232.573019,0.0000043051,1778162232.573019,115.6458095652
1778162232.6730192,0.0000008610,1778162232.6730192,115.6472487102
1778162232.773019,0.0000001722,1778162232.773019,115.6912573167
1778162232.873019,0.0000000344,1778162232.873019,115.6947553084
1778162232.9730191,0.0000000069,1778162232.9730191,115.6763430371
1778162233.073019,0.0000000014,1778162233.073019,115.6900167218
1778162233.1730192,0.0000000003,1778162233.1730192,115.6428533765
1778162233.273019,0.0000000001,1778162233.273019,115.6994719076
1778162233.373019,0.0000000000,1778162233.373019,115.6912449422
1778162233.4730191,0.0000000000,1778162233.4730191,115.5937254201
1778162233.573019,0.0000000000,1778162233.573019,115.6297117403
1778162233.6730192,0.0000000000,1778162233.6730192,115.636725817
1778162233.773019,0.0000000000,1778162233.773019,115.5967605758
1778162233.873019,0.0000000000,1778162233.873019,115.6282276402
1778162233.9730191,0.0000000000,1778162233.9730191,115.6742337892
1778162234.073019,0.0000000000,1778162234.073019,115.6904153579
1778162234.1730192,0.0000000000,1778162234.1730192,115.65229869
1778162234.273019,0.0000000000,1778162234.273019,115.6617902386
1778162234.373019,0.0000000000,1778162234.373019,115.6244269701
1778162234.4730191,0.0000000000,1778162234.4730191,115.6880196825
1778162234.573019,0.0000000000,1778162234.573019,115.7112717994
1778162234.6730192,0.0000000000,1778162234.6730192,115.7131100548
1778162234.773019,0.0000000000,1778162234.773019,115.7203187175
1778162234.873019,0.0000000000,1778162234.873019,115.7230715556
1778162234.9730191,0.0000000000,1778162234.9730191,115.7275491044
1778162235.073019,0.0000000000,1778162235.073019,115.726264896
1778162235.1730192,0.0000000000,1778162235.1730192,115.7308378926
1778162235.273019,0.0000000000,1778162235.273019,115.6442202436
1778162235.373019,0.0000000000,1778162235.373019,115.6362526731
1778162235.4730191,0.0000000000,1778162235.4730191,115.6548819779
1778162235.573019,0.0000000000,1778162235.573019,115.6754695373
1778162235.6730192,0.0000000000,1778162235.6730192,115.6675982954
1778162235.773019,0.0000000000,1778162235.773019,115.6800023984
1778162235.873019,0.0000000000,1778162235.873019,115.6795601785
1778162235.9730191,0.0000000000,1778162235.9730191,115.6866252699
1778162236.073019,0.0000000000,1778162236.073019,115.6919039764
1778162236.1730192,0.0000000000,1778162236.1730192,115.6976662277
1778162236.273019,0.0000000000,1778162236.273019,115.6905530132
1778162236.373019,0.0000000000,1778162236.373019,115.7062414937
1778162236.4730191,0.0000000000,1778162236.4730191,115.7063134310
1778162236.573019,0.0000000000,1778162236.573019,115.7002623863
1778162236.6730192,0.0000000000,1778162236.6730192,115.6934955246
1778162236.773019,0.0000000000,1778162236.773019,115.7095510898
1778162236.873019,0.0000000000,1778162236.873019,115.7025160034
1778162236.9730191,0.0000000000,1778162236.9730191,115.6978475161
1778162237.073019,0.0000000000,1778162237.073019,115.6957283684
1778162237.1730192,0.0000000000,1778162237.1730192,115.6892943332
1778162237.273019,0.0000000000,1778162237.273019,115.6821384759
1778162237.373019,0.0000000000,1778162237.373019,115.6758136987
1778162237.4730191,0.0000000000,1778162237.4730191,115.680639814
1778162237.573019,0.0000000000,1778162237.573019,115.6842702666
1778162237.6730192,0.0000000000,1778162237.6730192,115.6881915417
1778162237.773019,0.0000000000,1778162237.773019,115.6308320364
1778162237.873019,0.0000000000,1778162237.873019,115.6318569364
1778162237.9730191,0.0000000000,1778162237.9730191,0.
1778162238.073019,0.0000000000,1778162238.073019,0.
1778162238.1730192,0.0000000000,1778162238.1730192,0.
1778162238.273019,0.0000000000,1778162238.273019,0.
1778162238.373019,0.0000000000,1778162238.373019,0.
1778162238.4730191,0.0000000000,1778162238.4730191,0.
1778162238.573019,0.0000000000,1778162238.573019,0.
1778162238.6730192,0.0000000000,1778162238.6730192,0.
1778162238.773019,0.0000000000,1778162238.773019,0.
1778162238.873019,0.0000000000,1778162238.873019,0.
1778162238.9730191,0.0000000000,1778162238.9730191,0.
1778162239.073019,0.0000000000,1778162239.073019,0.
1778162239.1730192,0.0000000000,1778162239.1730192,0.
1778162239.273019,0.0000000000,1778162239.273019,0.
1778162239.373019,0.0000000000,1778162239.373019,0.
1778162239.4730191,0.0000000000,1778162239.4730191,0.
1778162239.573019,0.0000000000,1778162239.573019,0.
1778162239.6730192,0.0000000000,1778162239.6730192,0.
1778162239.773019,0.0000000000,1778162239.773019,0.
1778162239.873019,0.0000000000,1778162239.873019,0.
1778162239.9730191,0.0000000000,1778162239.9730191,0.
1778162240.073019,0.0000000000,1778162240.073019,0.
1778162240.1730192,0.0000000000,1778162240.1730192,0.
1778162240.273019,0.0000000000,1778162240.273019,0.
1778162240.373019,0.0000000000,1778162240.373019,0.
1778162240.4730191,0.0000000000,1778162240.4730191,0.
1778162240.573019,0.0000000000,1778162240.573019,0.
1778162240.6730192,0.0000000000,1778162240.6730192,0.
1778162240.773019,0.0000000000,1778162240.773019,0.
1778162240.873019,0.0000000000,1778162240.873019,0.
1778162240.9730191,0.0000000000,1778162240.9730191,0.
1778162241.073019,0.0000000000,1778162241.073019,0.
1778162241.1730192,0.0000000000,1778162241.1730192,0.
1778162241.273019,0.0000000000,1778162241.273019,0.
1778162241.373019,0.0000000000,1778162241.373019,0.
1778162241.4730191,0.0000000000,1778162241.4730191,0.
1778162241.573019,0.0000000000,1778162241.573019,0.
1778162241.6730192,0.0000000000,1778162241.6730192,0.
1778162241.773019,0.0000000000,1778162241.773019,0.
1778162241.873019,0.0000000000,1778162241.873019,0.
1778162241.9730191,0.0000000000,1778162241.9730191,0.
1778162242.073019,0.0000000000,1778162242.073019,0.
1778162242.1730192,0.0000000000,1778162242.1730192,0.
1778162242.273019,0.0000000000,1778162242.273019,0.
1778162242.373019,0.0000000000,1778162242.373019,0.
1778162242.4730191,0.0000000000,1778162242.4730191,0.
1778162242.573019,0.0000000000,1778162242.573019,0.
1778162242.6730192,0.0000000000,1778162242.6730192,0.
1778162242.773019,0.0000000000,1778162242.773019,0.
1778162242.873019,0.0000000000,1778162242.873019,0.
1778162242.9730191,0.0000000000,1778162242.9730191,0.
1778162243.073019,0.0000000000,1778162243.073019,0.
1778162243.1730192,0.0000000000,1778162243.1730192,0.
1778162243.273019,0.0000000000,1778162243.273019,0.
1778162243.373019,0.0000000000,1778162243.373019,0.
1778162243.4730191,0.0000000000,1778162243.4730191,0.
1778162243.573019,0.0000000000,1778162243.573019,0.
1778162243.6730192,0.0000000000,1778162243.6730192,0.
1778162243.773019,0.0000000000,1778162243.773019,0.
1778162243.873019,0.0000000000,1778162243.873019,0.
1778162243.9730191,0.0000000000,1778162243.9730191,0.
1778162244.073019,0.0000000000,1778162244.073019,0.
1778162244.1730192,0.0000000000,1778162244.1730192,0.
1778162244.273019,0.0000000000,1778162244.273019,0.
1778162244.373019,0.0000000000,1778162244.373019,0.
1778162244.4730191,0.0000000000,1778162244.4730191,0.
1778162244.573019,0.0000000000,1778162244.573019,0.
1778162244.6730192,0.0000000000,1778162244.6730192,0.
1778162244.773019,0.0000000000,1778162244.773019,0.
1778162244.873019,0.0000000000,1778162244.873019,0.
1778162244.9730191,0.0000000000,1778162244.9730191,0.
1778162245.073019,0.0000000000,1778162245.073019,0.
1778162245.1730192,0.0000000000,1778162245.1730192,0.
1778162245.273019,0.0000000000,1778162245.273019,0.
1778162245.373019,0.0000000000,1778162245.373019,0.
1778162245.4730191,0.0000000000,1778162245.4730191,0.
1778162245.573019,0.0000000000,1778162245.573019,0.
1778162245.6730192,0.0000000000,1778162245.6730192,0.
1778162245.773019,0.0000000000,1778162245.773019,0.
1778162245.873019,0.0000000000,1778162245.873019,0.
1778162245.9730191,0.0000000000,1778162245.9730191,0.
1778162246.073019,0.0000000000,1778162246.073019,0.
1778162246.1730192,0.0000000000,1778162246.1730192,0.
1778162246.273019,0.0000000000,1778162246.273019,0.
1778162246.373019,0.0000000000,1778162246.373019,0.
1778162246.4730191,0.0000000000,1778162246.4730191,0.
1778162246.573019,0.0000000000,1778162246.573019,0.
1778162246.6730192,0.0000000000,1778162246.6730192,0.
1778162246.773019,0.0000000000,1778162246.773019,0.
1778162246.873019,0.0000000000,1778162246.873019,0.
1778162246.9730191,0.0000000000,1778162246.9730191,0.
1778162247.073019,0.0000000000,1778162247.073019,0.
1778162247.1730192,0.0000000000,1778162247.1730192,0.
1778162247.273019,0.0000000000,1778162247.273019,0.
1778162247.373019,0.0000000000,1778162247.373019,0.
1778162247.4730191,0.0000000000,1778162247.4730191,0.
1778162247.573019,0.0000000000,1778162247.573019,0.
1778162247.6730192,0.0000000000,1778162247.6730192,0.
1778162247.773019,0.0000000000,1778162247.773019,0.
1778162247.873019,0.0000000000,1778162247.873019,0.
1778162247.9730191,0.0000000000,1778162247.9730191,0.
1778162248.073019,0.0000000000,1778162248.073019,0.
1778162248.1730192,0.0000000000,1778162248.1730192,0.
1778162248.273019,0.0000000000,1778162248.273019,0.
1778162248.373019,0.0000000000,1778162248.373019,0.
1778162248.4730191,0.0000000000,1778162248.4730191,0.
1778162248.573019,0.0000000000,1778162248.573019,0.
1778162248.6730192,0.0000000000,1778162248.6730192,0.
1778162248.773019,0.0000000000,1778162248.773019,0.
1778162248.873019,0.0000000000,1778162248.873019,0.
1778162248.9730191,0.0000000000,1778162248.9730191,0.
1778162249.073019,0.0000000000,1778162249.073019,0.
1778162249.1730192,0.0000000000,1778162249.1730192,0.
1778162249.273019,0.0000000000,1778162249.273019,0.
1778162249.373019,0.0000000000,1778162249.373019,0.
1778162249.4730191,0.0000000000,1778162249.4730191,0.
1778162249.573019,0.0000000000,1778162249.573019,0.
1778162249.6730192,0.0000000000,1778162249.6730192,0.
1778162249.773019,0.0000000000,1778162249.773019,0.
1778162249.873019,0.0000000000,1778162249.873019,0.
1778162249.9730191,0.0000000000,1778162249.9730191,0.
1778162250.073019,0.0000000000,1778162250.073019,0.
1778162250.1730192,0.0000000000,1778162250.1730192,0.
1778162250.273019,0.0000000000,1778162250.273019,0.
1778162250.373019,0.0000000000,1778162250.373019,0.
1778162250.4730191,0.0000000000,1778162250.4730191,0.
1778162250.573019,0.0000000000,1778162250.573019,0.
1778162250.6730192,0.0000000000,1778162250.6730192,0.
1778162250.773019,0.0000000000,1778162250.773019,0.
1778162250.873019,0.0000000000,1778162250.873019,0.
1778162250.9730191,0.0000000000,1778162250.9730191,0.
1778162251.073019,0.0000000000,1778162251.073019,0.
1778162251.1730192,0.0000000000,1778162251.1730192,0.
1778162251.273019,0.0000000000,1778162251.273019,0.
1778162251.373019,0.0000000000,1778162251.373019,0.
1778162251.4730191,0.0000000000,1778162251.4730191,0.
1778162251.573019,0.0000000000,1778162251.573019,0.
1778162251.6730192,0.0000000000,1778162251.6730192,0.
1778162251.773019,0.0000000000,1778162251.773019,0.
1778162251.873019,0.0000000000,1778162251.873019,0.
1778162251.9730191,0.0000000000,1778162251.9730191,0.
1778162252.073019,0.0000000000,1778162252.073019,0.
1778162252.1730192,0.0000000000,1778162252.1730192,0.
1778162252.273019,0.0000000000,1778162252.273019,0.
1778162252.373019,0.0000000000,1778162252.373019,0.
1778162252.4730191,0.0000000000,1778162252.4730191,0.
1778162252.573019,0.0000000000,1778162252.573019,0.
1778162252.6730192,0.0000000000,1778162252.6730192,0.
1778162252.773019,0.0000000000,1778162252.773019,0.
1778162252.873019,0.0000000000,1778162252.873019,0.
1778162252.9730191,0.0000000000,1778162252.9730191,0.
1778162253.073019,0.0000000000,1778162253.073019,0.
1778162253.1730192,0.0000000000,1778162253.1730192,0.
1778162253.273019,0.0000000000,1778162253.273019,0.
1778162253.373019,0.0000000000,1778162253.373019,0.
1778162253.4730191,0.0000000000,1778162253.4730191,0.
1778162253.573019,0.0000000000,1778162253.573019,0.
1778162253.6730192,0.0000000000,1778162253.6730192,0.
1778162253.773019,0.0000000000,1778162253.773019,0.
1778162253.873019,0.0000000000,1778162253.873019,0.
1778162253.9730191,0.0000000000,1778162253.9730191,0.
1778162254.073019,0.0000000000,1778162254.073019,0.
1778162254.1730192,0.0000000000,1778162254.1730192,0.
1778162254.273019,0.0000000000,1778162254.273019,0.
1778162254.373019,0.0000000000,1778162254.373019,0.
1778162254.4730191,0.0000000000,1778162254.4730191,0.
1778162254.573019,0.0000000000,1778162254.573019,0.
1778162254.6730192,0.0000000000,1778162254.6730192,0.
1778162254.773019,0.0000000000,1778162254.773019,0.
1778162254.873019,0.0000000000,1778162254.873019,0.
1778162254.9730191,0.0000000000,1778162254.9730191,0.
1778162255.073019,0.0000000000,1778162255.073019,0.
1778162255.1730192,0.0000000000,1778162255.1730192,0.
1778162255.273019,0.0000000000,1778162255.273019,0.
1778162255.373019,0.0000000000,1778162255.373019,0.
1778162255.4730191,0.0000000000,1778162255.4730191,0.
1778162255.573019,0.0000000000,1778162255.573019,0.
1778162255.6730192,0.0000000000,1778162255.6730192,0.
1778162255.773019,0.0000000000,1778162255.773019,0.
1778162255.873019,0.0000000000,1778162255.873019,0.
1778162255.9730191,0.0000000000,1778162255.9730191,0.
1778162256.073019,0.0000000000,1778162256.073019,0.
1778162256.1730192,0.0000000000,1778162256.1730192,0.
1778162256.273019,0.0000000000,1778162256.273019,0.
1778162256.373019,0.0000000000,1778162256.373019,0.
1778162256.4730191,0.0000000000,1778162256.4730191,0.
1778162256.573019,0.0000000000,1778162256.573019,0.
1778162256.6730192,0.0000000000,1778162256.6730192,0.
1778162256.773019,0.0000000000,1778162256.773019,0.
1778162256.873019,0.0000000000,1778162256.873019,0.
1778162256.9730191,0.0000000000,1778162256.9730191,0.
1778162257.073019,0.0000000000,1778162257.073019,0.
1778162257.1730192,0.0000000000,1778162257.1730192,0.
1778162257.273019,0.0000000000,1778162257.273019,0.
1778162257.373019,0.0000000000,1778162257.373019,0.
1778162257.4730191,0.0000000000,1778162257.4730191,0.
1778162257.573019,0.0000000000,1778162257.573019,0.
1778162257.6730192,0.0000000000,1778162257.6730192,0.
1778162257.773019,0.0000000000,1778162257.773019,0.
1778162257.873019,0.0000000000,1778162257.873019,0.
1778162257.9730191,0.0000000000,1778162257.9730191,0.
1778162258.073019,0.0000000000,1778162258.073019,0.
1778162258.1730192,0.0000000000,1778162258.1730192,0.
1778162258.273019,0.0000000000,1778162258.273019,0.
1778162258.373019,0.0000000000,1778162258.373019,0.
1778162258.4730191,0.0000000000,1778162258.4730191,0.
1778162258.573019,0.0000000000,1778162258.573019,0.
1778162258.6730192,0.0000000000,1778162258.6730192,0.
1778162258.773019,0.0000000000,1778162258.773019,0.
1778162258.873019,0.0000000000,1778162258.873019,0.
1778162258.9730191,0.0000000000,1778162258.9730191,0.
1778162259.073019,0.0000000000,1778162259.073019,0.
1778162259.1730192,0.0000000000,1778162259.1730192,0.
1778162259.273019,0.0000000000,1778162259.273019,0.
1778162259.373019,0.0000000000,1778162259.373019,0.
1778162259.4730191,0.0000000000,1778162259.4730191,0.
1778162259.573019,0.0000000000,1778162259.573019,0.
1778162259.6730192,0.0000000000,1778162259.6730192,0.
1778162259.773019,0.0000000000,1778162259.773019,0.
1778162259.873019,0.0000000000,1778162259.873019,0.
1778162259.9730191,0.0000000000,1778162259.9730191,0.
1778162260.073019,0.0000000000,1778162260.073019,0.
1778162260.1730192,0.0000000000,1778162260.1730192,0.
1778162260.273019,0.0000000000,1778162260.273019,0.
1778162260.373019,0.0000000000,1778162260.373019,0.
1778162260.4730191,0.0000000000,1778162260.4730191,0.
1778162260.573019,0.0000000000,1778162260.573019,0.
1778162260.6730192,0.0000000000,1778162260.6730192,0.
1778162260.773019,0.0000000000,1778162260.773019,0.
1778162260.873019,0.0000000000,1778162260.873019,0.
1778162260.9730191,0.0000000000,1778162260.9730191,0.
1778162261.073019,0.0000000000,1778162261.073019,0.
1778162261.1730192,0.0000000000,1778162261.1730192,0.
1778162261.273019,0.0000000000,1778162261.273019,0.
1778162261.373019,0.0000000000,1778162261.373019,0.
1778162261.4730191,0.0000000000,1778162261.4730191,0.
1778162261.573019,0.0000000000,1778162261.573019,0.
1778162261.6730192,0.0000000000,1778162261.6730192,0.
1778162261.773019,0.0000000000,1778162261.773019,0.
1778162261.873019,0.0000000000,1778162261.873019,0.
1778162261.9730191,0.0000000000,1778162261.9730191,0.
1778162262.073019,0.0000000000,1778162262.073019,0.
1778162262.1730192,0.0000000000,1778162262.1730192,0.
1778162262.273019,0.0000000000,1778162262.273019,0.
1778162262.373019,0.0000000000,1778162262.373019,0.
1778162262.4730191,0.0000000000,1778162262.4730191,0.
1778162262.573019,0.0000000000,1778162262.573019,0.
1778162262.6730192,0.0000000000,1778162262.6730192,0.
1778162262.773019,0.0000000000,1778162262.773019,0.
1778162262.873019,0.0000000000,1778162262.873019,0.
1778162262.9730191,0.0000000000,1778162262.9730191,0.
1778162263.073019,0.0000000000,1778162263.073019,0.
1778162263.1730192,0.0000000000,1778162263.1730192,0.
1778162263.273019,0.0000000000,1778162263.273019,0.
1778162263.373019,0.0000000000,1778162263.373019,0.
1778162263.4730191,0.0000000000,1778162263.4730191,0.
1778162263.573019,0.0000000000,1778162263.573019,0.
1778162263.6730192,0.0000000000,1778162263.6730192,0.
1778162263.773019,0.0000000000,1778162263.773019,0.
1778162263.873019,0.0000000000,1778162263.873019,0.
1778162263.9730191,0.0000000000,1778162263.9730191,0.
1778162264.073019,0.0000000000,1778162264.073019,0.
1778162264.1730192,0.0000000000,1778162264.1730192,0.
1778162264.273019,0.0000000000,1778162264.273019,0.
1778162264.373019,0.0000000000,1778162264.373019,0.
1778162264.4730191,0.0000000000,1778162264.4730191,0.
1778162264.573019,0.0000000000,1778162264.573019,0.
1778162264.6730192,0.0000000000,1778162264.6730192,0.
1778162264.773019,0.0000000000,1778162264.773019,0.
1778162264.873019,0.0000000000,1778162264.873019,0.
1778162264.9730191,0.0000000000,1778162264.9730191,0.
1778162265.073019,0.0000000000,1778162265.073019,0.
1778162265.1730192,0.0000000000,1778162265.1730192,0.
1778162265.273019,0.0000000000,1778162265.273019,0.
1778162265.373019,0.0000000000,1778162265.373019,0.
1778162265.4730191,0.0000000000,1778162265.4730191,0.
1778162265.573019,0.0000000000,1778162265.573019,0.
1778162265.6730192,0.0000000000,1778162265.6730192,0.
1778162265.773019,0.0000000000,1778162265.773019,0.
1778162265.873019,0.0000000000,1778162265.873019,0.
1778162265.9730191,0.0000000000,1778162265.9730191,0.
1778162266.073019,0.0000000000,1778162266.073019,0.
1778162266.1730192,0.0000000000,1778162266.1730192,0.
1778162266.273019,0.0000000000,1778162266.273019,0.
1778162266.373019,0.0000000000,1778162266.373019,0.
1778162266.4730191,0.0000000000,1778162266.4730191,0.
1778162266.573019,0.0000000000,1778162266.573019,0.
1778162266.6730192,0.0000000000,1778162266.6730192,0.
1778162266.773019,0.0000000000,1778162266.773019,0.
1778162266.873019,0.0000000000,1778162266.873019,0.
1778162266.9730191,0.0000000000,1778162266.9730191,0.
1778162267.073019,0.0000000000,1778162267.073019,0.
1778162267.1730192,0.0000000000,1778162267.1730192,0.
1778162267.273019,0.0000000000,1778162267.273019,0.
1778162267.373019,0.0000000000,1778162267.373019,0.
1778162267.4730191,0.0000000000,1778162267.4730191,0.
1778162267.573019,0.0000000000,1778162267.573019,0.
1778162267.6730192,0.0000000000,1778162267.6730192,0.
1778162267.773019,0.0000000000,1778162267.773019,0.
1778162267.873019,0.0000000000,1778162267.873019,0.
1778162267.9730191,0.0000000000,1778162267.9730191,0.
1778162268.073019,0.0000000000,1778162268.073019,0.
1778162268.1730192,0.0000000000,1778162268.1730192,0.
1778162268.273019,0.0000000000,1778162268.273019,0.
1778162268.373019,0.0000000000,1778162268.373019,0.
1778162268.4730191,0.0000000000,1778162268.4730191,0.
1778162268.573019,0.0000000000,1778162268.573019,0.
1778162268.6730192,0.0000000000,1778162268.6730192,0.
1778162268.773019,0.0000000000,1778162268.773019,0.
1778162268.873019,0.0000000000,1778162268.873019,0.
1778162268.9730191,0.0000000000,1778162268.9730191,0.
1778162269.073019,0.0000000000,1778162269.073019,0.
1778162269.1730192,0.0000000000,1778162269.1730192,0.
1778162269.273019,0.0000000000,1778162269.273019,0.
1778162269.373019,0.0000000000,1778162269.373019,0.
1778162269.4730191,0.0000000000,1778162269.4730191,0.
1778162269.573019,0.0000000000,1778162269.573019,0.
1778162269.6730192,0.0000000000,1778162269.6730192,0.
1778162269.773019,0.0000000000,1778162269.773019,0.
1778162269.873019,0.0000000000,1778162269.873019,0.
1778162269.9730191,0.0000000000,1778162269.9730191,0.
1778162270.073019,0.0000000000,1778162270.073019,0.
1778162270.1730192,0.0000000000,1778162270.1730192,0.
1778162270.273019,0.0000000000,1778162270.273019,0.
1778162270.373019,0.0000000000,1778162270.373019,0.
1778162270.4730191,0.0000000000,1778162270.4730191,0.
1778162270.573019,0.0000000000,1778162270.573019,0.
1778162270.6730192,0.0000000000,1778162270.6730192,0.
1778162270.773019,0.0000000000,1778162270.773019,0.
1778162270.873019,0.0000000000,1778162270.873019,0.
1778162270.9730191,0.0000000000,1778162270.9730191,0.
1778162271.073019,0.0000000000,1778162271.073019,0.
1778162271.1730192,0.0000000000,1778162271.1730192,0.
1778162271.273019,0.0000000000,1778162271.273019,0.
1778162271.373019,0.0000000000,1778162271.373019,0.
1778162271.4730191,0.0000000000,1778162271.4730191,0.
1778162271.573019,0.0000000000,1778162271.573019,0.
1778162271.6730192,0.0000000000,1778162271.6730192,0.
1778162271.773019,0.0000000000,1778162271.773019,0.
1778162271.873019,0.0000000000,1778162271.873019,0.
1778162271.9730191,0.0000000000,1778162271.9730191,0.
1778162272.073019,0.0000000000,1778162272.073019,0.
1778162272.1730192,0.0000000000,1778162272.1730192,0.
1778162272.273019,0.0000000000,1778162272.273019,0.
1778162272.373019,0.0000000000,1778162272.373019,0.
1778162272.4730191,0.0000000000,1778162272.4730191,0.
1778162272.573019,0.0000000000,1778162272.573019,0.
1778162272.6730192,0.0000000000,1778162272.6730192,0.
1778162272.773019,0.0000000000,1778162272.773019,0.
1778162272.873019,0.0000000000,1778162272.873019,0.
1778162272.9730191,0.0000000000,1778162272.9730191,0.
1778162273.073019,0.0000000000,1778162273.073019,0.
1778162273.1730192,0.0000000000,1778162273.1730192,0.
1778162273.273019,0.0000000000,1778162273.273019,0.
1778162273.373019,0.0000000000,1778162273.373019,0.
1778162273.4730191,0.0000000000,1778162273.4730191,0.
1778162273.573019,0.0000000000,1778162273.573019,0.
1778162273.6730192,0.0000000000,1778162273.6730192,0.
1778162273.773019,0.0000000000,1778162273.773019,0.
1778162273.873019,0.0000000000,1778162273.873019,0.
1778162273.9730191,0.0000000000,1778162273.9730191,0.
1778162274.073019,0.0000000000,1778162274.073019,0.
1778162274.1730192,0.0000000000,1778162274.1730192,0.
1778162274.273019,0.0000000000,1778162274.273019,0.
1778162274.373019,0.0000000000,1778162274.373019,0.
1778162274.4730191,0.0000000000,1778162274.4730191,0.
1778162274.573019,0.0000000000,1778162274.573019,0.
1778162274.6730192,0.0000000000,1778162274.6730192,0.
1778162274.773019,0.0000000000,1778162274.773019,0.
1778162274.873019,0.0000000000,1778162274.873019,0.
1778162274.9730191,0.0000000000,1778162274.9730191,0.
1778162275.073019,0.0000000000,1778162275.073019,0.
1778162275.1730192,0.0000000000,1778162275.1730192,0.
1778162275.273019,0.0000000000,1778162275.273019,0.
1778162275.373019,0.0000000000,1778162275.373019,0.
1778162275.4730191,0.0000000000,1778162275.4730191,0.
1778162275.573019,0.0000000000,1778162275.573019,0.
1778162275.6730192,0.0000000000,1778162275.6730192,0.
1778162275.773019,0.0000000000,1778162275.773019,0.
1778162275.873019,0.0000000000,1778162275.873019,0.
1778162275.9730191,0.0000000000,1778162275.9730191,0.
1778162276.073019,0.0000000000,1778162276.073019,0.
1778162276.1730192,0.0000000000,1778162276.1730192,0.
1778162276.273019,0.0000000000,1778162276.273019,0.
1778162276.373019,0.0000000000,1778162276.373019,0.
1778162276.4730191,0.0000000000,1778162276.4730191,0.
1778162276.573019,0.0000000000,1778162276.573019,0.
1778162276.6730192,0.0000000000,1778162276.6730192,0.
1778162276.773019,0.0000000000,1778162276.773019,0.
1778162276.873019,0.0000000000,1778162276.873019,0.
1778162276.9730191,0.0000000000,1778162276.9730191,0.
1778162277.073019,0.0000000000,1778162277.073019,0.
1778162277.1730192,0.0000000000,1778162277.1730192,0.
1778162277.273019,0.0000000000,1778162277.273019,0.
1778162277.373019,0.0000000000,1778162277.373019,0.
1778162277.4730191,0.0000000000,1778162277.4730191,0.
1778162277.573019,0.0000000000,1778162277.573019,0.
1778162277.6730192,0.0000000000,1778162277.6730192,0.
1778162277.773019,0.0000000000,1778162277.773019,0.
1778162277.873019,0.0000000000,1778162277.873019,0.
1778162277.9730191,0.0000000000,1778162277.9730191,0.
1778162278.073019,0.0000000000,1778162278.073019,0.
1778162278.1730192,0.0000000000,1778162278.1730192,0.
1778162278.273019,0.0000000000,1778162278.273019,0.
1778162278.373019,0.0000000000,1778162278.373019,0.
1778162278.4730191,0.0000000000,1778162278.4730191,0.
1778162278.573019,0.0000000000,1778162278.573019,0.
1778162278.6730192,0.0000000000,1778162278.6730192,0.
1778162278.773019,0.0000000000,1778162278.773019,0.
1778162278.873019,0.0000000000,1778162278.873019,0.
1778162278.9730191,0.0000000000,1778162278.9730191,0.
1778162279.073019,0.0000000000,1778162279.073019,0.
1778162279.1730192,0.0000000000,1778162279.1730192,0.
1778162279.273019,0.0000000000,1778162279.273019,0.
1778162279.373019,0.0000000000,1778162279.373019,0.
1778162279.4730191,0.0000000000,1778162279.4730191,0.
1778162279.573019,0.0000000000,1778162279.573019,0.
1778162279.6730192,0.0000000000,1778162279.6730192,0.
1778162279.773019,0.0000000000,1778162279.773019,0.
1778162279.873019,0.0000000000,1778162279.873019,0.
1778162279.9730191,0.0000000000,1778162279.9730191,0.
1778162280.073019,0.0000000000,1778162280.073019,0.
1778162280.1730192,0.0000000000,1778162280.1730192,0.
1778162280.273019,0.0000000000,1778162280.273019,0.
1778162280.373019,0.0000000000,1778162280.373019,0.
1778162280.4730191,0.0000000000,1778162280.4730191,0.
1778162280.573019,0.0000000000,1778162280.573019,0.
1778162280.6730192,0.0000000000,1778162280.6730192,0.
1778162280.773019,0.0000000000,1778162280.773019,0.
1778162280.873019,0.0000000000,1778162280.873019,0.
1778162280.9730191,0.0000000000,1778162280.9730191,0.
1778162281.073019,0.0000000000,1778162281.073019,0.
1778162281.1730192,0.0000000000,1778162281.1730192,0.
1778162281.273019,0.0000000000,1778162281.273019,0.
1778162281.373019,0.0000000000,1778162281.373019,0.
1778162281.4730191,0.0000000000,1778162281.4730191,0.
1778162281.573019,0.0000000000,1778162281.573019,0.
1778162281.6730192,0.0000000000,1778162281.6730192,0.
1778162281.773019,0.0000000000,1778162281.773019,0.
1778162281.873019,0.0000000000,1778162281.873019,0.
1778162281.9730191,0.0000000000,1778162281.9730191,0.
1778162282.073019,0.0000000000,1778162282.073019,0.
1778162282.1730192,0.0000000000,1778162282.1730192,0.
1778162282.273019,0.0000000000,1778162282.273019,0.
1778162282.373019,0.0000000000,1778162282.373019,0.
1778162282.4730191,0.0000000000,1778162282.4730191,0.
1778162282.573019,0.0000000000,1778162282.573019,0.
1778162282.6730192,0.0000000000,1778162282.6730192,0.
1778162282.773019,0.0000000000,1778162282.773019,0.
1778162282.873019,0.0000000000,1778162282.873019,0.
1778162282.9730191,0.0000000000,1778162282.9730191,0.
1778162283.073019,0.0000000000,1778162283.073019,0.
1778162283.1730192,0.0000000000,1778162283.1730192,0.
1778162283.273019,0.0000000000,1778162283.273019,0.
1778162283.373019,0.0000000000,1778162283.373019,0.
1778162283.4730191,0.0000000000,1778162283.4730191,0.
1778162283.573019,0.0000000000,1778162283.573019,0.
1778162283.6730192,0.0000000000,1778162283.6730192,0.
1778162283.773019,0.0000000000,1778162283.773019,0.
1778162283.873019,0.0000000000,1778162283.873019,0.
1778162283.9730191,0.0000000000,1778162283.9730191,0.
1778162284.073019,0.0000000000,1778162284.073019,0.
1778162284.1730192,0.0000000000,1778162284.1730192,0.
1778162284.273019,0.0000000000,1778162284.273019,0.
1778162284.373019,0.0000000000,1778162284.373019,0.
1778162284.4730191,0.0000000000,1778162284.4730191,0.
1778162284.573019,0.0000000000,1778162284.573019,0.
1778162284.6730192,0.0000000000,1778162284.6730192,0.
1778162284.773019,0.0000000000,1778162284.773019,0.
1778162284.873019,0.0000000000,1778162284.873019,0.
1778162284.9730191,0.0000000000,1778162284.9730191,0.
1778162285.073019,0.0000000000,1778162285.073019,0.
1778162285.1730192,0.0000000000,1778162285.1730192,0.
1778162285.273019,0.0000000000,1778162285.273019,0.
1778162285.373019,0.0000000000,1778162285.373019,0.
1778162285.4730191,0.0000000000,1778162285.4730191,0.
1778162285.573019,0.0000000000,1778162285.573019,0.
1778162285.6730192,0.0000000000,1778162285.6730192,0.
1778162285.773019,0.0000000000,1778162285.773019,0.
1778162285.873019,0.0000000000,1778162285.873019,0.
1778162285.9730191,0.0000000000,1778162285.9730191,0.
1778162286.073019,0.0000000000,1778162286.073019,0.
1778162286.1730192,0.0000000000,1778162286.1730192,0.
1778162286.273019,0.0000000000,1778162286.273019,0.
1778162286.373019,0.0000000000,1778162286.373019,0.
1778162286.4730191,0.0000000000,1778162286.4730191,0.
1778162286.573019,0.0000000000,1778162286.573019,0.
1778162286.6730192,0.0000000000,1778162286.6730192,0.
1778162286.773019,0.0000000000,1778162286.773019,0.
1778162286.873019,0.0000000000,1778162286.873019,0.
1778162286.9730191,0.0000000000,1778162286.9730191,0.
1778162287.073019,0.0000000000,1778162287.073019,0.
1778162287.1730192,0.0000000000,1778162287.1730192,0.
1778162287.273019,0.0000000000,1778162287.273019,0.
1778162287.373019,0.0000000000,1778162287.373019,0.
1778162287.4730191,0.0000000000,1778162287.4730191,0.
1778162287.573019,0.0000000000,1778162287.573019,0.
1778162287.6730192,0.0000000000,1778162287.6730192,0.
1778162287.773019,0.0000000000,1778162287.773019,0.
1778162287.873019,0.0000000000,1778162287.873019,0.
1778162287.9730191,0.0000000000,1778162287.9730191,0.
1778162288.073019,0.0000000000,1778162288.073019,0.
1778162288.1730192,0.0000000000,1778162288.1730192,0.
1778162288.273019,0.0000000000,1778162288.273019,0.
1778162288.373019,0.0000000000,1778162288.373019,0.
1778162288.4730191,0.0000000000,1778162288.4730191,0.
1778162288.573019,0.0000000000,1778162288.573019,0.
1778162288.6730192,0.0000000000,1778162288.6730192,0.
1778162288.773019,0.0000000000,1778162288.773019,0.
1778162288.873019,0.0000000000,1778162288.873019,0.
1778162288.9730191,0.0000000000,1778162288.9730191,0.
1778162289.073019,0.0000000000,1778162289.073019,0.
1778162289.1730192,0.0000000000,1778162289.1730192,0.
1778162289.273019,0.0000000000,1778162289.273019,0.
1778162289.373019,0.0000000000,1778162289.373019,0.
1778162289.4730191,0.0000000000,1778162289.4730191,0.
1778162289.573019,0.0000000000,1778162289.573019,0.
1778162289.6730192,0.0000000000,1778162289.6730192,0.
1778162289.773019,0.0000000000,1778162289.773019,0.
1778162289.873019,0.0000000000,1778162289.873019,0.
1778162289.9730191,0.0000000000,1778162289.9730191,0.
1778162290.073019,0.0000000000,1778162290.073019,0.
1778162290.1730192,0.0000000000,1778162290.1730192,0.
1778162290.273019,0.0000000000,1778162290.273019,0.
1778162290.373019,0.0000000000,1778162290.373019,0.
1778162290.4730191,0.0000000000,1778162290.4730191,0.
1778162290.573019,0.0000000000,1778162290.573019,0.
1778162290.6730192,0.0000000000,1778162290.6730192,0.
1778162290.773019,0.0000000000,1778162290.773019,0.
1778162290.873019,0.0000000000,1778162290.873019,0.
1778162290.9730191,0.0000000000,1778162290.9730191,0.
1778162291.073019,0.0000000000,1778162291.073019,0.
1778162291.1730192,0.0000000000,1778162291.1730192,0.
1778162291.273019,0.0000000000,1778162291.273019,0.
1778162291.373019,0.0000000000,1778162291.373019,0.
1778162291.4730191,0.0000000000,1778162291.4730191,0.
1778162291.573019,0.0000000000,1778162291.573019,0.
1778162291.6730192,0.0000000000,1778162291.6730192,0.
1778162291.773019,0.0000000000,1778162291.773019,0.
1778162291.873019,0.0000000000,1778162291.873019,0.
1778162291.9730191,0.0000000000,1778162291.9730191,0.
1778162292.073019,0.0000000000,1778162292.073019,0.
1778162292.1730192,0.0000000000,1778162292.1730192,0.
1778162292.273019,0.0000000000,1778162292.273019,0.
1778162292.373019,0.0000000000,1778162292.373019,0.
1778162292.4730191,0.0000000000,1778162292.4730191,0.
1778162292.573019,0.0000000000,1778162292.573019,0.
1778162292.6730192,0.0000000000,1778162292.6730192,0.
1778162292.773019,0.0000000000,1778162292.773019,0.
1778162292.873019,0.0000000000,1778162292.873019,0.
1778162292.9730191,0.0000000000,1778162292.9730191,0.
1778162293.073019,0.0000000000,1778162293.073019,0.
1778162293.1730192,0.0000000000,1778162293.1730192,0.
1778162293.273019,0.0000000000,1778162293.273019,0.
1778162293.373019,0.0000000000,1778162293.373019,0.
1778162293.4730191,0.0000000000,1778162293.4730191,0.
1778162293.573019,0.0000000000,1778162293.573019,0.
1778162293.6730192,0.0000000000,1778162293.6730192,0.
1778162293.773019,0.0000000000,1778162293.773019,0.
1778162293.873019,0.0000000000,1778162293.873019,0.
1778162293.9730191,0.0000000000,1778162293.9730191,0.
1778162294.073019,0.0000000000,1778162294.073019,0.
1778162294.1730192,0.0000000000,1778162294.1730192,0.
1778162294.273019,0.0000000000,1778162294.273019,0.
1778162294.373019,0.0000000000,1778162294.373019,0.
1778162294.4730191,0.0000000000,1778162294.4730191,0.
1778162294.573019,0.0000000000,1778162294.573019,0.
1778162294.6730192,0.0000000000,1778162294.6730192,0.
1778162294.773019,0.0000000000,1778162294.773019,0.
1778162294.873019,0.0000000000,1778162294.873019,0.
1778162294.9730191,0.0000000000,1778162294.9730191,0.
1778162295.073019,0.0000000000,1778162295.073019,0.
1778162295.1730192,0.0000000000,1778162295.1730192,0.
1778162295.273019,0.0000000000,1778162295.273019,0.
1778162295.373019,0.0000000000,1778162295.373019,0.
1778162295.4730191,0.0000000000,1778162295.4730191,0.
1778162295.573019,0.0000000000,1778162295.573019,0.
1778162295.6730192,0.0000000000,1778162295.6730192,0.
1778162295.773019,0.0000000000,1778162295.773019,0.
1778162295.873019,0.0000000000,1778162295.873019,0.
1778162295.9730191,0.0000000000,1778162295.9730191,0.
1778162296.073019,0.0000000000,1778162296.073019,0.
1778162296.1730192,0.0000000000,1778162296.1730192,0.
1778162296.273019,0.0000000000,1778162296.273019,0.
1778162296.373019,0.0000000000,1778162296.373019,0.
1778162296.4730191,0.0000000000,1778162296.4730191,0.
1778162296.573019,0.0000000000,1778162296.573019,0.
1778162296.6730192,0.0000000000,1778162296.6730192,0.
1778162296.773019,0.0000000000,1778162296.773019,0.
1778162296.873019,0.0000000000,1778162296.873019,0.
1778162296.9730191,0.0000000000,1778162296.9730191,0.
1778162297.073019,0.0000000000,1778162297.073019,0.
1778162297.1730192,0.0000000000,1778162297.1730192,0.
1778162297.273019,0.0000000000,1778162297.273019,0.
1778162297.373019,0.0000000000,1778162297.373019,0.
1778162297.4730191,0.0000000000,1778162297.4730191,0.
1778162297.573019,0.0000000000,1778162297.573019,0.
1778162297.6730192,0.0000000000,1778162297.6730192,0.
1778162297.773019,0.0000000000,1778162297.773019,0.
1778162297.873019,0.0000000000,1778162297.873019,0.
1778162297.9730191,0.0000000000,1778162297.9730191,0.
1778162298.073019,0.0000000000,1778162298.073019,0.
1778162298.1730192,0.0000000000,1778162298.1730192,0.
1778162298.273019,0.0000000000,1778162298.273019,0.
1778162298.373019,0.0000000000,1778162298.373019,0.
1778162298.4730191,0.0000000000,1778162298.4730191,0.
1778162298.573019,0.0000000000,1778162298.573019,0.
1778162298.6730192,0.0000000000,1778162298.6730192,0.
1778162298.773019,0.0000000000,1778162298.773019,0.
1778162298.873019,0.0000000000,1778162298.873019,0.
1778162298.9730191,0.0000000000,1778162298.9730191,0.
1778162299.073019,0.0000000000,1778162299.073019,0.
1778162299.1730192,0.0000000000,1778162299.1730192,0.
1778162299.273019,0.0000000000,1778162299.273019,0.
1778162299.373019,0.0000000000,1778162299.373019,0.
1778162299.4730191,0.0000000000,1778162299.4730191,0.
1778162299.573019,0.0000000000,1778162299.573019,0.
1778162299.6730192,0.0000000000,1778162299.6730192,0.
1778162299.773019,0.0000000000,1778162299.773019,0.
1778162299.873019,0.0000000000,1778162299.873019,0.
1778162299.9730191,0.0000000000,1778162299.9730191,0.
1778162300.073019,0.0000000000,1778162300.073019,0.
1778162300.1730192,0.0000000000,1778162300.1730192,0.
1778162300.273019,0.0000000000,1778162300.273019,0.
1778162300.373019,0.0000000000,1778162300.373019,0.
1778162300.4730191,0.0000000000,1778162300.4730191,0.
1778162300.573019,0.0000000000,1778162300.573019,0.
1778162300.6730192,0.0000000000,1778162300.6730192,0.
1778162300.773019,0.0000000000,1778162300.773019,0.
1778162300.873019,0.0000000000,1778162300.873019,0.
1778162300.9730191,0.0000000000,1778162300.9730191,0.
1778162301.073019,0.0000000000,1778162301.073019,0.
1778162301.1730192,0.0000000000,1778162301.1730192,0.
1778162301.273019,0.0000000000,1778162301.273019,0.
1778162301.373019,0.0000000000,1778162301.373019,0.
1778162301.4730191,0.0000000000,1778162301.4730191,0.
1778162301.573019,0.0000000000,1778162301.573019,0.
1778162301.6730192,0.0000000000,1778162301.6730192,0.
1778162301.773019,0.0000000000,1778162301.773019,0.
1778162301.873019,0.0000000000,1778162301.873019,0.
1778162301.9730191,0.0000000000,1778162301.9730191,0.
1778162302.073019,0.0000000000,1778162302.073019,0.
1778162302.1730192,0.0000000000,1778162302.1730192,0.
1778162302.273019,0.0000000000,1778162302.273019,0.
1778162302.373019,0.0000000000,1778162302.373019,0.
1778162302.4730191,0.0000000000,1778162302.4730191,0.
1778162302.573019,0.0000000000,1778162302.573019,0.
1778162302.6730192,0.0000000000,1778162302.6730192,0.
1778162302.773019,0.0000000000,1778162302.773019,0.
1778162302.873019,0.0000000000,1778162302.873019,0.
1778162302.9730191,0.0000000000,1778162302.9730191,0.
1778162303.073019,0.0000000000,1778162303.073019,0.
1778162303.1730192,0.0000000000,1778162303.1730192,0.
1778162303.273019,0.0000000000,1778162303.273019,0.
1778162303.373019,0.0000000000,1778162303.373019,0.
1778162303.4730191,0.0000000000,1778162303.4730191,0.
1778162303.573019,0.0000000000,1778162303.573019,0.
1778162303.6730192,0.0000000000,1778162303.6730192,0.
1778162303.773019,0.0000000000,1778162303.773019,0.
1778162303.873019,0.0000000000,1778162303.873019,0.
1778162303.9730191,0.0000000000,1778162303.9730191,0.
1778162304.073019,0.0000000000,1778162304.073019,0.
1778162304.1730192,0.0000000000,1778162304.1730192,0.
1778162304.273019,0.0000000000,1778162304.273019,0.
1778162304.373019,0.0000000000,1778162304.373019,0.
1778162304.4730191,0.0000000000,1778162304.4730191,0.
1778162304.573019,0.0000000000,1778162304.573019,0.
1778162304.6730192,0.0000000000,1778162304.6730192,0.
1778162304.773019,0.0000000000,1778162304.773019,0.
1778162304.873019,0.0000000000,1778162304.873019,0.
1778162304.9730191,0.0000000000,1778162304.9730191,0.
1778162305.073019,0.0000000000,1778162305.073019,0.
1778162305.1730192,0.0000000000,1778162305.1730192,0.
1778162305.273019,0.0000000000,1778162305.273019,0.
1778162305.373019,0.0000000000,1778162305.373019,0.
1778162305.4730191,0.0000000000,1778162305.4730191,0.
1778162305.573019,0.0000000000,1778162305.573019,0.
1778162305.6730192,0.0000000000,1778162305.6730192,0.
1778162305.773019,0.0000000000,1778162305.773019,0.
1778162305.873019,0.0000000000,1778162305.873019,0.
1778162305.9730191,0.0000000000,1778162305.9730191,0.
1778162306.073019,0.0000000000,1778162306.073019,0.
1778162306.1730192,0.0000000000,1778162306.1730192,0.
1778162306.273019,0.0000000000,1778162306.273019,0.
1778162306.373019,0.0000000000,1778162306.373019,0.
1778162306.4730191,0.0000000000,1778162306.4730191,0.
1778162306.573019,0.0000000000,1778162306.573019,0.
1778162306.6730192,0.0000000000,1778162306.6730192,0.
1778162306.773019,0.0000000000,1778162306.773019,0.
1778162306.873019,0.0000000000,1778162306.873019,0.
1778162306.9730191,0.0000000000,1778162306.9730191,0.
1778162307.073019,0.0000000000,1778162307.073019,0.
1778162307.1730192,0.0000000000,1778162307.1730192,0.
1778162307.273019,0.0000000000,1778162307.273019,0.
1778162307.373019,0.0000000000,1778162307.373019,0.
1778162307.4730191,0.0000000000,1778162307.4730191,0.
1778162307.573019,0.0000000000,1778162307.573019,0.
1778162307.6730192,0.0000000000,1778162307.6730192,0.
1778162307.773019,0.0000000000,1778162307.773019,0.
1778162307.873019,0.0000000000,1778162307.873019,0.
1778162307.9730191,0.0000000000,1778162307.9730191,0.
1778162308.073019,0.0000000000,1778162308.073019,0.
1778162308.1730192,0.0000000000,1778162308.1730192,0.
1778162308.273019,0.0000000000,1778162308.273019,0.
1778162308.373019,0.0000000000,1778162308.373019,0.
1778162308.4730191,0.0000000000,1778162308.4730191,0.
1778162308.573019,0.0000000000,1778162308.573019,0.
1778162308.6730192,0.0000000000,1778162308.6730192,0.
1778162308.773019,0.0000000000,1778162308.773019,0.
1778162308.873019,0.0000000000,1778162308.873019,0.
1778162308.9730191,0.0000000000,1778162308.9730191,0.
1778162309.073019,0.0000000000,1778162309.073019,0.
1778162309.1730192,0.0000000000,1778162309.1730192,0.
1778162309.273019,0.0000000000,1778162309.273019,0.
1778162309.373019,0.0000000000,1778162309.373019,0.
1778162309.4730191,0.0000000000,1778162309.4730191,0.
1778162309.573019,0.0000000000,1778162309.573019,0.
1778162309.6730192,0.0000000000,1778162309.6730192,0.
1778162309.773019,0.0000000000,1778162309.773019,0.
1778162309.873019,0.0000000000,1778162309.873019,0.
1778162309.9730191,0.0000000000,1778162309.9730191,0.
1778162310.073019,0.0000000000,1778162310.073019,0.
1778162310.1730192,0.0000000000,1778162310.1730192,0.
1778162310.273019,0.0000000000,1778162310.273019,0.
1778162310.373019,0.0000000000,1778162310.373019,0.
1778162310.4730191,0.0000000000,1778162310.4730191,0.
1778162310.573019,0.0000000000,1778162310.573019,0.
1778162310.6730192,0.0000000000,1778162310.6730192,0.
1778162310.773019,0.0000000000,1778162310.773019,0.
1778162310.873019,0.0000000000,1778162310.873019,0.
1778162310.9730191,0.0000000000,1778162310.9730191,0.
1778162311.073019,0.0000000000,1778162311.073019,0.
1778162311.1730192,0.0000000000,1778162311.1730192,0.
1778162311.273019,0.0000000000,1778162311.273019,0.
1778162311.373019,0.0000000000,1778162311.373019,0.
1778162311.4730191,0.0000000000,1778162311.4730191,0.
1778162311.573019,0.0000000000,1778162311.573019,0.
1778162311.6730192,0.0000000000,1778162311.6730192,0.
1778162311.773019,0.0000000000,1778162311.773019,0.
1778162311.873019,0.0000000000,1778162311.873019,0.
1778162311.9730191,0.0000000000,1778162311.9730191,0.
1778162312.073019,0.0000000000,1778162312.073019,0.
1778162312.1730192,0.0000000000,1778162312.1730192,0.
1778162312.273019,0.0000000000,1778162312.273019,0.
1778162312.373019,0.0000000000,1778162312.373019,0.
1778162312.4730191,0.0000000000,1778162312.4730191,0.
1778162312.573019,0.0000000000,1778162312.573019,0.
1778162312.6730192,0.0000000000,1778162312.6730192,0.
1778162312.773019,0.0000000000,1778162312.773019,0.
1778162312.873019,0.0000000000,1778162312.873019,0.
1778162312.9730191,0.0000000000,1778162312.9730191,0.
1778162313.073019,0.0000000000,1778162313.073019,0.
1778162313.1730192,0.0000000000,1778162313.1730192,0.
1778162313.273019,0.0000000000,1778162313.273019,0.
1778162313.373019,0.0000000000,1778162313.373019,0.
1778162313.4730191,0.0000000000,1778162313.4730191,0.
1778162313.573019,0.0000000000,1778162313.573019,0.
1778162313.6730192,0.0000000000,1778162313.6730192,0.
1778162313.773019,0.0000000000,1778162313.773019,0.
1778162313.873019,0.0000000000,1778162313.873019,0.
1778162313.9730191,0.0000000000,1778162313.9730191,0.
1778162314.073019,0.0000000000,1778162314.073019,0.
1778162314.1730192,0.0000000000,1778162314.1730192,0.
1778162314.273019,0.0000000000,1778162314.273019,0.
1778162314.373019,0.0000000000,1778162314.373019,0.
1778162314.4730191,0.0000000000,1778162314.4730191,0.
1778162314.573019,0.0000000000,1778162314.573019,0.
1778162314.6730192,0.0000000000,1778162314.6730192,0.
1778162314.773019,0.0000000000,1778162314.773019,0.
1778162314.873019,0.0000000000,1778162314.873019,0.
1778162314.9730191,0.0000000000,1778162314.9730191,0.
1778162315.073019,0.0000000000,1778162315.073019,0.
1778162315.1730192,0.0000000000,1778162315.1730192,0.
1778162315.273019,0.0000000000,1778162315.273019,0.
1778162315.373019,0.0000000000,1778162315.373019,0.
1778162315.4730191,0.0000000000,1778162315.4730191,0.
1778162315.573019,0.0000000000,1778162315.573019,0.
1778162315.6730192,0.0000000000,1778162315.6730192,0.
1778162315.773019,0.0000000000,1778162315.773019,0.
1778162315.873019,0.0000000000,1778162315.873019,0.
1778162315.9730191,0.0000000000,1778162315.9730191,0.
1778162316.073019,0.0000000000,1778162316.073019,0.
1778162316.1730192,0.0000000000,1778162316.1730192,0.
1778162316.273019,0.0000000000,1778162316.273019,0.
1778162316.373019,0.0000000000,1778162316.373019,0.
1778162316.4730191,0.0000000000,1778162316.4730191,0.
1778162316.573019,0.0000000000,1778162316.573019,0.
1778162316.6730192,0.0000000000,1778162316.6730192,0.
1778162316.773019,0.0000000000,1778162316.773019,0.
1778162316.873019,0.0000000000,1778162316.873019,0.
1778162316.9730191,0.0000000000,1778162316.9730191,0.
1778162317.073019,0.0000000000,1778162317.073019,0.
1778162317.1730192,0.0000000000,1778162317.1730192,0.
1778162317.273019,0.0000000000,1778162317.273019,0.
1778162317.373019,0.0000000000,1778162317.373019,0.
1778162317.4730191,0.0000000000,1778162317.4730191,0.
1778162317.573019,0.0000000000,1778162317.573019,0.
1778162317.6730192,0.0000000000,1778162317.6730192,0.
1778162317.773019,0.0000000000,1778162317.773019,0.
1778162317.873019,0.0000000000,1778162317.873019,0.
1778162317.9730191,0.0000000000,1778162317.9730191,0.
1778162318.073019,0.0000000000,1778162318.073019,0.
1778162318.1730192,0.0000000000,1778162318.1730192,0.
1778162318.273019,0.0000000000,1778162318.273019,0.
1778162318.373019,0.0000000000,1778162318.373019,0.
1778162318.4730191,0.0000000000,1778162318.4730191,0.
1778162318.573019,0.0000000000,1778162318.573019,0.
1778162318.6730192,0.0000000000,1778162318.6730192,0.
1778162318.773019,0.0000000000,1778162318.773019,0.
1778162318.873019,0.0000000000,1778162318.873019,0.
1778162318.9730191,0.0000000000,1778162318.9730191,0.
1778162319.073019,0.0000000000,1778162319.073019,0.
1778162319.1730192,0.0000000000,1778162319.1730192,0.
1778162319.273019,0.0000000000,1778162319.273019,0.
1778162319.373019,0.0000000000,1778162319.373019,0.
1778162319.4730191,0.0000000000,1778162319.4730191,0.
1778162319.573019,0.0000000000,1778162319.573019,0.
1778162319.6730192,0.0000000000,1778162319.6730192,0.
1778162319.773019,0.0000000000,1778162319.773019,0.
1778162319.873019,0.0000000000,1778162319.873019,0.
1778162319.9730191,0.0000000000,1778162319.9730191,0.
1778162320.073019,0.0000000000,1778162320.073019,0.
1778162320.1730192,0.0000000000,1778162320.1730192,0.
1778162320.273019,0.0000000000,1778162320.273019,0.
1778162320.373019,0.0000000000,1778162320.373019,0.
1778162320.4730191,0.0000000000,1778162320.4730191,0.
1778162320.573019,0.0000000000,1778162320.573019,0.
1778162320.6730192,0.0000000000,1778162320.6730192,0.
1778162320.773019,0.0000000000,1778162320.773019,0.
1778162320.873019,0.0000000000,1778162320.873019,0.
1778162320.9730191,0.0000000000,1778162320.9730191,0.
1778162321.073019,0.0000000000,1778162321.073019,0.
1778162321.1730192,0.0000000000,1778162321.1730192,0.
1778162321.273019,0.0000000000,1778162321.273019,0.
1778162321.373019,0.0000000000,1778162321.373019,0.
1778162321.4730191,0.0000000000,1778162321.4730191,0.
1778162321.573019,0.0000000000,1778162321.573019,0.
1778162321.6730192,0.0000000000,1778162321.6730192,0.
1778162321.773019,0.0000000000,1778162321.773019,0.
1778162321.873019,0.0000000000,1778162321.873019,0.
1778162321.9730191,0.0000000000,1778162321.9730191,0.
1778162322.073019,0.0000000000,1778162322.073019,0.
1778162322.1730192,0.0000000000,1778162322.1730192,0.
1778162322.273019,0.0000000000,1778162322.273019,0.
1778162322.373019,0.0000000000,1778162322.373019,0.
1778162322.4730191,0.0000000000,1778162322.4730191,0.
1778162322.573019,0.0000000000,1778162322.573019,0.
1778162322.6730192,0.0000000000,1778162322.6730192,0.
1778162322.773019,0.0000000000,1778162322.773019,0.
1778162322.873019,0.0000000000,1778162322.873019,0.
1778162322.9730191,0.0000000000,1778162322.9730191,0.
1778162323.073019,0.0000000000,1778162323.073019,0.
1778162323.1730192,0.0000000000,1778162323.1730192,0.
1778162323.273019,0.0000000000,1778162323.273019,0.
1778162323.373019,0.0000000000,1778162323.373019,0.
1778162323.4730191,0.0000000000,1778162323.4730191,0.
1778162323.573019,0.0000000000,1778162323.573019,0.
1778162323.6730192,0.0000000000,1778162323.6730192,0.
1778162323.773019,0.0000000000,1778162323.773019,0.
1778162323.873019,0.0000000000,1778162323.873019,0.
1778162323.9730191,0.0000000000,1778162323.9730191,0.
1778162324.073019,0.0000000000,1778162324.073019,0.
1778162324.1730192,0.0000000000,1778162324.1730192,0.
1778162324.273019,0.0000000000,1778162324.273019,0.
1778162324.373019,0.0000000000,1778162324.373019,0.
1778162324.4730191,0.0000000000,1778162324.4730191,0.
1778162324.573019,0.0000000000,1778162324.573019,0.
1778162324.6730192,0.0000000000,1778162324.6730192,0.
1778162324.773019,0.0000000000,1778162324.773019,0.
1778162324.873019,0.0000000000,1778162324.873019,0.
1778162324.9730191,0.0000000000,1778162324.9730191,0.
1778162325.073019,0.0000000000,1778162325.073019,0.
1778162325.1730192,0.0000000000,1778162325.1730192,0.
1778162325.273019,0.0000000000,1778162325.273019,0.
1778162325.373019,0.0000000000,1778162325.373019,0.
1778162325.4730191,0.0000000000,1778162325.4730191,0.
1778162325.573019,0.0000000000,1778162325.573019,0.
1778162325.6730192,0.0000000000,1778162325.6730192,0.
1778162325.773019,0.0000000000,1778162325.773019,0.
1778162325.873019,0.0000000000,1778162325.873019,0.
1778162325.9730191,0.0000000000,1778162325.9730191,0.
1778162326.073019,0.0000000000,1778162326.073019,0.
1778162326.1730192,0.0000000000,1778162326.1730192,0.
1778162326.273019,0.0000000000,1778162326.273019,0.
1778162326.373019,0.0000000000,1778162326.373019,0.
1778162326.4730191,0.0000000000,1778162326.4730191,0.
1778162326.573019,0.0000000000,1778162326.573019,0.
1778162326.6730192,0.0000000000,1778162326.6730192,0.
1778162326.773019,0.0000000000,1778162326.773019,0.
1778162326.873019,0.0000000000,1778162326.873019,0.
1778162326.9730191,0.0000000000,1778162326.9730191,0.
1778162327.073019,0.0000000000,1778162327.073019,0.
1778162327.1730192,0.0000000000,1778162327.1730192,0.
1778162327.273019,0.0000000000,1778162327.273019,0.
1778162327.373019,0.0000000000,1778162327.373019,0.
1778162327.4730191,0.0000000000,1778162327.4730191,0.
1778162327.573019,0.0000000000,1778162327.573019,0.
1778162327.6730192,0.0000000000,1778162327.6730192,0.
1778162327.773019,0.0000000000,1778162327.773019,0.
1778162327.873019,0.0000000000,1778162327.873019,0.
1778162327.9730191,0.0000000000,1778162327.9730191,0.
1778162328.073019,0.0000000000,1778162328.073019,0.
1778162328.1730192,0.0000000000,1778162328.1730192,0.
1778162328.273019,0.0000000000,1778162328.273019,0.
1778162328.373019,0.0000000000,1778162328.373019,0.
1778162328.4730191,0.0000000000,1778162328.4730191,0.
1778162328.573019,0.0000000000,1778162328.573019,0.
1778162328.6730192,0.0000000000,1778162328.6730192,0.
1778162328.773019,0.0000000000,1778162328.773019,0.
1778162328.873019,0.0000000000,1778162328.873019,0.
1778162328.9730191,0.0000000000,1778162328.9730191,0.
1778162329.073019,0.0000000000,1778162329.073019,0.
1778162329.1730192,0.0000000000,1778162329.1730192,0.
1778162329.273019,0.0000000000,1778162329.273019,0.
1778162329.373019,0.0000000000,1778162329.373019,0.
1778162329.4730191,0.0000000000,1778162329.4730191,0.
1778162329.573019,0.0000000000,1778162329.573019,0.
1778162329.6730192,0.0000000000,1778162329.6730192,0.
1778162329.773019,0.0000000000,1778162329.773019,0.
1778162329.873019,0.0000000000,1778162329.873019,0.
1778162329.9730191,0.0000000000,1778162329.9730191,0.
1778162330.073019,0.0000000000,1778162330.073019,0.
1778162330.1730192,0.0000000000,1778162330.1730192,0.
1778162330.273019,0.0000000000,1778162330.273019,0.
1778162330.373019,0.0000000000,1778162330.373019,0.
1778162330.4730191,0.0000000000,1778162330.4730191,0.
1778162330.573019,0.0000000000,1778162330.573019,0.
1778162330.6730192,0.0000000000,1778162330.6730192,0.
1778162330.773019,0.0000000000,1778162330.773019,0.
1778162330.873019,0.0000000000,1778162330.873019,0.
1778162330.9730191,0.0000000000,1778162330.9730191,0.
1778162331.073019,0.0000000000,1778162331.073019,0.
1778162331.1730192,0.0000000000,1778162331.1730192,0.
1778162331.273019,0.0000000000,1778162331.273019,0.
1778162331.373019,0.0000000000,1778162331.373019,0.
1778162331.4730191,0.0000000000,1778162331.4730191,0.
1778162331.573019,0.0000000000,1778162331.573019,0.
1778162331.6730192,0.0000000000,1778162331.6730192,0.
1778162331.773019,0.0000000000,1778162331.773019,0.
1778162331.873019,0.0000000000,1778162331.873019,0.
1778162331.9730191,0.0000000000,1778162331.9730191,0.
1778162332.073019,0.0000000000,1778162332.073019,0.
1778162332.1730192,0.0000000000,1778162332.1730192,0.
1778162332.273019,0.0000000000,1778162332.273019,0.
1778162332.373019,0.0000000000,1778162332.373019,0.
1778162332.4730191,0.0000000000,1778162332.4730191,0.
1778162332.573019,0.0000000000,1778162332.573019,0.
1778162332.6730192,0.0000000000,1778162332.6730192,0.
1778162332.773019,0.0000000000,1778162332.773019,0.
1778162332.873019,0.0000000000,1778162332.873019,0.
1778162332.9730191,0.0000000000,1778162332.9730191,0.
1778162333.073019,0.0000000000,1778162333.073019,0.
1778162333.1730192,0.0000000000,1778162333.1730192,0.
1778162333.273019,0.0000000000,1778162333.273019,0.
1778162333.373019,0.0000000000,1778162333.373019,0.
1778162333.4730191,0.0000000000,1778162333.4730191,0.
1778162333.573019,0.0000000000,1778162333.573019,0.
1778162333.6730192,0.0000000000,1778162333.6730192,0.
1778162333.773019,0.0000000000,1778162333.773019,0.
1778162333.873019,0.0000000000,1778162333.873019,0.
1778162333.9730191,0.0000000000,1778162333.9730191,0.
1778162334.073019,0.0000000000,1778162334.073019,0.
1778162334.1730192,0.0000000000,1778162334.1730192,0.
1778162334.273019,0.0000000000,1778162334.273019,0.
1778162334.373019,0.0000000000,1778162334.373019,0.
1778162334.4730191,0.0000000000,1778162334.4730191,0.
1778162334.573019,0.0000000000,1778162334.573019,0.
1778162334.6730192,0.0000000000,1778162334.6730192,0.
1778162334.773019,0.0000000000,1778162334.773019,0.
1778162334.873019,0.0000000000,1778162334.873019,0.
1778162334.9730191,0.0000000000,1778162334.9730191,0.
1778162335.073019,0.0000000000,1778162335.073019,0.
1778162335.1730192,0.0000000000,1778162335.1730192,0.
1778162335.273019,0.0000000000,1778162335.273019,0.
1778162335.373019,0.0000000000,1778162335.373019,0.
1778162335.4730191,0.0000000000,1778162335.4730191,0.
1778162335.573019,0.0000000000,1778162335.573019,0.
1778162335.6730192,0.0000000000,1778162335.6730192,0.
1778162335.773019,0.0000000000,1778162335.773019,0.
1778162335.873019,0.0000000000,1778162335.873019,0.
1778162335.9730191,0.0000000000,1778162335.9730191,0.
1778162336.073019,0.0000000000,1778162336.073019,0.
1778162336.1730192,0.0000000000,1778162336.1730192,0.
1778162336.273019,0.0000000000,1778162336.273019,0.
1778162336.373019,0.0000000000,1778162336.373019,0.
1778162336.4730191,0.0000000000,1778162336.4730191,0.
1778162336.573019,0.0000000000,1778162336.573019,0.
1778162336.6730192,0.0000000000,1778162336.6730192,0.
1778162336.773019,0.0000000000,1778162336.773019,0.
1778162336.873019,0.0000000000,1778162336.873019,0.
1778162336.9730191,0.0000000000,1778162336.9730191,0.
1778162337.073019,0.0000000000,1778162337.073019,0.
1778162337.1730192,0.0000000000,1778162337.1730192,0.
1778162337.273019,0.0000000000,1778162337.273019,0.
1778162337.373019,0.0000000000,1778162337.373019,0.
1778162337.4730191,0.0000000000,1778162337.4730191,0.
1778162337.573019,0.0000000000,1778162337.573019,0.
1778162337.6730192,0.0000000000,1778162337.6730192,0.
1778162337.773019,0.0000000000,1778162337.773019,0.
1778162337.873019,0.0000000000,1778162337.873019,0.
1778162337.9730191,0.0000000000,1778162337.9730191,0.
1778162338.073019,0.0000000000,1778162338.073019,0.
1778162338.1730192,0.0000000000,1778162338.1730192,0.
1778162338.273019,0.0000000000,1778162338.273019,0.
1778162338.373019,0.0000000000,1778162338.373019,0.
1778162338.4730191,0.0000000000,1778162338.4730191,0.
1778162338.573019,0.0000000000,1778162338.573019,0.
1778162338.6730192,0.0000000000,1778162338.6730192,0.
1778162338.773019,0.0000000000,1778162338.773019,0.
1778162338.873019,0.0000000000,1778162338.873019,0.
1778162338.9730191,0.0000000000,1778162338.9730191,0.
1778162339.073019,0.0000000000,1778162339.073019,0.
1778162339.1730192,0.0000000000,1778162339.1730192,0.
1778162339.273019,0.0000000000,1778162339.273019,0.
1778162339.373019,0.0000000000,1778162339.373019,0.
1778162339.4730191,0.0000000000,1778162339.4730191,0.
1778162339.573019,0.0000000000,1778162339.573019,0.
1778162339.6730192,0.0000000000,1778162339.6730192,0.
1778162339.773019,0.0000000000,1778162339.773019,0.
1778162339.873019,0.0000000000,1778162339.873019,0.
1778162339.9730191,0.0000000000,1778162339.9730191,0.
1778162340.073019,0.0000000000,1778162340.073019,0.
1778162340.1730192,0.0000000000,1778162340.1730192,0.
1778162340.273019,0.0000000000,1778162340.273019,0.
1778162340.373019,0.0000000000,1778162340.373019,0.
1778162340.4730191,0.0000000000,1778162340.4730191,0.
1778162340.573019,0.0000000000,1778162340.573019,0.
1778162340.6730192,0.0000000000,1778162340.6730192,0.
1778162340.773019,0.0000000000,1778162340.773019,0.
1778162340.873019,0.0000000000,1778162340.873019,0.
1778162340.9730191,0.0000000000,1778162340.9730191,0.
1778162341.073019,0.0000000000,1778162341.073019,0.
1778162341.1730192,0.0000000000,1778162341.1730192,0.
1778162341.273019,0.0000000000,1778162341.273019,0.
1778162341.373019,0.0000000000,1778162341.373019,0.
1778162341.4730191,0.0000000000,1778162341.4730191,0.
1778162341.573019,0.0000000000,1778162341.573019,0.
1778162341.6730192,0.0000000000,1778162341.6730192,0.
1778162341.773019,0.0000000000,1778162341.773019,0.
1778162341.873019,0.0000000000,1778162341.873019,0.
1778162341.9730191,0.0000000000,1778162341.9730191,0.
1778162342.073019,0.0000000000,1778162342.073019,0.
1778162342.1730192,0.0000000000,1778162342.1730192,0.
1778162342.273019,0.0000000000,1778162342.273019,0.
1778162342.373019,0.0000000000,1778162342.373019,0.
1778162342.4730191,0.0000000000,1778162342.4730191,0.
1778162342.573019,0.0000000000,1778162342.573019,0.
1778162342.6730192,0.0000000000,1778162342.6730192,0.
1778162342.773019,0.0000000000,1778162342.773019,0.
1778162342.873019,0.0000000000,1778162342.873019,0.
1778162342.9730191,0.0000000000,1778162342.9730191,0.
1778162343.073019,0.0000000000,1778162343.073019,0.
1778162343.1730192,0.0000000000,1778162343.1730192,0.
1778162343.273019,0.0000000000,1778162343.273019,0.
1778162343.373019,0.0000000000,1778162343.373019,0.
1778162343.4730191,0.0000000000,1778162343.4730191,0.
1778162343.573019,0.0000000000,1778162343.573019,0.
1778162343.6730192,0.0000000000,1778162343.6730192,0.
1778162343.773019,0.0000000000,1778162343.773019,0.
1778162343.873019,0.0000000000,1778162343.873019,0.
1778162343.9730191,0.0000000000,1778162343.9730191,0.
1778162344.073019,0.0000000000,1778162344.073019,0.
1778162344.1730192,0.0000000000,1778162344.1730192,0.
1778162344.273019,0.0000000000,1778162344.273019,0.
1778162344.373019,0.0000000000,1778162344.373019,0.
1778162344.4730191,0.0000000000,1778162344.4730191,0.
1778162344.573019,0.0000000000,1778162344.573019,0.
1778162344.6730192,0.0000000000,1778162344.6730192,0.
1778162344.773019,0.0000000000,1778162344.773019,0.
1778162344.873019,0.0000000000,1778162344.873019,0.
1778162344.9730191,0.0000000000,1778162344.9730191,0.
1778162345.073019,0.0000000000,1778162345.073019,0.
1778162345.1730192,0.0000000000,1778162345.1730192,0.
1778162345.273019,0.0000000000,1778162345.273019,0.
1778162345.373019,0.0000000000,1778162345.373019,0.
1778162345.4730191,0.0000000000,1778162345.4730191,0.
1778162345.573019,0.0000000000,1778162345.573019,0.
1778162345.6730192,0.0000000000,1778162345.6730192,0.
1778162345.773019,0.0000000000,1778162345.773019,0.
1778162345.873019,0.0000000000,1778162345.873019,0.
1778162345.9730191,0.0000000000,1778162345.9730191,0.
1778162346.073019,0.0000000000,1778162346.073019,0.
1778162346.1730192,0.0000000000,1778162346.1730192,0.
1778162346.273019,0.0000000000,1778162346.273019,0.
1778162346.373019,0.0000000000,1778162346.373019,0.
1778162346.4730191,0.0000000000,1778162346.4730191,0.
1778162346.573019,0.0000000000,1778162346.573019,0.
1778162346.6730192,0.0000000000,1778162346.6730192,0.
1778162346.773019,0.0000000000,1778162346.773019,0.
1778162346.873019,0.0000000000,1778162346.873019,0.
1778162346.9730191,0.0000000000,1778162346.9730191,0.
1778162347.073019,0.0000000000,1778162347.073019,0.
1778162347.1730192,0.0000000000,1778162347.1730192,0.
1778162347.273019,0.0000000000,1778162347.273019,0.
1778162347.373019,0.0000000000,1778162347.373019,0.
1778162347.4730191,0.0000000000,1778162347.4730191,0.
1778162347.573019,0.0000000000,1778162347.573019,0.
1778162347.6730192,0.0000000000,1778162347.6730192,0.
1778162347.773019,0.0000000000,1778162347.773019,0.
1778162347.873019,0.0000000000,1778162347.873019,0.
1778162347.9730191,0.0000000000,1778162347.9730191,0.
1778162348.073019,0.0000000000,1778162348.073019,0.
1778162348.1730192,0.0000000000,1778162348.1730192,0.
1778162348.273019,0.0000000000,1778162348.273019,0.
1778162348.373019,0.0000000000,1778162348.373019,0.
1778162348.4730191,0.0000000000,1778162348.4730191,0.
1778162348.573019,0.0000000000,1778162348.573019,0.
1778162348.6730192,0.0000000000,1778162348.6730192,0.
1778162348.773019,0.0000000000,1778162348.773019,0.
1778162348.873019,0.0000000000,1778162348.873019,0.
1778162348.9730191,0.0000000000,1778162348.9730191,0.
1778162349.073019,0.0000000000,1778162349.073019,0.
1778162349.1730192,0.0000000000,1778162349.1730192,0.
1778162349.273019,0.0000000000,1778162349.273019,0.
1778162349.373019,0.0000000000,1778162349.373019,0.
1778162349.4730191,0.0000000000,1778162349.4730191,0.
1778162349.573019,0.0000000000,1778162349.573019,0.
1778162349.6730192,0.0000000000,1778162349.6730192,0.
1778162349.773019,0.0000000000,1778162349.773019,0.
1778162349.873019,0.0000000000,1778162349.873019,0.
1778162349.9730191,0.0000000000,1778162349.9730191,0.
1778162350.073019,0.0000000000,1778162350.073019,0.
1778162350.1730192,0.0000000000,1778162350.1730192,0.
1778162350.273019,0.0000000000,1778162350.273019,0.
1778162350.373019,0.0000000000,1778162350.373019,0.
1778162350.4730191,0.0000000000,1778162350.4730191,0.
1778162350.573019,0.0000000000,1778162350.573019,0.
1778162350.6730192,0.0000000000,1778162350.6730192,0.
1778162350.773019,0.0000000000,1778162350.773019,0.
1778162350.873019,0.0000000000,1778162350.873019,0.
1778162350.9730191,0.0000000000,1778162350.9730191,0.
1778162351.073019,0.0000000000,1778162351.073019,0.
1778162351.1730192,0.0000000000,1778162351.1730192,0.
1778162351.273019,0.0000000000,1778162351.273019,0.
1778162351.373019,0.0000000000,1778162351.373019,0.
1778162351.4730191,0.0000000000,1778162351.4730191,0.
1778162351.573019,0.0000000000,1778162351.573019,0.
1778162351.6730192,0.0000000000,1778162351.6730192,0.
1778162351.773019,0.0000000000,1778162351.773019,0.
1778162351.873019,0.0000000000,1778162351.873019,0.
1778162351.9730191,0.0000000000,1778162351.9730191,0.
1778162352.073019,0.0000000000,1778162352.073019,0.
1778162352.1730192,0.0000000000,1778162352.1730192,0.
1778162352.273019,0.0000000000,1778162352.273019,0.
1778162352.373019,0.0000000000,1778162352.373019,0.
1778162352.4730191,0.0000000000,1778162352.4730191,0.
1778162352.573019,0.0000000000,1778162352.573019,0.
1778162352.6730192,0.0000000000,1778162352.6730192,0.
1778162352.773019,0.0000000000,1778162352.773019,0.
1778162352.873019,0.0000000000,1778162352.873019,0.
1778162352.9730191,0.0000000000,1778162352.9730191,0.
1778162353.073019,0.0000000000,1778162353.073019,0.
1778162353.1730192,0.0000000000,1778162353.1730192,0.
1778162353.273019,0.0000000000,1778162353.273019,0.
1778162353.373019,0.0000000000,1778162353.373019,0.
1778162353.4730191,0.0000000000,1778162353.4730191,0.
1778162353.573019,0.0000000000,1778162353.573019,0.
1778162353.6730192,0.0000000000,1778162353.6730192,0.
1778162353.773019,0.0000000000,1778162353.773019,0.
1778162353.873019,0.0000000000,1778162353.873019,0.
1778162353.9730191,0.0000000000,1778162353.9730191,0.
1778162354.073019,0.0000000000,1778162354.073019,0.
1778162354.1730192,0.0000000000,1778162354.1730192,0.
1778162354.273019,0.0000000000,1778162354.273019,0.
1778162354.373019,0.0000000000,1778162354.373019,0.
1778162354.4730191,0.0000000000,1778162354.4730191,0.
1778162354.573019,0.0000000000,1778162354.573019,0.
1778162354.6730192,0.0000000000,1778162354.6730192,0.
1778162354.773019,0.0000000000,1778162354.773019,0.
1778162354.873019,0.0000000000,1778162354.873019,0.
1778162354.9730191,0.0000000000,1778162354.9730191,0.
1778162355.073019,0.0000000000,1778162355.073019,0.
1778162355.1730192,0.0000000000,1778162355.1730192,0.
1778162355.273019,0.0000000000,1778162355.273019,0.
1778162355.373019,0.0000000000,1778162355.373019,0.
1778162355.4730191,0.0000000000,1778162355.4730191,0.
1778162355.573019,0.0000000000,1778162355.573019,0.
1778162355.6730192,0.0000000000,1778162355.6730192,0.
1778162355.773019,0.0000000000,1778162355.773019,0.
1778162355.873019,0.0000000000,1778162355.873019,0.
1778162355.9730191,0.0000000000,1778162355.9730191,0.
1778162356.073019,0.0000000000,1778162356.073019,0.
1778162356.1730192,0.0000000000,1778162356.1730192,0.
1778162356.273019,0.0000000000,1778162356.273019,0.
1778162356.373019,0.0000000000,1778162356.373019,0.
1778162356.4730191,0.0000000000,1778162356.4730191,0.
1778162356.573019,0.0000000000,1778162356.573019,0.
1778162356.6730192,0.0000000000,1778162356.6730192,0.
1778162356.773019,0.0000000000,1778162356.773019,0.
1778162356.873019,0.0000000000,1778162356.873019,0.
1778162356.9730191,0.0000000000,1778162356.9730191,0.
1778162357.073019,0.0000000000,1778162357.073019,0.
1778162357.1730192,0.0000000000,1778162357.1730192,0.
1778162357.273019,0.0000000000,1778162357.273019,0.
1778162357.373019,0.0000000000,1778162357.373019,0.
1778162357.4730191,0.0000000000,1778162357.4730191,0.
1778162357.573019,0.0000000000,1778162357.573019,0.
1778162357.6730192,0.0000000000,1778162357.6730192,0.
1778162357.773019,0.0000000000,1778162357.773019,0.
1778162357.873019,0.0000000000,1778162357.873019,0.
1778162357.9730191,0.0000000000,1778162357.9730191,0.
1778162358.073019,0.0000000000,1778162358.073019,0.
1778162358.1730192,0.0000000000,1778162358.1730192,0.
1778162358.273019,0.0000000000,1778162358.273019,0.
1778162358.373019,0.0000000000,1778162358.373019,0.
1778162358.4730191,0.0000000000,1778162358.4730191,0.
1778162358.573019,0.0000000000,1778162358.573019,0.
1778162358.6730192,0.0000000000,1778162358.6730192,0.
1778162358.773019,0.0000000000,1778162358.773019,0.
1778162358.873019,0.0000000000,1778162358.873019,0.
1778162358.9730191,0.0000000000,1778162358.9730191,0.
1778162359.073019,0.0000000000,1778162359.073019,0.
1778162359.1730192,0.0000000000,1778162359.1730192,0.
1778162359.273019,0.0000000000,1778162359.273019,0.
1778162359.373019,0.0000000000,1778162359.373019,0.
1778162359.4730191,0.0000000000,1778162359.4730191,0.
1778162359.573019,0.0000000000,1778162359.573019,0.
1778162359.6730192,0.0000000000,1778162359.6730192,0.
1778162359.773019,0.0000000000,1778162359.773019,0.
1778162359.873019,0.0000000000,1778162359.873019,0.
1778162359.9730191,0.0000000000,1778162359.9730191,0.
1778162360.073019,0.0000000000,1778162360.073019,0.
1778162360.1730192,0.0000000000,1778162360.1730192,0.
1778162360.273019,0.0000000000,1778162360.273019,0.
1778162360.373019,0.0000000000,1778162360.373019,0.
1778162360.4730191,0.0000000000,1778162360.4730191,0.
1778162360.573019,0.0000000000,1778162360.573019,0.
1778162360.6730192,0.0000000000,1778162360.6730192,0.
1778162360.773019,0.0000000000,1778162360.773019,0.
1778162360.873019,0.0000000000,1778162360.873019,0.
1778162360.9730191,0.0000000000,1778162360.9730191,0.
1778162361.073019,0.0000000000,1778162361.073019,0.
1778162361.1730192,0.0000000000,1778162361.1730192,0.
1778162361.273019,0.0000000000,1778162361.273019,0.
1778162361.373019,0.0000000000,1778162361.373019,0.
1778162361.4730191,0.0000000000,1778162361.4730191,0.
1778162361.573019,0.0000000000,1778162361.573019,0.
1778162361.6730192,0.0000000000,1778162361.6730192,0.
1778162361.773019,0.0000000000,1778162361.773019,0.
1778162361.873019,0.0000000000,1778162361.873019,0.
1778162361.9730191,0.0000000000,1778162361.9730191,0.
1778162362.073019,0.0000000000,1778162362.073019,0.
1778162362.1730192,0.0000000000,1778162362.1730192,0.
1778162362.273019,0.0000000000,1778162362.273019,0.
1778162362.373019,0.0000000000,1778162362.373019,0.
1778162362.4730191,0.0000000000,1778162362.4730191,0.
1778162362.573019,0.0000000000,1778162362.573019,0.
1778162362.6730192,0.0000000000,1778162362.6730192,0.
1778162362.773019,0.0000000000,1778162362.773019,0.
1778162362.873019,0.0000000000,1778162362.873019,0.
1778162362.9730191,0.0000000000,1778162362.9730191,0.
1778162363.073019,0.0000000000,1778162363.073019,0.
1778162363.1730192,0.0000000000,1778162363.1730192,0.
1778162363.273019,0.0000000000,1778162363.273019,0.
1778162363.373019,0.0000000000,1778162363.373019,0.
1778162363.4730191,0.0000000000,1778162363.4730191,0.
1778162363.573019,0.0000000000,1778162363.573019,0.
1778162363.6730192,0.0000000000,1778162363.6730192,0.
1778162363.773019,0.0000000000,1778162363.773019,0.
1778162363.873019,0.0000000000,1778162363.873019,0.
1778162363.9730191,0.0000000000,1778162363.9730191,0.
1778162364.073019,0.0000000000,1778162364.073019,0.
1778162364.1730192,0.0000000000,1778162364.1730192,0.
1778162364.273019,0.0000000000,1778162364.273019,0.
1778162364.373019,0.0000000000,1778162364.373019,0.
1778162364.4730191,0.0000000000,1778162364.4730191,0.
1778162364.573019,0.0000000000,1778162364.573019,0.
1778162364.6730192,0.0000000000,1778162364.6730192,0.
1778162364.773019,0.0000000000,1778162364.773019,0.
1778162364.873019,0.0000000000,1778162364.873019,0.
1778162364.9730191,0.0000000000,1778162364.9730191,0.
1778162365.073019,0.0000000000,1778162365.073019,0.
1778162365.1730192,0.0000000000,1778162365.1730192,0.
1778162365.273019,0.0000000000,1778162365.273019,0.
1778162365.373019,0.0000000000,1778162365.373019,0.
1778162365.4730191,0.0000000000,1778162365.4730191,0.
1778162365.573019,0.0000000000,1778162365.573019,0.
1778162365.6730192,0.0000000000,1778162365.6730192,0.
1778162365.773019,0.0000000000,1778162365.773019,0.
1778162365.873019,0.0000000000,1778162365.873019,0.
1778162365.9730191,0.0000000000,1778162365.9730191,0.
1778162366.073019,0.0000000000,1778162366.073019,0.
1778162366.1730192,0.0000000000,1778162366.1730192,0.
1778162366.273019,0.0000000000,1778162366.273019,0.
1778162366.373019,0.0000000000,1778162366.373019,0.
1778162366.4730191,0.0000000000,1778162366.4730191,0.
1778162366.573019,0.0000000000,1778162366.573019,0.
1778162366.6730192,0.0000000000,1778162366.6730192,0.
1778162366.773019,0.0000000000,1778162366.773019,0.
1778162366.873019,0.0000000000,1778162366.873019,0.
1778162366.9730191,0.0000000000,1778162366.9730191,0.
1778162367.073019,0.0000000000,1778162367.073019,0.
1778162367.1730192,0.0000000000,1778162367.1730192,0.
1778162367.273019,0.0000000000,1778162367.273019,0.
1778162367.373019,0.0000000000,1778162367.373019,0.
1778162367.4730191,0.0000000000,1778162367.4730191,0.
1778162367.573019,0.0000000000,1778162367.573019,0.
1778162367.6730192,0.0000000000,1778162367.6730192,0.
1778162367.773019,0.0000000000,1778162367.773019,0.
1778162367.873019,0.0000000000,1778162367.873019,0.
1778162367.9730191,0.0000000000,1778162367.9730191,0.
1778162368.073019,0.0000000000,1778162368.073019,0.
1778162368.1730192,0.0000000000,1778162368.1730192,0.
1778162368.273019,0.0000000000,1778162368.273019,0.
1778162368.373019,0.0000000000,1778162368.373019,0.
1778162368.4730191,0.0000000000,1778162368.4730191,0.
1778162368.573019,0.0000000000,1778162368.573019,0.
1778162368.6730192,0.0000000000,1778162368.6730192,0.
1778162368.773019,0.0000000000,1778162368.773019,0.
1778162368.873019,0.0000000000,1778162368.873019,0.
1778162368.9730191,0.0000000000,1778162368.9730191,0.
1778162369.073019,0.0000000000,1778162369.073019,0.
1778162369.1730192,0.0000000000,1778162369.1730192,0.
1778162369.273019,0.0000000000,1778162369.273019,0.
1778162369.373019,0.0000000000,1778162369.373019,0.
1778162369.4730191,0.0000000000,1778162369.4730191,0.
1778162369.573019,0.0000000000,1778162369.573019,0.
1778162369.6730192,0.0000000000,1778162369.6730192,0.
1778162369.773019,0.0000000000,1778162369.773019,0.
1778162369.873019,0.0000000000,1778162369.873019,0.
1778162369.9730191,0.0000000000,1778162369.9730191,0.
1778162370.073019,0.0000000000,1778162370.073019,0.
1778162370.1730192,0.0000000000,1778162370.1730192,0.
1778162370.273019,0.0000000000,1778162370.273019,0.
1778162370.373019,0.0000000000,1778162370.373019,0.
1778162370.4730191,0.0000000000,1778162370.4730191,0.
1778162370.573019,0.0000000000,1778162370.573019,0.
1778162370.6730192,0.0000000000,1778162370.6730192,0.
1778162370.773019,0.0000000000,1778162370.773019,0.
1778162370.873019,0.0000000000,1778162370.873019,0.
1778162370.9730191,0.0000000000,1778162370.9730191,0.
1778162371.073019,0.0000000000,1778162371.073019,0.
1778162371.1730192,0.0000000000,1778162371.1730192,0.
1778162371.273019,0.0000000000,1778162371.273019,0.
1778162371.373019,0.0000000000,1778162371.373019,0.
1778162371.4730191,0.0000000000,1778162371.4730191,0.
1778162371.573019,0.0000000000,1778162371.573019,0.
1778162371.6730192,0.0000000000,1778162371.6730192,0.
1778162371.773019,0.0000000000,1778162371.773019,0.
1778162371.873019,0.0000000000,1778162371.873019,0.
1778162371.9730191,0.0000000000,1778162371.9730191,0.
1778162372.073019,0.0000000000,1778162372.073019,0.
1778162372.1730192,0.0000000000,1778162372.1730192,0.
1778162372.273019,0.0000000000,1778162372.273019,0.
1778162372.373019,0.0000000000,1778162372.373019,0.
1778162372.4730191,0.0000000000,1778162372.4730191,0.
1778162372.573019,0.0000000000,1778162372.573019,0.
1778162372.6730192,0.0000000000,1778162372.6730192,0.
1778162372.773019,0.0000000000,1778162372.773019,0.
1778162372.873019,0.0000000000,1778162372.873019,0.
1778162372.9730191,0.0000000000,1778162372.9730191,0.
1778162373.073019,0.0000000000,1778162373.073019,0.
1778162373.1730192,0.0000000000,1778162373.1730192,0.
1778162373.273019,0.0000000000,1778162373.273019,0.
1778162373.373019,0.0000000000,1778162373.373019,0.
1778162373.4730191,0.0000000000,1778162373.4730191,0.
1778162373.573019,0.0000000000,1778162373.573019,0.
1778162373.6730192,0.0000000000,1778162373.6730192,0.
1778162373.773019,0.0000000000,1778162373.773019,0.
1778162373.873019,0.0000000000,1778162373.873019,0.
1778162373.9730191,0.0000000000,1778162373.9730191,0.
1778162374.073019,0.0000000000,1778162374.073019,0.
1778162374.1730192,0.0000000000,1778162374.1730192,0.
1778162374.273019,0.0000000000,1778162374.273019,0.
1778162374.373019,0.0000000000,1778162374.373019,0.
1778162374.4730191,0.0000000000,1778162374.4730191,0.
1778162374.573019,0.0000000000,1778162374.573019,0.
1778162374.6730192,0.0000000000,1778162374.6730192,0.
1778162374.773019,0.0000000000,1778162374.773019,0.
1778162374.873019,0.0000000000,1778162374.873019,0.
1778162374.9730191,0.0000000000,1778162374.9730191,0.
1778162375.073019,0.0000000000,1778162375.073019,0.
1778162375.1730192,0.0000000000,1778162375.1730192,0.
1778162375.273019,0.0000000000,1778162375.273019,0.
1778162375.373019,0.0000000000,1778162375.373019,0.
1778162375.4730191,0.0000000000,1778162375.4730191,0.
1778162375.573019,0.0000000000,1778162375.573019,0.
1778162375.6730192,0.0000000000,1778162375.6730192,0.
1778162375.773019,0.0000000000,1778162375.773019,0.
1778162375.873019,0.0000000000,1778162375.873019,0.
1778162375.9730191,0.0000000000,1778162375.9730191,0.
1778162376.073019,0.0000000000,1778162376.073019,0.
1778162376.1730192,0.0000000000,1778162376.1730192,0.
1778162376.273019,0.0000000000,1778162376.273019,0.
1778162376.373019,0.0000000000,1778162376.373019,0.
1778162376.4730191,0.0000000000,1778162376.4730191,0.
1778162376.573019,0.0000000000,1778162376.573019,0.
1778162376.6730192,0.0000000000,1778162376.6730192,0.
1778162376.773019,0.0000000000,1778162376.773019,0.
1778162376.873019,0.0000000000,1778162376.873019,0.
1778162376.9730191,0.0000000000,1778162376.9730191,0.
1778162377.073019,0.0000000000,1778162377.073019,0.
1778162377.1730192,0.0000000000,1778162377.1730192,0.
1778162377.273019,0.0000000000,1778162377.273019,0.
1778162377.373019,0.0000000000,1778162377.373019,0.
1778162377.4730191,0.0000000000,1778162377.4730191,0.
1778162377.573019,0.0000000000,1778162377.573019,0.
1778162377.6730192,0.0000000000,1778162377.6730192,0.
1778162377.773019,0.0000000000,1778162377.773019,0.
1778162377.873019,0.0000000000,1778162377.873019,0.
1778162377.9730191,0.0000000000,1778162377.9730191,0.
1778162378.073019,0.0000000000,1778162378.073019,0.
1778162378.1730192,0.0000000000,1778162378.1730192,0.
1778162378.273019,0.0000000000,1778162378.273019,0.
1778162378.373019,0.0000000000,1778162378.373019,0.
1778162378.4730191,0.0000000000,1778162378.4730191,0.
1778162378.573019,0.0000000000,1778162378.573019,0.
1778162378.6730192,0.0000000000,1778162378.6730192,0.
1778162378.773019,0.0000000000,1778162378.773019,0.
1778162378.873019,0.0000000000,1778162378.873019,0.
1778162378.9730191,0.0000000000,1778162378.9730191,0.
1778162379.073019,0.0000000000,1778162379.073019,0.
1778162379.1730192,0.0000000000,1778162379.1730192,0.
1778162379.273019,0.0000000000,1778162379.273019,0.
1778162379.373019,0.0000000000,1778162379.373019,0.
1778162379.4730191,0.0000000000,1778162379.4730191,0.
1778162379.573019,0.0000000000,1778162379.573019,0.
1778162379.6730192,0.0000000000,1778162379.6730192,0.
1778162379.773019,0.0000000000,1778162379.773019,0.
1778162379.873019,0.0000000000,1778162379.873019,0.
1778162379.9730191,0.0000000000,1778162379.9730191,0.
1778162380.073019,0.0000000000,1778162380.073019,0.
1778162380.1730192,0.0000000000,1778162380.1730192,0.
1778162380.273019,0.0000000000,1778162380.273019,0.
1778162380.373019,0.0000000000,1778162380.373019,0.
1778162380.4730191,0.0000000000,1778162380.4730191,0.
1778162380.573019,0.0000000000,1778162380.573019,0.
1778162380.6730192,0.0000000000,1778162380.6730192,0.
1778162380.773019,0.0000000000,1778162380.773019,0.
1778162380.873019,0.0000000000,1778162380.873019,0.
1778162380.9730191,0.0000000000,1778162380.9730191,0.
1778162381.073019,0.0000000000,1778162381.073019,0.
1778162381.1730192,0.0000000000,1778162381.1730192,0.
1778162381.273019,0.0000000000,1778162381.273019,0.
1778162381.373019,0.0000000000,1778162381.373019,0.
1778162381.4730191,0.0000000000,1778162381.4730191,0.
1778162381.573019,0.0000000000,1778162381.573019,0.
1778162381.6730192,0.0000000000,1778162381.6730192,0.
1778162381.773019,0.0000000000,1778162381.773019,0.
1778162381.873019,0.0000000000,1778162381.873019,0.
1778162381.9730191,0.0000000000,1778162381.9730191,0.
1778162382.073019,0.0000000000,1778162382.073019,0.
1778162382.1730192,0.0000000000,1778162382.1730192,0.
1778162382.273019,0.0000000000,1778162382.273019,0.
1778162382.373019,0.0000000000,1778162382.373019,0.
1778162382.4730191,0.0000000000,1778162382.4730191,0.
1778162382.573019,0.0000000000,1778162382.573019,0.
1778162382.6730192,0.0000000000,1778162382.6730192,0.
1778162382.773019,0.0000000000,1778162382.773019,0.
1778162382.873019,0.0000000000,1778162382.873019,0.
1778162382.9730191,0.0000000000,1778162382.9730191,0.
1778162383.073019,0.0000000000,1778162383.073019,0.
1778162383.1730192,0.0000000000,1778162383.1730192,0.
1778162383.273019,0.0000000000,1778162383.273019,0.
1778162383.373019,0.0000000000,1778162383.373019,0.
1778162383.4730191,0.0000000000,1778162383.4730191,0.
1778162383.573019,0.0000000000,1778162383.573019,0.
1778162383.6730192,0.0000000000,1778162383.6730192,0.
1778162383.773019,0.0000000000,1778162383.773019,0.
1778162383.873019,0.0000000000,1778162383.873019,0.
1778162383.9730191,0.0000000000,1778162383.9730191,0.
1778162384.073019,0.0000000000,1778162384.073019,0.
1778162384.1730192,0.0000000000,1778162384.1730192,0.
1778162384.273019,0.0000000000,1778162384.273019,0.
1778162384.373019,0.0000000000,1778162384.373019,0.
1778162384.4730191,0.0000000000,1778162384.4730191,0.
1778162384.573019,0.0000000000,1778162384.573019,0.
1778162384.6730192,0.0000000000,1778162384.6730192,0.
1778162384.773019,0.0000000000,1778162384.773019,0.
1778162384.873019,0.0000000000,1778162384.873019,0.
1778162384.9730191,0.0000000000,1778162384.9730191,0.
1778162385.073019,0.0000000000,1778162385.073019,0.
1778162385.1730192,0.0000000000,1778162385.1730192,0.
1778162385.273019,0.0000000000,1778162385.273019,0.
1778162385.373019,0.0000000000,1778162385.373019,0.
1778162385.4730191,0.0000000000,1778162385.4730191,0.
1778162385.573019,0.0000000000,1778162385.573019,0.
1778162385.6730192,0.0000000000,1778162385.6730192,0.
1778162385.773019,0.0000000000,1778162385.773019,0.
1778162385.873019,0.0000000000,1778162385.873019,0.
1778162385.9730191,0.0000000000,1778162385.9730191,0.
1778162386.073019,0.0000000000,1778162386.073019,0.
1778162386.1730192,0.0000000000,1778162386.1730192,0.
1778162386.273019,0.0000000000,1778162386.273019,0.
1778162386.373019,0.0000000000,1778162386.373019,0.
1778162386.4730191,0.0000000000,1778162386.4730191,0.
1778162386.573019,0.0000000000,1778162386.573019,0.
1778162386.6730192,0.0000000000,1778162386.6730192,0.
1778162386.773019,0.0000000000,1778162386.773019,0.
1778162386.873019,0.0000000000,1778162386.873019,0.
1778162386.9730191,0.0000000000,1778162386.9730191,0.
1778162387.073019,0.0000000000,1778162387.073019,0.
1778162387.1730192,0.0000000000,1778162387.1730192,0.
1778162387.273019,0.0000000000,1778162387.273019,0.
1778162387.373019,0.0000000000,1778162387.373019,0.
1778162387.4730191,0.0000000000,1778162387.4730191,0.
1778162387.573019,0.0000000000,1778162387.573019,0.
1778162387.6730192,0.0000000000,1778162387.6730192,0.
1778162387.773019,0.0000000000,1778162387.773019,0.
1778162387.873019,0.0000000000,1778162387.873019,0.
1778162387.9730191,0.0000000000,1778162387.9730191,0.
1778162388.073019,0.0000000000,1778162388.073019,0.
1778162388.1730192,0.0000000000,1778162388.1730192,0.
1778162388.273019,0.0000000000,1778162388.273019,0.
1778162388.373019,0.0000000000,1778162388.373019,0.
1778162388.4730191,0.0000000000,1778162388.4730191,0.
1778162388.573019,0.0000000000,1778162388.573019,0.
1778162388.6730192,0.0000000000,1778162388.6730192,0.
1778162388.773019,0.0000000000,1778162388.773019,0.
1778162388.873019,0.0000000000,1778162388.873019,0.
1778162388.9730191,0.0000000000,1778162388.9730191,0.
1778162389.073019,0.0000000000,1778162389.073019,0.
1778162389.1730192,0.0000000000,1778162389.1730192,0.
1778162389.273019,0.0000000000,1778162389.273019,0.
1778162389.373019,0.0000000000,1778162389.373019,0.
1778162389.4730191,0.0000000000,1778162389.4730191,0.
1778162389.573019,0.0000000000,1778162389.573019,0.
1778162389.6730192,0.0000000000,1778162389.6730192,0.
1778162389.773019,0.0000000000,1778162389.773019,0.
1778162389.873019,0.0000000000,1778162389.873019,0.
1778162389.9730191,0.0000000000,1778162389.9730191,0.
1778162390.073019,0.0000000000,1778162390.073019,0.
1778162390.1730192,0.0000000000,1778162390.1730192,0.
1778162390.273019,0.0000000000,1778162390.273019,0.
1778162390.373019,0.0000000000,1778162390.373019,0.
1778162390.4730191,0.0000000000,1778162390.4730191,0.
1778162390.573019,0.0000000000,1778162390.573019,0.
1778162390.6730192,0.0000000000,1778162390.6730192,0.
1778162390.773019,0.0000000000,1778162390.773019,0.
1778162390.873019,0.0000000000,1778162390.873019,0.
1778162390.9730191,0.0000000000,1778162390.9730191,0.
1778162391.073019,0.0000000000,1778162391.073019,0.
1778162391.1730192,0.0000000000,1778162391.1730192,0.
1778162391.273019,0.0000000000,1778162391.273019,0.
1778162391.373019,0.0000000000,1778162391.373019,0.
1778162391.4730191,0.0000000000,1778162391.4730191,0.
1778162391.573019,0.0000000000,1778162391.573019,0.
1778162391.6730192,0.0000000000,1778162391.6730192,0.
1778162391.773019,0.0000000000,1778162391.773019,0.
1778162391.873019,0.0000000000,1778162391.873019,0.
1778162391.9730191,0.0000000000,1778162391.9730191,0.
1778162392.073019,0.0000000000,1778162392.073019,0.
1778162392.1730192,0.0000000000,1778162392.1730192,0.
1778162392.273019,0.0000000000,1778162392.273019,0.
1778162392.373019,0.0000000000,1778162392.373019,0.
1778162392.4730191,0.0000000000,1778162392.4730191,0.
1778162392.573019,0.0000000000,1778162392.573019,0.
1778162392.6730192,0.0000000000,1778162392.6730192,0.
1778162392.773019,0.0000000000,1778162392.773019,0.
1778162392.873019,0.0000000000,1778162392.873019,0.
1778162392.9730191,0.0000000000,1778162392.9730191,0.
1778162393.073019,0.0000000000,1778162393.073019,0.
1778162393.1730192,0.0000000000,1778162393.1730192,0.
1778162393.273019,0.0000000000,1778162393.273019,0.
1778162393.373019,0.0000000000,1778162393.373019,0.
1778162393.4730191,0.0000000000,1778162393.4730191,0.
1778162393.573019,0.0000000000,1778162393.573019,0.
1778162393.6730192,0.0000000000,1778162393.6730192,0.
1778162393.773019,0.0000000000,1778162393.773019,0.
1778162393.873019,0.0000000000,1778162393.873019,0.
1778162393.9730191,0.0000000000,1778162393.9730191,0.
1778162394.073019,0.0000000000,1778162394.073019,0.
1778162394.1730192,0.0000000000,1778162394.1730192,0.
1778162394.273019,0.0000000000,1778162394.273019,0.
1778162394.373019,0.0000000000,1778162394.373019,0.
1778162394.4730191,0.0000000000,1778162394.4730191,0.
1778162394.573019,0.0000000000,1778162394.573019,0.
1778162394.6730192,0.0000000000,1778162394.6730192,0.
1778162394.773019,0.0000000000,1778162394.773019,0.
1778162394.873019,0.0000000000,1778162394.873019,0.
1778162394.9730191,0.0000000000,1778162394.9730191,0.
1778162395.073019,0.0000000000,1778162395.073019,0.
1778162395.1730192,0.0000000000,1778162395.1730192,0.
1778162395.273019,0.0000000000,1778162395.273019,0.
1778162395.373019,0.0000000000,1778162395.373019,0.
1778162395.4730191,0.0000000000,1778162395.4730191,0.
1778162395.573019,0.0000000000,1778162395.573019,0.
1778162395.6730192,0.0000000000,1778162395.6730192,0.
1778162395.773019,0.0000000000,1778162395.773019,0.
1778162395.873019,0.0000000000,1778162395.873019,0.
1778162395.9730191,0.0000000000,1778162395.9730191,0.
1778162396.073019,0.0000000000,1778162396.073019,0.
1778162396.1730192,0.0000000000,1778162396.1730192,0.
1778162396.273019,0.0000000000,1778162396.273019,0.
1778162396.373019,0.0000000000,1778162396.373019,0.
1778162396.4730191,0.0000000000,1778162396.4730191,0.
1778162396.573019,0.0000000000,1778162396.573019,0.
1778162396.6730192,0.0000000000,1778162396.6730192,0.
1778162396.773019,0.0000000000,1778162396.773019,0.
1778162396.873019,0.0000000000,1778162396.873019,0.
1778162396.9730191,0.0000000000,1778162396.9730191,0.
1778162397.073019,0.0000000000,1778162397.073019,0.
1778162397.1730192,0.0000000000,1778162397.1730192,0.
1778162397.273019,0.0000000000,1778162397.273019,0.
1778162397.373019,0.0000000000,1778162397.373019,0.
1778162397.4730191,0.0000000000,1778162397.4730191,0.
1778162397.573019,0.0000000000,1778162397.573019,0.
1778162397.6730192,0.0000000000,1778162397.6730192,0.
1778162397.773019,0.0000000000,1778162397.773019,0.
1778162397.873019,0.0000000000,1778162397.873019,0.
1778162397.9730191,0.0000000000,1778162397.9730191,0.
1778162398.073019,0.0000000000,1778162398.073019,0.
1778162398.1730192,0.0000000000,1778162398.1730192,0.
1778162398.273019,0.0000000000,1778162398.273019,0.
1778162398.373019,0.0000000000,1778162398.373019,0.
1778162398.4730191,0.0000000000,1778162398.4730191,0.
1778162398.573019,0.0000000000,1778162398.573019,0.
1778162398.6730192,0.0000000000,1778162398.6730192,0.
1778162398.773019,0.0000000000,1778162398.773019,0.
1778162398.873019,0.0000000000,1778162398.873019,0.
1778162398.9730191,0.0000000000,1778162398.9730191,0.
1778162399.073019,0.0000000000,1778162399.073019,0.
1778162399.1730192,0.0000000000,1778162399.1730192,0.
1778162399.273019,0.0000000000,1778162399.273019,0.
1778162399.373019,0.0000000000,1778162399.373019,0.
1778162399.4730191,0.0000000000,1778162399.4730191,0.
1778162399.573019,0.0000000000,1778162399.573019,0.
1778162399.6730192,0.0000000000,1778162399.6730192,0.
1778162399.773019,0.0000000000,1778162399.773019,0.
1778162399.873019,0.0000000000,1778162399.873019,0.
1778162399.9730191,0.0000000000,1778162399.9730191,0.
1778162400.073019,0.0000000000,1778162400.073019,0.
1778162400.1730192,0.0000000000,1778162400.1730192,0.
1778162400.273019,0.0000000000,1778162400.273019,0.
1778162400.373019,0.0000000000,1778162400.373019,0.
1778162400.4730191,0.0000000000,1778162400.4730191,0.
1778162400.573019,0.0000000000,1778162400.573019,0.
1778162400.6730192,0.0000000000,1778162400.6730192,0.
1778162400.773019,0.0000000000,1778162400.773019,0.
1778162400.873019,0.0000000000,1778162400.873019,0.
1778162400.9730191,0.0000000000,1778162400.9730191,0.
1778162401.073019,0.0000000000,1778162401.073019,0.
1778162401.1730192,0.0000000000,1778162401.1730192,0.
1778162401.273019,0.0000000000,1778162401.273019,0.
1778162401.373019,0.0000000000,1778162401.373019,0.
1778162401.4730191,0.0000000000,1778162401.4730191,0.
1778162401.573019,0.0000000000,1778162401.573019,0.
1778162401.6730192,0.0000000000,1778162401.6730192,0.
1778162401.773019,0.0000000000,1778162401.773019,0.
1778162401.873019,0.0000000000,1778162401.873019,0.
1778162401.9730191,0.0000000000,1778162401.9730191,0.
1778162402.073019,0.0000000000,1778162402.073019,0.
1778162402.1730192,0.0000000000,1778162402.1730192,0.
1778162402.273019,0.0000000000,1778162402.273019,0.
1778162402.373019,0.0000000000,1778162402.373019,0.
1778162402.4730191,0.0000000000,1778162402.4730191,0.
1778162402.573019,0.0000000000,1778162402.573019,0.
1778162402.6730192,0.0000000000,1778162402.6730192,0.
1778162402.773019,0.0000000000,1778162402.773019,0.
1778162402.873019,0.0000000000,1778162402.873019,0.
1778162402.9730191,0.0000000000,1778162402.9730191,0.
1778162403.073019,0.0000000000,1778162403.073019,0.
1778162403.1730192,0.0000000000,1778162403.1730192,0.
1778162403.273019,0.0000000000,1778162403.273019,0.
1778162403.373019,0.0000000000,1778162403.373019,0.
1778162403.4730191,0.0000000000,1778162403.4730191,0.
1778162403.573019,0.0000000000,1778162403.573019,0.
1778162403.6730192,0.0000000000,1778162403.6730192,0.
1778162403.773019,0.0000000000,1778162403.773019,0.
1778162403.873019,0.0000000000,1778162403.873019,0.
1778162403.9730191,0.0000000000,1778162403.9730191,0.
1778162404.073019,0.0000000000,1778162404.073019,0.
1778162404.1730192,0.0000000000,1778162404.1730192,0.
1778162404.273019,0.0000000000,1778162404.273019,0.
1778162404.373019,0.0000000000,1778162404.373019,0.
1778162404.4730191,0.0000000000,1778162404.4730191,0.
1778162404.573019,0.0000000000,1778162404.573019,0.
1778162404.6730192,0.0000000000,1778162404.6730192,0.
1778162404.773019,0.0000000000,1778162404.773019,0.
1778162404.873019,0.0000000000,1778162404.873019,0.
1778162404.9730191,0.0000000000,1778162404.9730191,0.
1778162405.073019,0.0000000000,1778162405.073019,0.
1778162405.1730192,0.0000000000,1778162405.1730192,0.
1778162405.273019,0.0000000000,1778162405.273019,0.
1778162405.373019,0.0000000000,1778162405.373019,0.
1778162405.4730191,0.0000000000,1778162405.4730191,0.
1778162405.573019,0.0000000000,1778162405.573019,0.
1778162405.6730192,0.0000000000,1778162405.6730192,0.
1778162405.773019,0.0000000000,1778162405.773019,0.
1778162405.873019,0.0000000000,1778162405.873019,0.
1778162405.9730191,0.0000000000,1778162405.9730191,0.
1778162406.073019,0.0000000000,1778162406.073019,0.
1778162406.1730192,0.0000000000,1778162406.1730192,0.
1778162406.273019,0.0000000000,1778162406.273019,0.
1778162406.373019,0.0000000000,1778162406.373019,0.
1778162406.4730191,0.0000000000,1778162406.4730191,0.
1778162406.573019,0.0000000000,1778162406.573019,0.
1778162406.6730192,0.0000000000,1778162406.6730192,0.
1778162406.773019,0.0000000000,1778162406.773019,0.
1778162406.873019,0.0000000000,1778162406.873019,0.
1778162406.9730191,0.0000000000,1778162406.9730191,0.
1778162407.073019,0.0000000000,1778162407.073019,0.
1778162407.1730192,0.0000000000,1778162407.1730192,0.
1778162407.273019,0.0000000000,1778162407.273019,0.
1778162407.373019,0.0000000000,1778162407.373019,0.
1778162407.4730191,0.0000000000,1778162407.4730191,0.
1778162407.573019,0.0000000000,1778162407.573019,0.
1778162407.6730192,0.0000000000,1778162407.6730192,0.
1778162407.773019,0.0000000000,1778162407.773019,0.
1778162407.873019,0.0000000000,1778162407.873019,0.
1778162407.9730191,0.0000000000,1778162407.9730191,0.
1778162408.073019,0.0000000000,1778162408.073019,0.
1778162408.1730192,0.0000000000,1778162408.1730192,0.
1778162408.273019,0.0000000000,1778162408.273019,0.
1778162408.373019,0.0000000000,1778162408.373019,0.
1778162408.4730191,0.0000000000,1778162408.4730191,0.
1778162408.573019,0.0000000000,1778162408.573019,0.
1778162408.6730192,0.0000000000,1778162408.6730192,0.
1778162408.773019,0.0000000000,1778162408.773019,0.
1778162408.873019,0.0000000000,1778162408.873019,0.
1778162408.9730191,0.0000000000,1778162408.9730191,0.
1778162409.073019,0.0000000000,1778162409.073019,0.
1778162409.1730192,0.0000000000,1778162409.1730192,0.
1778162409.273019,0.0000000000,1778162409.273019,0.
1778162409.373019,0.0000000000,1778162409.373019,0.
1778162409.4730191,0.0000000000,1778162409.4730191,0.
1778162409.573019,0.0000000000,1778162409.573019,0.
1778162409.6730192,0.0000000000,1778162409.6730192,0.
1778162409.773019,0.0000000000,1778162409.773019,0.
1778162409.873019,0.0000000000,1778162409.873019,0.
1778162409.9730191,0.0000000000,1778162409.9730191,0.
1778162410.073019,0.0000000000,1778162410.073019,0.
1778162410.1730192,0.0000000000,1778162410.1730192,0.
1778162410.273019,0.0000000000,1778162410.273019,0.
1778162410.373019,0.0000000000,1778162410.373019,0.
1778162410.4730191,0.0000000000,1778162410.4730191,0.
1778162410.573019,0.0000000000,1778162410.573019,0.
1778162410.6730192,0.0000000000,1778162410.6730192,0.
1778162410.773019,0.0000000000,1778162410.773019,0.
1778162410.873019,0.0000000000,1778162410.873019,0.
1778162410.9730191,0.0000000000,1778162410.9730191,0.
1778162411.073019,0.0000000000,1778162411.073019,0.
1778162411.1730192,0.0000000000,1778162411.1730192,0.
1778162411.273019,0.0000000000,1778162411.273019,0.
1778162411.373019,0.0000000000,1778162411.373019,0.
1778162411.4730191,0.0000000000,1778162411.4730191,0.
1778162411.573019,0.0000000000,1778162411.573019,0.
1778162411.6730192,0.0000000000,1778162411.6730192,0.
1778162411.773019,0.0000000000,1778162411.773019,0.
1778162411.873019,0.0000000000,1778162411.873019,0.
1778162411.9730191,0.0000000000,1778162411.9730191,0.
1778162412.073019,0.0000000000,1778162412.073019,0.
1778162412.1730192,0.0000000000,1778162412.1730192,0.
1778162412.273019,0.0000000000,1778162412.273019,0.
1778162412.373019,0.0000000000,1778162412.373019,0.
1778162412.4730191,0.0000000000,1778162412.4730191,0.
1778162412.573019,0.0000000000,1778162412.573019,0.
1778162412.6730192,0.0000000000,1778162412.6730192,0.
1778162412.773019,0.0000000000,1778162412.773019,0.
1778162412.873019,0.0000000000,1778162412.873019,0.
1778162412.9730191,0.0000000000,1778162412.9730191,0.
1778162413.073019,0.0000000000,1778162413.073019,0.
1778162413.1730192,0.0000000000,1778162413.1730192,0.
1778162413.273019,0.0000000000,1778162413.273019,0.
1778162413.373019,0.0000000000,1778162413.373019,0.
1778162413.4730191,0.0000000000,1778162413.4730191,0.
1778162413.573019,0.0000000000,1778162413.573019,0.
1778162413.6730192,0.0000000000,1778162413.6730192,0.
1778162413.773019,0.0000000000,1778162413.773019,0.
1778162413.873019,0.0000000000,1778162413.873019,0.
1778162413.9730191,0.0000000000,1778162413.9730191,0.
1778162414.073019,0.0000000000,1778162414.073019,0.
1778162414.1730192,0.0000000000,1778162414.1730192,0.
1778162414.273019,0.0000000000,1778162414.273019,0.
1778162414.373019,0.0000000000,1778162414.373019,0.
1778162414.4730191,0.0000000000,1778162414.4730191,0.
1778162414.573019,0.0000000000,1778162414.573019,0.
1778162414.6730192,0.0000000000,1778162414.6730192,0.
1778162414.773019,0.0000000000,1778162414.773019,0.
1778162414.873019,0.0000000000,1778162414.873019,0.
1778162414.9730191,0.0000000000,1778162414.9730191,0.
1778162415.073019,0.0000000000,1778162415.073019,0.
1778162415.1730192,0.0000000000,1778162415.1730192,0.
1778162415.273019,0.0000000000,1778162415.273019,0.
1778162415.373019,0.0000000000,1778162415.373019,0.
1778162415.4730191,0.0000000000,1778162415.4730191,0.
1778162415.573019,0.0000000000,1778162415.573019,0.
1778162415.6730192,0.0000000000,1778162415.6730192,0.
1778162415.773019,0.0000000000,1778162415.773019,0.
1778162415.873019,0.0000000000,1778162415.873019,0.
1778162415.9730191,0.0000000000,1778162415.9730191,0.
1778162416.073019,0.0000000000,1778162416.073019,0.
1778162416.1730192,0.0000000000,1778162416.1730192,0.
1778162416.273019,0.0000000000,1778162416.273019,0.
1778162416.373019,0.0000000000,1778162416.373019,0.
1778162416.4730191,0.0000000000,1778162416.4730191,0.
1778162416.573019,0.0000000000,1778162416.573019,0.
1778162416.6730192,0.0000000000,1778162416.6730192,0.
1778162416.773019,0.0000000000,1778162416.773019,0.
1778162416.873019,0.0000000000,1778162416.873019,0.
1778162416.9730191,0.0000000000,1778162416.9730191,0.
1778162417.073019,0.0000000000,1778162417.073019,0.
1778162417.1730192,0.0000000000,1778162417.1730192,0.
1778162417.273019,0.0000000000,1778162417.273019,0.
1778162417.373019,0.0000000000,1778162417.373019,0.
1778162417.4730191,0.0000000000,1778162417.4730191,0.
1778162417.573019,0.0000000000,1778162417.573019,0.
1778162417.6730192,0.0000000000,1778162417.6730192,0.
1778162417.773019,0.0000000000,1778162417.773019,0.
1778162417.873019,0.0000000000,1778162417.873019,0.
1778162417.9730191,0.0000000000,1778162417.9730191,0.
1778162418.073019,0.0000000000,1778162418.073019,0.
1778162418.1730192,0.0000000000,1778162418.1730192,0.
1778162418.273019,0.0000000000,1778162418.273019,0.
1778162418.373019,0.0000000000,1778162418.373019,0.
1778162418.4730191,0.0000000000,1778162418.4730191,0.
1778162418.573019,0.0000000000,1778162418.573019,0.
1778162418.6730192,0.0000000000,1778162418.6730192,0.
1778162418.773019,0.0000000000,1778162418.773019,0.
1778162418.873019,0.0000000000,1778162418.873019,0.
1778162418.9730191,0.0000000000,1778162418.9730191,0.
1778162419.073019,0.0000000000,1778162419.073019,0.
1778162419.1730192,0.0000000000,1778162419.1730192,0.
1778162419.273019,0.0000000000,1778162419.273019,0.
1778162419.373019,0.0000000000,1778162419.373019,0.
1778162419.4730191,0.0000000000,1778162419.4730191,0.
1778162419.573019,0.0000000000,1778162419.573019,0.
1778162419.6730192,0.0000000000,1778162419.6730192,0.
1778162419.773019,0.0000000000,1778162419.773019,0.
1778162419.873019,0.0000000000,1778162419.873019,0.
1778162419.9730191,0.0000000000,1778162419.9730191,0.
1778162420.073019,0.0000000000,1778162420.073019,0.
1778162420.1730192,0.0000000000,1778162420.1730192,0.
1778162420.273019,0.0000000000,1778162420.273019,0.
1778162420.373019,0.0000000000,1778162420.373019,0.
1778162420.4730191,0.0000000000,1778162420.4730191,0.
1778162420.573019,0.0000000000,1778162420.573019,0.
1778162420.6730192,0.0000000000,1778162420.6730192,0.
1778162420.773019,0.0000000000,1778162420.773019,0.
1778162420.873019,0.0000000000,1778162420.873019,0.
1778162420.9730191,0.0000000000,1778162420.9730191,0.
1778162421.073019,0.0000000000,1778162421.073019,0.
1778162421.1730192,0.0000000000,1778162421.1730192,0.
1778162421.273019,0.0000000000,1778162421.273019,0.
1778162421.373019,0.0000000000,1778162421.373019,0.
1778162421.4730191,0.0000000000,1778162421.4730191,0.
1778162421.573019,0.0000000000,1778162421.573019,0.
1778162421.6730192,0.0000000000,1778162421.6730192,0.
1778162421.773019,0.0000000000,1778162421.773019,0.
1778162421.873019,0.0000000000,1778162421.873019,0.
1778162421.9730191,0.0000000000,1778162421.9730191,0.
1778162422.073019,0.0000000000,1778162422.073019,0.
1778162422.1730192,0.0000000000,1778162422.1730192,0.
1778162422.273019,0.0000000000,1778162422.273019,0.
1778162422.373019,0.0000000000,1778162422.373019,0.
1778162422.4730191,0.0000000000,1778162422.4730191,0.
1778162422.573019,0.0000000000,1778162422.573019,0.
1778162422.6730192,0.0000000000,1778162422.6730192,0.
1778162422.773019,0.0000000000,1778162422.773019,0.
1778162422.873019,0.0000000000,1778162422.873019,0.
1778162422.9730191,0.0000000000,1778162422.9730191,0.
1778162423.073019,0.0000000000,1778162423.073019,0.
1778162423.1730192,0.0000000000,1778162423.1730192,0.
1778162423.273019,0.0000000000,1778162423.273019,0.
1778162423.373019,0.0000000000,1778162423.373019,0.
1778162423.4730191,0.0000000000,1778162423.4730191,0.
1778162423.573019,0.0000000000,1778162423.573019,0.
1778162423.6730192,0.0000000000,1778162423.6730192,0.
1778162423.773019,0.0000000000,1778162423.773019,0.
1778162423.873019,0.0000000000,1778162423.873019,0.
1778162423.9730191,0.0000000000,1778162423.9730191,0.
1778162424.073019,0.0000000000,1778162424.073019,0.
1778162424.1730192,0.0000000000,1778162424.1730192,0.
1778162424.273019,0.0000000000,1778162424.273019,0.
1778162424.373019,0.0000000000,1778162424.373019,0.
1778162424.4730191,0.0000000000,1778162424.4730191,0.
1778162424.573019,0.0000000000,1778162424.573019,0.
1778162424.6730192,0.0000000000,1778162424.6730192,0.
1778162424.773019,0.0000000000,1778162424.773019,0.
1778162424.873019,0.0000000000,1778162424.873019,0.
1778162424.9730191,0.0000000000,1778162424.9730191,0.
1778162425.073019,0.0000000000,1778162425.073019,0.
1778162425.1730192,0.0000000000,1778162425.1730192,0.
1778162425.273019,0.0000000000,1778162425.273019,0.
1778162425.373019,0.0000000000,1778162425.373019,0.
1778162425.4730191,0.0000000000,1778162425.4730191,0.
1778162425.573019,0.0000000000,1778162425.573019,0.
1778162425.6730192,0.0000000000,1778162425.6730192,0.
1778162425.773019,0.0000000000,1778162425.773019,0.
1778162425.873019,0.0000000000,1778162425.873019,0.
1778162425.9730191,0.0000000000,1778162425.9730191,0.
1778162426.073019,0.0000000000,1778162426.073019,0.
1778162426.1730192,0.0000000000,1778162426.1730192,0.
1778162426.273019,0.0000000000,1778162426.273019,0.
1778162426.373019,0.0000000000,1778162426.373019,0.
1778162426.4730191,0.0000000000,1778162426.4730191,0.
1778162426.573019,0.0000000000,1778162426.573019,0.
1778162426.6730192,0.0000000000,1778162426.6730192,0.
1778162426.773019,0.0000000000,1778162426.773019,0.
1778162426.873019,0.0000000000,1778162426.873019,0.
1778162426.9730191,0.0000000000,1778162426.9730191,0.
1778162427.073019,0.0000000000,1778162427.073019,0.
1778162427.1730192,0.0000000000,1778162427.1730192,0.
1778162427.273019,0.0000000000,1778162427.273019,0.
1778162427.373019,0.0000000000,1778162427.373019,0.
1778162427.4730191,0.0000000000,1778162427.4730191,0.
1778162427.573019,0.0000000000,1778162427.573019,0.
1778162427.6730192,0.0000000000,1778162427.6730192,0.
1778162427.773019,0.0000000000,1778162427.773019,0.
1778162427.873019,0.0000000000,1778162427.873019,0.
1778162427.9730191,0.0000000000,1778162427.9730191,0.
1778162428.073019,0.0000000000,1778162428.073019,0.
1778162428.1730192,0.0000000000,1778162428.1730192,0.
1778162428.273019,0.0000000000,1778162428.273019,0.
1778162428.373019,0.0000000000,1778162428.373019,0.
1778162428.4730191,0.0000000000,1778162428.4730191,0.
1778162428.573019,0.0000000000,1778162428.573019,0.
1778162428.6730192,0.0000000000,1778162428.6730192,0.
1778162428.773019,0.0000000000,1778162428.773019,0.
1778162428.873019,0.0000000000,1778162428.873019,0.
1778162428.9730191,0.0000000000,1778162428.9730191,0.
1778162429.073019,0.0000000000,1778162429.073019,0.
1778162429.1730192,0.0000000000,1778162429.1730192,0.
1778162429.273019,0.0000000000,1778162429.273019,0.
1778162429.373019,0.0000000000,1778162429.373019,0.
1778162429.4730191,0.0000000000,1778162429.4730191,0.
1778162429.573019,0.0000000000,1778162429.573019,0.
1778162429.6730192,0.0000000000,1778162429.6730192,0.
1778162429.773019,0.0000000000,1778162429.773019,0.
1778162429.873019,0.0000000000,1778162429.873019,0.
1778162429.9730191,0.0000000000,1778162429.9730191,0.
1778162430.073019,0.0000000000,1778162430.073019,0.
1778162430.1730192,0.0000000000,1778162430.1730192,0.
1778162430.273019,0.0000000000,1778162430.273019,0.
1778162430.373019,0.0000000000,1778162430.373019,0.
1778162430.4730191,0.0000000000,1778162430.4730191,0.
1778162430.573019,0.0000000000,1778162430.573019,0.
1778162430.6730192,0.0000000000,1778162430.6730192,0.
1778162430.773019,0.0000000000,1778162430.773019,0.
1778162430.873019,0.0000000000,1778162430.873019,0.
1778162430.9730191,0.0000000000,1778162430.9730191,0.
1778162431.073019,0.0000000000,1778162431.073019,0.
1778162431.1730192,0.0000000000,1778162431.1730192,0.
1778162431.273019,0.0000000000,1778162431.273019,0.
1778162431.373019,0.0000000000,1778162431.373019,0.
1778162431.4730191,0.0000000000,1778162431.4730191,0.
1778162431.573019,0.0000000000,1778162431.573019,0.
1778162431.6730192,0.0000000000,1778162431.6730192,0.
1778162431.773019,0.0000000000,1778162431.773019,0.
1778162431.873019,0.0000000000,1778162431.873019,0.
1778162431.9730191,0.0000000000,1778162431.9730191,0.
1778162432.073019,0.0000000000,1778162432.073019,0.
1778162432.1730192,0.0000000000,1778162432.1730192,0.
1778162432.273019,0.0000000000,1778162432.273019,0.
1778162432.373019,0.0000000000,1778162432.373019,0.
1778162432.4730191,0.0000000000,1778162432.4730191,0.
1778162432.573019,0.0000000000,1778162432.573019,0.
1778162432.6730192,0.0000000000,1778162432.6730192,0.
1778162432.773019,0.0000000000,1778162432.773019,0.
1778162432.873019,0.0000000000,1778162432.873019,0.
1778162432.9730191,0.0000000000,1778162432.9730191,0.
1778162433.073019,0.0000000000,1778162433.073019,0.
1778162433.1730192,0.0000000000,1778162433.1730192,0.
1778162433.273019,0.0000000000,1778162433.273019,0.
1778162433.373019,0.0000000000,1778162433.373019,0.
1778162433.4730191,0.0000000000,1778162433.4730191,0.
1778162433.573019,0.0000000000,1778162433.573019,0.
1778162433.6730192,0.0000000000,1778162433.6730192,0.
1778162433.773019,0.0000000000,1778162433.773019,0.
1778162433.873019,0.0000000000,1778162433.873019,0.
1778162433.9730191,0.0000000000,1778162433.9730191,0.
1778162434.073019,0.0000000000,1778162434.073019,0.
1778162434.1730192,0.0000000000,1778162434.1730192,0.
1778162434.273019,0.0000000000,1778162434.273019,0.
1778162434.373019,0.0000000000,1778162434.373019,0.
1778162434.4730191,0.0000000000,1778162434.4730191,0.
1778162434.573019,0.0000000000,1778162434.573019,0.
1778162434.6730192,0.0000000000,1778162434.6730192,0.
1778162434.773019,0.0000000000,1778162434.773019,0.
1778162434.873019,0.0000000000,1778162434.873019,0.
1778162434.9730191,0.0000000000,1778162434.9730191,0.
1778162435.073019,0.0000000000,1778162435.073019,0.
1778162435.1730192,0.0000000000,1778162435.1730192,0.
1778162435.273019,0.0000000000,1778162435.273019,0.
1778162435.373019,0.0000000000,1778162435.373019,0.
1778162435.4730191,0.0000000000,1778162435.4730191,0.
1778162435.573019,0.0000000000,1778162435.573019,0.
1778162435.6730192,0.0000000000,1778162435.6730192,0.
1778162435.773019,0.0000000000,1778162435.773019,0.
1778162435.873019,0.0000000000,1778162435.873019,0.
1778162435.9730191,0.0000000000,1778162435.9730191,0.
1778162436.073019,0.0000000000,1778162436.073019,0.
1778162436.1730192,0.0000000000,1778162436.1730192,0.
1778162436.273019,0.0000000000,1778162436.273019,0.
1778162436.373019,0.0000000000,1778162436.373019,0.
1778162436.4730191,0.0000000000,1778162436.4730191,0.
1778162436.573019,0.0000000000,1778162436.573019,0.
1778162436.6730192,0.0000000000,1778162436.6730192,0.
1778162436.773019,0.0000000000,1778162436.773019,0.
1778162436.873019,0.0000000000,1778162436.873019,0.
1778162436.9730191,0.0000000000,1778162436.9730191,0.
1778162437.073019,0.0000000000,1778162437.073019,0.
1778162437.1730192,0.0000000000,1778162437.1730192,0.
1778162437.273019,0.0000000000,1778162437.273019,0.
1778162437.373019,0.0000000000,1778162437.373019,0.
1778162437.4730191,0.0000000000,1778162437.4730191,0.
1778162437.573019,0.0000000000,1778162437.573019,0.
1778162437.6730192,0.0000000000,1778162437.6730192,0.
1778162437.773019,0.0000000000,1778162437.773019,0.
1778162437.873019,0.0000000000,1778162437.873019,0.
1778162437.9730191,0.0000000000,1778162437.9730191,0.
1778162438.073019,0.0000000000,1778162438.073019,0.
1778162438.1730192,0.0000000000,1778162438.1730192,0.
1778162438.273019,0.0000000000,1778162438.273019,0.
1778162438.373019,0.0000000000,1778162438.373019,0.
1778162438.4730191,0.0000000000,1778162438.4730191,0.
1778162438.573019,0.0000000000,1778162438.573019,0.
1778162438.6730192,0.0000000000,1778162438.6730192,0.
1778162438.773019,0.0000000000,1778162438.773019,0.
1778162438.873019,0.0000000000,1778162438.873019,0.
1778162438.9730191,0.0000000000,1778162438.9730191,0.
1778162439.073019,0.0000000000,1778162439.073019,0.
1778162439.1730192,0.0000000000,1778162439.1730192,0.
1778162439.273019,0.0000000000,1778162439.273019,0.
1778162439.373019,0.0000000000,1778162439.373019,0.
1778162439.4730191,0.0000000000,1778162439.4730191,0.
1778162439.573019,0.0000000000,1778162439.573019,0.
1778162439.6730192,0.0000000000,1778162439.6730192,0.
1778162439.773019,0.0000000000,1778162439.773019,0.
1778162439.873019,0.0000000000,1778162439.873019,0.
1778162439.9730191,0.0000000000,1778162439.9730191,0.
1778162440.073019,0.0000000000,1778162440.073019,0.
1778162440.1730192,0.0000000000,1778162440.1730192,0.
1778162440.273019,0.0000000000,1778162440.273019,0.
1778162440.373019,0.0000000000,1778162440.373019,0.
1778162440.4730191,0.0000000000,1778162440.4730191,0.
1778162440.573019,0.0000000000,1778162440.573019,0.
1778162440.6730192,0.0000000000,1778162440.6730192,0.
1778162440.773019,0.0000000000,1778162440.773019,0.
1778162440.873019,0.0000000000,1778162440.873019,0.
1778162440.9730191,0.0000000000,1778162440.9730191,0.
1778162441.073019,0.0000000000,1778162441.073019,0.
1778162441.1730192,0.0000000000,1778162441.1730192,0.
1778162441.273019,0.0000000000,1778162441.273019,0.
1778162441.373019,0.0000000000,1778162441.373019,0.
1778162441.4730191,0.0000000000,1778162441.4730191,0.
1778162441.573019,0.0000000000,1778162441.573019,0.
1778162441.6730192,0.0000000000,1778162441.6730192,0.
1778162441.773019,0.0000000000,1778162441.773019,0.
1778162441.873019,0.0000000000,1778162441.873019,0.
1778162441.9730191,0.0000000000,1778162441.9730191,0.
1778162442.073019,0.0000000000,1778162442.073019,0.
1778162442.1730192,0.0000000000,1778162442.1730192,0.
1778162442.273019,0.0000000000,1778162442.273019,0.
1778162442.373019,0.0000000000,1778162442.373019,0.
1778162442.4730191,0.0000000000,1778162442.4730191,0.
1778162442.573019,0.0000000000,1778162442.573019,0.
1778162442.6730192,0.0000000000,1778162442.6730192,0.
1778162442.773019,0.0000000000,1778162442.773019,0.
1778162442.873019,0.0000000000,1778162442.873019,0.
1778162442.9730191,0.0000000000,1778162442.9730191,0.
1778162443.073019,0.0000000000,1778162443.073019,0.
1778162443.1730192,0.0000000000,1778162443.1730192,0.
1778162443.273019,0.0000000000,1778162443.273019,0.
1778162443.373019,0.0000000000,1778162443.373019,0.
1778162443.4730191,0.0000000000,1778162443.4730191,0.
1778162443.573019,0.0000000000,1778162443.573019,0.
1778162443.6730192,0.0000000000,1778162443.6730192,0.
1778162443.773019,0.0000000000,1778162443.773019,0.
1778162443.873019,0.0000000000,1778162443.873019,0.
1778162443.9730191,0.0000000000,1778162443.9730191,0.
1778162444.073019,0.0000000000,1778162444.073019,0.
1778162444.1730192,0.0000000000,1778162444.1730192,0.
1778162444.273019,0.0000000000,1778162444.273019,0.
1778162444.373019,0.0000000000,1778162444.373019,0.
1778162444.4730191,0.0000000000,1778162444.4730191,0.
1778162444.573019,0.0000000000,1778162444.573019,0.
1778162444.6730192,0.0000000000,1778162444.6730192,0.
1778162444.773019,0.0000000000,1778162444.773019,0.
1778162444.873019,0.0000000000,1778162444.873019,0.
1778162444.9730191,0.0000000000,1778162444.9730191,0.
1778162445.073019,0.0000000000,1778162445.073019,0.
1778162445.1730192,0.0000000000,1778162445.1730192,0.
1778162445.273019,0.0000000000,1778162445.273019,0.
1778162445.373019,0.0000000000,1778162445.373019,0.
1778162445.4730191,0.0000000000,1778162445.4730191,0.
1778162445.573019,0.0000000000,1778162445.573019,0.
1778162445.6730192,0.0000000000,1778162445.6730192,0.
1778162445.773019,0.0000000000,1778162445.773019,0.
1778162445.873019,0.0000000000,1778162445.873019,0.
1778162445.9730191,0.0000000000,1778162445.9730191,0.
1778162446.073019,0.0000000000,1778162446.073019,0.
1778162446.1730192,0.0000000000,1778162446.1730192,0.
1778162446.273019,0.0000000000,1778162446.273019,0.
1778162446.373019,0.0000000000,1778162446.373019,0.
1778162446.4730191,0.0000000000,1778162446.4730191,0.
1778162446.573019,0.0000000000,1778162446.573019,0.
1778162446.6730192,0.0000000000,1778162446.6730192,0.
1778162446.773019,0.0000000000,1778162446.773019,0.
1778162446.873019,0.0000000000,1778162446.873019,0.
1778162446.9730191,0.0000000000,1778162446.9730191,0.
1778162447.073019,0.0000000000,1778162447.073019,0.
1778162447.1730192,0.0000000000,1778162447.1730192,0.
1778162447.273019,0.0000000000,1778162447.273019,0.
1778162447.373019,0.0000000000,1778162447.373019,0.
1778162447.4730191,0.0000000000,1778162447.4730191,0.
1778162447.573019,0.0000000000,1778162447.573019,0.
1778162447.6730192,0.0000000000,1778162447.6730192,0.
1778162447.773019,0.0000000000,1778162447.773019,0.
1778162447.873019,0.0000000000,1778162447.873019,0.
1778162447.9730191,0.0000000000,1778162447.9730191,0.
1778162448.073019,0.0000000000,1778162448.073019,0.
1778162448.1730192,0.0000000000,1778162448.1730192,0.
1778162448.273019,0.0000000000,1778162448.273019,0.
1778162448.373019,0.0000000000,1778162448.373019,0.
1778162448.4730191,0.0000000000,1778162448.4730191,0.
1778162448.573019,0.0000000000,1778162448.573019,0.
1778162448.6730192,0.0000000000,1778162448.6730192,0.
1778162448.773019,0.0000000000,1778162448.773019,0.
1778162448.873019,0.0000000000,1778162448.873019,0.
1778162448.9730191,0.0000000000,1778162448.9730191,0.
1778162449.073019,0.0000000000,1778162449.073019,0.
1778162449.1730192,0.0000000000,1778162449.1730192,0.
1778162449.273019,0.0000000000,1778162449.273019,0.
1778162449.373019,0.0000000000,1778162449.373019,0.
1778162449.4730191,0.0000000000,1778162449.4730191,0.
1778162449.573019,0.0000000000,1778162449.573019,0.
1778162449.6730192,0.0000000000,1778162449.6730192,0.
1778162449.773019,0.0000000000,1778162449.773019,0.
1778162449.873019,0.0000000000,1778162449.873019,0.
1778162449.9730191,0.0000000000,1778162449.9730191,0.
1778162450.073019,0.0000000000,1778162450.073019,0.
1778162450.1730192,0.0000000000,1778162450.1730192,0.
1778162450.273019,0.0000000000,1778162450.273019,0.
1778162450.373019,0.0000000000,1778162450.373019,0.
1778162450.4730191,0.0000000000,1778162450.4730191,0.
1778162450.573019,0.0000000000,1778162450.573019,0.
1778162450.6730192,0.0000000000,1778162450.6730192,0.
1778162450.773019,0.0000000000,1778162450.773019,0.
1778162450.873019,0.0000000000,1778162450.873019,0.
1778162450.9730191,0.0000000000,1778162450.9730191,0.
1778162451.073019,0.0000000000,1778162451.073019,0.
1778162451.1730192,0.0000000000,1778162451.1730192,0.
1778162451.273019,0.0000000000,1778162451.273019,0.
1778162451.373019,0.0000000000,1778162451.373019,0.
1778162451.4730191,0.0000000000,1778162451.4730191,0.
1778162451.573019,0.0000000000,1778162451.573019,0.
1778162451.6730192,0.0000000000,1778162451.6730192,0.
1778162451.773019,0.0000000000,1778162451.773019,0.
1778162451.873019,0.0000000000,1778162451.873019,0.
1778162451.9730191,0.0000000000,1778162451.9730191,0.
1778162452.073019,0.0000000000,1778162452.073019,0.
1778162452.1730192,0.0000000000,1778162452.1730192,0.
1778162452.273019,0.0000000000,1778162452.273019,0.
1778162452.373019,0.0000000000,1778162452.373019,0.
1778162452.4730191,0.0000000000,1778162452.4730191,0.
1778162452.573019,0.0000000000,1778162452.573019,0.
1778162452.6730192,0.0000000000,1778162452.6730192,0.
1778162452.773019,0.0000000000,1778162452.773019,0.
1778162452.873019,0.0000000000,1778162452.873019,0.
1778162452.9730191,0.0000000000,1778162452.9730191,0.
1778162453.073019,0.0000000000,1778162453.073019,0.
1778162453.1730192,0.0000000000,1778162453.1730192,0.
1778162453.273019,0.0000000000,1778162453.273019,0.
1778162453.373019,0.0000000000,1778162453.373019,0.
1778162453.4730191,0.0000000000,1778162453.4730191,0.
1778162453.573019,0.0000000000,1778162453.573019,0.
1778162453.6730192,0.0000000000,1778162453.6730192,0.
1778162453.773019,0.0000000000,1778162453.773019,0.
1778162453.873019,0.0000000000,1778162453.873019,0.
1778162453.9730191,0.0000000000,1778162453.9730191,0.
1778162454.073019,0.0000000000,1778162454.073019,0.
1778162454.1730192,0.0000000000,1778162454.1730192,0.
1778162454.273019,0.0000000000,1778162454.273019,0.
1778162454.373019,0.0000000000,1778162454.373019,0.
1778162454.4730191,0.0000000000,1778162454.4730191,0.
1778162454.573019,0.0000000000,1778162454.573019,0.
1778162454.6730192,0.0000000000,1778162454.6730192,0.
1778162454.773019,0.0000000000,1778162454.773019,0.
1778162454.873019,0.0000000000,1778162454.873019,0.
1778162454.9730191,0.0000000000,1778162454.9730191,0.
1778162455.073019,0.0000000000,1778162455.073019,0.
1778162455.1730192,0.0000000000,1778162455.1730192,0.
1778162455.273019,0.0000000000,1778162455.273019,0.
1778162455.373019,0.0000000000,1778162455.373019,0.
1778162455.4730191,0.0000000000,1778162455.4730191,0.
1778162455.573019,0.0000000000,1778162455.573019,0.
1778162455.6730192,0.0000000000,1778162455.6730192,0.
1778162455.773019,0.0000000000,1778162455.773019,0.
1778162455.873019,0.0000000000,1778162455.873019,0.
1778162455.9730191,0.0000000000,1778162455.9730191,0.
1778162456.073019,0.0000000000,1778162456.073019,0.
1778162456.1730192,0.0000000000,1778162456.1730192,0.
1778162456.273019,0.0000000000,1778162456.273019,0.
1778162456.373019,0.0000000000,1778162456.373019,0.
1778162456.4730191,0.0000000000,1778162456.4730191,0.
1778162456.573019,0.0000000000,1778162456.573019,0.
1778162456.6730192,0.0000000000,1778162456.6730192,0.
1778162456.773019,0.0000000000,1778162456.773019,0.
1778162456.873019,0.0000000000,1778162456.873019,0.
1778162456.9730191,0.0000000000,1778162456.9730191,0.
1778162457.073019,0.0000000000,1778162457.073019,0.
1778162457.1730192,0.0000000000,1778162457.1730192,0.
1778162457.273019,0.0000000000,1778162457.273019,0.
1778162457.373019,0.0000000000,1778162457.373019,0.
1778162457.4730191,0.0000000000,1778162457.4730191,0.
1778162457.573019,0.0000000000,1778162457.573019,0.
1778162457.6730192,0.0000000000,1778162457.6730192,0.
1778162457.773019,0.0000000000,1778162457.773019,0.
1778162457.873019,0.0000000000,1778162457.873019,0.
1778162457.9730191,0.0000000000,1778162457.9730191,0.
1778162458.073019,0.0000000000,1778162458.073019,0.
1778162458.1730192,0.0000000000,1778162458.1730192,0.
1778162458.273019,0.0000000000,1778162458.273019,0.
1778162458.373019,0.0000000000,1778162458.373019,0.
1778162458.4730191,0.0000000000,1778162458.4730191,0.
1778162458.573019,0.0000000000,1778162458.573019,0.
1778162458.6730192,0.0000000000,1778162458.6730192,0.
1778162458.773019,0.0000000000,1778162458.773019,0.
1778162458.873019,0.0000000000,1778162458.873019,0.
1778162458.9730191,0.0000000000,1778162458.9730191,0.
1778162459.073019,0.0000000000,1778162459.073019,0.
1778162459.1730192,0.0000000000,1778162459.1730192,0.
1778162459.273019,0.0000000000,1778162459.273019,0.
1778162459.373019,0.0000000000,1778162459.373019,0.
1778162459.4730191,0.0000000000,1778162459.4730191,0.
1778162459.573019,0.0000000000,1778162459.573019,0.
1778162459.6730192,0.0000000000,1778162459.6730192,0.
1778162459.773019,0.0000000000,1778162459.773019,0.
1778162459.873019,0.0000000000,1778162459.873019,0.
1778162459.9730191,0.0000000000,1778162459.9730191,0.
1778162460.073019,0.0000000000,1778162460.073019,0.
1778162460.1730192,0.0000000000,1778162460.1730192,0.
1778162460.273019,0.0000000000,1778162460.273019,0.
1778162460.373019,0.0000000000,1778162460.373019,0.
1778162460.4730191,0.0000000000,1778162460.4730191,0.
1778162460.573019,0.0000000000,1778162460.573019,0.
1778162460.6730192,0.0000000000,1778162460.6730192,0.
1778162460.773019,0.0000000000,1778162460.773019,0.
1778162460.873019,0.0000000000,1778162460.873019,0.
1778162460.9730191,0.0000000000,1778162460.9730191,0.
1778162461.073019,0.0000000000,1778162461.073019,0.
1778162461.1730192,0.0000000000,1778162461.1730192,0.
1778162461.273019,0.0000000000,1778162461.273019,0.
1778162461.373019,0.0000000000,1778162461.373019,0.
1778162461.4730191,0.0000000000,1778162461.4730191,0.
1778162461.573019,0.0000000000,1778162461.573019,0.
1778162461.6730192,0.0000000000,1778162461.6730192,0.
1778162461.773019,0.0000000000,1778162461.773019,0.
1778162461.873019,0.0000000000,1778162461.873019,0.
1778162461.9730191,0.0000000000,1778162461.9730191,0.
1778162462.073019,0.0000000000,1778162462.073019,0.
1778162462.1730192,0.0000000000,1778162462.1730192,0.
1778162462.273019,0.0000000000,1778162462.273019,0.
1778162462.373019,0.0000000000,1778162462.373019,0.
1778162462.4730191,0.0000000000,1778162462.4730191,0.
1778162462.573019,0.0000000000,1778162462.573019,0.
1778162462.6730192,0.0000000000,1778162462.6730192,0.
1778162462.773019,0.0000000000,1778162462.773019,0.
1778162462.873019,0.0000000000,1778162462.873019,0.
1778162462.9730191,0.0000000000,1778162462.9730191,0.
1778162463.073019,0.0000000000,1778162463.073019,0.
1778162463.1730192,0.0000000000,1778162463.1730192,0.
1778162463.273019,0.0000000000,1778162463.273019,0.
1778162463.373019,0.0000000000,1778162463.373019,0.
1778162463.4730191,0.0000000000,1778162463.4730191,0.
1778162463.573019,0.0000000000,1778162463.573019,0.
1778162463.6730192,0.0000000000,1778162463.6730192,0.
1778162463.773019,0.0000000000,1778162463.773019,0.
1778162463.873019,0.0000000000,1778162463.873019,0.
1778162463.9730191,0.0000000000,1778162463.9730191,0.
1778162464.073019,0.0000000000,1778162464.073019,0.
1778162464.1730192,0.0000000000,1778162464.1730192,0.
1778162464.273019,0.0000000000,1778162464.273019,0.
1778162464.373019,0.0000000000,1778162464.373019,0.
1778162464.4730191,0.0000000000,1778162464.4730191,0.
1778162464.573019,0.0000000000,1778162464.573019,0.
1778162464.6730192,0.0000000000,1778162464.6730192,0.
1778162464.773019,0.0000000000,1778162464.773019,0.
1778162464.873019,0.0000000000,1778162464.873019,0.
1778162464.9730191,0.0000000000,1778162464.9730191,0.
1778162465.073019,0.0000000000,1778162465.073019,0.
1778162465.1730192,0.0000000000,1778162465.1730192,0.
1778162465.273019,0.0000000000,1778162465.273019,0.
1778162465.373019,0.0000000000,1778162465.373019,0.
1778162465.4730191,0.0000000000,1778162465.4730191,0.
1778162465.573019,0.0000000000,1778162465.573019,0.
1778162465.6730192,0.0000000000,1778162465.6730192,0.
1778162465.773019,0.0000000000,1778162465.773019,0.
1778162465.873019,0.0000000000,1778162465.873019,0.
1778162465.9730191,0.0000000000,1778162465.9730191,0.
1778162466.073019,0.0000000000,1778162466.073019,0.
1778162466.1730192,0.0000000000,1778162466.1730192,0.
1778162466.273019,0.0000000000,1778162466.273019,0.
1778162466.373019,0.0000000000,1778162466.373019,0.
1778162466.4730191,0.0000000000,1778162466.4730191,0.
1778162466.573019,0.0000000000,1778162466.573019,0.
1778162466.6730192,0.0000000000,1778162466.6730192,0.
1778162466.773019,0.0000000000,1778162466.773019,0.
1778162466.873019,0.0000000000,1778162466.873019,0.
1778162466.9730191,0.0000000000,1778162466.9730191,0.
1778162467.073019,0.0000000000,1778162467.073019,0.
1778162467.1730192,0.0000000000,1778162467.1730192,0.
1778162467.273019,0.0000000000,1778162467.273019,0.
1778162467.373019,0.0000000000,1778162467.373019,0.
1778162467.4730191,0.0000000000,1778162467.4730191,0.
1778162467.573019,0.0000000000,1778162467.573019,0.
1778162467.6730192,0.0000000000,1778162467.6730192,0.
1778162467.773019,0.0000000000,1778162467.773019,0.
1778162467.873019,0.0000000000,1778162467.873019,0.
1778162467.9730191,0.0000000000,1778162467.9730191,0.
1778162468.073019,0.0000000000,1778162468.073019,0.
1778162468.1730192,0.0000000000,1778162468.1730192,0.
1778162468.273019,0.0000000000,1778162468.273019,0.
1778162468.373019,0.0000000000,1778162468.373019,0.
1778162468.4730191,0.0000000000,1778162468.4730191,0.
1778162468.573019,0.0000000000,1778162468.573019,0.
1778162468.6730192,0.0000000000,1778162468.6730192,0.
1778162468.773019,0.0000000000,1778162468.773019,0.
1778162468.873019,0.0000000000,1778162468.873019,0.
1778162468.9730191,0.0000000000,1778162468.9730191,0.
1778162469.073019,0.0000000000,1778162469.073019,0.
1778162469.1730192,0.0000000000,1778162469.1730192,0.
1778162469.273019,0.0000000000,1778162469.273019,0.
1778162469.373019,0.0000000000,1778162469.373019,0.
1778162469.4730191,0.0000000000,1778162469.4730191,0.
1778162469.573019,0.0000000000,1778162469.573019,0.
1778162469.6730192,0.0000000000,1778162469.6730192,0.
1778162469.773019,0.0000000000,1778162469.773019,0.
1778162469.873019,0.0000000000,1778162469.873019,0.
1778162469.9730191,0.0000000000,1778162469.9730191,0.
1778162470.073019,0.0000000000,1778162470.073019,0.
1778162470.1730192,0.0000000000,1778162470.1730192,0.
1778162470.273019,0.0000000000,1778162470.273019,0.
1778162470.373019,0.0000000000,1778162470.373019,0.
1778162470.4730191,0.0000000000,1778162470.4730191,0.
1778162470.573019,0.0000000000,1778162470.573019,0.
1778162470.6730192,0.0000000000,1778162470.6730192,0.
1778162470.773019,0.0000000000,1778162470.773019,0.
1778162470.873019,0.0000000000,1778162470.873019,0.
1778162470.9730191,0.0000000000,1778162470.9730191,0.
1778162471.073019,0.0000000000,1778162471.073019,0.
1778162471.1730192,0.0000000000,1778162471.1730192,0.
1778162471.273019,0.0000000000,1778162471.273019,0.
1778162471.373019,0.0000000000,1778162471.373019,0.
1778162471.4730191,0.0000000000,1778162471.4730191,0.
1778162471.573019,0.0000000000,1778162471.573019,0.
1778162471.6730192,0.0000000000,1778162471.6730192,0.
1778162471.773019,0.0000000000,1778162471.773019,0.
1778162471.873019,0.0000000000,1778162471.873019,0.
1778162471.9730191,0.0000000000,1778162471.9730191,0.
1778162472.073019,0.0000000000,1778162472.073019,0.
1778162472.1730192,0.0000000000,1778162472.1730192,0.
1778162472.273019,0.0000000000,1778162472.273019,0.
1778162472.373019,0.0000000000,1778162472.373019,0.
1778162472.4730191,0.0000000000,1778162472.4730191,0.
1778162472.573019,0.0000000000,1778162472.573019,0.
1778162472.6730192,0.0000000000,1778162472.6730192,0.
1778162472.773019,0.0000000000,1778162472.773019,0.
1778162472.873019,0.0000000000,1778162472.873019,0.
1778162472.9730191,0.0000000000,1778162472.9730191,0.
1778162473.073019,0.0000000000,1778162473.073019,0.
1778162473.1730192,0.0000000000,1778162473.1730192,0.
1778162473.273019,0.0000000000,1778162473.273019,0.
1778162473.373019,0.0000000000,1778162473.373019,0.
1778162473.4730191,0.0000000000,1778162473.4730191,0.
1778162473.573019,0.0000000000,1778162473.573019,0.
1778162473.6730192,0.0000000000,1778162473.6730192,0.
1778162473.773019,0.0000000000,1778162473.773019,0.
1778162473.873019,0.0000000000,1778162473.873019,0.
1778162473.9730191,0.0000000000,1778162473.9730191,0.
1778162474.073019,0.0000000000,1778162474.073019,0.
1778162474.1730192,0.0000000000,1778162474.1730192,0.
1778162474.273019,0.0000000000,1778162474.273019,0.
1778162474.373019,0.0000000000,1778162474.373019,0.
1778162474.4730191,0.0000000000,1778162474.4730191,0.
1778162474.573019,0.0000000000,1778162474.573019,0.
1778162474.6730192,0.0000000000,1778162474.6730192,0.
1778162474.773019,0.0000000000,1778162474.773019,0.
1778162474.873019,0.0000000000,1778162474.873019,0.
1778162474.9730191,0.0000000000,1778162474.9730191,0.
1778162475.073019,0.0000000000,1778162475.073019,0.
1778162475.1730192,0.0000000000,1778162475.1730192,0.
1778162475.273019,0.0000000000,1778162475.273019,0.
1778162475.373019,0.0000000000,1778162475.373019,0.
1778162475.4730191,0.0000000000,1778162475.4730191,0.
1778162475.573019,0.0000000000,1778162475.573019,0.
1778162475.6730192,0.0000000000,1778162475.6730192,0.
1778162475.773019,0.0000000000,1778162475.773019,0.
1778162475.873019,0.0000000000,1778162475.873019,0.
1778162475.9730191,0.0000000000,1778162475.9730191,0.
1778162476.073019,0.0000000000,1778162476.073019,0.
1778162476.1730192,0.0000000000,1778162476.1730192,0.
1778162476.273019,0.0000000000,1778162476.273019,0.
1778162476.373019,0.0000000000,1778162476.373019,0.
1778162476.4730191,0.0000000000,1778162476.4730191,0.
1778162476.573019,0.0000000000,1778162476.573019,0.
1778162476.6730192,0.0000000000,1778162476.6730192,0.
1778162476.773019,0.0000000000,1778162476.773019,0.
1778162476.873019,0.0000000000,1778162476.873019,0.
1778162476.9730191,0.0000000000,1778162476.9730191,0.
1778162477.073019,0.0000000000,1778162477.073019,0.
1778162477.1730192,0.0000000000,1778162477.1730192,0.
1778162477.273019,0.0000000000,1778162477.273019,0.
1778162477.373019,0.0000000000,1778162477.373019,0.
1778162477.4730191,0.0000000000,1778162477.4730191,0.
1778162477.573019,0.0000000000,1778162477.573019,0.
1778162477.6730192,0.0000000000,1778162477.6730192,0.
1778162477.773019,0.0000000000,1778162477.773019,0.
1778162477.873019,0.0000000000,1778162477.873019,0.
1778162477.9730191,0.0000000000,1778162477.9730191,0.
1778162478.073019,0.0000000000,1778162478.073019,0.
1778162478.1730192,0.0000000000,1778162478.1730192,0.
1778162478.273019,0.0000000000,1778162478.273019,0.
1778162478.373019,0.0000000000,1778162478.373019,0.
1778162478.4730191,0.0000000000,1778162478.4730191,0.
1778162478.573019,0.0000000000,1778162478.573019,0.
1778162478.6730192,0.0000000000,1778162478.6730192,0.
1778162478.773019,0.0000000000,1778162478.773019,0.
1778162478.873019,0.0000000000,1778162478.873019,0.
1778162478.9730191,0.0000000000,1778162478.9730191,0.
1778162479.073019,0.0000000000,1778162479.073019,0.
1778162479.1730192,0.0000000000,1778162479.1730192,0.
1778162479.273019,0.0000000000,1778162479.273019,0.
1778162479.373019,0.0000000000,1778162479.373019,0.
1778162479.4730191,0.0000000000,1778162479.4730191,0.
1778162479.573019,0.0000000000,1778162479.573019,0.
1778162479.6730192,0.0000000000,1778162479.6730192,0.
1778162479.773019,0.0000000000,1778162479.773019,0.
1778162479.873019,0.0000000000,1778162479.873019,0.
1778162479.9730191,0.0000000000,1778162479.9730191,0.
1778162480.073019,0.0000000000,1778162480.073019,0.
1778162480.1730192,0.0000000000,1778162480.1730192,0.
1778162480.273019,0.0000000000,1778162480.273019,0.
1778162480.373019,0.0000000000,1778162480.373019,0.
1778162480.4730191,0.0000000000,1778162480.4730191,0.
1778162480.573019,0.0000000000,1778162480.573019,0.
1778162480.6730192,0.0000000000,1778162480.6730192,0.
1778162480.773019,0.0000000000,1778162480.773019,0.
1778162480.873019,0.0000000000,1778162480.873019,0.
1778162480.9730191,0.0000000000,1778162480.9730191,0.
1778162481.073019,0.0000000000,1778162481.073019,0.
1778162481.1730192,0.0000000000,1778162481.1730192,0.
1778162481.273019,0.0000000000,1778162481.273019,0.
1778162481.373019,0.0000000000,1778162481.373019,0.
1778162481.4730191,0.0000000000,1778162481.4730191,0.
1778162481.573019,0.0000000000,1778162481.573019,0.
1778162481.6730192,0.0000000000,1778162481.6730192,0.
1778162481.773019,0.0000000000,1778162481.773019,0.
1778162481.873019,0.0000000000,1778162481.873019,0.
1778162481.9730191,0.0000000000,1778162481.9730191,0.
1778162482.073019,0.0000000000,1778162482.073019,0.
1778162482.1730192,0.0000000000,1778162482.1730192,0.
1778162482.273019,0.0000000000,1778162482.273019,0.
1778162482.373019,0.0000000000,1778162482.373019,0.
1778162482.4730191,0.0000000000,1778162482.4730191,0.
1778162482.573019,0.0000000000,1778162482.573019,0.
1778162482.6730192,0.0000000000,1778162482.6730192,0.
1778162482.773019,0.0000000000,1778162482.773019,0.
1778162482.873019,0.0000000000,1778162482.873019,0.
1778162482.9730191,0.0000000000,1778162482.9730191,0.
1778162483.073019,0.0000000000,1778162483.073019,0.
1778162483.1730192,0.0000000000,1778162483.1730192,0.
1778162483.273019,0.0000000000,1778162483.273019,0.
1778162483.373019,0.0000000000,1778162483.373019,0.
1778162483.4730191,0.0000000000,1778162483.4730191,0.
1778162483.573019,0.0000000000,1778162483.573019,0.
1778162483.6730192,0.0000000000,1778162483.6730192,0.
1778162483.773019,0.0000000000,1778162483.773019,0.
1778162483.873019,0.0000000000,1778162483.873019,0.
1778162483.9730191,0.0000000000,1778162483.9730191,0.
1778162484.073019,0.0000000000,1778162484.073019,0.
1778162484.1730192,0.0000000000,1778162484.1730192,0.
1778162484.273019,0.0000000000,1778162484.273019,0.
1778162484.373019,0.0000000000,1778162484.373019,0.
1778162484.4730191,0.0000000000,1778162484.4730191,0.
1778162484.573019,0.0000000000,1778162484.573019,0.
1778162484.6730192,0.0000000000,1778162484.6730192,0.
1778162484.773019,0.0000000000,1778162484.773019,0.
1778162484.873019,0.0000000000,1778162484.873019,0.
1778162484.9730191,0.0000000000,1778162484.9730191,0.
1778162485.073019,0.0000000000,1778162485.073019,0.
1778162485.1730192,0.0000000000,1778162485.1730192,0.
1778162485.273019,0.0000000000,1778162485.273019,0.
1778162485.373019,0.0000000000,1778162485.373019,0.
1778162485.4730191,0.0000000000,1778162485.4730191,0.
1778162485.573019,0.0000000000,1778162485.573019,0.
1778162485.6730192,0.0000000000,1778162485.6730192,0.
1778162485.773019,0.0000000000,1778162485.773019,0.
1778162485.873019,0.0000000000,1778162485.873019,0.
1778162485.9730191,0.0000000000,1778162485.9730191,0.
1778162486.073019,0.0000000000,1778162486.073019,0.
1778162486.1730192,0.0000000000,1778162486.1730192,0.
1778162486.273019,0.0000000000,1778162486.273019,0.
1778162486.373019,0.0000000000,1778162486.373019,0.
1778162486.4730191,0.0000000000,1778162486.4730191,0.
1778162486.573019,0.0000000000,1778162486.573019,0.
1778162486.6730192,0.0000000000,1778162486.6730192,0.
1778162486.773019,0.0000000000,1778162486.773019,0.
1778162486.873019,0.0000000000,1778162486.873019,0.
1778162486.9730191,0.0000000000,1778162486.9730191,0.
1778162487.073019,0.0000000000,1778162487.073019,0.
1778162487.1730192,0.0000000000,1778162487.1730192,0.
1778162487.273019,0.0000000000,1778162487.273019,0.
1778162487.373019,0.0000000000,1778162487.373019,0.
1778162487.4730191,0.0000000000,1778162487.4730191,0.
1778162487.573019,0.0000000000,1778162487.573019,0.
1778162487.6730192,0.0000000000,1778162487.6730192,0.
1778162487.773019,0.0000000000,1778162487.773019,0.
1778162487.873019,0.0000000000,1778162487.873019,0.
1778162487.9730191,0.0000000000,1778162487.9730191,0.
1778162488.073019,0.0000000000,1778162488.073019,0.
1778162488.1730192,0.0000000000,1778162488.1730192,0.
1778162488.273019,0.0000000000,1778162488.273019,0.
1778162488.373019,0.0000000000,1778162488.373019,0.
1778162488.4730191,0.0000000000,1778162488.4730191,0.
1778162488.573019,0.0000000000,1778162488.573019,0.
1778162488.6730192,0.0000000000,1778162488.6730192,0.
1778162488.773019,0.0000000000,1778162488.773019,0.
1778162488.873019,0.0000000000,1778162488.873019,0.
1778162488.9730191,0.0000000000,1778162488.9730191,0.
1778162489.073019,0.0000000000,1778162489.073019,0.
1778162489.1730192,0.0000000000,1778162489.1730192,0.
1778162489.273019,0.0000000000,1778162489.273019,0.
1778162489.373019,0.0000000000,1778162489.373019,0.
1778162489.4730191,0.0000000000,1778162489.4730191,0.
1778162489.573019,0.0000000000,1778162489.573019,0.
1778162489.6730192,0.0000000000,1778162489.6730192,0.
1778162489.773019,0.0000000000,1778162489.773019,0.
1778162489.873019,0.0000000000,1778162489.873019,0.
1778162489.9730191,0.0000000000,1778162489.9730191,0.
1778162490.073019,0.0000000000,1778162490.073019,0.
1778162490.1730192,0.0000000000,1778162490.1730192,0.
1778162490.273019,0.0000000000,1778162490.273019,0.
1778162490.373019,0.0000000000,1778162490.373019,0.
1778162490.4730191,0.0000000000,1778162490.4730191,0.
1778162490.573019,0.0000000000,1778162490.573019,0.
1778162490.6730192,0.0000000000,1778162490.6730192,0.
1778162490.773019,0.0000000000,1778162490.773019,0.
1778162490.873019,0.0000000000,1778162490.873019,0.
1778162490.9730191,0.0000000000,1778162490.9730191,0.
1778162491.073019,0.0000000000,1778162491.073019,0.
1778162491.1730192,0.0000000000,1778162491.1730192,0.
1778162491.273019,0.0000000000,1778162491.273019,0.
1778162491.373019,0.0000000000,1778162491.373019,0.
1778162491.4730191,0.0000000000,1778162491.4730191,0.
1778162491.573019,0.0000000000,1778162491.573019,0.
1778162491.6730192,0.0000000000,1778162491.6730192,0.
1778162491.773019,0.0000000000,1778162491.773019,0.
1778162491.873019,0.0000000000,1778162491.873019,0.
1778162491.9730191,0.0000000000,1778162491.9730191,0.
1778162492.073019,0.0000000000,1778162492.073019,0.
1778162492.1730192,0.0000000000,1778162492.1730192,0.
1778162492.273019,0.0000000000,1778162492.273019,0.
1778162492.373019,0.0000000000,1778162492.373019,0.
1778162492.4730191,0.0000000000,1778162492.4730191,0.
1778162492.573019,0.0000000000,1778162492.573019,0.
1778162492.6730192,0.0000000000,1778162492.6730192,0.
1778162492.773019,0.0000000000,1778162492.773019,0.
1778162492.873019,0.0000000000,1778162492.873019,0.
1778162492.9730191,0.0000000000,1778162492.9730191,0.
1778162493.073019,0.0000000000,1778162493.073019,0.
1778162493.1730192,0.0000000000,1778162493.1730192,0.
1778162493.273019,0.0000000000,1778162493.273019,0.
1778162493.373019,0.0000000000,1778162493.373019,0.
1778162493.4730191,0.0000000000,1778162493.4730191,0.
1778162493.573019,0.0000000000,1778162493.573019,0.
1778162493.6730192,0.0000000000,1778162493.6730192,0.
1778162493.773019,0.0000000000,1778162493.773019,0.
1778162493.873019,0.0000000000,1778162493.873019,0.
1778162493.9730191,0.0000000000,1778162493.9730191,0.
1778162494.073019,0.0000000000,1778162494.073019,0.
1778162494.1730192,0.0000000000,1778162494.1730192,0.
1778162494.273019,0.0000000000,1778162494.273019,0.
1778162494.373019,0.0000000000,1778162494.373019,0.
1778162494.4730191,0.0000000000,1778162494.4730191,0.
1778162494.573019,0.0000000000,1778162494.573019,0.
1778162494.6730192,0.0000000000,1778162494.6730192,0.
1778162494.773019,0.0000000000,1778162494.773019,0.
1778162494.873019,0.0000000000,1778162494.873019,0.
1778162494.9730191,0.0000000000,1778162494.9730191,0.
1778162495.073019,0.0000000000,1778162495.073019,0.
1778162495.1730192,0.0000000000,1778162495.1730192,0.
1778162495.273019,0.0000000000,1778162495.273019,0.
1778162495.373019,0.0000000000,1778162495.373019,0.
1778162495.4730191,0.0000000000,1778162495.4730191,0.
1778162495.573019,0.0000000000,1778162495.573019,0.
1778162495.6730192,0.0000000000,1778162495.6730192,0.
1778162495.773019,0.0000000000,1778162495.773019,0.
1778162495.873019,0.0000000000,1778162495.873019,0.
1778162495.9730191,0.0000000000,1778162495.9730191,0.
1778162496.073019,0.0000000000,1778162496.073019,0.
1778162496.1730192,0.0000000000,1778162496.1730192,0.
1778162496.273019,0.0000000000,1778162496.273019,0.
1778162496.373019,0.0000000000,1778162496.373019,0.
1778162496.4730191,0.0000000000,1778162496.4730191,0.
1778162496.573019,0.0000000000,1778162496.573019,0.
1778162496.6730192,0.0000000000,1778162496.6730192,0.
1778162496.773019,0.0000000000,1778162496.773019,0.
1778162496.873019,0.0000000000,1778162496.873019,0.
1778162496.9730191,0.0000000000,1778162496.9730191,0.
1778162497.073019,0.0000000000,1778162497.073019,0.
1778162497.1730192,0.0000000000,1778162497.1730192,0.
1778162497.273019,0.0000000000,1778162497.273019,0.
1778162497.373019,0.0000000000,1778162497.373019,0.
1778162497.4730191,0.0000000000,1778162497.4730191,0.
1778162497.573019,0.0000000000,1778162497.573019,0.
1778162497.6730192,0.0000000000,1778162497.6730192,0.
1778162497.773019,0.0000000000,1778162497.773019,0.
1778162497.873019,0.0000000000,1778162497.873019,0.
1778162497.9730191,0.0000000000,1778162497.9730191,0.
1778162498.073019,0.0000000000,1778162498.073019,0.
1778162498.1730192,0.0000000000,1778162498.1730192,0.
1778162498.273019,0.0000000000,1778162498.273019,0.
1778162498.373019,0.0000000000,1778162498.373019,0.
1778162498.4730191,0.0000000000,1778162498.4730191,0.
1778162498.573019,0.0000000000,1778162498.573019,0.
1778162498.6730192,0.0000000000,1778162498.6730192,0.
1778162498.773019,0.0000000000,1778162498.773019,0.
1778162498.873019,0.0000000000,1778162498.873019,0.
1778162498.9730191,0.0000000000,1778162498.9730191,0.
1778162499.073019,0.0000000000,1778162499.073019,0.
1778162499.1730192,0.0000000000,1778162499.1730192,0.
1778162499.273019,0.0000000000,1778162499.273019,0.
1778162499.373019,0.0000000000,1778162499.373019,0.
1778162499.4730191,0.0000000000,1778162499.4730191,0.
1778162499.573019,0.0000000000,1778162499.573019,0.
1778162499.6730192,0.0000000000,1778162499.6730192,0.
1778162499.773019,0.0000000000,1778162499.773019,0.
1778162499.873019,0.0000000000,1778162499.873019,0.
1778162499.9730191,0.0000000000,1778162499.9730191,0.
1778162500.073019,0.0000000000,1778162500.073019,0.
1778162500.1730192,0.0000000000,1778162500.1730192,0.
1778162500.273019,0.0000000000,1778162500.273019,0.
1778162500.373019,0.0000000000,1778162500.373019,0.
1778162500.4730191,0.0000000000,1778162500.4730191,0.
1778162500.573019,0.0000000000,1778162500.573019,0.
1778162500.6730192,0.0000000000,1778162500.6730192,0.
1778162500.773019,0.0000000000,1778162500.773019,0.
1778162500.873019,0.0000000000,1778162500.873019,0.
1778162500.9730191,0.0000000000,1778162500.9730191,0.
1778162501.073019,0.0000000000,1778162501.073019,0.
1778162501.1730192,0.0000000000,1778162501.1730192,0.
1778162501.273019,0.0000000000,1778162501.273019,0.
1778162501.373019,0.0000000000,1778162501.373019,0.
1778162501.4730191,0.0000000000,1778162501.4730191,0.
1778162501.573019,0.0000000000,1778162501.573019,0.
1778162501.6730192,0.0000000000,1778162501.6730192,0.
1778162501.773019,0.0000000000,1778162501.773019,0.
1778162501.873019,0.0000000000,1778162501.873019,0.
1778162501.9730191,0.0000000000,1778162501.9730191,0.
1778162502.073019,0.0000000000,1778162502.073019,0.
1778162502.1730192,0.0000000000,1778162502.1730192,0.
1778162502.273019,0.0000000000,1778162502.273019,0.
1778162502.373019,0.0000000000,1778162502.373019,0.
1778162502.4730191,0.0000000000,1778162502.4730191,0.
1778162502.573019,0.0000000000,1778162502.573019,0.
1778162502.6730192,0.0000000000,1778162502.6730192,0.
1778162502.773019,0.0000000000,1778162502.773019,0.
1778162502.873019,0.0000000000,1778162502.873019,0.
1778162502.9730191,0.0000000000,1778162502.9730191,0.
1778162503.073019,0.0000000000,1778162503.073019,0.
1778162503.1730192,0.0000000000,1778162503.1730192,0.
1778162503.273019,0.0000000000,1778162503.273019,0.
1778162503.373019,0.0000000000,1778162503.373019,0.
1778162503.4730191,0.0000000000,1778162503.4730191,0.
1778162503.573019,0.0000000000,1778162503.573019,0.
1778162503.6730192,0.0000000000,1778162503.6730192,0.
1778162503.773019,0.0000000000,1778162503.773019,0.
1778162503.873019,0.0000000000,1778162503.873019,0.
1778162503.9730191,0.0000000000,1778162503.9730191,0.
1778162504.073019,0.0000000000,1778162504.073019,0.
1778162504.1730192,0.0000000000,1778162504.1730192,0.
1778162504.273019,0.0000000000,1778162504.273019,0.
1778162504.373019,0.0000000000,1778162504.373019,0.
1778162504.4730191,0.0000000000,1778162504.4730191,0.
1778162504.573019,0.0000000000,1778162504.573019,0.
1778162504.6730192,0.0000000000,1778162504.6730192,0.
1778162504.773019,0.0000000000,1778162504.773019,0.
1778162504.873019,0.0000000000,1778162504.873019,0.
1778162504.9730191,0.0000000000,1778162504.9730191,0.
1778162505.073019,0.0000000000,1778162505.073019,0.
1778162505.1730192,0.0000000000,1778162505.1730192,0.
1778162505.273019,0.0000000000,1778162505.273019,0.
1778162505.373019,0.0000000000,1778162505.373019,0.
1778162505.4730191,0.0000000000,1778162505.4730191,0.
1778162505.573019,0.0000000000,1778162505.573019,0.
1778162505.6730192,0.0000000000,1778162505.6730192,0.
1778162505.773019,0.0000000000,1778162505.773019,0.
1778162505.873019,0.0000000000,1778162505.873019,0.
1778162505.9730191,0.0000000000,1778162505.9730191,0.
1778162506.073019,0.0000000000,1778162506.073019,0.
1778162506.1730192,0.0000000000,1778162506.1730192,0.
1778162506.273019,0.0000000000,1778162506.273019,0.
1778162506.373019,0.0000000000,1778162506.373019,0.
1778162506.4730191,0.0000000000,1778162506.4730191,0.
1778162506.573019,0.0000000000,1778162506.573019,0.
1778162506.6730192,0.0000000000,1778162506.6730192,0.
1778162506.773019,0.0000000000,1778162506.773019,0.
1778162506.873019,0.0000000000,1778162506.873019,0.
1778162506.9730191,0.0000000000,1778162506.9730191,0.
1778162507.073019,0.0000000000,1778162507.073019,0.
1778162507.1730192,0.0000000000,1778162507.1730192,0.
1778162507.273019,0.0000000000,1778162507.273019,0.
1778162507.373019,0.0000000000,1778162507.373019,0.
1778162507.4730191,0.0000000000,1778162507.4730191,0.
1778162507.573019,0.0000000000,1778162507.573019,0.
1778162507.6730192,0.0000000000,1778162507.6730192,0.
1778162507.773019,0.0000000000,1778162507.773019,0.
1778162507.873019,0.0000000000,1778162507.873019,0.
1778162507.9730191,0.0000000000,1778162507.9730191,0.
1778162508.073019,0.0000000000,1778162508.073019,0.
1778162508.1730192,0.0000000000,1778162508.1730192,0.
1778162508.273019,0.0000000000,1778162508.273019,0.
1778162508.373019,0.0000000000,1778162508.373019,0.
1778162508.4730191,0.0000000000,1778162508.4730191,0.
1778162508.573019,0.0000000000,1778162508.573019,0.
1778162508.6730192,0.0000000000,1778162508.6730192,0.
1778162508.773019,0.0000000000,1778162508.773019,0.
1778162508.873019,0.0000000000,1778162508.873019,0.
1778162508.9730191,0.0000000000,1778162508.9730191,0.
1778162509.073019,0.0000000000,1778162509.073019,0.
1778162509.1730192,0.0000000000,1778162509.1730192,0.
1778162509.273019,0.0000000000,1778162509.273019,0.
1778162509.373019,0.0000000000,1778162509.373019,0.
1778162509.4730191,0.0000000000,1778162509.4730191,0.
1778162509.573019,0.0000000000,1778162509.573019,0.
1778162509.6730192,0.0000000000,1778162509.6730192,0.
1778162509.773019,0.0000000000,1778162509.773019,0.
1778162509.873019,0.0000000000,1778162509.873019,0.
1778162509.9730191,0.0000000000,1778162509.9730191,0.
1778162510.073019,0.0000000000,1778162510.073019,0.
1778162510.1730192,0.0000000000,1778162510.1730192,0.
1778162510.273019,0.0000000000,1778162510.273019,0.
1778162510.373019,0.0000000000,1778162510.373019,0.
1778162510.4730191,0.0000000000,1778162510.4730191,0.
1778162510.573019,0.0000000000,1778162510.573019,0.
1778162510.6730192,0.0000000000,1778162510.6730192,0.
1778162510.773019,0.0000000000,1778162510.773019,0.
1778162510.873019,0.0000000000,1778162510.873019,0.
1778162510.9730191,0.0000000000,1778162510.9730191,0.
1778162511.073019,0.0000000000,1778162511.073019,0.
1778162511.1730192,0.0000000000,1778162511.1730192,0.
1778162511.273019,0.0000000000,1778162511.273019,0.
1778162511.373019,0.0000000000,1778162511.373019,0.
1778162511.4730191,0.0000000000,1778162511.4730191,0.
1778162511.573019,0.0000000000,1778162511.573019,0.
1778162511.6730192,0.0000000000,1778162511.6730192,0.
1778162511.773019,0.0000000000,1778162511.773019,0.
1778162511.873019,0.0000000000,1778162511.873019,0.
1778162511.9730191,0.0000000000,1778162511.9730191,0.
1778162512.073019,0.0000000000,1778162512.073019,0.
1778162512.1730192,0.0000000000,1778162512.1730192,0.
1778162512.273019,0.0000000000,1778162512.273019,0.
1778162512.373019,0.0000000000,1778162512.373019,0.
1778162512.4730191,0.0000000000,1778162512.4730191,0.
1778162512.573019,0.0000000000,1778162512.573019,0.
1778162512.6730192,0.0000000000,1778162512.6730192,0.
1778162512.773019,0.0000000000,1778162512.773019,0.
1778162512.873019,0.0000000000,1778162512.873019,0.
1778162512.9730191,0.0000000000,1778162512.9730191,0.
1778162513.073019,0.0000000000,1778162513.073019,0.
1778162513.1730192,0.0000000000,1778162513.1730192,0.
1778162513.273019,0.0000000000,1778162513.273019,0.
1778162513.373019,0.0000000000,1778162513.373019,0.
1778162513.4730191,0.0000000000,1778162513.4730191,0.
1778162513.573019,0.0000000000,1778162513.573019,0.
1778162513.6730192,0.0000000000,1778162513.6730192,0.
1778162513.773019,0.0000000000,1778162513.773019,0.
1778162513.873019,0.0000000000,1778162513.873019,0.
1778162513.9730191,0.0000000000,1778162513.9730191,0.
1778162514.073019,0.0000000000,1778162514.073019,0.
1778162514.1730192,0.0000000000,1778162514.1730192,0.
1778162514.273019,0.0000000000,1778162514.273019,0.
1778162514.373019,0.0000000000,1778162514.373019,0.
1778162514.4730191,0.0000000000,1778162514.4730191,0.
1778162514.573019,0.0000000000,1778162514.573019,0.
1778162514.6730192,0.0000000000,1778162514.6730192,0.
1778162514.773019,0.0000000000,1778162514.773019,0.
1778162514.873019,0.0000000000,1778162514.873019,0.
1778162514.9730191,0.0000000000,1778162514.9730191,0.
1778162515.073019,0.0000000000,1778162515.073019,0.
1778162515.1730192,0.0000000000,1778162515.1730192,0.
1778162515.273019,0.0000000000,1778162515.273019,0.
1778162515.373019,0.0000000000,1778162515.373019,0.
1778162515.4730191,0.0000000000,1778162515.4730191,0.
1778162515.573019,0.0000000000,1778162515.573019,0.
1778162515.6730192,0.0000000000,1778162515.6730192,0.
1778162515.773019,0.0000000000,1778162515.773019,0.
1778162515.873019,0.0000000000,1778162515.873019,0.
1778162515.9730191,0.0000000000,1778162515.9730191,0.
1778162516.073019,0.0000000000,1778162516.073019,0.
1778162516.1730192,0.0000000000,1778162516.1730192,0.
1778162516.273019,0.0000000000,1778162516.273019,0.
1778162516.373019,0.0000000000,1778162516.373019,0.
1778162516.4730191,0.0000000000,1778162516.4730191,0.
1778162516.573019,0.0000000000,1778162516.573019,0.
1778162516.6730192,0.0000000000,1778162516.6730192,0.
1778162516.773019,0.0000000000,1778162516.773019,0.
1778162516.873019,0.0000000000,1778162516.873019,0.
1778162516.9730191,0.0000000000,1778162516.9730191,0.
1778162517.073019,0.0000000000,1778162517.073019,0.
1778162517.1730192,0.0000000000,1778162517.1730192,0.
1778162517.273019,0.0000000000,1778162517.273019,0.
1778162517.373019,0.0000000000,1778162517.373019,0.
1778162517.4730191,0.0000000000,1778162517.4730191,0.
1778162517.573019,0.0000000000,1778162517.573019,0.
1778162517.6730192,0.0000000000,1778162517.6730192,0.
1778162517.773019,0.0000000000,1778162517.773019,0.
1778162517.873019,0.0000000000,1778162517.873019,0.
1778162517.9730191,0.0000000000,1778162517.9730191,0.
1778162518.073019,0.0000000000,1778162518.073019,0.
1778162518.1730192,0.0000000000,1778162518.1730192,0.
1778162518.273019,0.0000000000,1778162518.273019,0.
1778162518.373019,0.0000000000,1778162518.373019,0.
1778162518.4730191,0.0000000000,1778162518.4730191,0.
1778162518.573019,0.0000000000,1778162518.573019,0.
1778162518.6730192,0.0000000000,1778162518.6730192,0.
1778162518.773019,0.0000000000,1778162518.773019,0.
1778162518.873019,0.0000000000,1778162518.873019,0.
1778162518.9730191,0.0000000000,1778162518.9730191,0.
1778162519.073019,0.0000000000,1778162519.073019,0.
1778162519.1730192,0.0000000000,1778162519.1730192,0.
1778162519.273019,0.0000000000,1778162519.273019,0.
1778162519.373019,0.0000000000,1778162519.373019,0.
1778162519.4730191,0.0000000000,1778162519.4730191,0.
1778162519.573019,0.0000000000,1778162519.573019,0.
1778162519.6730192,0.0000000000,1778162519.6730192,0.
1778162519.773019,0.0000000000,1778162519.773019,0.
1778162519.873019,0.0000000000,1778162519.873019,0.
1778162519.9730191,0.0000000000,1778162519.9730191,0.
1778162520.073019,0.0000000000,1778162520.073019,0.
1778162520.1730192,0.0000000000,1778162520.1730192,0.
1778162520.273019,0.0000000000,1778162520.273019,0.
1778162520.373019,0.0000000000,1778162520.373019,0.
1778162520.4730191,0.0000000000,1778162520.4730191,0.
1778162520.573019,0.0000000000,1778162520.573019,0.
1778162520.6730192,0.0000000000,1778162520.6730192,0.
1778162520.773019,0.0000000000,1778162520.773019,0.
1778162520.873019,0.0000000000,1778162520.873019,0.
1778162520.9730191,0.0000000000,1778162520.9730191,0.
1778162521.073019,0.0000000000,1778162521.073019,0.
1778162521.1730192,0.0000000000,1778162521.1730192,0.
1778162521.273019,0.0000000000,1778162521.273019,0.
1778162521.373019,0.0000000000,1778162521.373019,0.
1778162521.4730191,0.0000000000,1778162521.4730191,0.
1778162521.573019,0.0000000000,1778162521.573019,0.
1778162521.6730192,0.0000000000,1778162521.6730192,0.
1778162521.773019,0.0000000000,1778162521.773019,0.
1778162521.873019,0.0000000000,1778162521.873019,0.
1778162521.9730191,0.0000000000,1778162521.9730191,0.
1778162522.073019,0.0000000000,1778162522.073019,0.
1778162522.1730192,0.0000000000,1778162522.1730192,0.
1778162522.273019,0.0000000000,1778162522.273019,0.
1778162522.373019,0.0000000000,1778162522.373019,0.
1778162522.4730191,0.0000000000,1778162522.4730191,0.
1778162522.573019,0.0000000000,1778162522.573019,0.
1778162522.6730192,0.0000000000,1778162522.6730192,0.
1778162522.773019,0.0000000000,1778162522.773019,0.
1778162522.873019,0.0000000000,1778162522.873019,0.
1778162522.9730191,0.0000000000,1778162522.9730191,0.
1778162523.073019,0.0000000000,1778162523.073019,0.
1778162523.1730192,0.0000000000,1778162523.1730192,0.
1778162523.273019,0.0000000000,1778162523.273019,0.
1778162523.373019,0.0000000000,1778162523.373019,0.
1778162523.4730191,0.0000000000,1778162523.4730191,0.
1778162523.573019,0.0000000000,1778162523.573019,0.
1778162523.6730192,0.0000000000,1778162523.6730192,0.
1778162523.773019,0.0000000000,1778162523.773019,0.
1778162523.873019,0.0000000000,1778162523.873019,0.
1778162523.9730191,0.0000000000,1778162523.9730191,0.
1778162524.073019,0.0000000000,1778162524.073019,0.
1778162524.1730192,0.0000000000,1778162524.1730192,0.
1778162524.273019,0.0000000000,1778162524.273019,0.
1778162524.373019,0.0000000000,1778162524.373019,0.
1778162524.4730191,0.0000000000,1778162524.4730191,0.
1778162524.573019,0.0000000000,1778162524.573019,0.
1778162524.6730192,0.0000000000,1778162524.6730192,0.
1778162524.773019,0.0000000000,1778162524.773019,0.
1778162524.873019,0.0000000000,1778162524.873019,0.
1778162524.9730191,0.0000000000,1778162524.9730191,0.
1778162525.073019,0.0000000000,1778162525.073019,0.
1778162525.1730192,0.0000000000,1778162525.1730192,0.
1778162525.273019,0.0000000000,1778162525.273019,0.
1778162525.373019,0.0000000000,1778162525.373019,0.
1778162525.4730191,0.0000000000,1778162525.4730191,0.
1778162525.573019,0.0000000000,1778162525.573019,0.
1778162525.6730192,0.0000000000,1778162525.6730192,0.
1778162525.773019,0.0000000000,1778162525.773019,0.
1778162525.873019,0.0000000000,1778162525.873019,0.
1778162525.9730191,0.0000000000,1778162525.9730191,0.
1778162526.073019,0.0000000000,1778162526.073019,0.
1778162526.1730192,0.0000000000,1778162526.1730192,0.
1778162526.273019,0.0000000000,1778162526.273019,0.
1778162526.373019,0.0000000000,1778162526.373019,0.
1778162526.4730191,0.0000000000,1778162526.4730191,0.
1778162526.573019,0.0000000000,1778162526.573019,0.
1778162526.6730192,0.0000000000,1778162526.6730192,0.
1778162526.773019,0.0000000000,1778162526.773019,0.
1778162526.873019,0.0000000000,1778162526.873019,0.
1778162526.9730191,0.0000000000,1778162526.9730191,0.
1778162527.073019,0.0000000000,1778162527.073019,0.
1778162527.1730192,0.0000000000,1778162527.1730192,0.
1778162527.273019,0.0000000000,1778162527.273019,0.
1778162527.373019,0.0000000000,1778162527.373019,0.
1778162527.4730191,0.0000000000,1778162527.4730191,0.
1778162527.573019,0.0000000000,1778162527.573019,0.
1778162527.6730192,0.0000000000,1778162527.6730192,0.
1778162527.773019,0.0000000000,1778162527.773019,0.
1778162527.873019,0.0000000000,1778162527.873019,0.
1778162527.9730191,0.0000000000,1778162527.9730191,0.
1778162528.073019,0.0000000000,1778162528.073019,0.
1778162528.1730192,0.0000000000,1778162528.1730192,0.
1778162528.273019,0.0000000000,1778162528.273019,0.
1778162528.373019,0.0000000000,1778162528.373019,0.
1778162528.4730191,0.0000000000,1778162528.4730191,0.
1778162528.573019,0.0000000000,1778162528.573019,0.
1778162528.6730192,0.0000000000,1778162528.6730192,0.
1778162528.773019,0.0000000000,1778162528.773019,0.
1778162528.873019,0.0000000000,1778162528.873019,0.
1778162528.9730191,0.0000000000,1778162528.9730191,0.
1778162529.073019,0.0000000000,1778162529.073019,0.
1778162529.1730192,0.0000000000,1778162529.1730192,0.
1778162529.273019,0.0000000000,1778162529.273019,0.
1778162529.373019,0.0000000000,1778162529.373019,0.
1778162529.4730191,0.0000000000,1778162529.4730191,0.
1778162529.573019,0.0000000000,1778162529.573019,0.
1778162529.6730192,0.0000000000,1778162529.6730192,0.
1778162529.773019,0.0000000000,1778162529.773019,0.
1778162529.873019,0.0000000000,1778162529.873019,0.
1778162529.9730191,0.0000000000,1778162529.9730191,0.
1778162530.073019,0.0000000000,1778162530.073019,0.
1778162530.1730192,0.0000000000,1778162530.1730192,0.
1778162530.273019,0.0000000000,1778162530.273019,0.
1778162530.373019,0.0000000000,1778162530.373019,0.
1778162530.4730191,0.0000000000,1778162530.4730191,0.
1778162530.573019,0.0000000000,1778162530.573019,0.
1778162530.6730192,0.0000000000,1778162530.6730192,0.
1778162530.773019,0.0000000000,1778162530.773019,0.
1778162530.873019,0.0000000000,1778162530.873019,0.
1778162530.9730191,0.0000000000,1778162530.9730191,0.
1778162531.073019,0.0000000000,1778162531.073019,0.
1778162531.1730192,0.0000000000,1778162531.1730192,0.
1778162531.273019,0.0000000000,1778162531.273019,0.
1778162531.373019,0.0000000000,1778162531.373019,0.
1778162531.4730191,0.0000000000,1778162531.4730191,0.
1778162531.573019,0.0000000000,1778162531.573019,0.
1778162531.6730192,0.0000000000,1778162531.6730192,0.
1778162531.773019,0.0000000000,1778162531.773019,0.
1778162531.873019,0.0000000000,1778162531.873019,0.
1778162531.9730191,0.0000000000,1778162531.9730191,0.
1778162532.073019,0.0000000000,1778162532.073019,0.
1778162532.1730192,0.0000000000,1778162532.1730192,0.
1778162532.273019,0.0000000000,1778162532.273019,0.
1778162532.373019,0.0000000000,1778162532.373019,0.
1778162532.4730191,0.0000000000,1778162532.4730191,0.
1778162532.573019,0.0000000000,1778162532.573019,0.
1778162532.6730192,0.0000000000,1778162532.6730192,0.
1778162532.773019,0.0000000000,1778162532.773019,0.
1778162532.873019,0.0000000000,1778162532.873019,0.
1778162532.9730191,0.0000000000,1778162532.9730191,0.
1778162533.073019,0.0000000000,1778162533.073019,0.
1778162533.1730192,0.0000000000,1778162533.1730192,0.
1778162533.273019,0.0000000000,1778162533.273019,0.
1778162533.373019,0.0000000000,1778162533.373019,0.
1778162533.4730191,0.0000000000,1778162533.4730191,0.
1778162533.573019,0.0000000000,1778162533.573019,0.
1778162533.6730192,0.0000000000,1778162533.6730192,0.
1778162533.773019,0.0000000000,1778162533.773019,0.
1778162533.873019,0.0000000000,1778162533.873019,0.
1778162533.9730191,0.0000000000,1778162533.9730191,0.
1778162534.073019,0.0000000000,1778162534.073019,0.
1778162534.1730192,0.0000000000,1778162534.1730192,0.
1778162534.273019,0.0000000000,1778162534.273019,0.
1778162534.373019,0.0000000000,1778162534.373019,0.
1778162534.4730191,0.0000000000,1778162534.4730191,0.
1778162534.573019,0.0000000000,1778162534.573019,0.
1778162534.6730192,0.0000000000,1778162534.6730192,0.
1778162534.773019,0.0000000000,1778162534.773019,0.
1778162534.873019,0.0000000000,1778162534.873019,0.
1778162534.9730191,0.0000000000,1778162534.9730191,0.
1778162535.073019,0.0000000000,1778162535.073019,0.
1778162535.1730192,0.0000000000,1778162535.1730192,0.
1778162535.273019,0.0000000000,1778162535.273019,0.
1778162535.373019,0.0000000000,1778162535.373019,0.
1778162535.4730191,0.0000000000,1778162535.4730191,0.
1778162535.573019,0.0000000000,1778162535.573019,0.
1778162535.6730192,0.0000000000,1778162535.6730192,0.
1778162535.773019,0.0000000000,1778162535.773019,0.
1778162535.873019,0.0000000000,1778162535.873019,0.
1778162535.9730191,0.0000000000,1778162535.9730191,0.
1778162536.073019,0.0000000000,1778162536.073019,0.
1778162536.1730192,0.0000000000,1778162536.1730192,0.
1778162536.273019,0.0000000000,1778162536.273019,0.
1778162536.373019,0.0000000000,1778162536.373019,0.
1778162536.4730191,0.0000000000,1778162536.4730191,0.
1778162536.573019,0.0000000000,1778162536.573019,0.
1778162536.6730192,0.0000000000,1778162536.6730192,0.
1778162536.773019,0.0000000000,1778162536.773019,0.
1778162536.873019,0.0000000000,1778162536.873019,0.
1778162536.9730191,0.0000000000,1778162536.9730191,0.
1778162537.073019,0.0000000000,1778162537.073019,0.
1778162537.1730192,0.0000000000,1778162537.1730192,0.
1778162537.273019,0.0000000000,1778162537.273019,0.
1778162537.373019,0.0000000000,1778162537.373019,0.
1778162537.4730191,0.0000000000,1778162537.4730191,0.
1778162537.573019,0.0000000000,1778162537.573019,0.
1778162537.6730192,0.0000000000,1778162537.6730192,0.
1778162537.773019,0.0000000000,1778162537.773019,0.
1778162537.873019,0.0000000000,1778162537.873019,0.
1778162537.9730191,0.0000000000,1778162537.9730191,0.
1778162538.073019,0.0000000000,1778162538.073019,0.
1778162538.1730192,0.0000000000,1778162538.1730192,0.
1778162538.273019,0.0000000000,1778162538.273019,0.
1778162538.373019,0.0000000000,1778162538.373019,0.
1778162538.4730191,0.0000000000,1778162538.4730191,0.
1778162538.573019,0.0000000000,1778162538.573019,0.
1778162538.6730192,0.0000000000,1778162538.6730192,0.
1778162538.773019,0.0000000000,1778162538.773019,0.
1778162538.873019,0.0000000000,1778162538.873019,0.
1778162538.9730191,0.0000000000,1778162538.9730191,0.
1778162539.073019,0.0000000000,1778162539.073019,0.
1778162539.1730192,0.0000000000,1778162539.1730192,0.
1778162539.273019,0.0000000000,1778162539.273019,0.
1778162539.373019,0.0000000000,1778162539.373019,0.
1778162539.4730191,0.0000000000,1778162539.4730191,0.
1778162539.573019,0.0000000000,1778162539.573019,0.
1778162539.6730192,0.0000000000,1778162539.6730192,0.
1778162539.773019,0.0000000000,1778162539.773019,0.
1778162539.873019,0.0000000000,1778162539.873019,0.
1778162539.9730191,0.0000000000,1778162539.9730191,0.
1778162540.073019,0.0000000000,1778162540.073019,0.
1778162540.1730192,0.0000000000,1778162540.1730192,0.
1778162540.273019,0.0000000000,1778162540.273019,0.
1778162540.373019,0.0000000000,1778162540.373019,0.
1778162540.4730191,0.0000000000,1778162540.4730191,0.
1778162540.573019,0.0000000000,1778162540.573019,0.
1778162540.6730192,0.0000000000,1778162540.6730192,0.
1778162540.773019,0.0000000000,1778162540.773019,0.
1778162540.873019,0.0000000000,1778162540.873019,0.
1778162540.9730191,0.0000000000,1778162540.9730191,0.
1778162541.073019,0.0000000000,1778162541.073019,0.
1778162541.1730192,0.0000000000,1778162541.1730192,0.
1778162541.273019,0.0000000000,1778162541.273019,0.
1778162541.373019,0.0000000000,1778162541.373019,0.
1778162541.4730191,0.0000000000,1778162541.4730191,0.
1778162541.573019,0.0000000000,1778162541.573019,0.
1778162541.6730192,0.0000000000,1778162541.6730192,0.
1778162541.773019,0.0000000000,1778162541.773019,0.
1778162541.873019,0.0000000000,1778162541.873019,0.
1778162541.9730191,0.0000000000,1778162541.9730191,0.
1778162542.073019,0.0000000000,1778162542.073019,0.
1778162542.1730192,0.0000000000,1778162542.1730192,0.
1778162542.273019,0.0000000000,1778162542.273019,0.
1778162542.373019,0.0000000000,1778162542.373019,0.
1778162542.4730191,0.0000000000,1778162542.4730191,0.
1778162542.573019,0.0000000000,1778162542.573019,0.
1778162542.6730192,0.0000000000,1778162542.6730192,0.
1778162542.773019,0.0000000000,1778162542.773019,0.
1778162542.873019,0.0000000000,1778162542.873019,0.
1778162542.9730191,0.0000000000,1778162542.9730191,0.
1778162543.073019,0.0000000000,1778162543.073019,0.
1778162543.1730192,0.0000000000,1778162543.1730192,0.
1778162543.273019,0.0000000000,1778162543.273019,0.
1778162543.373019,0.0000000000,1778162543.373019,0.
1778162543.4730191,0.0000000000,1778162543.4730191,0.
1778162543.573019,0.0000000000,1778162543.573019,0.
1778162543.6730192,0.0000000000,1778162543.6730192,0.
1778162543.773019,0.0000000000,1778162543.773019,0.
1778162543.873019,0.0000000000,1778162543.873019,0.
1778162543.9730191,0.0000000000,1778162543.9730191,0.
1778162544.073019,0.0000000000,1778162544.073019,0.
1778162544.1730192,0.0000000000,1778162544.1730192,0.
1778162544.273019,0.0000000000,1778162544.273019,0.
1778162544.373019,0.0000000000,1778162544.373019,0.
1778162544.4730191,0.0000000000,1778162544.4730191,0.
1778162544.573019,0.0000000000,1778162544.573019,0.
1778162544.6730192,0.0000000000,1778162544.6730192,0.
1778162544.773019,0.0000000000,1778162544.773019,0.
1778162544.873019,0.0000000000,1778162544.873019,0.
1778162544.9730191,0.0000000000,1778162544.9730191,0.
1778162545.073019,0.0000000000,1778162545.073019,0.
1778162545.1730192,0.0000000000,1778162545.1730192,0.
1778162545.273019,0.0000000000,1778162545.273019,0.
1778162545.373019,0.0000000000,1778162545.373019,0.
1778162545.4730191,0.0000000000,1778162545.4730191,0.
1778162545.573019,0.0000000000,1778162545.573019,0.
1778162545.6730192,0.0000000000,1778162545.6730192,0.
1778162545.773019,0.0000000000,1778162545.773019,0.
1778162545.873019,0.0000000000,1778162545.873019,0.
1778162545.9730191,0.0000000000,1778162545.9730191,0.
1778162546.073019,0.0000000000,1778162546.073019,0.
1778162546.1730192,0.0000000000,1778162546.1730192,0.
1778162546.273019,0.0000000000,1778162546.273019,0.
1778162546.373019,0.0000000000,1778162546.373019,0.
1778162546.4730191,0.0000000000,1778162546.4730191,0.
1778162546.573019,0.0000000000,1778162546.573019,0.
1778162546.6730192,0.0000000000,1778162546.6730192,0.
1778162546.773019,0.0000000000,1778162546.773019,0.
1778162546.873019,0.0000000000,1778162546.873019,0.
1778162546.9730191,0.0000000000,1778162546.9730191,0.
1778162547.073019,0.0000000000,1778162547.073019,0.
1778162547.1730192,0.0000000000,1778162547.1730192,0.
1778162547.273019,0.0000000000,1778162547.273019,0.
1778162547.373019,0.0000000000,1778162547.373019,0.
1778162547.4730191,0.0000000000,1778162547.4730191,0.
1778162547.573019,0.0000000000,1778162547.573019,0.
1778162547.6730192,0.0000000000,1778162547.6730192,0.
1778162547.773019,0.0000000000,1778162547.773019,0.
1778162547.873019,0.0000000000,1778162547.873019,0.
1778162547.9730191,0.0000000000,1778162547.9730191,0.
1778162548.073019,0.0000000000,1778162548.073019,0.
1778162548.1730192,0.0000000000,1778162548.1730192,0.
1778162548.273019,0.0000000000,1778162548.273019,0.
1778162548.373019,0.0000000000,1778162548.373019,0.
1778162548.4730191,0.0000000000,1778162548.4730191,0.
1778162548.573019,0.0000000000,1778162548.573019,0.
1778162548.6730192,0.0000000000,1778162548.6730192,0.
1778162548.773019,0.0000000000,1778162548.773019,0.
1778162548.873019,0.0000000000,1778162548.873019,0.
1778162548.9730191,0.0000000000,1778162548.9730191,0.
1778162549.073019,0.0000000000,1778162549.073019,0.
1778162549.1730192,0.0000000000,1778162549.1730192,0.
1778162549.273019,0.0000000000,1778162549.273019,0.
1778162549.373019,0.0000000000,1778162549.373019,0.
1778162549.4730191,0.0000000000,1778162549.4730191,0.
1778162549.573019,0.0000000000,1778162549.573019,0.
1778162549.6730192,0.0000000000,1778162549.6730192,0.
1778162549.773019,0.0000000000,1778162549.773019,0.
1778162549.873019,0.0000000000,1778162549.873019,0.
1778162549.9730191,0.0000000000,1778162549.9730191,0.
1778162550.073019,0.0000000000,1778162550.073019,0.
1778162550.1730192,0.0000000000,1778162550.1730192,0.
1778162550.273019,0.0000000000,1778162550.273019,0.
1778162550.373019,0.0000000000,1778162550.373019,0.
1778162550.4730191,0.0000000000,1778162550.4730191,0.
1778162550.573019,0.0000000000,1778162550.573019,0.
1778162550.6730192,0.0000000000,1778162550.6730192,0.
1778162550.773019,0.0000000000,1778162550.773019,0.
1778162550.873019,0.0000000000,1778162550.873019,0.
1778162550.9730191,0.0000000000,1778162550.9730191,0.
1778162551.073019,0.0000000000,1778162551.073019,0.
1778162551.1730192,0.0000000000,1778162551.1730192,0.
1778162551.273019,0.0000000000,1778162551.273019,0.
1778162551.373019,0.0000000000,1778162551.373019,0.
1778162551.4730191,0.0000000000,1778162551.4730191,0.
1778162551.573019,0.0000000000,1778162551.573019,0.
1778162551.6730192,0.0000000000,1778162551.6730192,0.
1778162551.773019,0.0000000000,1778162551.773019,0.
1778162551.873019,0.0000000000,1778162551.873019,0.
1778162551.9730191,0.0000000000,1778162551.9730191,0.
1778162552.073019,0.0000000000,1778162552.073019,0.
1778162552.1730192,0.0000000000,1778162552.1730192,0.
1778162552.273019,0.0000000000,1778162552.273019,0.
1778162552.373019,0.0000000000,1778162552.373019,0.
1778162552.4730191,0.0000000000,1778162552.4730191,0.
1778162552.573019,0.0000000000,1778162552.573019,0.
1778162552.6730192,0.0000000000,1778162552.6730192,0.
1778162552.773019,0.0000000000,1778162552.773019,0.
1778162552.873019,0.0000000000,1778162552.873019,0.
1778162552.9730191,0.0000000000,1778162552.9730191,0.
1778162553.073019,0.0000000000,1778162553.073019,0.
1778162553.1730192,0.0000000000,1778162553.1730192,0.
1778162553.273019,0.0000000000,1778162553.273019,0.
1778162553.373019,0.0000000000,1778162553.373019,0.
1778162553.4730191,0.0000000000,1778162553.4730191,0.
1778162553.573019,0.0000000000,1778162553.573019,0.
1778162553.6730192,0.0000000000,1778162553.6730192,0.
1778162553.773019,0.0000000000,1778162553.773019,0.
1778162553.873019,0.0000000000,1778162553.873019,0.
1778162553.9730191,0.0000000000,1778162553.9730191,0.
1778162554.073019,0.0000000000,1778162554.073019,0.
1778162554.1730192,0.0000000000,1778162554.1730192,0.
1778162554.273019,0.0000000000,1778162554.273019,0.
1778162554.373019,0.0000000000,1778162554.373019,0.
1778162554.4730191,0.0000000000,1778162554.4730191,0.
1778162554.573019,0.0000000000,1778162554.573019,0.
1778162554.6730192,0.0000000000,1778162554.6730192,0.
1778162554.773019,0.0000000000,1778162554.773019,0.
1778162554.873019,0.0000000000,1778162554.873019,0.
1778162554.9730191,0.0000000000,1778162554.9730191,0.
1778162555.073019,0.0000000000,1778162555.073019,0.
1778162555.1730192,0.0000000000,1778162555.1730192,0.
1778162555.273019,0.0000000000,1778162555.273019,0.
1778162555.373019,0.0000000000,1778162555.373019,0.
1778162555.4730191,0.0000000000,1778162555.4730191,0.
1778162555.573019,0.0000000000,1778162555.573019,0.
1778162555.6730192,0.0000000000,1778162555.6730192,0.
1778162555.773019,0.0000000000,1778162555.773019,0.
1778162555.873019,0.0000000000,1778162555.873019,0.
1778162555.9730191,0.0000000000,1778162555.9730191,0.
1778162556.073019,0.0000000000,1778162556.073019,0.
1778162556.1730192,0.0000000000,1778162556.1730192,0.
1778162556.273019,0.0000000000,1778162556.273019,0.
1778162556.373019,0.0000000000,1778162556.373019,0.
1778162556.4730191,0.0000000000,1778162556.4730191,0.
1778162556.573019,0.0000000000,1778162556.573019,0.
1778162556.6730192,0.0000000000,1778162556.6730192,0.
1778162556.773019,0.0000000000,1778162556.773019,0.
1778162556.873019,0.0000000000,1778162556.873019,0.
1778162556.9730191,0.0000000000,1778162556.9730191,0.
1778162557.073019,0.0000000000,1778162557.073019,0.
1778162557.1730192,0.0000000000,1778162557.1730192,0.
1778162557.273019,0.0000000000,1778162557.273019,0.
1778162557.373019,0.0000000000,1778162557.373019,0.
1778162557.4730191,0.0000000000,1778162557.4730191,0.
1778162557.573019,0.0000000000,1778162557.573019,0.
1778162557.6730192,0.0000000000,1778162557.6730192,0.
1778162557.773019,0.0000000000,1778162557.773019,0.
1778162557.873019,0.0000000000,1778162557.873019,0.
1778162557.9730191,0.0000000000,1778162557.9730191,0.
1778162558.073019,0.0000000000,1778162558.073019,0.
1778162558.1730192,0.0000000000,1778162558.1730192,0.
1778162558.273019,0.0000000000,1778162558.273019,0.
1778162558.373019,0.0000000000,1778162558.373019,0.
1778162558.4730191,0.0000000000,1778162558.4730191,0.
1778162558.573019,0.0000000000,1778162558.573019,0.
1778162558.6730192,0.0000000000,1778162558.6730192,0.
1778162558.773019,0.0000000000,1778162558.773019,0.
1778162558.873019,0.0000000000,1778162558.873019,0.
1778162558.9730191,0.0000000000,1778162558.9730191,0.
1778162559.073019,0.0000000000,1778162559.073019,0.
1778162559.1730192,0.0000000000,1778162559.1730192,0.
1778162559.273019,0.0000000000,1778162559.273019,0.
1778162559.373019,0.0000000000,1778162559.373019,0.
1778162559.4730191,0.0000000000,1778162559.4730191,0.
1778162559.573019,0.0000000000,1778162559.573019,0.
1778162559.6730192,0.0000000000,1778162559.6730192,0.
1778162559.773019,0.0000000000,1778162559.773019,0.
1778162559.873019,0.0000000000,1778162559.873019,0.
1778162559.9730191,0.0000000000,1778162559.9730191,0.
1778162560.073019,0.0000000000,1778162560.073019,0.
1778162560.1730192,0.0000000000,1778162560.1730192,0.
1778162560.273019,0.0000000000,1778162560.273019,0.
1778162560.373019,0.0000000000,1778162560.373019,0.
1778162560.4730191,0.0000000000,1778162560.4730191,0.
1778162560.573019,0.0000000000,1778162560.573019,0.
1778162560.6730192,0.0000000000,1778162560.6730192,0.
1778162560.773019,0.0000000000,1778162560.773019,0.
1778162560.873019,0.0000000000,1778162560.873019,0.
1778162560.9730191,0.0000000000,1778162560.9730191,0.
1778162561.073019,0.0000000000,1778162561.073019,0.
1778162561.1730192,0.0000000000,1778162561.1730192,0.
1778162561.273019,0.0000000000,1778162561.273019,0.
1778162561.373019,0.0000000000,1778162561.373019,0.
1778162561.4730191,0.0000000000,1778162561.4730191,0.
1778162561.573019,0.0000000000,1778162561.573019,0.
1778162561.6730192,0.0000000000,1778162561.6730192,0.
1778162561.773019,0.0000000000,1778162561.773019,0.
1778162561.873019,0.0000000000,1778162561.873019,0.
1778162561.9730191,0.0000000000,1778162561.9730191,0.
1778162562.073019,0.0000000000,1778162562.073019,0.
1778162562.1730192,0.0000000000,1778162562.1730192,0.
1778162562.273019,0.0000000000,1778162562.273019,0.
1778162562.373019,0.0000000000,1778162562.373019,0.
1778162562.4730191,0.0000000000,1778162562.4730191,0.
1778162562.573019,0.0000000000,1778162562.573019,0.
1778162562.6730192,0.0000000000,1778162562.6730192,0.
1778162562.773019,0.0000000000,1778162562.773019,0.
1778162562.873019,0.0000000000,1778162562.873019,0.
1778162562.9730191,0.0000000000,1778162562.9730191,0.
1778162563.073019,0.0000000000,1778162563.073019,0.
1778162563.1730192,0.0000000000,1778162563.1730192,0.
1778162563.273019,0.0000000000,1778162563.273019,0.
1778162563.373019,0.0000000000,1778162563.373019,0.
1778162563.4730191,0.0000000000,1778162563.4730191,0.
1778162563.573019,0.0000000000,1778162563.573019,0.
1778162563.6730192,0.0000000000,1778162563.6730192,0.
1778162563.773019,0.0000000000,1778162563.773019,0.
1778162563.873019,0.0000000000,1778162563.873019,0.
1778162563.9730191,0.0000000000,1778162563.9730191,0.
1778162564.073019,0.0000000000,1778162564.073019,0.
1778162564.1730192,0.0000000000,1778162564.1730192,0.
1778162564.273019,0.0000000000,1778162564.273019,0.
1778162564.373019,0.0000000000,1778162564.373019,0.
1778162564.4730191,0.0000000000,1778162564.4730191,0.
1778162564.573019,0.0000000000,1778162564.573019,0.
1778162564.6730192,0.0000000000,1778162564.6730192,0.
1778162564.773019,0.0000000000,1778162564.773019,0.
1778162564.873019,0.0000000000,1778162564.873019,0.
1778162564.9730191,0.0000000000,1778162564.9730191,0.
1778162565.073019,0.0000000000,1778162565.073019,0.
1778162565.1730192,0.0000000000,1778162565.1730192,0.
1778162565.273019,0.0000000000,1778162565.273019,0.
1778162565.373019,0.0000000000,1778162565.373019,0.
1778162565.4730191,0.0000000000,1778162565.4730191,0.
1778162565.573019,0.0000000000,1778162565.573019,0.
1778162565.6730192,0.0000000000,1778162565.6730192,0.
1778162565.773019,0.0000000000,1778162565.773019,0.
1778162565.873019,0.0000000000,1778162565.873019,0.
1778162565.9730191,0.0000000000,1778162565.9730191,0.
1778162566.073019,0.0000000000,1778162566.073019,0.
1778162566.1730192,0.0000000000,1778162566.1730192,0.
1778162566.273019,0.0000000000,1778162566.273019,0.
1778162566.373019,0.0000000000,1778162566.373019,0.
1778162566.4730191,0.0000000000,1778162566.4730191,0.
1778162566.573019,0.0000000000,1778162566.573019,0.
1778162566.6730192,0.0000000000,1778162566.6730192,0.
1778162566.773019,0.0000000000,1778162566.773019,0.
1778162566.873019,0.0000000000,1778162566.873019,0.
1778162566.9730191,0.0000000000,1778162566.9730191,0.
1778162567.073019,0.0000000000,1778162567.073019,0.
1778162567.1730192,0.0000000000,1778162567.1730192,0.
1778162567.273019,0.0000000000,1778162567.273019,0.
1778162567.373019,0.0000000000,1778162567.373019,0.
1778162567.4730191,0.0000000000,1778162567.4730191,0.
1778162567.573019,0.0000000000,1778162567.573019,0.
1778162567.6730192,0.0000000000,1778162567.6730192,0.
1778162567.773019,0.0000000000,1778162567.773019,0.
1778162567.873019,0.0000000000,1778162567.873019,0.
1778162567.9730191,0.0000000000,1778162567.9730191,0.
1778162568.073019,0.0000000000,1778162568.073019,0.
1778162568.1730192,0.0000000000,1778162568.1730192,0.
1778162568.273019,0.0000000000,1778162568.273019,0.
1778162568.373019,0.0000000000,1778162568.373019,0.
1778162568.4730191,0.0000000000,1778162568.4730191,0.
1778162568.573019,0.0000000000,1778162568.573019,0.
1778162568.6730192,0.0000000000,1778162568.6730192,0.
1778162568.773019,0.0000000000,1778162568.773019,0.
1778162568.873019,0.0000000000,1778162568.873019,0.
1778162568.9730191,0.0000000000,1778162568.9730191,0.
1778162569.073019,0.0000000000,1778162569.073019,0.
1778162569.1730192,0.0000000000,1778162569.1730192,0.
1778162569.273019,0.0000000000,1778162569.273019,0.
1778162569.373019,0.0000000000,1778162569.373019,0.
1778162569.4730191,0.0000000000,1778162569.4730191,0.
1778162569.573019,0.0000000000,1778162569.573019,0.
1778162569.6730192,0.0000000000,1778162569.6730192,0.
1778162569.773019,0.0000000000,1778162569.773019,0.
1778162569.873019,0.0000000000,1778162569.873019,0.
1778162569.9730191,0.0000000000,1778162569.9730191,0.
1778162570.073019,0.0000000000,1778162570.073019,0.
1778162570.1730192,0.0000000000,1778162570.1730192,0.
1778162570.273019,0.0000000000,1778162570.273019,0.
1778162570.373019,0.0000000000,1778162570.373019,0.
1778162570.4730191,0.0000000000,1778162570.4730191,0.
1778162570.573019,0.0000000000,1778162570.573019,0.
1778162570.6730192,0.0000000000,1778162570.6730192,0.
1778162570.773019,0.0000000000,1778162570.773019,0.
1778162570.873019,0.0000000000,1778162570.873019,0.
1778162570.9730191,0.0000000000,1778162570.9730191,0.
1778162571.073019,0.0000000000,1778162571.073019,0.
1778162571.1730192,0.0000000000,1778162571.1730192,0.
1778162571.273019,0.0000000000,1778162571.273019,0.
1778162571.373019,0.0000000000,1778162571.373019,0.
1778162571.4730191,0.0000000000,1778162571.4730191,0.
1778162571.573019,0.0000000000,1778162571.573019,0.
1778162571.6730192,0.0000000000,1778162571.6730192,0.
1778162571.773019,0.0000000000,1778162571.773019,0.
1778162571.873019,0.0000000000,1778162571.873019,0.
1778162571.9730191,0.0000000000,1778162571.9730191,0.
1778162572.073019,0.0000000000,1778162572.073019,0.
1778162572.1730192,0.0000000000,1778162572.1730192,0.
1778162572.273019,0.0000000000,1778162572.273019,0.
1778162572.373019,0.0000000000,1778162572.373019,0.
1778162572.4730191,0.0000000000,1778162572.4730191,0.
1778162572.573019,0.0000000000,1778162572.573019,0.
1778162572.6730192,0.0000000000,1778162572.6730192,0.
1778162572.773019,0.0000000000,1778162572.773019,0.
1778162572.873019,0.0000000000,1778162572.873019,0.
1778162572.9730191,0.0000000000,1778162572.9730191,0.
1778162573.073019,0.0000000000,1778162573.073019,0.
1778162573.1730192,0.0000000000,1778162573.1730192,0.
1778162573.273019,0.0000000000,1778162573.273019,0.
1778162573.373019,0.0000000000,1778162573.373019,0.
1778162573.4730191,0.0000000000,1778162573.4730191,0.
1778162573.573019,0.0000000000,1778162573.573019,0.
1778162573.6730192,0.0000000000,1778162573.6730192,0.
1778162573.773019,0.0000000000,1778162573.773019,0.
1778162573.873019,0.0000000000,1778162573.873019,0.
1778162573.9730191,0.0000000000,1778162573.9730191,0.
1778162574.073019,0.0000000000,1778162574.073019,0.
1778162574.1730192,0.0000000000,1778162574.1730192,0.
1778162574.273019,0.0000000000,1778162574.273019,0.
1778162574.373019,0.0000000000,1778162574.373019,0.
1778162574.4730191,0.0000000000,1778162574.4730191,0.
1778162574.573019,0.0000000000,1778162574.573019,0.
1778162574.6730192,0.0000000000,1778162574.6730192,0.
1778162574.773019,0.0000000000,1778162574.773019,0.
1778162574.873019,0.0000000000,1778162574.873019,0.
1778162574.9730191,0.0000000000,1778162574.9730191,0.
1778162575.073019,0.0000000000,1778162575.073019,0.
1778162575.1730192,0.0000000000,1778162575.1730192,0.
1778162575.273019,0.0000000000,1778162575.273019,0.
1778162575.373019,0.0000000000,1778162575.373019,0.
1778162575.4730191,0.0000000000,1778162575.4730191,0.
1778162575.573019,0.0000000000,1778162575.573019,0.
1778162575.6730192,0.0000000000,1778162575.6730192,0.
1778162575.773019,0.0000000000,1778162575.773019,0.
1778162575.873019,0.0000000000,1778162575.873019,0.
1778162575.9730191,0.0000000000,1778162575.9730191,0.
1778162576.073019,0.0000000000,1778162576.073019,0.
1778162576.1730192,0.0000000000,1778162576.1730192,0.
1778162576.273019,0.0000000000,1778162576.273019,0.
1778162576.373019,0.0000000000,1778162576.373019,0.
1778162576.4730191,0.0000000000,1778162576.4730191,0.
1778162576.573019,0.0000000000,1778162576.573019,0.
1778162576.6730192,0.0000000000,1778162576.6730192,0.
1778162576.773019,0.0000000000,1778162576.773019,0.
1778162576.873019,0.0000000000,1778162576.873019,0.
1778162576.9730191,0.0000000000,1778162576.9730191,0.
1778162577.073019,0.0000000000,1778162577.073019,0.
1778162577.1730192,0.0000000000,1778162577.1730192,0.
1778162577.273019,0.0000000000,1778162577.273019,0.
1778162577.373019,0.0000000000,1778162577.373019,0.
1778162577.4730191,0.0000000000,1778162577.4730191,0.
1778162577.573019,0.0000000000,1778162577.573019,0.
1778162577.6730192,0.0000000000,1778162577.6730192,0.
1778162577.773019,0.0000000000,1778162577.773019,0.
1778162577.873019,0.0000000000,1778162577.873019,0.
1778162577.9730191,0.0000000000,1778162577.9730191,0.
1778162578.073019,0.0000000000,1778162578.073019,0.
1778162578.1730192,0.0000000000,1778162578.1730192,0.
1778162578.273019,0.0000000000,1778162578.273019,0.
1778162578.373019,0.0000000000,1778162578.373019,0.
1778162578.4730191,0.0000000000,1778162578.4730191,0.
1778162578.573019,0.0000000000,1778162578.573019,0.
1778162578.6730192,0.0000000000,1778162578.6730192,0.
1778162578.773019,0.0000000000,1778162578.773019,0.
1778162578.873019,0.0000000000,1778162578.873019,0.
1778162578.9730191,0.0000000000,1778162578.9730191,0.
1778162579.073019,0.0000000000,1778162579.073019,0.
1778162579.1730192,0.0000000000,1778162579.1730192,0.
1778162579.273019,0.0000000000,1778162579.273019,0.
1778162579.373019,0.0000000000,1778162579.373019,0.
1778162579.4730191,0.0000000000,1778162579.4730191,0.
1778162579.573019,0.0000000000,1778162579.573019,0.
1778162579.6730192,0.0000000000,1778162579.6730192,0.
1778162579.773019,0.0000000000,1778162579.773019,0.
1778162579.873019,0.0000000000,1778162579.873019,0.
1778162579.9730191,0.0000000000,1778162579.9730191,0.
1778162580.073019,0.0000000000,1778162580.073019,0.
1778162580.1730192,0.0000000000,1778162580.1730192,0.
1778162580.273019,0.0000000000,1778162580.273019,0.
1778162580.373019,0.0000000000,1778162580.373019,0.
1778162580.4730191,0.0000000000,1778162580.4730191,0.
1778162580.573019,0.0000000000,1778162580.573019,0.
1778162580.6730192,0.0000000000,1778162580.6730192,0.
1778162580.773019,0.0000000000,1778162580.773019,0.
1778162580.873019,0.0000000000,1778162580.873019,0.
1778162580.9730191,0.0000000000,1778162580.9730191,0.
1778162581.073019,0.0000000000,1778162581.073019,0.
1778162581.1730192,0.0000000000,1778162581.1730192,0.
1778162581.273019,0.0000000000,1778162581.273019,0.
1778162581.373019,0.0000000000,1778162581.373019,0.
1778162581.4730191,0.0000000000,1778162581.4730191,0.
1778162581.573019,0.0000000000,1778162581.573019,0.
1778162581.6730192,0.0000000000,1778162581.6730192,0.
1778162581.773019,0.0000000000,1778162581.773019,0.
1778162581.873019,0.0000000000,1778162581.873019,0.
1778162581.9730191,0.0000000000,1778162581.9730191,0.
1778162582.073019,0.0000000000,1778162582.073019,0.
1778162582.1730192,0.0000000000,1778162582.1730192,0.
1778162582.273019,0.0000000000,1778162582.273019,0.
1778162582.373019,0.0000000000,1778162582.373019,0.
1778162582.4730191,0.0000000000,1778162582.4730191,0.
1778162582.573019,0.0000000000,1778162582.573019,0.
1778162582.6730192,0.0000000000,1778162582.6730192,0.
1778162582.773019,0.0000000000,1778162582.773019,0.
1778162582.873019,0.0000000000,1778162582.873019,0.
1778162582.9730191,0.0000000000,1778162582.9730191,0.
1778162583.073019,0.0000000000,1778162583.073019,0.
1778162583.1730192,0.0000000000,1778162583.1730192,0.
1778162583.273019,0.0000000000,1778162583.273019,0.
1778162583.373019,0.0000000000,1778162583.373019,0.
1778162583.4730191,0.0000000000,1778162583.4730191,0.
1778162583.573019,0.0000000000,1778162583.573019,0.
1778162583.6730192,0.0000000000,1778162583.6730192,0.
1778162583.773019,0.0000000000,1778162583.773019,0.
1778162583.873019,0.0000000000,1778162583.873019,0.
1778162583.9730191,0.0000000000,1778162583.9730191,0.
1778162584.073019,0.0000000000,1778162584.073019,0.
1778162584.1730192,0.0000000000,1778162584.1730192,0.
1778162584.273019,0.0000000000,1778162584.273019,0.
1778162584.373019,0.0000000000,1778162584.373019,0.
1778162584.4730191,0.0000000000,1778162584.4730191,0.
1778162584.573019,0.0000000000,1778162584.573019,0.
1778162584.6730192,0.0000000000,1778162584.6730192,0.
1778162584.773019,0.0000000000,1778162584.773019,0.
1778162584.873019,0.0000000000,1778162584.873019,0.
1778162584.9730191,0.0000000000,1778162584.9730191,0.
1778162585.073019,0.0000000000,1778162585.073019,0.
1778162585.1730192,0.0000000000,1778162585.1730192,0.
1778162585.273019,0.0000000000,1778162585.273019,0.
1778162585.373019,0.0000000000,1778162585.373019,0.
1778162585.4730191,0.0000000000,1778162585.4730191,0.
1778162585.573019,0.0000000000,1778162585.573019,0.
1778162585.6730192,0.0000000000,1778162585.6730192,0.
1778162585.773019,0.0000000000,1778162585.773019,0.
1778162585.873019,0.0000000000,1778162585.873019,0.
1778162585.9730191,0.0000000000,1778162585.9730191,0.
1778162586.073019,0.0000000000,1778162586.073019,0.
1778162586.1730192,0.0000000000,1778162586.1730192,0.
1778162586.273019,0.0000000000,1778162586.273019,0.
1778162586.373019,0.0000000000,1778162586.373019,0.
1778162586.4730191,0.0000000000,1778162586.4730191,0.
1778162586.573019,0.0000000000,1778162586.573019,0.
1778162586.6730192,0.0000000000,1778162586.6730192,0.
1778162586.773019,0.0000000000,1778162586.773019,0.
1778162586.873019,0.0000000000,1778162586.873019,0.
1778162586.9730191,0.0000000000,1778162586.9730191,0.
1778162587.073019,0.0000000000,1778162587.073019,0.
1778162587.1730192,0.0000000000,1778162587.1730192,0.
1778162587.273019,0.0000000000,1778162587.273019,0.
1778162587.373019,0.0000000000,1778162587.373019,0.
1778162587.4730191,0.0000000000,1778162587.4730191,0.
1778162587.573019,0.0000000000,1778162587.573019,0.
1778162587.6730192,0.0000000000,1778162587.6730192,0.
1778162587.773019,0.0000000000,1778162587.773019,0.
1778162587.873019,0.0000000000,1778162587.873019,0.
1778162587.9730191,0.0000000000,1778162587.9730191,0.
1778162588.073019,0.0000000000,1778162588.073019,0.
1778162588.1730192,0.0000000000,1778162588.1730192,0.
1778162588.273019,0.0000000000,1778162588.273019,0.
1778162588.373019,0.0000000000,1778162588.373019,0.
1778162588.4730191,0.0000000000,1778162588.4730191,0.
1778162588.573019,0.0000000000,1778162588.573019,0.
1778162588.6730192,0.0000000000,1778162588.6730192,0.
1778162588.773019,0.0000000000,1778162588.773019,0.
1778162588.873019,0.0000000000,1778162588.873019,0.
1778162588.9730191,0.0000000000,1778162588.9730191,0.
1778162589.073019,0.0000000000,1778162589.073019,0.
1778162589.1730192,0.0000000000,1778162589.1730192,0.
1778162589.273019,0.0000000000,1778162589.273019,0.
1778162589.373019,0.0000000000,1778162589.373019,0.
1778162589.4730191,0.0000000000,1778162589.4730191,0.
1778162589.573019,0.0000000000,1778162589.573019,0.
1778162589.6730192,0.0000000000,1778162589.6730192,0.
1778162589.773019,0.0000000000,1778162589.773019,0.
1778162589.873019,0.0000000000,1778162589.873019,0.
1778162589.9730191,0.0000000000,1778162589.9730191,0.
1778162590.073019,0.0000000000,1778162590.073019,0.
1778162590.1730192,0.0000000000,1778162590.1730192,0.
1778162590.273019,0.0000000000,1778162590.273019,0.
1778162590.373019,0.0000000000,1778162590.373019,0.
1778162590.4730191,0.0000000000,1778162590.4730191,0.
1778162590.573019,0.0000000000,1778162590.573019,0.
1778162590.6730192,0.0000000000,1778162590.6730192,0.
1778162590.773019,0.0000000000,1778162590.773019,0.
1778162590.873019,0.0000000000,1778162590.873019,0.
1778162590.9730191,0.0000000000,1778162590.9730191,0.
1778162591.073019,0.0000000000,1778162591.073019,0.
1778162591.1730192,0.0000000000,1778162591.1730192,0.
1778162591.273019,0.0000000000,1778162591.273019,0.
1778162591.373019,0.0000000000,1778162591.373019,0.
1778162591.4730191,0.0000000000,1778162591.4730191,0.
1778162591.573019,0.0000000000,1778162591.573019,0.
1778162591.6730192,0.0000000000,1778162591.6730192,0.
1778162591.773019,0.0000000000,1778162591.773019,0.
1778162591.873019,0.0000000000,1778162591.873019,0.
1778162591.9730191,0.0000000000,1778162591.9730191,0.
1778162592.073019,0.0000000000,1778162592.073019,0.
1778162592.1730192,0.0000000000,1778162592.1730192,0.
1778162592.273019,0.0000000000,1778162592.273019,0.
1778162592.373019,0.0000000000,1778162592.373019,0.
1778162592.4730191,0.0000000000,1778162592.4730191,0.
1778162592.573019,0.0000000000,1778162592.573019,0.
1778162592.6730192,0.0000000000,1778162592.6730192,0.
1778162592.773019,0.0000000000,1778162592.773019,0.
1778162592.873019,0.0000000000,1778162592.873019,0.
1778162592.9730191,0.0000000000,1778162592.9730191,0.
1778162593.073019,0.0000000000,1778162593.073019,0.
1778162593.1730192,0.0000000000,1778162593.1730192,0.
1778162593.273019,0.0000000000,1778162593.273019,0.
1778162593.373019,0.0000000000,1778162593.373019,0.
1778162593.4730191,0.0000000000,1778162593.4730191,0.
1778162593.573019,0.0000000000,1778162593.573019,0.
1778162593.6730192,0.0000000000,1778162593.6730192,0.
1778162593.773019,0.0000000000,1778162593.773019,0.
1778162593.873019,0.0000000000,1778162593.873019,0.
1778162593.9730191,0.0000000000,1778162593.9730191,0.
1778162594.073019,0.0000000000,1778162594.073019,0.
1778162594.1730192,0.0000000000,1778162594.1730192,0.
1778162594.273019,0.0000000000,1778162594.273019,0.
1778162594.373019,0.0000000000,1778162594.373019,0.
1778162594.4730191,0.0000000000,1778162594.4730191,0.
1778162594.573019,0.0000000000,1778162594.573019,0.
1778162594.6730192,0.0000000000,1778162594.6730192,0.
1778162594.773019,0.0000000000,1778162594.773019,0.
1778162594.873019,0.0000000000,1778162594.873019,0.
1778162594.9730191,0.0000000000,1778162594.9730191,0.
1778162595.073019,0.0000000000,1778162595.073019,0.
1778162595.1730192,0.0000000000,1778162595.1730192,0.
1778162595.273019,0.0000000000,1778162595.273019,0.
1778162595.373019,0.0000000000,1778162595.373019,0.
1778162595.4730191,0.0000000000,1778162595.4730191,0.
1778162595.573019,0.0000000000,1778162595.573019,0.
1778162595.6730192,0.0000000000,1778162595.6730192,0.
1778162595.773019,0.0000000000,1778162595.773019,0.
1778162595.873019,0.0000000000,1778162595.873019,0.
1778162595.9730191,0.0000000000,1778162595.9730191,0.
1778162596.073019,0.0000000000,1778162596.073019,0.
1778162596.1730192,0.0000000000,1778162596.1730192,0.
1778162596.273019,0.0000000000,1778162596.273019,0.
1778162596.373019,0.0000000000,1778162596.373019,0.
1778162596.4730191,0.0000000000,1778162596.4730191,0.
1778162596.573019,0.0000000000,1778162596.573019,0.
1778162596.6730192,0.0000000000,1778162596.6730192,0.
1778162596.773019,0.0000000000,1778162596.773019,0.
1778162596.873019,0.0000000000,1778162596.873019,0.
1778162596.9730191,0.0000000000,1778162596.9730191,0.
1778162597.073019,0.0000000000,1778162597.073019,0.
1778162597.1730192,0.0000000000,1778162597.1730192,0.
1778162597.273019,0.0000000000,1778162597.273019,0.
1778162597.373019,0.0000000000,1778162597.373019,0.
1778162597.4730191,0.0000000000,1778162597.4730191,0.
1778162597.573019,0.0000000000,1778162597.573019,0.
1778162597.6730192,0.0000000000,1778162597.6730192,0.
1778162597.773019,0.0000000000,1778162597.773019,0.
1778162597.873019,0.0000000000,1778162597.873019,0.
1778162597.9730191,0.0000000000,1778162597.9730191,0.
1778162598.073019,0.0000000000,1778162598.073019,0.
1778162598.1730192,0.0000000000,1778162598.1730192,0.
1778162598.273019,0.0000000000,1778162598.273019,0.
1778162598.373019,0.0000000000,1778162598.373019,0.
1778162598.4730191,0.0000000000,1778162598.4730191,0.
1778162598.573019,0.0000000000,1778162598.573019,0.
1778162598.6730192,0.0000000000,1778162598.6730192,0.
1778162598.773019,0.0000000000,1778162598.773019,0.
