Command_x,Command_y,Target_x,Target_y
1778162098.873019,0.,1778162098.873019,120.
1778162098.9730191,0.,1778162098.9730191,120.
1778162099.073019,0.,1778162099.073019,120.
1778162099.1730192,0.,1778162099.1730192,120.
1778162099.273019,0.,1778162099.273019,120.
1778162099.373019,0.,1778162099.373019,120.
1778162099.4730191,0.,1778162099.4730191,120.
1778162099.573019,0.,1778162099.573019,120.
1778162099.6730192,0.,1778162099.6730192,120.
1778162099.773019,0.,1778162099.773019,120.
1778162099.873019,0.,1778162099.873019,120.
1778162099.9730191,0.,1778162099.9730191,120.
1778162100.073019,0.,1778162100.073019,120.
1778162100.1730192,0.,1778162100.1730192,120.
1778162100.273019,0.,1778162100.273019,120.
1778162100.373019,0.,1778162100.373019,120.
1778162100.4730191,0.,1778162100.4730191,120.
1778162100.573019,0.,1778162100.573019,120.
1778162100.6730192,0.,1778162100.6730192,120.
1778162100.773019,0.,1778162100.773019,120.
1778162100.873019,0.,1778162100.873019,120.
1778162100.9730191,0.,1778162100.9730191,120.
1778162101.073019,0.,1778162101.073019,120.
1778162101.1730192,0.,1778162101.1730192,120.
1778162101.273019,0.,1778162101.273019,120.
1778162101.373019,0.,1778162101.373019,120.
1778162101.4730191,0.,1778162101.4730191,120.
1778162101.573019,0.,1778162101.573019,120.
1778162101.6730192,0.,1778162101.6730192,120.
1778162101.773019,0.,1778162101.773019,120.
1778162101.873019,0.,1778162101.873019,120.
1778162101.9730191,0.,1778162101.9730191,120.
1778162102.073019,0.,1778162102.073019,120.
1778162102.1730192,0.,1778162102.1730192,120.
1778162102.273019,0.,1778162102.273019,120.
1778162102.373019,0.,1778162102.373019,120.
1778162102.4730191,0.,1778162102.4730191,120.
1778162102.573019,0.,1778162102.573019,120.
1778162102.6730192,0.,1778162102.6730192,120.
1778162102.773019,0.,1778162102.773019,120.
1778162102.873019,0.,1778162102.873019,120.
1778162102.9730191,0.,1778162102.9730191,120.
1778162103.073019,0.,1778162103.073019,120.
1778162103.1730192,0.,1778162103.1730192,120.
1778162103.273019,0.,1778162103.273019,120.
1778162103.373019,0.,1778162103.373019,120.
1778162103.4730191,0.,1778162103.4730191,120.
1778162103.573019,0.,1778162103.573019,120.
1778162103.6730192,0.,1778162103.6730192,120.
1778162103.773019,0.,1778162103.773019,120.
1778162103.873019,0.,1778162103.873019,120.
1778162103.9730191,0.,1778162103.9730191,120.
1778162104.073019,0.,1778162104.073019,120.
1778162104.1730192,0.,1778162104.1730192,120.
1778162104.273019,0.,1778162104.273019,120.
1778162104.373019,0.,1778162104.373019,120.
1778162104.4730191,0.,1778162104.4730191,120.
1778162104.573019,0.,1778162104.573019,120.
1778162104.6730192,0.,1778162104.6730192,120.
1778162104.773019,0.,1778162104.773019,120.
1778162104.873019,0.,1778162104.873019,120.
1778162104.9730191,0.,1778162104.9730191,120.
1778162105.073019,0.,1778162105.073019,120.
1778162105.1730192,0.,1778162105.1730192,120.
1778162105.273019,0.,1778162105.273019,120.
1778162105.373019,0.,1778162105.373019,120.
1778162105.4730191,0.,1778162105.4730191,120.
1778162105.573019,0.,1778162105.573019,120.
1778162105.6730192,0.,1778162105.6730192,120.
1778162105.773019,0.,1778162105.773019,120.
1778162105.873019,0.,1778162105.873019,120.
1778162105.9730191,0.,1778162105.9730191,120.
1778162106.073019,0.,1778162106.073019,120.
1778162106.1730192,0.,1778162106.1730192,120.
1778162106.273019,0.,1778162106.273019,120.
1778162106.373019,0.,1778162106.373019,120.
1778162106.4730191,0.,1778162106.4730191,120.
1778162106.573019,0.,1778162106.573019,120.
1778162106.6730192,0.,1778162106.6730192,120.
1778162106.773019,0.,1778162106.773019,120.
1778162106.873019,0.,1778162106.873019,120.
1778162106.9730191,0.,1778162106.9730191,120.
1778162107.073019,0.,1778162107.073019,120.
1778162107.1730192,0.,1778162107.1730192,120.
1778162107.273019,0.,1778162107.273019,120.
1778162107.373019,0.,1778162107.373019,120.
1778162107.4730191,0.,1778162107.4730191,120.
1778162107.573019,0.,1778162107.573019,120.
1778162107.6730192,0.,1778162107.6730192,120.
1778162107.773019,0.,1778162107.773019,120.
1778162107.873019,0.,1778162107.873019,120.
1778162107.9730191,0.,1778162107.9730191,120.
1778162108.073019,0.,1778162108.073019,120.
1778162108.1730192,0.,1778162108.1730192,120.
1778162108.273019,66.2478691074,1778162108.273019,120.7622446328
1778162108.373019,147.5672129310,1778162108.373019,121.4814367137
1778162108.4730191,158.3723104217,1778162108.4730191,122.5149917145
1778162108.573019,140.5118394517,1778162108.573019,122.6631571597
1778162108.6730192,92.3007643322,1778162108.6730192,123.4942543765
1778162108.773019,86.6323475359,1778162108.773019,122.7625558854
1778162108.873019,62.3595095449,1778162108.873019,122.4533387298
1778162108.9730191,103.4828820239,1778162108.9730191,122.6747895624
1778162109.073019,104.9265458051,1778162109.073019,122.6173156196
1778162109.1730192,129.3392469733,1778162109.1730192,122.6480607392
1778162109.273019,136.8339555469,1778162109.273019,122.8991025608
1778162109.373019,118.1326275706,1778162109.373019,124.0205070226
1778162109.4730191,112.0048902327,1778162109.4730191,124.5896266933
1778162109.573019,108.783068275,1778162109.573019,123.9227930841
1778162109.6730192,146.0217257472,1778162109.6730192,123.3684473914
1778162109.773019,109.6627346979,1778162109.773019,122.1964646888
1778162109.873019,126.9469689637,1778162109.873019,122.5073646008
1778162109.9730191,132.1484977111,1778162109.9730191,122.7355824518
1778162110.073019,135.3890689198,1778162110.073019,122.6261184439
1778162110.1730192,138.8769721117,1778162110.1730192,122.8992098234
1778162110.273019,92.6206567396,1778162110.273019,123.7202186830
1778162110.373019,105.4896678844,1778162110.373019,124.7658483378
1778162110.4730191,128.3541653448,1778162110.4730191,125.1381086421
1778162110.573019,142.9784496531,1778162110.573019,125.1618343497
1778162110.6730192,91.9038231978,1778162110.6730192,125.4541241946
1778162110.773019,86.1342052767,1778162110.773019,124.6467220572
1778162110.873019,124.1919184198,1778162110.873019,124.2756407983
1778162110.9730191,108.2699439185,1778162110.9730191,124.3542319188
1778162111.073019,125.5217651048,1778162111.073019,124.7038099093
1778162111.1730192,112.2230386178,1778162111.1730192,123.6317339384
1778162111.273019,127.3974770637,1778162111.273019,122.8104294057
1778162111.373019,91.6887140051,1778162111.373019,122.5529078538
1778162111.4730191,122.2419431287,1778162111.4730191,123.0073756563
1778162111.573019,108.0534172558,1778162111.573019,123.5964486266
1778162111.6730192,84.2956001463,1778162111.6730192,124.0812511914
1778162111.773019,78.4617683683,1778162111.773019,124.1659573273
1778162111.873019,145.1042745401,1778162111.873019,124.2414840773
1778162111.9730191,93.0075416960,1778162111.9730191,124.0005845436
1778162112.073019,79.8608028951,1778162112.073019,123.8524675315
1778162112.1730192,120.7912505599,1778162112.1730192,122.3523772287
1778162112.273019,88.3030640141,1778162112.273019,122.5121971820
1778162112.373019,85.4682905646,1778162112.373019,121.5185218535
1778162112.4730191,120.7041979055,1778162112.4730191,121.0341304869
1778162112.573019,112.8218175594,1778162112.573019,118.8231263708
1778162112.6730192,109.2293275126,1778162112.6730192,118.0230264875
1778162112.773019,86.7894988036,1778162112.773019,119.0413198221
1778162112.873019,101.5808489611,1778162112.873019,120.
1778162112.9730191,105.6082263197,1778162112.9730191,120.6071393017
1778162113.073019,85.5480363001,1778162113.073019,120.
1778162113.1730192,103.4576840024,1778162113.1730192,119.4825053477
1778162113.273019,109.6996982741,1778162113.273019,119.0171620487
1778162113.373019,98.8553928268,1778162113.373019,119.3430640173
1778162113.4730191,102.1479958666,1778162113.4730191,118.0594849328
1778162113.573019,100.4773436504,1778162113.573019,117.1393575069
1778162113.6730192,123.5372875039,1778162113.6730192,116.2972483824
1778162113.773019,137.7943516234,1778162113.773019,116.4070352848
1778162113.873019,125.4148865968,1778162113.873019,117.6059838604
1778162113.9730191,123.8432917643,1778162113.9730191,118.8262642456
1778162114.073019,127.3382646098,1778162114.073019,120.
1778162114.1730192,129.7110506923,1778162114.1730192,120.
1778162114.273019,149.8807401044,1778162114.273019,120.
1778162114.373019,109.3399518965,1778162114.373019,120.
1778162114.4730191,63.3216908188,1778162114.4730191,120.
1778162114.573019,89.6114043212,1778162114.573019,120.
1778162114.6730192,93.0456498695,1778162114.6730192,120.
1778162114.773019,184.2930887735,1778162114.773019,120.
1778162114.873019,117.5087729320,1778162114.873019,119.4687709197
1778162114.9730191,122.7096678594,1778162114.9730191,120.
1778162115.073019,83.844840747,1778162115.073019,120.
1778162115.1730192,98.6132694605,1778162115.1730192,119.496151619
1778162115.273019,104.1113476878,1778162115.273019,118.2803590203
1778162115.373019,81.1894564737,1778162115.373019,118.0199294580
1778162115.4730191,139.9699991481,1778162115.4730191,118.2858218166
1778162115.573019,154.7454105533,1778162115.573019,118.0468623698
1778162115.6730192,181.5985832234,1778162115.6730192,117.3821236725
1778162115.773019,95.9602442985,1778162115.773019,117.3859373107
1778162115.873019,19.1920488597,1778162115.873019,117.3121807003
1778162115.9730191,90.0386841665,1778162115.9730191,116.8321685329
1778162116.073019,124.059530285,1778162116.073019,116.2223075172
1778162116.1730192,146.9139838858,1778162116.1730192,116.2476980714
1778162116.273019,196.4143345582,1778162116.273019,115.8366276760
1778162116.373019,121.8445466788,1778162116.373019,115.5898575214
1778162116.4730191,64.2916083444,1778162116.4730191,116.1860736942
1778162116.573019,12.8583216689,1778162116.573019,116.9924513624
1778162116.6730192,106.8658605314,1778162116.6730192,117.1035747950
1778162116.773019,143.1896857458,1778162116.773019,117.9489081254
1778162116.873019,176.2295192635,1778162116.873019,120.
1778162116.9730191,137.744593855,1778162116.9730191,120.
1778162117.073019,119.0036466002,1778162117.073019,120.
1778162117.1730192,23.8007293200,1778162117.1730192,120.8854276249
1778162117.273019,4.7601458640,1778162117.273019,121.1491640136
1778162117.373019,105.5621893425,1778162117.373019,122.2625215815
1778162117.4730191,130.0077205436,1778162117.4730191,123.9318713624
1778162117.573019,84.5660447438,1778162117.573019,125.7342399723
1778162117.6730192,16.9132089488,1778162117.6730192,128.6464010563
1778162117.773019,43.7246587197,1778162117.773019,128.6073548557
1778162117.873019,87.7715750665,1778162117.873019,127.6561336044
1778162117.9730191,101.0792205482,1778162117.9730191,128.2859391129
1778162118.073019,110.7497423115,1778162118.073019,129.5002783961
1778162118.1730192,207.3048856421,1778162118.1730192,130.0232416279
1778162118.273019,147.6523782792,1778162118.273019,130.3951484093
1778162118.373019,90.9018125531,1778162118.373019,130.6088463951
1778162118.4730191,60.1242817604,1778162118.4730191,130.3931901018
1778162118.573019,93.8422246455,1778162118.573019,130.6101340748
1778162118.6730192,163.7168218672,1778162118.6730192,131.3945828473
1778162118.773019,156.1884153634,1778162118.773019,132.3223774554
1778162118.873019,129.4720118787,1778162118.873019,133.9909180477
1778162118.9730191,25.8944023757,1778162118.9730191,134.6049686164
1778162119.073019,5.1788804751,1778162119.073019,133.5440874725
1778162119.1730192,84.6448364322,1778162119.1730192,132.1895118677
1778162119.273019,176.0765199452,1778162119.273019,132.1015937784
1778162119.373019,160.2222770343,1778162119.373019,132.5361980281
1778162119.4730191,110.5453788764,1778162119.4730191,132.706361577
1778162119.573019,147.6691182515,1778162119.573019,132.6924840696
1778162119.6730192,92.4775809644,1778162119.6730192,132.4000379909
1778162119.773019,83.3569615157,1778162119.773019,132.2959973596
1778162119.873019,144.2756614058,1778162119.873019,131.3869049635
1778162119.9730191,180.3421750805,1778162119.9730191,130.7206921589
1778162120.073019,100.954810007,1778162120.073019,130.3102870931
1778162120.1730192,151.4067531212,1778162120.1730192,130.3168155684
1778162120.273019,134.9227458714,1778162120.273019,130.1272593347
1778162120.373019,86.8693448003,1778162120.373019,129.8475127709
1778162120.4730191,103.4898727611,1778162120.4730191,130.1793412320
1778162120.573019,80.1572621956,1778162120.573019,129.6949152584
1778162120.6730192,127.5367606263,1778162120.6730192,128.2761849234
1778162120.773019,170.741729808,1778162120.773019,127.1416323644
1778162120.873019,117.7862592436,1778162120.873019,126.0138853896
1778162120.9730191,82.0811494241,1778162120.9730191,125.9632695793
1778162121.073019,60.1197750079,1778162121.073019,125.9610187519
1778162121.1730192,122.1104604270,1778162121.1730192,126.0361228489
1778162121.273019,162.2378405262,1778162121.273019,126.1254172145
1778162121.373019,122.840085466,1778162121.373019,125.6892616073
1778162121.4730191,113.4557166969,1778162121.4730191,125.4991636132
1778162121.573019,112.6749594694,1778162121.573019,125.151634817
1778162121.6730192,67.8374724511,1778162121.6730192,125.2895514803
1778162121.773019,97.6929522575,1778162121.773019,125.9826499933
1778162121.873019,171.2094015226,1778162121.873019,125.9480437266
1778162121.9730191,99.7066090951,1778162121.9730191,123.8194389908
1778162122.073019,83.25180593,1778162122.073019,123.8075105626
1778162122.1730192,121.8859796578,1778162122.1730192,123.5038517433
1778162122.273019,109.2731085457,1778162122.273019,123.5248850553
1778162122.373019,132.5678179748,1778162122.373019,122.8387362584
1778162122.4730191,108.314032823,1778162122.4730191,121.9708161485
1778162122.573019,111.6830760351,1778162122.573019,121.3915449201
1778162122.6730192,88.5574269586,1778162122.6730192,121.3894634986
1778162122.773019,108.5632046446,1778162122.773019,121.4829270491
1778162122.873019,133.7547472488,1778162122.873019,121.0946501003
1778162122.9730191,117.6179403741,1778162122.9730191,120.
1778162123.073019,135.8337326887,1778162123.073019,120.
1778162123.1730192,111.703611105,1778162123.1730192,120.
1778162123.273019,88.9568328113,1778162123.273019,120.
1778162123.373019,101.8813174774,1778162123.373019,120.
1778162123.4730191,108.5340565417,1778162123.4730191,119.135164813
1778162123.573019,131.8444171416,1778162123.573019,118.0786022961
1778162123.6730192,129.9181296242,1778162123.6730192,118.5413361406
1778162123.773019,110.3587629526,1778162123.773019,118.9958703298
1778162123.873019,116.0066290861,1778162123.873019,119.0795719231
1778162123.9730191,159.3306560169,1778162123.9730191,118.8308764194
1778162124.073019,141.7878375450,1778162124.073019,118.4850937543
1778162124.1730192,123.8106708618,1778162124.1730192,118.3260712552
1778162124.273019,108.700189462,1778162124.273019,119.3118123249
1778162124.373019,126.1899424168,1778162124.373019,120.
1778162124.4730191,151.6124079278,1778162124.4730191,120.
1778162124.573019,73.6497336380,1778162124.573019,120.
1778162124.6730192,53.2842208847,1778162124.6730192,120.
1778162124.773019,114.8289201951,1778162124.773019,119.4265798775
1778162124.873019,138.3463932759,1778162124.873019,120.
1778162124.9730191,157.9888158250,1778162124.9730191,120.5226134306
1778162125.073019,176.9816092742,1778162125.073019,120.7081160267
1778162125.1730192,119.1763664588,1778162125.1730192,120.5229738044
1778162125.273019,64.0576136746,1778162125.273019,121.1930760903
1778162125.373019,97.6328841324,1778162125.373019,121.7755582743
1778162125.4730191,145.1311370884,1778162125.4730191,121.6600381355
1778162125.573019,138.5607703265,1778162125.573019,122.2364252516
1778162125.6730192,144.9950781553,1778162125.6730192,122.102260833
1778162125.773019,93.1268597610,1778162125.773019,122.1226165284
1778162125.873019,82.5935402548,1778162125.873019,121.8161387716
1778162125.9730191,83.3381592488,1778162125.9730191,121.8318038128
1778162126.073019,115.2804024513,1778162126.073019,122.0080382723
1778162126.1730192,155.4456612137,1778162126.1730192,122.5242059728
1778162126.273019,116.7533625115,1778162126.273019,123.2157366304
1778162126.373019,172.2712694232,1778162126.373019,123.3156051119
1778162126.4730191,97.9693850190,1778162126.4730191,123.2709719153
1778162126.573019,85.4847439925,1778162126.573019,123.2486264998
1778162126.6730192,105.7253023326,1778162126.6730192,122.9776536621
1778162126.773019,21.1450604665,1778162126.773019,123.3884316443
1778162126.873019,146.2222794630,1778162126.873019,123.5502042172
1778162126.9730191,115.0456781627,1778162126.9730191,123.2439918340
1778162127.073019,66.6692769789,1778162127.073019,123.1893299687
1778162127.1730192,76.8606827398,1778162127.1730192,122.5903987965
1778162127.273019,123.5517864900,1778162127.273019,122.143514806
1778162127.373019,130.3960000386,1778162127.373019,121.6459711360
1778162127.4730191,68.8756368834,1778162127.4730191,120.9778720036
1778162127.573019,79.7088805482,1778162127.573019,120.6359660136
1778162127.6730192,106.6259376653,1778162127.6730192,120.7274207928
1778162127.773019,148.9551547905,1778162127.773019,121.1904552624
1778162127.873019,95.9970143239,1778162127.873019,122.6032164796
1778162127.9730191,82.7737946337,1778162127.9730191,121.7137950256
1778162128.073019,56.5504383936,1778162128.073019,121.1874295637
1778162128.1730192,92.3682089095,1778162128.1730192,120.
1778162128.273019,191.949765843,1778162128.273019,120.
1778162128.373019,127.3984505230,1778162128.373019,120.
1778162128.4730191,128.4972628162,1778162128.4730191,120.
1778162128.573019,116.5452490721,1778162128.573019,119.2655832424
1778162128.6730192,110.0825807962,1778162128.6730192,118.6701063799
1778162128.773019,155.3104919779,1778162128.773019,117.8319331143
1778162128.873019,159.5744778238,1778162128.873019,117.5052368214
1778162128.9730191,75.271883718,1778162128.9730191,119.0893609489
1778162129.073019,125.4104611579,1778162129.073019,120.
1778162129.1730192,111.9910895485,1778162129.1730192,119.0193881244
1778162129.273019,125.6172665111,1778162129.273019,118.8280762478
1778162129.373019,160.8348307126,1778162129.373019,118.8483274302
1778162129.4730191,144.2462795918,1778162129.4730191,119.0170314955
1778162129.573019,163.4104828750,1778162129.573019,117.9653852709
1778162129.6730192,95.8901901819,1778162129.6730192,117.3517005562
1778162129.773019,19.1780380364,1778162129.773019,116.6514955333
1778162129.873019,66.9412215573,1778162129.873019,114.9006566171
1778162129.9730191,119.9384691035,1778162129.9730191,114.5786104134
1778162130.073019,165.6919938737,1778162130.073019,115.6053376195
1778162130.1730192,195.2592557198,1778162130.1730192,116.9351281857
1778162130.273019,98.7907607460,1778162130.273019,118.0564886117
1778162130.373019,19.7581521492,1778162130.373019,117.4077771183
1778162130.4730191,3.9516304298,1778162130.4730191,117.8860645283
1778162130.573019,80.7911040936,1778162130.573019,118.6286458371
1778162130.6730192,126.9387188169,1778162130.6730192,120.
1778162130.773019,161.4408556471,1778162130.773019,122.2493209755
1778162130.873019,140.2959662679,1778162130.873019,123.8927414937
1778162130.9730191,163.6372357462,1778162130.9730191,125.4889426551
1778162131.073019,32.7274471492,1778162131.073019,127.6472253629
1778162131.1730192,46.2697737653,1778162131.1730192,126.0775174387
1778162131.273019,70.3917494927,1778162131.273019,122.9659806413
1778162131.373019,121.7202975817,1778162131.373019,120.9889097779
1778162131.4730191,135.1947699916,1778162131.4730191,121.2783894498
1778162131.573019,203.5471264694,1778162131.573019,122.0211120280
1778162131.6730192,145.428455757,1778162131.6730192,122.5722905088
1778162131.773019,116.9960796238,1778162131.773019,122.5095346339
1778162131.873019,113.9070909096,1778162131.873019,122.7942778526
1778162131.9730191,97.3346596298,1778162131.9730191,123.8215766880
1778162132.073019,107.6673228467,1778162132.073019,124.214587167
1778162132.1730192,122.8425218134,1778162132.1730192,124.5004182104
1778162132.273019,143.0382874351,1778162132.273019,124.4835561485
1778162132.373019,115.2312191266,1778162132.373019,124.372067732
1778162132.4730191,142.6221286609,1778162132.4730191,124.3246196294
1778162132.573019,92.3682478529,1778162132.573019,123.9310419436
1778162132.6730192,107.3529796522,1778162132.6730192,123.8760860237
1778162132.773019,110.0304676757,1778162132.773019,123.2372713339
1778162132.873019,131.9994489435,1778162132.873019,122.3908778938
1778162132.9730191,123.4565856358,1778162132.9730191,122.8012992616
1778162133.073019,98.1233223719,1778162133.073019,123.3195997487
1778162133.1730192,127.1133414828,1778162133.1730192,123.1818899530
1778162133.273019,146.8201628697,1778162133.273019,122.4139525617
1778162133.373019,112.1930264906,1778162133.373019,121.576381064
1778162133.4730191,98.6031674026,1778162133.4730191,120.5434382080
1778162133.573019,100.9546252014,1778162133.573019,120.
1778162133.6730192,126.0750085639,1778162133.6730192,119.4865619455
1778162133.773019,115.8679040856,1778162133.773019,120.6024775326
1778162133.873019,96.5311540401,1778162133.873019,121.3599418501
1778162133.9730191,140.7071754517,1778162133.9730191,121.5441759599
1778162134.073019,93.8069171764,1778162134.073019,121.3285338016
1778162134.1730192,114.5481123674,1778162134.1730192,120.
1778162134.273019,145.6737676907,1778162134.273019,120.
1778162134.373019,157.0650502901,1778162134.373019,120.
1778162134.4730191,95.1840222409,1778162134.4730191,120.
1778162134.573019,130.004638618,1778162134.573019,120.
1778162134.6730192,112.5441140312,1778162134.6730192,120.
1778162134.773019,111.8986439764,1778162134.773019,120.
1778162134.873019,111.5632967076,1778162134.873019,120.7180519188
1778162134.9730191,128.1542666885,1778162134.9730191,121.1529097636
1778162135.073019,117.3587293314,1778162135.073019,121.4390993048
1778162135.1730192,150.5492367049,1778162135.1730192,121.2685045626
1778162135.273019,119.5892047098,1778162135.273019,120.9092790563
1778162135.373019,111.3840689556,1778162135.373019,121.0203232542
1778162135.4730191,86.7748770082,1778162135.4730191,121.3499328150
1778162135.573019,104.8197721880,1778162135.573019,121.2993450944
1778162135.6730192,129.1664550927,1778162135.6730192,121.051623394
1778162135.773019,173.3834654122,1778162135.773019,121.7055201607
1778162135.873019,170.0394233216,1778162135.873019,121.7498844962
1778162135.9730191,101.8150534699,1778162135.9730191,122.4095289527
1778162136.073019,133.8021127548,1778162136.073019,122.5069088982
1778162136.1730192,87.8524615857,1778162136.1730192,123.6738793781
1778162136.273019,103.2871451882,1778162136.273019,123.5864093891
1778162136.373019,133.3284114786,1778162136.373019,123.4900699505
1778162136.4730191,112.7711729308,1778162136.4730191,122.9948158463
1778162136.573019,89.6526109639,1778162136.573019,122.5498255034
1778162136.6730192,105.3915116307,1778162136.6730192,122.3991866553
1778162136.773019,108.0602844164,1778162136.773019,122.5103857703
1778162136.873019,107.4499614423,1778162136.873019,122.4387761198
1778162136.9730191,140.4204624634,1778162136.9730191,122.2084570726
1778162137.073019,117.713422556,1778162137.073019,121.8946845147
1778162137.1730192,132.0397271484,1778162137.1730192,121.6756781133
1778162137.273019,131.0234936206,1778162137.273019,121.6181233774
1778162137.373019,117.0763567059,1778162137.373019,121.5988518692
1778162137.4730191,110.9345850757,1778162137.4730191,120.9312046232
1778162137.573019,85.6633901484,1778162137.573019,120.
1778162137.6730192,103.5233766889,1778162137.6730192,118.6318468734
1778162137.773019,100.5106656448,1778162137.773019,118.4076182250
1778162137.873019,105.3647719877,1778162137.873019,117.6304916447
1778162137.9730191,109.5345671444,1778162137.9730191,116.7934191264
1778162138.073019,166.6622143287,1778162138.073019,117.3677068909
1778162138.1730192,137.5219715367,1778162138.1730192,117.9269863802
1778162138.273019,139.8138388732,1778162138.273019,118.2453082494
1778162138.373019,112.0112861477,1778162138.373019,118.8820301966
1778162138.4730191,107.8374520973,1778162138.4730191,118.9503898681
1778162138.573019,128.9547927032,1778162138.573019,118.9398728964
1778162138.6730192,109.3745936630,1778162138.6730192,118.8728271201
1778162138.773019,84.4662983434,1778162138.773019,119.1112263991
1778162138.873019,99.7824737442,1778162138.873019,120.
1778162138.9730191,129.3878936686,1778162138.9730191,120.
1778162139.073019,132.4487263910,1778162139.073019,119.1003846678
1778162139.1730192,151.7681210063,1778162139.1730192,118.9585238753
1778162139.273019,108.1532397188,1778162139.273019,120.
1778162139.373019,107.5540881893,1778162139.373019,120.
1778162139.4730191,123.2274269764,1778162139.4730191,118.9607454374
1778162139.573019,107.5601135315,1778162139.573019,118.5957105027
1778162139.6730192,85.1119351612,1778162139.6730192,118.5883086329
1778162139.773019,149.3836696115,1778162139.773019,118.454728133
1778162139.873019,132.3750842327,1778162139.873019,118.1887477342
1778162139.9730191,126.6842344858,1778162139.9730191,117.8561992988
1778162140.073019,101.5911037214,1778162140.073019,117.6925001499
1778162140.1730192,83.0851272070,1778162140.1730192,118.0297682312
1778162140.273019,100.0851656171,1778162140.273019,117.6260845833
1778162140.373019,95.8258468329,1778162140.373019,116.6808093626
1778162140.4730191,135.5016473913,1778162140.4730191,116.2329620739
1778162140.573019,107.1486426376,1778162140.573019,116.5193585107
1778162140.6730192,98.0191926686,1778162140.6730192,116.6040611397
1778162140.773019,122.472754885,1778162140.773019,116.2135946434
1778162140.873019,108.4008822494,1778162140.873019,115.9397829633
1778162140.9730191,113.4775825120,1778162140.9730191,116.1405745438
1778162141.073019,151.1850031976,1778162141.073019,116.6163329523
1778162141.1730192,89.9356790229,1778162141.1730192,117.0707726154
1778162141.273019,82.6957456996,1778162141.273019,117.2690635333
1778162141.373019,120.4683304098,1778162141.373019,117.2145570343
1778162141.4730191,99.8844248185,1778162141.4730191,117.403871417
1778162141.573019,99.5893639243,1778162141.573019,117.6662375981
1778162141.6730192,95.3103240671,1778162141.6730192,117.8314968141
1778162141.773019,113.4881563668,1778162141.773019,116.8828629192
1778162141.873019,97.3756470900,1778162141.873019,115.7871795925
1778162141.9730191,116.6046085016,1778162141.9730191,114.2965440427
1778162142.073019,129.6718623596,1778162142.073019,113.0348420647
1778162142.1730192,122.8162126832,1778162142.1730192,113.1318327452
1778162142.273019,82.5832643277,1778162142.273019,113.3700279500
1778162142.373019,130.8798536653,1778162142.373019,114.2693988330
1778162142.4730191,91.2191776254,1778162142.4730191,115.2946607347
1778162142.573019,104.7257197731,1778162142.573019,115.6072142119
1778162142.6730192,104.7127198211,1778162142.6730192,115.1611097496
1778162142.773019,128.1653577331,1778162142.773019,115.2433733053
1778162142.873019,112.4973173346,1778162142.873019,115.1127698770
1778162142.9730191,129.0481991522,1778162142.9730191,115.8231453013
1778162143.073019,147.3643581046,1778162143.073019,115.8381567434
1778162143.1730192,110.2082491337,1778162143.1730192,116.1269485875
1778162143.273019,65.2606444886,1778162143.273019,117.2266275414
1778162143.373019,101.7319542771,1778162143.373019,117.6444605748
1778162143.4730191,108.9834119038,1778162143.4730191,117.7835239852
1778162143.573019,109.3349274759,1778162143.573019,117.0110425090
1778162143.6730192,128.7082212440,1778162143.6730192,116.7404489177
1778162143.773019,90.6281379448,1778162143.773019,116.5972160372
1778162143.873019,85.6332928733,1778162143.873019,116.6301002286
1778162143.9730191,80.5739620643,1778162143.9730191,116.5191719471
1778162144.073019,100.009432595,1778162144.073019,116.0828084423
1778162144.1730192,109.7969791688,1778162144.1730192,115.5840364609
1778162144.273019,105.5316456887,1778162144.273019,115.2760529514
1778162144.373019,145.3781137401,1778162144.373019,115.2208344058
1778162144.4730191,109.7686365411,1778162144.4730191,115.4110576496
1778162144.573019,85.0229500374,1778162144.573019,116.1551723736
1778162144.6730192,106.0483441231,1778162144.6730192,116.2044264716
1778162144.773019,83.5928903580,1778162144.773019,115.9844033495
1778162144.873019,78.9796248223,1778162144.873019,115.7812853909
1778162144.9730191,127.1679735669,1778162144.9730191,115.7615718609
1778162145.073019,133.5596517469,1778162145.073019,115.8228474394
1778162145.1730192,115.105786634,1778162145.1730192,116.1387413012
1778162145.273019,135.4312292696,1778162145.273019,116.3013553435
1778162145.373019,110.346836028,1778162145.373019,116.7307999376
1778162145.4730191,87.4521788001,1778162145.4730191,117.2714643244
1778162145.573019,100.6252198473,1778162145.573019,117.9056987039
1778162145.6730192,87.5043226217,1778162145.6730192,118.2116373240
1778162145.773019,129.1983689173,1778162145.773019,117.4802963125
1778162145.873019,134.4088654678,1778162145.873019,117.0359391593
1778162145.9730191,113.0113834793,1778162145.9730191,116.9145470484
1778162146.073019,86.0102089327,1778162146.073019,116.7298571872
1778162146.1730192,143.1619877836,1778162146.1730192,116.3375058149
1778162146.273019,129.9985411733,1778162146.273019,115.9939566351
1778162146.373019,89.4968733378,1778162146.373019,116.0021188947
1778162146.4730191,79.9173122534,1778162146.4730191,115.9646801729
1778162146.573019,120.2116192061,1778162146.573019,115.4103970861
1778162146.6730192,109.3601664881,1778162146.6730192,115.0405421418
1778162146.773019,106.6201376547,1778162146.773019,115.3850851361
1778162146.873019,118.9755387942,1778162146.873019,115.9203884514
1778162146.9730191,67.9845236276,1778162146.9730191,116.1798165854
1778162147.073019,80.3161047315,1778162147.073019,115.5069471210
1778162147.1730192,104.7596295942,1778162147.1730192,114.8346020745
1778162147.273019,110.5968326388,1778162147.273019,114.4893141685
1778162147.373019,101.5721355806,1778162147.373019,114.3527283251
1778162147.4730191,148.9389031126,1778162147.4730191,113.5494614793
1778162147.573019,129.91431386,1778162147.573019,113.9520463708
1778162147.6730192,88.2825379502,1778162147.6730192,114.8961751695
1778162147.773019,100.7240723067,1778162147.773019,115.1837666754
1778162147.873019,117.6801945676,1778162147.873019,115.2628823660
1778162147.9730191,141.3175119942,1778162147.9730191,115.4504254652
1778162148.073019,81.5841529216,1778162148.073019,115.9910148693
1778162148.1730192,97.2916274573,1778162148.1730192,116.7741500446
1778162148.273019,148.5068642874,1778162148.273019,116.6768656316
1778162148.373019,122.8645605019,1778162148.373019,117.0247829008
1778162148.4730191,99.7797638455,1778162148.4730191,118.0388414147
1778162148.573019,129.0793475636,1778162148.573019,118.4227426596
1778162148.6730192,102.1723124925,1778162148.6730192,118.6344777917
1778162148.773019,81.8189868648,1778162148.773019,119.4472000879
1778162148.873019,121.3942878551,1778162148.873019,119.4061167467
1778162148.9730191,154.4221868210,1778162148.9730191,119.3115002817
1778162149.073019,128.1369927036,1778162149.073019,120.
1778162149.1730192,103.0395396916,1778162149.1730192,120.
1778162149.273019,97.7757410706,1778162149.273019,120.
1778162149.373019,145.7028226739,1778162149.373019,120.
1778162149.4730191,110.0578141555,1778162149.4730191,120.7874210211
1778162149.573019,88.3992579526,1778162149.573019,121.0249482118
1778162149.6730192,84.9992112391,1778162149.6730192,120.9852194684
1778162149.773019,83.2116887054,1778162149.773019,120.9384590753
1778162149.873019,98.4785242178,1778162149.873019,120.9048104107
1778162149.9730191,106.9155721197,1778162149.9730191,120.9810578200
1778162150.073019,128.5882242341,1778162150.073019,120.7221414082
1778162150.1730192,92.6386043432,1778162150.1730192,120.
1778162150.273019,86.1619325073,1778162150.273019,120.
1778162150.373019,79.2942282825,1778162150.373019,120.
1778162150.4730191,151.1845670556,1778162150.4730191,119.1493560515
1778162150.573019,93.8399366962,1778162150.573019,118.9415047758
1778162150.6730192,84.6979718932,1778162150.6730192,119.3503895526
1778162150.773019,124.0352080126,1778162150.773019,118.6776535191
1778162150.873019,129.4607395078,1778162150.873019,117.7075735851
1778162150.9730191,93.6498981716,1778162150.9730191,117.8243652701
1778162151.073019,63.9459487656,1778162151.073019,116.3390378819
1778162151.1730192,118.5386821417,1778162151.1730192,115.9006817353
1778162151.273019,110.24374178,1778162151.273019,114.5099080439
1778162151.373019,134.2728450634,1778162151.373019,114.0045282135
1778162151.4730191,91.9959861891,1778162151.4730191,113.8306785613
1778162151.573019,84.3190101253,1778162151.573019,114.3938141979
1778162151.6730192,125.1935391116,1778162151.6730192,115.0447781239
1778162151.773019,122.2238920286,1778162151.773019,116.4378948735
1778162151.873019,135.8570771921,1778162151.873019,116.8397588521
1778162151.9730191,90.8568985944,1778162151.9730191,117.4012670342
1778162152.073019,128.6974721291,1778162152.073019,117.4292512215
1778162152.1730192,92.9725698719,1778162152.1730192,116.5746987099
1778162152.273019,118.6618275888,1778162152.273019,116.5298088627
1778162152.373019,90.2367510153,1778162152.373019,115.5436162138
1778162152.4730191,107.1140979647,1778162152.4730191,115.1148217476
1778162152.573019,109.0433733821,1778162152.573019,114.6868104237
1778162152.6730192,125.0713616740,1778162152.6730192,114.2610279602
1778162152.773019,69.2831064132,1778162152.773019,114.4442092583
1778162152.873019,103.9646881689,1778162152.873019,114.5870265228
1778162152.9730191,110.3045555334,1778162152.9730191,114.3922348383
1778162153.073019,129.1145037144,1778162153.073019,113.6450316053
1778162153.1730192,138.2278258473,1778162153.1730192,113.816466082
1778162153.273019,94.5903875732,1778162153.273019,113.9309664406
1778162153.373019,108.5939368344,1778162153.373019,113.6428114673
1778162153.4730191,107.0792114436,1778162153.4730191,113.7158511990
1778162153.573019,105.5996889712,1778162153.573019,113.4068453304
1778162153.6730192,129.3929476471,1778162153.6730192,112.648353513
1778162153.773019,130.8876852861,1778162153.773019,112.0730422125
1778162153.873019,116.3152480434,1778162153.873019,112.8416581559
1778162153.9730191,153.6982693646,1778162153.9730191,113.4028888086
1778162154.073019,116.1776225167,1778162154.073019,114.1984150352
1778162154.1730192,108.9877241743,1778162154.1730192,115.0930648248
1778162154.273019,111.6573413687,1778162154.273019,115.5662060913
1778162154.373019,86.0594156489,1778162154.373019,115.7153367362
1778162154.4730191,119.0242691703,1778162154.4730191,114.3622818536
1778162154.573019,135.1369116603,1778162154.573019,113.7330060866
1778162154.6730192,139.9175197109,1778162154.6730192,113.9724243699
1778162154.773019,113.205466185,1778162154.773019,114.5208106988
1778162154.873019,111.3586627492,1778162154.873019,114.5129816124
1778162154.9730191,87.0304596110,1778162154.9730191,115.0831032608
1778162155.073019,61.3612265866,1778162155.073019,115.7228328818
1778162155.1730192,144.9945595257,1778162155.1730192,116.0639259772
1778162155.273019,134.9652063579,1778162155.273019,116.1582054538
1778162155.373019,90.9758529292,1778162155.373019,118.1052564264
1778162155.4730191,81.3733244509,1778162155.4730191,118.8882549695
1778162155.573019,102.0382278971,1778162155.573019,119.4354924742
1778162155.6730192,87.3279140389,1778162155.6730192,120.
1778162155.773019,107.1927561217,1778162155.773019,119.4878287706
1778162155.873019,84.4868387253,1778162155.873019,119.3496889997
1778162155.9730191,102.0776846715,1778162155.9730191,118.6776831287
1778162156.073019,106.8526763800,1778162156.073019,118.3172601453
1778162156.1730192,147.3740581770,1778162156.1730192,118.3312316741
1778162156.273019,94.6895340981,1778162156.273019,119.2075361167
1778162156.373019,130.6200871804,1778162156.373019,119.2224650240
1778162156.4730191,115.2507302301,1778162156.4730191,119.365121642
1778162156.573019,131.4545664058,1778162156.573019,120.
1778162156.6730192,93.0366520180,1778162156.6730192,122.6015837723
1778162156.773019,130.2377565932,1778162156.773019,122.6427267506
1778162156.873019,159.7532289661,1778162156.873019,123.2234739262
1778162156.9730191,75.2585039707,1778162156.9730191,123.6593441739
1778162157.073019,78.3965121777,1778162157.073019,124.8968143229
1778162157.1730192,80.6996784669,1778162157.1730192,125.4156861395
1778162157.273019,150.9344906785,1778162157.273019,125.3396603425
1778162157.373019,132.0344414281,1778162157.373019,125.8604790091
1778162157.4730191,92.7391635117,1778162157.4730191,126.3946783611
1778162157.573019,119.5110028354,1778162157.573019,126.5158277271
1778162157.6730192,113.8495599993,1778162157.6730192,125.6692993414
1778162157.773019,149.5975444221,1778162157.773019,125.4850843841
1778162157.873019,115.9432126441,1778162157.873019,125.6945341118
1778162157.9730191,148.0513315070,1778162157.9730191,126.7844678368
1778162158.073019,135.3100449479,1778162158.073019,127.3337615365
1778162158.1730192,91.0760237909,1778162158.1730192,127.6614722333
1778162158.273019,103.206613499,1778162158.273019,127.542863027
1778162158.373019,109.1327286772,1778162158.373019,127.4964177299
1778162158.4730191,107.0559484414,1778162158.4730191,127.3534597091
1778162158.573019,111.6667881844,1778162158.573019,127.4017039467
1778162158.6730192,65.1150599277,1778162158.6730192,126.7963087477
1778162158.773019,137.8070943612,1778162158.773019,126.1416972012
1778162158.873019,111.7557931619,1778162158.873019,126.0965948297
1778162158.9730191,66.1285164028,1778162158.9730191,126.4891460968
1778162159.073019,97.1448167944,1778162159.073019,126.2654838821
1778162159.1730192,127.7012854644,1778162159.1730192,126.0019637912
1778162159.273019,182.9390413131,1778162159.273019,125.6367453342
1778162159.373019,102.0422549401,1778162159.373019,125.613448589
1778162159.4730191,132.6417600948,1778162159.4730191,126.5464623634
1778162159.573019,111.0835825664,1778162159.573019,127.2232768321
1778162159.6730192,129.1536741829,1778162159.6730192,127.4445008315
1778162159.773019,93.3886397722,1778162159.773019,127.4579154873
1778162159.873019,140.276299252,1778162159.873019,126.9373719499
1778162159.9730191,114.7920295843,1778162159.9730191,126.726638323
1778162160.073019,86.6662102140,1778162160.073019,126.7104193107
1778162160.1730192,60.9254115413,1778162160.1730192,126.3722199735
1778162160.273019,140.957547693,1778162160.273019,125.7202546711
1778162160.373019,136.9114168876,1778162160.373019,123.3943320024
1778162160.4730191,112.9826052563,1778162160.4730191,124.3593232931
1778162160.573019,107.5280549987,1778162160.573019,125.6407611087
1778162160.6730192,120.3018821722,1778162160.6730192,126.0060957234
1778162160.773019,88.1997830068,1778162160.773019,125.9348469135
1778162160.873019,78.9273514458,1778162160.873019,125.8713922141
1778162160.9730191,99.6502654586,1778162160.9730191,124.7019964576
1778162161.073019,147.7360821650,1778162161.073019,122.8073588798
1778162161.1730192,113.8693371580,1778162161.1730192,122.1668887323
1778162161.273019,105.5739809713,1778162161.273019,122.4388587221
1778162161.373019,132.1582941537,1778162161.373019,120.9544300491
1778162161.4730191,109.4861151978,1778162161.4730191,120.
1778162161.573019,89.7130962376,1778162161.573019,121.0249885451
1778162161.6730192,82.9677035769,1778162161.6730192,122.8943294872
1778162161.773019,127.1506348728,1778162161.773019,123.7474654394
1778162161.873019,92.4864030225,1778162161.873019,122.9152998555
1778162161.9730191,98.8651000036,1778162161.9730191,122.4209478899
1778162162.073019,109.0641779583,1778162162.073019,120.8290555181
1778162162.1730192,85.5330229732,1778162162.1730192,120.
1778162162.273019,83.9257798422,1778162162.273019,120.
1778162162.373019,105.580727289,1778162162.373019,120.
1778162162.4730191,110.0280551221,1778162162.4730191,119.4629767778
1778162162.573019,108.7688017407,1778162162.573019,119.3766184588
1778162162.6730192,128.0938448001,1778162162.6730192,118.4784262989
1778162162.773019,92.7933569925,1778162162.773019,117.5064518528
1778162162.873019,142.7573141564,1778162162.873019,116.8004667961
1778162162.9730191,119.3764881261,1778162162.9730191,116.5007056652
1778162163.073019,91.4733268084,1778162163.073019,116.464318573
1778162163.1730192,130.0370485123,1778162163.1730192,116.1478863458
1778162163.273019,92.7369844402,1778162163.273019,115.7617782267
1778162163.373019,128.5532617586,1778162163.373019,116.2810770675
1778162163.4730191,154.1744970418,1778162163.4730191,116.2390431021
1778162163.573019,116.0274091442,1778162163.573019,116.9333014394
1778162163.6730192,88.3927045574,1778162163.6730192,117.7194481962
1778162163.773019,84.8660494996,1778162163.773019,117.8911124569
1778162163.873019,128.0605112994,1778162163.873019,118.1082799750
1778162163.9730191,110.6866403605,1778162163.9730191,118.1859019701
1778162164.073019,125.4383376586,1778162164.073019,119.0411675082
1778162164.1730192,114.1664443293,1778162164.1730192,119.4118553363
1778162164.273019,133.1245164374,1778162164.273019,120.
1778162164.373019,111.6211611059,1778162164.373019,119.0565841830
1778162164.4730191,108.1535959534,1778162164.4730191,118.8909747028
1778162164.573019,133.4042114013,1778162164.573019,119.2164997755
1778162164.6730192,124.1088041671,1778162164.6730192,119.1499863627
1778162164.773019,110.7499148181,1778162164.773019,119.4123518112
1778162164.873019,123.8611797665,1778162164.873019,120.
1778162164.9730191,86.5419183075,1778162164.9730191,120.
1778162165.073019,103.4479125420,1778162165.073019,120.
1778162165.1730192,106.8406201382,1778162165.1730192,120.
1778162165.273019,105.8029596314,1778162165.273019,119.2497820813
1778162165.373019,154.0285687045,1778162165.373019,119.3972252917
1778162165.4730191,98.3643463999,1778162165.4730191,120.
1778162165.573019,107.7410871421,1778162165.573019,120.
1778162165.6730192,131.6789346972,1778162165.6730192,120.
1778162165.773019,91.3580654683,1778162165.773019,120.
1778162165.873019,83.8470761251,1778162165.873019,120.
1778162165.9730191,98.7559566393,1778162165.9730191,120.
1778162166.073019,140.6902234502,1778162166.073019,120.
1778162166.1730192,91.5140696983,1778162166.1730192,120.
1778162166.273019,150.2920846421,1778162166.273019,119.2451564176
1778162166.373019,92.4520201280,1778162166.373019,118.8602391557
1778162166.4730191,83.8654979400,1778162166.4730191,118.8067395305
1778162166.573019,105.4788734765,1778162166.573019,117.7402485359
1778162166.6730192,121.5498799896,1778162166.6730192,117.4075730892
1778162166.773019,143.9888556228,1778162166.773019,116.8660744652
1778162166.873019,91.3306921017,1778162166.873019,116.8889473934
1778162166.9730191,106.5699093532,1778162166.9730191,116.794289451
1778162167.073019,103.7347880961,1778162167.073019,117.8178022334
1778162167.1730192,156.4603482051,1778162167.1730192,119.3793666546
1778162167.273019,146.7387042899,1778162167.273019,120.
1778162167.373019,113.1005653345,1778162167.373019,118.15122866
1778162167.4730191,66.8916464295,1778162167.4730191,118.0919221548
1778162167.573019,13.3783292859,1778162167.573019,120.
1778162167.6730192,112.5916482779,1778162167.6730192,121.2309363916
1778162167.773019,188.1078708547,1778162167.773019,120.8766780733
1778162167.873019,189.355221866,1778162167.873019,120.
1778162167.9730191,100.7158073606,1778162167.9730191,120.
1778162168.073019,81.7792187024,1778162168.073019,120.
1778162168.1730192,76.6911329763,1778162168.1730192,120.
1778162168.273019,145.3354766118,1778162168.273019,119.0993705841
1778162168.373019,177.2719978451,1778162168.373019,118.6888055914
1778162168.4730191,164.9170397077,1778162168.4730191,120.
1778162168.573019,96.5499833438,1778162168.573019,120.
1778162168.6730192,61.7539983298,1778162168.6730192,120.
1778162168.773019,98.3843397166,1778162168.773019,120.
1778162168.873019,106.7402907899,1778162168.873019,120.
1778162168.9730191,150.5475404087,1778162168.9730191,120.7910588466
1778162169.073019,116.8718566282,1778162169.073019,121.9341220339
1778162169.1730192,131.2266140763,1778162169.1730192,122.4349550333
1778162169.273019,152.8056390317,1778162169.273019,122.7454424853
1778162169.373019,118.288976792,1778162169.373019,122.5329104865
1778162169.4730191,69.8341045104,1778162169.4730191,122.5666676123
1778162169.573019,77.8738166254,1778162169.573019,122.8803704064
1778162169.6730192,120.2828626666,1778162169.6730192,121.9753076891
1778162169.773019,179.4964016971,1778162169.773019,121.3758865458
1778162169.873019,187.6964257178,1778162169.873019,121.1296158631
1778162169.9730191,79.582787503,1778162169.9730191,122.5750478185
1778162170.073019,79.2829354027,1778162170.073019,122.9691911086
1778162170.1730192,99.5013293539,1778162170.1730192,122.5325915621
1778162170.273019,83.9235037449,1778162170.273019,122.3447681375
1778162170.373019,170.3292239728,1778162170.373019,121.7410289242
1778162170.4730191,176.8309490765,1778162170.4730191,121.2599707711
1778162170.573019,119.2824233724,1778162170.573019,121.1896421069
1778162170.6730192,90.4793985928,1778162170.6730192,121.6480281413
1778162170.773019,101.955981153,1778162170.773019,121.3351157266
1778162170.873019,64.2223947241,1778162170.873019,120.6858344483
1778162170.9730191,97.5178200879,1778162170.9730191,120.
1778162171.073019,198.9050598831,1778162171.073019,119.3733510531
1778162171.1730192,149.2148878296,1778162171.1730192,119.309583693
1778162171.273019,93.7804717034,1778162171.273019,119.1025970974
1778162171.373019,18.7560943407,1778162171.373019,120.6325278373
1778162171.4730191,3.7512188681,1778162171.4730191,122.04877675
1778162171.573019,164.5549101897,1778162171.573019,122.0474916395
1778162171.6730192,155.0582101971,1778162171.6730192,122.2742452647
1778162171.773019,117.6275608005,1778162171.773019,122.4766373897
1778162171.873019,109.0166141926,1778162171.873019,122.6904917901
1778162171.9730191,104.3899930969,1778162171.9730191,123.0734183496
1778162172.073019,150.7165986010,1778162172.073019,122.0574532511
1778162172.1730192,114.2326983202,1778162172.1730192,121.3201798158
1778162172.273019,22.8465396640,1778162172.273019,121.4036944771
1778162172.373019,113.7364136792,1778162172.373019,121.3301086010
1778162172.4730191,181.7151407679,1778162172.4730191,121.1123576588
1778162172.573019,134.0882216664,1778162172.573019,120.8265880071
1778162172.6730192,71.949239037,1778162172.6730192,121.3127426936
1778162172.773019,99.2822162227,1778162172.773019,121.30839288
1778162172.873019,105.6001321539,1778162172.873019,121.033781632
1778162172.9730191,169.2036563432,1778162172.9730191,120.8600929171
1778162173.073019,119.2160001750,1778162173.073019,121.2783734832
1778162173.1730192,128.8143622263,1778162173.1730192,120.7259680481
1778162173.273019,69.1309019188,1778162173.273019,120.
1778162173.373019,56.0680571058,1778162173.373019,120.
1778162173.4730191,116.383729741,1778162173.4730191,122.4906079186
1778162173.573019,135.428355035,1778162173.573019,124.4085658517
1778162173.6730192,158.0942760523,1778162173.6730192,124.6459646542
1778162173.773019,141.823161413,1778162173.773019,123.2467552242
1778162173.873019,113.5580522727,1778162173.873019,121.6287917275
1778162173.9730191,22.7116104545,1778162173.9730191,121.9698545167
1778162174.073019,66.8234752014,1778162174.073019,123.182639435
1778162174.1730192,108.3662213982,1778162174.1730192,124.1195182945
1778162174.273019,191.7889055631,1778162174.273019,123.7871326811
1778162174.373019,210.7945131339,1778162174.373019,123.0801741749
1778162174.4730191,120.4592538671,1778162174.4730191,123.1420398199
1778162174.573019,24.0918507734,1778162174.573019,122.9828173967
1778162174.6730192,4.8183701547,1778162174.6730192,122.5925389152
1778162174.773019,86.2683199807,1778162174.773019,122.0470250103
1778162174.873019,123.3392438346,1778162174.873019,123.213089809
1778162174.9730191,141.9146658474,1778162174.9730191,124.464587925
1778162175.073019,147.7152608408,1778162175.073019,124.3747574614
1778162175.1730192,132.5850494245,1778162175.1730192,123.8654264154
1778162175.273019,90.8507619532,1778162175.273019,123.5931914832
1778162175.373019,86.2897089107,1778162175.373019,123.1922692464
1778162175.4730191,129.2869532631,1778162175.4730191,123.2507811390
1778162175.573019,108.9949084296,1778162175.573019,123.8114699740
1778162175.6730192,66.8994631628,1778162175.6730192,124.6558425364
1778162175.773019,121.7814124039,1778162175.773019,125.5149806621
1778162175.873019,122.8514349632,1778162175.873019,126.2723223487
1778162175.9730191,111.5880545799,1778162175.9730191,125.9953346537
1778162176.073019,102.7335280706,1778162176.073019,126.0917494784
1778162176.1730192,141.9790776386,1778162176.1730192,126.0457373824
1778162176.273019,179.0097756859,1778162176.273019,126.4226894654
1778162176.373019,121.5292821209,1778162176.373019,127.6281750162
1778162176.4730191,110.6487111833,1778162176.4730191,128.6112083971
1778162176.573019,106.5832717303,1778162176.573019,128.9526631487
1778162176.6730192,111.9535992451,1778162176.6730192,128.0822273164
1778162176.773019,84.9662738554,1778162176.773019,127.9626777847
1778162176.873019,155.6043199195,1778162176.873019,127.3751953972
1778162176.9730191,155.7386055519,1778162176.9730191,126.9932433662
1778162177.073019,131.5239773247,1778162177.073019,127.5457027545
1778162177.1730192,93.2598443463,1778162177.1730192,127.7622861327
1778162177.273019,98.9390446756,1778162177.273019,128.3387893309
1778162177.373019,82.0355279,1778162177.373019,127.7253540643
1778162177.4730191,118.9493464888,1778162177.4730191,126.1104671962
1778162177.573019,127.2362956092,1778162177.573019,126.1528094182
1778162177.6730192,109.374333523,1778162177.6730192,126.6613954613
1778162177.773019,124.6576471014,1778162177.773019,127.4014909157
1778162177.873019,107.6953028683,1778162177.873019,127.1292099802
1778162177.9730191,107.3194829935,1778162177.9730191,126.7302531125
1778162178.073019,86.7257439898,1778162178.073019,125.9560323328
1778162178.1730192,121.1954138168,1778162178.1730192,125.0331589679
1778162178.273019,139.3002591521,1778162178.273019,124.5035407027
1778162178.373019,96.6935334001,1778162178.373019,124.8090358294
1778162178.4730191,102.3784483930,1778162178.4730191,124.9319479181
1778162178.573019,85.0592164823,1778162178.573019,123.9921357202
1778162178.6730192,95.9721141891,1778162178.6730192,122.3585046681
1778162178.773019,86.4721029035,1778162178.773019,121.2719256712
1778162178.873019,127.8953113483,1778162178.873019,121.1378266376
1778162178.9730191,123.9726201681,1778162178.9730191,121.0251944852
1778162179.073019,92.1262769223,1778162179.073019,120.
1778162179.1730192,109.0870704861,1778162179.1730192,120.
1778162179.273019,109.2547859411,1778162179.273019,118.8506488428
1778162179.373019,145.3975844790,1778162179.373019,119.3933450937
1778162179.4730191,136.2249598791,1778162179.4730191,119.471883981
1778162179.573019,112.4382720998,1778162179.573019,118.4646401116
1778162179.6730192,122.3134525794,1778162179.6730192,118.1974957492
1778162179.773019,114.3559417182,1778162179.773019,118.1906251791
1778162179.873019,132.4685147974,1778162179.873019,118.6248602873
1778162179.9730191,92.5610064372,1778162179.9730191,118.3471400667
1778162180.073019,154.1546897362,1778162180.073019,117.9859212423
1778162180.1730192,160.8760164485,1778162180.1730192,118.1322910157
1778162180.273019,139.8233560563,1778162180.273019,117.9550394744
1778162180.373019,73.408705151,1778162180.373019,118.0896700362
1778162180.4730191,79.5092821681,1778162180.4730191,118.4796339792
1778162180.573019,143.7435429711,1778162180.573019,118.4726390261
1778162180.6730192,135.8775366431,1778162180.6730192,117.9851102767
1778162180.773019,133.410257496,1778162180.773019,117.7124784181
1778162180.873019,91.9494752501,1778162180.873019,116.6935983416
1778162180.9730191,81.7798280803,1778162180.9730191,116.5236283491
1778162181.073019,103.3139027847,1778162181.073019,116.6702900151
1778162181.1730192,107.2463373511,1778162181.1730192,116.7760382256
1778162181.273019,157.1073750488,1778162181.273019,117.2081386509
1778162181.373019,139.6643894292,1778162181.373019,117.5522897462
1778162181.4730191,136.2197842609,1778162181.4730191,117.4376337250
1778162181.573019,27.2439568522,1778162181.573019,118.4253672075
1778162181.6730192,5.4487913704,1778162181.6730192,118.7681414634
1778162181.773019,85.467766053,1778162181.773019,118.8559082296
1778162181.873019,187.4312364896,1778162181.873019,119.3607168022
1778162181.9730191,149.0390942549,1778162181.9730191,120.
1778162182.073019,98.7900504082,1778162182.073019,122.8488399031
1778162182.1730192,19.7580100816,1778162182.1730192,125.9065239303
1778162182.273019,45.3041362387,1778162182.273019,125.8466503901
1778162182.373019,94.3305205874,1778162182.373019,122.9217864773
1778162182.4730191,126.0575946143,1778162182.4730191,120.9453260336
1778162182.573019,153.1413531043,1778162182.573019,121.9196250933
1778162182.6730192,130.5994980687,1778162182.6730192,123.5367419942
1778162182.773019,132.181586646,1778162182.773019,125.7333566694
1778162182.873019,126.9883446071,1778162182.873019,127.1905970458
1778162182.9730191,106.1383530065,1778162182.9730191,127.4382469929
1778162183.073019,62.5865852966,1778162183.073019,127.6637500637
1778162183.1730192,12.5173170593,1778162183.1730192,126.8329343094
1778162183.273019,82.2735209033,1778162183.273019,126.6693019134
1778162183.373019,143.4718320961,1778162183.373019,127.6866817339
1778162183.4730191,192.9014125187,1778162183.4730191,130.1226664835
1778162183.573019,163.6070330191,1778162183.573019,132.6363689873
1778162183.6730192,32.7214066038,1778162183.6730192,134.5541965138
1778162183.773019,48.8973055837,1778162183.773019,135.0776903386
1778162183.873019,95.9675535571,1778162183.873019,131.8738051895
1778162183.9730191,122.3095236677,1778162183.9730191,129.8060072445
1778162184.073019,128.1371605866,1778162184.073019,130.0367414565
1778162184.1730192,124.5256784561,1778162184.1730192,130.3538747466
1778162184.273019,113.8568187028,1778162184.273019,130.5329173253
1778162184.373019,134.9756257405,1778162184.373019,130.5599647404
1778162184.4730191,110.6075971219,1778162184.4730191,129.9915341931
1778162184.573019,84.5684964121,1778162184.573019,129.7983570195
1778162184.6730192,101.5647802678,1778162184.6730192,129.4988579934
1778162184.773019,125.8767893775,1778162184.773019,127.9170761455
1778162184.873019,107.6093874673,1778162184.873019,127.1337852001
1778162184.9730191,80.2103711065,1778162184.9730191,126.4289590812
1778162185.073019,120.3304840277,1778162185.073019,125.9795426973
1778162185.1730192,106.8988363731,1778162185.1730192,126.1532955188
1778162185.273019,135.2059112144,1778162185.273019,127.1329547466
1778162185.373019,110.4192415360,1778162185.373019,128.0501119382
1778162185.4730191,105.5794806246,1778162185.4730191,128.7906166115
1778162185.573019,120.4153139073,1778162185.573019,128.8312916689
1778162185.6730192,146.3570003698,1778162185.6730192,128.6582613230
1778162185.773019,165.0985511628,1778162185.773019,128.1891568987
1778162185.873019,91.7222304419,1778162185.873019,128.0316877217
1778162185.9730191,101.8577796530,1778162185.9730191,128.8048528654
1778162186.073019,63.267303812,1778162186.073019,129.2576375338
1778162186.1730192,120.3975983349,1778162186.1730192,129.229630108
1778162186.273019,101.4886433913,1778162186.273019,129.6141596736
1778162186.373019,104.9534926279,1778162186.373019,130.0037638206
1778162186.4730191,100.8684901641,1778162186.4730191,130.0570760435
1778162186.573019,98.8645162670,1778162186.573019,130.1658025984
1778162186.6730192,99.1262350974,1778162186.6730192,129.9017189921
1778162186.773019,151.8853760714,1778162186.773019,129.5580602729
1778162186.873019,117.3065047353,1778162186.873019,129.2166290401
1778162186.9730191,67.3327906417,1778162186.9730191,129.1577025406
1778162187.073019,121.9510311258,1778162187.073019,128.8966747719
1778162187.1730192,136.5601423325,1778162187.1730192,128.0788235563
1778162187.273019,133.5255175789,1778162187.273019,127.9763714726
1778162187.373019,91.6665004316,1778162187.373019,127.7137850977
1778162187.4730191,84.1839473612,1778162187.4730191,127.9345639169
1778162187.573019,119.968671833,1778162187.573019,127.766818362
1778162187.6730192,89.202758361,1778162187.6730192,127.5357995441
1778162187.773019,129.6624754079,1778162187.773019,127.5696484948
1778162187.873019,129.1379977925,1778162187.873019,127.1156948326
1778162187.9730191,112.6230975661,1778162187.9730191,127.2549305975
1778162188.073019,66.4619989351,1778162188.073019,127.2727991489
1778162188.1730192,102.9957552754,1778162188.1730192,125.5314386591
1778162188.273019,108.2626006988,1778162188.273019,123.5145532051
1778162188.373019,147.8987678642,1778162188.373019,122.7337833083
1778162188.4730191,120.0151778142,1778162188.4730191,122.5109394114
1778162188.573019,112.3769557084,1778162188.573019,123.2436494788
1778162188.6730192,130.7050909299,1778162188.6730192,123.2099922896
1778162188.773019,93.6108090091,1778162188.773019,123.0989707032
1778162188.873019,148.6180213144,1778162188.873019,122.0242921351
1778162188.9730191,118.0117341193,1778162188.9730191,121.8158221754
1778162189.073019,107.5154563724,1778162189.073019,122.6311483306
1778162189.1730192,145.5486415242,1778162189.1730192,123.2321907733
1778162189.273019,109.9827321631,1778162189.273019,124.1486918065
1778162189.373019,102.792448687,1778162189.373019,124.5357189452
1778162189.4730191,130.5732638963,1778162189.4730191,124.3317469886
1778162189.573019,111.1483033407,1778162189.573019,123.4876650472
1778162189.6730192,82.1153145016,1778162189.6730192,123.6774480861
1778162189.773019,122.6040755479,1778162189.773019,124.2805208575
1778162189.873019,97.4300028884,1778162189.873019,126.242659674
1778162189.9730191,138.5504260574,1778162189.9730191,127.2843467293
1778162190.073019,169.4066310916,1778162190.073019,127.232677884
1778162190.1730192,118.7679949557,1778162190.1730192,126.1300031346
1778162190.273019,63.2416018241,1778162190.273019,126.1584173157
1778162190.373019,116.8921211099,1778162190.373019,126.2279120557
1778162190.4730191,142.8813071668,1778162190.4730191,126.2449205908
1778162190.573019,124.1879639522,1778162190.573019,126.0180170632
1778162190.6730192,104.8274094198,1778162190.6730192,125.6482360918
1778162190.773019,84.5702110016,1778162190.773019,124.7293198920
1778162190.873019,98.8323204748,1778162190.873019,123.7379832337
1778162190.9730191,79.0411089057,1778162190.9730191,123.0137085591
1778162191.073019,99.02357063,1778162191.073019,123.1521134626
1778162191.1730192,104.5608828122,1778162191.1730192,123.0160592954
1778162191.273019,101.2153081699,1778162191.273019,122.9165536031
1778162191.373019,118.9445432963,1778162191.373019,122.8355809178
1778162191.4730191,170.2571308782,1778162191.4730191,121.6320364637
1778162191.573019,114.1619118876,1778162191.573019,120.7681005957
1778162191.6730192,124.6894342048,1778162191.6730192,120.5178675211
1778162191.773019,149.235556453,1778162191.773019,121.042407522
1778162191.873019,125.2601159833,1778162191.873019,120.8567367395
1778162191.9730191,86.6670305859,1778162191.9730191,120.857738551
1778162192.073019,59.2219321623,1778162192.073019,121.2886722606
1778162192.1730192,125.2987029848,1778162192.1730192,121.2954331031
1778162192.273019,130.3379994568,1778162192.273019,120.6868644056
1778162192.373019,134.9101135449,1778162192.373019,120.9313604782
1778162192.4730191,91.4645965352,1778162192.4730191,121.3868978678
1778162192.573019,118.8194268906,1778162192.573019,121.6210876994
1778162192.6730192,86.817264714,1778162192.6730192,121.9248922557
1778162192.773019,146.0422421342,1778162192.773019,122.0137166645
1778162192.873019,142.9867754869,1778162192.873019,121.7903289466
1778162192.9730191,91.9177265748,1778162192.9730191,121.4767269437
1778162193.073019,142.3798234288,1778162193.073019,120.9431102088
1778162193.1730192,109.2653945607,1778162193.1730192,121.4133792068
1778162193.273019,117.6537996174,1778162193.273019,121.6846428935
1778162193.373019,102.2754023353,1778162193.373019,121.9647927268
1778162193.4730191,103.9828260785,1778162193.4730191,121.8755293574
1778162193.573019,130.6489882798,1778162193.573019,121.9938722572
1778162193.6730192,151.7379296451,1778162193.6730192,122.4156628508
1778162193.773019,94.0192602524,1778162193.773019,122.4232495927
1778162193.873019,97.5441529063,1778162193.873019,122.4135056399
1778162193.9730191,118.6687870935,1778162193.9730191,121.7677601985
1778162194.073019,104.6516126969,1778162194.073019,121.5023502169
1778162194.1730192,88.3125560829,1778162194.1730192,121.0474844953
1778162194.273019,102.7742453697,1778162194.273019,121.2705438594
1778162194.373019,125.8217005424,1778162194.373019,120.9669882893
1778162194.4730191,103.9294902772,1778162194.4730191,121.1414006991
1778162194.573019,111.4764686604,1778162194.573019,121.4174784753
1778162194.6730192,101.7380057555,1778162194.6730192,121.1288982879
1778162194.773019,99.6259966430,1778162194.773019,120.9468161930
1778162194.873019,103.2676699484,1778162194.873019,120.
1778162194.9730191,83.5553251872,1778162194.9730191,120.
1778162195.073019,143.1675262319,1778162195.073019,120.
1778162195.1730192,92.6780466592,1778162195.1730192,120.
1778162195.273019,124.1054448207,1778162195.273019,120.6455879738
1778162195.373019,87.4464037408,1778162195.373019,120.8108966428
1778162195.4730191,93.6409425578,1778162195.4730191,121.1071818682
1778162195.573019,100.9454933013,1778162195.573019,121.3239628717
1778162195.6730192,81.4077560255,1778162195.6730192,122.2748161896
1778162195.773019,119.9228643743,1778162195.773019,122.8509299363
1778162195.873019,128.6842974674,1778162195.873019,123.6354988335
1778162195.9730191,129.9645636045,1778162195.9730191,123.8706553123
1778162196.073019,121.2472760435,1778162196.073019,123.8879280314
1778162196.1730192,68.3873635148,1778162196.1730192,124.0357449634
1778162196.273019,100.3509419724,1778162196.273019,123.8629180444
1778162196.373019,174.6327583303,1778162196.373019,123.5567194664
1778162196.4730191,159.2292339655,1778162196.4730191,124.0966550031
1778162196.573019,135.9379511648,1778162196.573019,125.4409677146
1778162196.6730192,106.3237843814,1778162196.6730192,127.5618773868
1778162196.773019,96.7840505496,1778162196.773019,128.5099158664
1778162196.873019,83.8537923230,1778162196.873019,128.025416883
1778162196.9730191,111.1804246167,1778162196.9730191,126.8964733763
1778162197.073019,101.7780188347,1778162197.073019,125.815951906
1778162197.1730192,100.0742884864,1778162197.1730192,125.6151075423
1778162197.273019,137.3868651940,1778162197.273019,125.3315109897
1778162197.373019,109.3171259091,1778162197.373019,125.4139656548
1778162197.4730191,135.3519179335,1778162197.4730191,125.4191172416
1778162197.573019,123.7598436389,1778162197.573019,125.2290000909
1778162197.6730192,102.8262572918,1778162197.6730192,126.7384372861
1778162197.773019,134.1454792853,1778162197.773019,128.3168178847
1778162197.873019,105.1255796847,1778162197.873019,129.0887750165
1778162197.9730191,116.2012711377,1778162197.9730191,129.9784567583
1778162198.073019,135.3458736644,1778162198.073019,130.0850705335
1778162198.1730192,83.4956295146,1778162198.1730192,129.718625302
1778162198.273019,96.1288989005,1778162198.273019,129.3832529585
1778162198.373019,83.6858499224,1778162198.373019,128.2626480961
1778162198.4730191,130.3970360635,1778162198.4730191,127.4340079894
1778162198.573019,131.4709495706,1778162198.573019,126.8845918522
1778162198.6730192,107.2980245347,1778162198.6730192,126.8531419940
1778162198.773019,117.1884159070,1778162198.773019,126.7785536038
1778162198.873019,114.0298353871,1778162198.873019,127.0603912714
1778162198.9730191,102.3197429879,1778162198.9730191,127.2621288371
1778162199.073019,127.299459055,1778162199.073019,127.5981193511
1778162199.1730192,91.2893660435,1778162199.1730192,127.3426917862
1778162199.273019,177.0456810347,1778162199.273019,126.7970089163
1778162199.373019,119.3097102515,1778162199.373019,126.8441458538
1778162199.4730191,88.7341018188,1778162199.4730191,127.5332978135
1778162199.573019,125.5639446229,1778162199.573019,127.6313378106
1778162199.6730192,123.3804270939,1778162199.6730192,127.6325959092
1778162199.773019,95.528899709,1778162199.773019,128.3197999612
1778162199.873019,97.565464001,1778162199.873019,129.0947433337
1778162199.9730191,98.1077167855,1778162199.9730191,129.0236257199
1778162200.073019,112.1580064439,1778162200.073019,128.0657679797
1778162200.1730192,123.3153776382,1778162200.1730192,127.7905004335
1778162200.273019,156.0257653877,1778162200.273019,125.9604912639
1778162200.373019,204.6574112753,1778162200.373019,125.0915313696
1778162200.4730191,84.8309393285,1778162200.4730191,125.9852891129
1778162200.573019,58.2393635276,1778162200.573019,127.1552870766
1778162200.6730192,112.2054552836,1778162200.6730192,127.1942672013
1778162200.773019,129.5605693736,1778162200.773019,126.6651837072
1778162200.873019,158.4154703695,1778162200.873019,127.0008856518
1778162200.9730191,93.7701879522,1778162200.9730191,127.9387577409
1778162201.073019,103.8842079615,1778162201.073019,128.4692761702
1778162201.1730192,104.3993345376,1778162201.1730192,128.4714544930
1778162201.273019,150.224561951,1778162201.273019,128.4464715048
1778162201.373019,94.6669004612,1778162201.373019,129.0695782829
1778162201.4730191,118.1933268804,1778162201.4730191,129.3210457217
1778162201.573019,106.2204684579,1778162201.573019,128.5242357763
1778162201.6730192,119.6475880198,1778162201.6730192,128.1476469317
1778162201.773019,149.3037575339,1778162201.773019,128.013187805
1778162201.873019,133.7736991964,1778162201.873019,127.9457554585
1778162201.9730191,105.7357271409,1778162201.9730191,128.4855651882
1778162202.073019,100.3150877159,1778162202.073019,128.182641153
1778162202.1730192,99.9174562109,1778162202.1730192,127.401506341
1778162202.273019,119.2206970172,1778162202.273019,127.065723127
1778162202.373019,128.0056658068,1778162202.373019,126.9578211399
1778162202.4730191,100.5837430541,1778162202.4730191,126.2057776139
1778162202.573019,125.330206068,1778162202.573019,125.4804950989
1778162202.6730192,144.5885775652,1778162202.6730192,125.6235223585
1778162202.773019,129.2970658076,1778162202.773019,126.0768108314
1778162202.873019,108.1533441438,1778162202.873019,125.6608727037
1778162202.9730191,125.5262231127,1778162202.9730191,125.8546030676
1778162203.073019,115.1881803216,1778162203.073019,125.8106670776
1778162203.1730192,154.2100878677,1778162203.1730192,126.2697802755
1778162203.273019,129.7851131974,1778162203.273019,126.3514359473
1778162203.373019,112.049542774,1778162203.373019,126.5332882409
1778162203.4730191,88.4395009267,1778162203.4730191,126.4089005149
1778162203.573019,126.2656972585,1778162203.573019,125.9144875823
1778162203.6730192,134.3006496166,1778162203.6730192,125.0312807922
1778162203.773019,93.0623031399,1778162203.773019,125.0175464641
1778162203.873019,84.2895115723,1778162203.873019,125.3271500859
1778162203.9730191,100.9283120184,1778162203.9730191,125.4555645787
1778162204.073019,106.9269165498,1778162204.073019,124.8522913306
1778162204.1730192,89.3058062704,1778162204.1730192,123.7660325267
1778162204.273019,121.6855355418,1778162204.273019,122.9586701626
1778162204.373019,152.4711888894,1778162204.373019,122.0438740379
1778162204.4730191,133.4955333031,1778162204.4730191,122.210665132
1778162204.573019,112.9710503671,1778162204.573019,122.8657901682
1778162204.6730192,109.3936900111,1778162204.6730192,123.2031051975
1778162204.773019,109.0497517589,1778162204.773019,122.2514423440
1778162204.873019,123.9615977411,1778162204.873019,121.4973677047
1778162204.9730191,131.5472606894,1778162204.9730191,121.7016648621
1778162205.073019,129.1610936076,1778162205.073019,121.9243303664
1778162205.1730192,146.1856828045,1778162205.1730192,122.1957770329
1778162205.273019,133.9230425956,1778162205.273019,122.4871505812
1778162205.373019,111.622918983,1778162205.373019,122.6982713337
1778162205.4730191,128.5714920673,1778162205.4730191,122.4402357349
1778162205.573019,81.5718732034,1778162205.573019,122.6176403439
1778162205.6730192,110.378656635,1778162205.6730192,122.5611991180
1778162205.773019,136.1768788562,1778162205.773019,122.2470761338
1778162205.873019,70.9974116416,1778162205.873019,122.3104722427
1778162205.9730191,126.8356231683,1778162205.9730191,122.5885383498
1778162206.073019,137.1632936841,1778162206.073019,123.1504791053
1778162206.1730192,116.3786733687,1778162206.1730192,124.8531211981
1778162206.273019,107.783355685,1778162206.273019,126.0413867727
1778162206.373019,149.1760367771,1778162206.373019,126.5173774238
1778162206.4730191,94.2004845951,1778162206.4730191,126.8395822175
1778162206.573019,129.3877975794,1778162206.573019,126.7129100051
1778162206.6730192,160.4694843701,1778162206.6730192,127.2467652357
1778162206.773019,94.6056335610,1778162206.773019,128.617895347
1778162206.873019,125.9611738019,1778162206.873019,130.0044554318
1778162206.9730191,135.5426057400,1778162206.9730191,131.0245310238
1778162207.073019,105.3028594427,1778162207.073019,131.8218447932
1778162207.1730192,97.1668998495,1778162207.1730192,133.4980967709
1778162207.273019,95.77359689,1778162207.273019,134.4514268632
1778162207.373019,99.1973714389,1778162207.373019,134.5041256595
1778162207.4730191,84.2081402432,1778162207.4730191,134.1599691422
1778162207.573019,103.5014482288,1778162207.573019,133.8494456409
1778162207.6730192,117.9558227888,1778162207.6730192,133.6101221692
1778162207.773019,107.1796517482,1778162207.773019,132.2707028479
1778162207.873019,130.5394587513,1778162207.873019,131.122396228
1778162207.9730191,67.4177456296,1778162207.9730191,131.0189829062
1778162208.073019,119.3865114067,1778162208.073019,130.9805464286
1778162208.1730192,87.9143225097,1778162208.1730192,129.9966581462
1778162208.273019,97.9385253533,1778162208.273019,129.6641522930
1778162208.373019,119.4449616190,1778162208.373019,128.4287269793
1778162208.4730191,89.7173964355,1778162208.4730191,128.9848203875
1778162208.573019,81.7775634375,1778162208.573019,129.2963777051
1778162208.6730192,83.1812338521,1778162208.6730192,128.6368043522
1778162208.773019,140.8810679810,1778162208.773019,128.5677641288
1778162208.873019,144.1190202010,1778162208.873019,128.6582876385
1778162208.9730191,137.5743338595,1778162208.9730191,129.1193511852
1778162209.073019,116.5414938659,1778162209.073019,129.1758014187
1778162209.1730192,126.8043237761,1778162209.1730192,129.4228199535
1778162209.273019,139.2755201324,1778162209.273019,129.6777127414
1778162209.373019,112.4830092319,1778162209.373019,129.8944864441
1778162209.4730191,84.6429427729,1778162209.4730191,130.5318109677
1778162209.573019,118.5874485124,1778162209.573019,131.5689881137
1778162209.6730192,168.3559187693,1778162209.6730192,132.0360941543
1778162209.773019,155.7738558719,1778162209.773019,131.8280606616
1778162209.873019,137.6533017472,1778162209.873019,131.9282719873
1778162209.9730191,150.6994821053,1778162209.9730191,131.5795227116
1778162210.073019,97.3864381114,1778162210.073019,131.7542750557
1778162210.1730192,85.4551351751,1778162210.1730192,132.3642962328
1778162210.273019,127.9955804689,1778162210.273019,132.2078488253
1778162210.373019,156.3596594593,1778162210.373019,131.5142647390
1778162210.4730191,94.8576149288,1778162210.4730191,130.9307238199
1778162210.573019,109.7571497414,1778162210.573019,130.7397040422
1778162210.6730192,151.9560902538,1778162210.6730192,130.9515454072
1778162210.773019,140.2263992869,1778162210.773019,131.6569212025
1778162210.873019,115.9687897736,1778162210.873019,132.0517543495
1778162210.9730191,113.086697711,1778162210.9730191,131.2108930164
1778162211.073019,88.8652202313,1778162211.073019,130.6994303952
1778162211.1730192,100.3312000106,1778162211.1730192,131.3184754721
1778162211.273019,110.6065899032,1778162211.273019,132.1509207964
1778162211.373019,108.8381673869,1778162211.373019,132.1966386298
1778162211.4730191,133.3140659026,1778162211.4730191,131.4745861937
1778162211.573019,94.5369103876,1778162211.573019,131.3145584745
1778162211.6730192,81.0357583903,1778162211.6730192,131.3860643534
1778162211.773019,129.0181159826,1778162211.773019,130.9537403571
1778162211.873019,126.1494760488,1778162211.873019,129.9654475587
1778162211.9730191,70.6365766043,1778162211.9730191,130.0945143249
1778162212.073019,122.2619251768,1778162212.073019,130.4757668642
1778162212.1730192,113.1728545424,1778162212.1730192,130.6116103070
1778162212.273019,106.3740830358,1778162212.273019,131.7268202983
1778162212.373019,102.8094928592,1778162212.373019,132.1550008571
1778162212.4730191,102.7747823430,1778162212.4730191,132.2958320134
1778162212.573019,140.6187683841,1778162212.573019,131.7645835976
1778162212.6730192,92.3684121841,1778162212.6730192,131.5808350153
1778162212.773019,147.3248551213,1778162212.773019,130.039274561
1778162212.873019,138.5687742012,1778162212.873019,128.6494398918
1778162212.9730191,130.0814339511,1778162212.9730191,128.2445969166
1778162213.073019,102.3721443146,1778162213.073019,129.2980353858
1778162213.1730192,103.8454492264,1778162213.1730192,130.3606350657
1778162213.273019,124.4995276998,1778162213.273019,130.4192324648
1778162213.373019,107.6536908402,1778162213.373019,129.8003170223
1778162213.4730191,116.2564731829,1778162213.4730191,129.3864806923
1778162213.573019,88.3852914155,1778162213.573019,128.9692025444
1778162213.6730192,122.0152734594,1778162213.6730192,128.5523654908
1778162213.773019,109.6742348097,1778162213.773019,127.075827831
1778162213.873019,146.3222680664,1778162213.873019,125.9275813313
1778162213.9730191,92.6271036418,1778162213.9730191,124.3610621632
1778162214.073019,81.3823454822,1778162214.073019,123.9931189721
1778162214.1730192,79.1851005212,1778162214.1730192,123.0700002605
1778162214.273019,97.6261832669,1778162214.273019,122.5955836260
1778162214.373019,106.1128715389,1778162214.373019,121.8618382570
1778162214.4730191,145.3497255414,1778162214.4730191,121.4830505308
1778162214.573019,133.5728935539,1778162214.573019,121.5907090390
1778162214.6730192,112.5746617455,1778162214.6730192,121.4583284044
1778162214.773019,107.4579897089,1778162214.773019,120.9411138846
1778162214.873019,127.8586159546,1778162214.873019,121.2374386679
1778162214.9730191,109.3240201195,1778162214.9730191,121.7947514585
1778162215.073019,149.5675449622,1778162215.073019,121.8603752125
1778162215.1730192,114.5856193759,1778162215.1730192,122.0942545611
1778162215.273019,108.7031105894,1778162215.273019,123.8571410094
1778162215.373019,122.3694592685,1778162215.373019,124.2499352425
1778162215.4730191,104.0501608213,1778162215.4730191,124.7359114410
1778162215.573019,107.8559415371,1778162215.573019,125.1449291301
1778162215.6730192,108.1984550277,1778162215.6730192,126.1435652316
1778162215.773019,138.4189975312,1778162215.773019,126.738918002
1778162215.873019,107.9468341791,1778162215.873019,127.1730249937
1778162215.9730191,140.3494061313,1778162215.9730191,128.0725986243
1778162216.073019,113.5272576506,1778162216.073019,128.3537004891
1778162216.1730192,89.2071527219,1778162216.1730192,129.0472611964
1778162216.273019,104.3532470674,1778162216.273019,129.7548944085
1778162216.373019,151.7368007595,1778162216.373019,129.6219004359
1778162216.4730191,116.3269489378,1778162216.4730191,129.4926383053
1778162216.573019,106.8237642466,1778162216.573019,129.8964552419
1778162216.6730192,105.0238577874,1778162216.6730192,130.1712043234
1778162216.773019,62.3459549957,1778162216.773019,130.5972499330
1778162216.873019,118.0056011753,1778162216.873019,131.2267172710
1778162216.9730191,143.0135127485,1778162216.9730191,131.630835194
1778162217.073019,133.071668124,1778162217.073019,132.1218324172
1778162217.1730192,113.3517428408,1778162217.1730192,132.537301498
1778162217.273019,83.6076160466,1778162217.273019,132.5657556844
1778162217.373019,105.6645223834,1778162217.373019,132.7494561159
1778162217.4730191,199.6456705519,1778162217.4730191,132.6289222170
1778162217.573019,82.3388293129,1778162217.573019,132.4835620348
1778162217.6730192,61.7727803152,1778162217.6730192,133.6117683495
1778162217.773019,99.7691922561,1778162217.773019,133.4106782618
1778162217.873019,123.5989148695,1778162217.873019,132.5511179385
1778162217.9730191,86.9221500471,1778162217.9730191,133.2787105017
1778162218.073019,60.3900158615,1778162218.073019,133.8471477644
1778162218.1730192,94.54425328,1778162218.1730192,132.8553001536
1778162218.273019,173.7585553762,1778162218.273019,131.1706849612
1778162218.373019,168.4653904932,1778162218.373019,130.7860370777
1778162218.4730191,111.8851401367,1778162218.4730191,130.3529278808
1778162218.573019,68.5033593808,1778162218.573019,131.2978959149
1778162218.6730192,79.3664755634,1778162218.6730192,132.1414610578
1778162218.773019,120.6423401345,1778162218.773019,132.2458977425
1778162218.873019,136.5676408946,1778162218.873019,131.939713162
1778162218.9730191,152.0173538088,1778162218.9730191,132.3946292468
1778162219.073019,120.2375647081,1778162219.073019,132.45468968
1778162219.1730192,109.8074007105,1778162219.1730192,132.6332940448
1778162219.273019,84.1716998624,1778162219.273019,133.2100795382
1778162219.373019,116.5684289447,1778162219.373019,134.0582722762
1778162219.4730191,98.3959589495,1778162219.4730191,135.0961288553
1778162219.573019,105.530999836,1778162219.573019,135.7784178075
1778162219.6730192,98.8155372248,1778162219.6730192,136.1360380141
1778162219.773019,134.1177975756,1778162219.773019,135.6810364515
1778162219.873019,122.7455710826,1778162219.873019,135.1809656197
1778162219.9730191,109.4926586137,1778162219.9730191,135.0252170096
1778162220.073019,86.0331562856,1778162220.073019,134.6126067826
1778162220.1730192,116.5868852272,1778162220.1730192,133.2234029627
1778162220.273019,118.0062789071,1778162220.273019,132.0105281005
1778162220.373019,133.9351708787,1778162220.373019,132.0991824948
1778162220.4730191,120.5948909042,1778162220.4730191,132.1500780945
1778162220.573019,114.4454829781,1778162220.573019,132.2211222392
1778162220.6730192,107.9941667836,1778162220.6730192,132.6072919461
1778162220.773019,120.7400678527,1778162220.773019,132.6933558884
1778162220.873019,88.0160514175,1778162220.873019,133.1354343781
1778162220.9730191,119.9976277951,1778162220.9730191,133.038966673
1778162221.073019,89.0395884308,1778162221.073019,132.5669363057
1778162221.1730192,103.5943022612,1778162221.1730192,132.5851661249
1778162221.273019,85.0873019786,1778162221.273019,131.8318056034
1778162221.373019,100.6100053580,1778162221.373019,131.6081655670
1778162221.4730191,103.4334911736,1778162221.4730191,130.0988983512
1778162221.573019,170.0438795957,1778162221.573019,129.5238951264
1778162221.6730192,120.114566983,1778162221.6730192,129.0619235449
1778162221.773019,110.2147023912,1778162221.773019,128.0468307635
1778162221.873019,121.3204516993,1778162221.873019,127.005862944
1778162221.9730191,133.8830529080,1778162221.9730191,125.2846498463
1778162222.073019,133.3709162959,1778162222.073019,124.3635671785
1778162222.1730192,90.5979798432,1778162222.1730192,124.4750678148
1778162222.273019,82.8750119296,1778162222.273019,124.0641944237
1778162222.373019,123.9774868151,1778162222.373019,123.6795021973
1778162222.4730191,114.3377127868,1778162222.4730191,122.4872110723
1778162222.573019,149.2578391104,1778162222.573019,122.1127857966
1778162222.6730192,117.9676137174,1778162222.6730192,121.9030971707
1778162222.773019,88.4169455852,1778162222.773019,121.9415000462
1778162222.873019,103.4556645481,1778162222.873019,122.3188224424
1778162222.9730191,124.0049067071,1778162222.9730191,122.9158316344
1778162223.073019,104.1761348416,1778162223.073019,123.2676024462
1778162223.1730192,159.3752117932,1778162223.1730192,123.3431077247
1778162223.273019,114.5438284458,1778162223.273019,123.6269359241
1778162223.373019,121.9882283099,1778162223.373019,124.5736460597
1778162223.4730191,87.7533056476,1778162223.4730191,124.7468426405
1778162223.573019,127.3980009716,1778162223.573019,124.1958749696
1778162223.6730192,131.8533400571,1778162223.6730192,123.7797478885
1778162223.773019,104.9113744856,1778162223.773019,123.3299467332
1778162223.873019,106.0795355700,1778162223.873019,123.0828218699
1778162223.9730191,98.2037803128,1778162223.9730191,124.0561831666
1778162224.073019,59.0171924565,1778162224.073019,124.5786513156
1778162224.1730192,90.5463712208,1778162224.1730192,124.8746129942
1778162224.273019,123.1497068019,1778162224.273019,124.6196704189
1778162224.373019,144.6040769363,1778162224.373019,124.7692197254
1778162224.4730191,108.5129184608,1778162224.4730191,125.9673052122
1778162224.573019,126.4702566633,1778162224.573019,125.9689940928
1778162224.6730192,127.0233390165,1778162224.6730192,125.1234790499
1778162224.773019,87.1260467145,1778162224.773019,124.4770084305
1778162224.873019,88.5221984854,1778162224.873019,124.3032195399
1778162224.9730191,102.4550930782,1778162224.9730191,124.6495299183
1778162225.073019,106.0916938911,1778162225.073019,124.5102477775
1778162225.1730192,98.2388231624,1778162225.1730192,124.3852108455
1778162225.273019,103.5031311059,1778162225.273019,123.7949762812
1778162225.373019,149.8977043322,1778162225.373019,123.7562290593
1778162225.4730191,110.3879984090,1778162225.4730191,124.7178117837
1778162225.573019,147.0360596716,1778162225.573019,124.6438249585
1778162225.6730192,70.6936473748,1778162225.6730192,124.2082205620
1778162225.773019,78.7699884389,1778162225.773019,125.5130750981
1778162225.873019,186.1994352671,1778162225.873019,125.9866691584
1778162225.9730191,113.8325989892,1778162225.9730191,126.8422487281
1778162226.073019,87.0821058018,1778162226.073019,128.214674887
1778162226.1730192,100.1291954428,1778162226.1730192,129.4336004438
1778162226.273019,82.2801663282,1778162226.273019,129.8910068635
1778162226.373019,125.0704656535,1778162226.373019,130.0327170857
1778162226.4730191,141.6448260304,1778162226.4730191,130.6846076312
1778162226.573019,129.8866373151,1778162226.573019,131.7120617616
1778162226.6730192,108.479826967,1778162226.6730192,133.2856943513
1778162226.773019,101.5632472687,1778162226.773019,133.6623611277
1778162226.873019,103.4066180598,1778162226.873019,134.0318378698
1778162226.9730191,121.4215459754,1778162226.9730191,134.3681365947
1778162227.073019,86.9364478405,1778162227.073019,134.1697978504
1778162227.1730192,79.9747196440,1778162227.1730192,133.2555238878
1778162227.273019,97.2952343513,1778162227.273019,132.3038973034
1778162227.373019,124.6445630911,1778162227.373019,131.9037455521
1778162227.4730191,121.6888434412,1778162227.4730191,132.0864142768
1778162227.573019,143.3958505940,1778162227.573019,131.9381374975
1778162227.6730192,106.1184399645,1778162227.6730192,131.7778496418
1778162227.773019,62.9154536817,1778162227.773019,131.5209314114
1778162227.873019,112.1496228602,1778162227.873019,131.6037718482
1778162227.9730191,107.9521670367,1778162227.9730191,132.5303891732
1778162228.073019,118.6301095103,1778162228.073019,133.0358753881
1778162228.1730192,111.5496275314,1778162228.1730192,132.7769427299
1778162228.273019,143.9413834555,1778162228.273019,130.5639250917
1778162228.373019,91.5368377948,1778162228.373019,129.1020437756
1778162228.4730191,60.6974208532,1778162228.4730191,129.8144967647
1778162228.573019,88.9833933948,1778162228.573019,130.0444319184
1778162228.6730192,81.3228311785,1778162228.6730192,129.9559026419
1778162228.773019,143.7339581791,1778162228.773019,129.9773601771
1778162228.873019,131.8985550859,1778162228.873019,129.6674601532
1778162228.9730191,111.8704316273,1778162228.9730191,129.6108599008
1778162229.073019,118.7866464685,1778162229.073019,127.6517507571
1778162229.1730192,107.3274366181,1778162229.1730192,127.0156059112
1778162229.273019,78.3838417625,1778162229.273019,127.5192429038
1778162229.373019,15.6767683525,1778162229.373019,129.1209449216
1778162229.4730191,123.9705149509,1778162229.4730191,129.492179678
1778162229.573019,125.8903264093,1778162229.573019,129.3325466486
1778162229.6730192,130.5652528024,1778162229.6730192,129.3992070139
1778162229.773019,118.2665502149,1778162229.773019,129.4049606514
1778162229.873019,65.2270093289,1778162229.873019,129.7050655765
1778162229.9730191,90.5835420086,1778162229.9730191,129.2525692719
1778162230.073019,104.3574360080,1778162230.073019,128.7666025799
1778162230.1730192,103.8277648102,1778162230.1730192,127.8168922228
1778162230.273019,107.1705214204,1778162230.273019,126.519580951
1778162230.373019,97.0050302316,1778162230.373019,126.3412798317
1778162230.4730191,143.3654178949,1778162230.4730191,125.7088403487
1778162230.573019,109.0534017146,1778162230.573019,125.5395333984
1778162230.6730192,101.9130585251,1778162230.6730192,125.9313889988
1778162230.773019,128.7133629298,1778162230.773019,125.7940893072
1778162230.873019,109.0322781531,1778162230.873019,125.5654357696
1778162230.9730191,84.2076396723,1778162230.9730191,126.1151498349
1778162231.073019,90.9973404816,1778162231.073019,125.9350772023
1778162231.1730192,129.3524519776,1778162231.1730192,124.8362116436
1778162231.273019,88.4942925425,1778162231.273019,124.4399905854
1778162231.373019,17.6988585085,1778162231.373019,124.3432590636
1778162231.4730191,3.5397717017,1778162231.4730191,124.3481982645
1778162231.573019,0.7079543403,1778162231.573019,124.3786108181
1778162231.6730192,0.1415908681,1778162231.6730192,124.4088712024
1778162231.773019,0.0283181736,1778162231.773019,124.4725191991
1778162231.873019,0.0056636347,1778162231.873019,124.4589876984
1778162231.9730191,0.0011327269,1778162231.9730191,124.3555814005
1778162232.073019,0.0002265454,1778162232.073019,124.375375683
1778162232.1730192,0.0000453091,1778162232.1730192,124.3948606998
1778162232.273019,0.0000090618,1778162232.273019,124.4023578054
1778162232.373019,0.0000018124,1778162232.373019,124.3829758033
1778162232.4730191,0.0000003625,1778162232.4730191,124.3910597669
1778162232.573019,0.0000000725,1778162232.573019,124.3541904348
1778162232.6730192,0.0000000145,1778162232.6730192,124.3527512898
1778162232.773019,0.0000000029,1778162232.773019,124.3087426833
1778162232.873019,0.0000000006,1778162232.873019,124.3052446916
1778162232.9730191,0.0000000001,1778162232.9730191,124.3236569629
1778162233.073019,0.0000000000,1778162233.073019,124.3099832782
1778162233.1730192,0.0000000000,1778162233.1730192,124.3571466235
1778162233.273019,0.0000000000,1778162233.273019,124.3005280924
1778162233.373019,0.0000000000,1778162233.373019,124.3087550578
1778162233.4730191,0.0000000000,1778162233.4730191,124.4062745799
1778162233.573019,0.0000000000,1778162233.573019,124.3702882597
1778162233.6730192,0.0000000000,1778162233.6730192,124.3632741830
1778162233.773019,0.0000000000,1778162233.773019,124.4032394242
1778162233.873019,0.0000000000,1778162233.873019,124.3717723598
1778162233.9730191,0.0000000000,1778162233.9730191,124.3257662108
1778162234.073019,0.0000000000,1778162234.073019,124.3095846421
1778162234.1730192,0.0000000000,1778162234.1730192,124.3477013100
1778162234.273019,0.0000000000,1778162234.273019,124.3382097614
1778162234.373019,0.0000000000,1778162234.373019,124.3755730299
1778162234.4730191,0.0000000000,1778162234.4730191,124.3119803175
1778162234.573019,0.0000000000,1778162234.573019,124.2887282006
1778162234.6730192,0.0000000000,1778162234.6730192,124.2868899452
1778162234.773019,0.0000000000,1778162234.773019,124.2796812825
1778162234.873019,0.0000000000,1778162234.873019,124.2769284444
1778162234.9730191,0.0000000000,1778162234.9730191,124.2724508956
1778162235.073019,0.0000000000,1778162235.073019,124.2737351040
1778162235.1730192,0.0000000000,1778162235.1730192,124.2691621074
1778162235.273019,0.0000000000,1778162235.273019,124.3557797564
1778162235.373019,0.0000000000,1778162235.373019,124.3637473269
1778162235.4730191,0.0000000000,1778162235.4730191,124.3451180221
1778162235.573019,0.0000000000,1778162235.573019,124.3245304627
1778162235.6730192,0.0000000000,1778162235.6730192,124.3324017046
1778162235.773019,0.0000000000,1778162235.773019,124.3199976016
1778162235.873019,0.0000000000,1778162235.873019,124.3204398215
1778162235.9730191,0.0000000000,1778162235.9730191,124.3133747301
1778162236.073019,0.0000000000,1778162236.073019,124.3080960236
1778162236.1730192,0.0000000000,1778162236.1730192,124.3023337723
1778162236.273019,0.0000000000,1778162236.273019,124.3094469868
1778162236.373019,0.0000000000,1778162236.373019,124.2937585063
1778162236.4730191,0.0000000000,1778162236.4730191,124.293686569
1778162236.573019,0.0000000000,1778162236.573019,124.2997376137
1778162236.6730192,0.0000000000,1778162236.6730192,124.3065044754
1778162236.773019,0.0000000000,1778162236.773019,124.2904489102
1778162236.873019,0.0000000000,1778162236.873019,124.2974839966
1778162236.9730191,0.0000000000,1778162236.9730191,124.3021524839
1778162237.073019,0.0000000000,1778162237.073019,124.3042716316
1778162237.1730192,0.0000000000,1778162237.1730192,124.3107056668
1778162237.273019,0.0000000000,1778162237.273019,124.3178615241
1778162237.373019,0.0000000000,1778162237.373019,124.3241863013
1778162237.4730191,0.0000000000,1778162237.4730191,124.3193601860
1778162237.573019,0.0000000000,1778162237.573019,124.3157297334
1778162237.6730192,0.0000000000,1778162237.6730192,124.3118084583
1778162237.773019,0.0000000000,1778162237.773019,124.3691679636
1778162237.873019,0.0000000000,1778162237.873019,124.3681430636
1778162237.9730191,0.0000000000,1778162237.9730191,0.
1778162238.073019,0.0000000000,1778162238.073019,0.
1778162238.1730192,0.0000000000,1778162238.1730192,0.
1778162238.273019,0.0000000000,1778162238.273019,0.
1778162238.373019,0.0000000000,1778162238.373019,0.
1778162238.4730191,0.0000000000,1778162238.4730191,0.
1778162238.573019,0.0000000000,1778162238.573019,0.
1778162238.6730192,0.0000000000,1778162238.6730192,0.
1778162238.773019,0.0000000000,1778162238.773019,0.
1778162238.873019,0.0000000000,1778162238.873019,0.
1778162238.9730191,0.0000000000,1778162238.9730191,0.
1778162239.073019,0.0000000000,1778162239.073019,0.
1778162239.1730192,0.0000000000,1778162239.1730192,0.
1778162239.273019,0.0000000000,1778162239.273019,0.
1778162239.373019,0.0000000000,1778162239.373019,0.
1778162239.4730191,0.0000000000,1778162239.4730191,0.
1778162239.573019,0.0000000000,1778162239.573019,0.
1778162239.6730192,0.0000000000,1778162239.6730192,0.
1778162239.773019,0.0000000000,1778162239.773019,0.
1778162239.873019,0.0000000000,1778162239.873019,0.
1778162239.9730191,0.0000000000,1778162239.9730191,0.
1778162240.073019,0.0000000000,1778162240.073019,0.
1778162240.1730192,0.0000000000,1778162240.1730192,0.
1778162240.273019,0.0000000000,1778162240.273019,0.
1778162240.373019,0.0000000000,1778162240.373019,0.
1778162240.4730191,0.0000000000,1778162240.4730191,0.
1778162240.573019,0.0000000000,1778162240.573019,0.
1778162240.6730192,0.0000000000,1778162240.6730192,0.
1778162240.773019,0.0000000000,1778162240.773019,0.
1778162240.873019,0.0000000000,1778162240.873019,0.
1778162240.9730191,0.0000000000,1778162240.9730191,0.
1778162241.073019,0.0000000000,1778162241.073019,0.
1778162241.1730192,0.0000000000,1778162241.1730192,0.
1778162241.273019,0.0000000000,1778162241.273019,0.
1778162241.373019,0.0000000000,1778162241.373019,0.
1778162241.4730191,0.0000000000,1778162241.4730191,0.
1778162241.573019,0.0000000000,1778162241.573019,0.
1778162241.6730192,0.0000000000,1778162241.6730192,0.
1778162241.773019,0.0000000000,1778162241.773019,0.
1778162241.873019,0.0000000000,1778162241.873019,0.
1778162241.9730191,0.0000000000,1778162241.9730191,0.
1778162242.073019,0.0000000000,1778162242.073019,0.
1778162242.1730192,0.0000000000,1778162242.1730192,0.
1778162242.273019,0.0000000000,1778162242.273019,0.
1778162242.373019,0.0000000000,1778162242.373019,0.
1778162242.4730191,0.0000000000,1778162242.4730191,0.
1778162242.573019,0.0000000000,1778162242.573019,0.
1778162242.6730192,0.0000000000,1778162242.6730192,0.
1778162242.773019,0.0000000000,1778162242.773019,0.
1778162242.873019,0.0000000000,1778162242.873019,0.
1778162242.9730191,0.0000000000,1778162242.9730191,0.
1778162243.073019,0.0000000000,1778162243.073019,0.
1778162243.1730192,0.0000000000,1778162243.1730192,0.
1778162243.273019,0.0000000000,1778162243.273019,0.
1778162243.373019,0.0000000000,1778162243.373019,0.
1778162243.4730191,0.0000000000,1778162243.4730191,0.
1778162243.573019,0.0000000000,1778162243.573019,0.
1778162243.6730192,0.0000000000,1778162243.6730192,0.
1778162243.773019,0.0000000000,1778162243.773019,0.
1778162243.873019,0.0000000000,1778162243.873019,0.
1778162243.9730191,0.0000000000,1778162243.9730191,0.
1778162244.073019,0.0000000000,1778162244.073019,0.
1778162244.1730192,0.0000000000,1778162244.1730192,0.
1778162244.273019,0.0000000000,1778162244.273019,0.
1778162244.373019,0.0000000000,1778162244.373019,0.
1778162244.4730191,0.0000000000,1778162244.4730191,0.
1778162244.573019,0.0000000000,1778162244.573019,0.
1778162244.6730192,0.0000000000,1778162244.6730192,0.
1778162244.773019,0.0000000000,1778162244.773019,0.
1778162244.873019,0.0000000000,1778162244.873019,0.
1778162244.9730191,0.0000000000,1778162244.9730191,0.
1778162245.073019,0.0000000000,1778162245.073019,0.
1778162245.1730192,0.0000000000,1778162245.1730192,0.
1778162245.273019,0.0000000000,1778162245.273019,0.
1778162245.373019,0.0000000000,1778162245.373019,0.
1778162245.4730191,0.0000000000,1778162245.4730191,0.
1778162245.573019,0.0000000000,1778162245.573019,0.
1778162245.6730192,0.0000000000,1778162245.6730192,0.
1778162245.773019,0.0000000000,1778162245.773019,0.
1778162245.873019,0.0000000000,1778162245.873019,0.
1778162245.9730191,0.0000000000,1778162245.9730191,0.
1778162246.073019,0.0000000000,1778162246.073019,0.
1778162246.1730192,0.0000000000,1778162246.1730192,0.
1778162246.273019,0.0000000000,1778162246.273019,0.
1778162246.373019,0.0000000000,1778162246.373019,0.
1778162246.4730191,0.0000000000,1778162246.4730191,0.
1778162246.573019,0.0000000000,1778162246.573019,0.
1778162246.6730192,0.0000000000,1778162246.6730192,0.
1778162246.773019,0.0000000000,1778162246.773019,0.
1778162246.873019,0.0000000000,1778162246.873019,0.
1778162246.9730191,0.0000000000,1778162246.9730191,0.
1778162247.073019,0.0000000000,1778162247.073019,0.
1778162247.1730192,0.0000000000,1778162247.1730192,0.
1778162247.273019,0.0000000000,1778162247.273019,0.
1778162247.373019,0.0000000000,1778162247.373019,0.
1778162247.4730191,0.0000000000,1778162247.4730191,0.
1778162247.573019,0.0000000000,1778162247.573019,0.
1778162247.6730192,0.0000000000,1778162247.6730192,0.
1778162247.773019,0.0000000000,1778162247.773019,0.
1778162247.873019,0.0000000000,1778162247.873019,0.
1778162247.9730191,0.0000000000,1778162247.9730191,0.
1778162248.073019,0.0000000000,1778162248.073019,0.
1778162248.1730192,0.0000000000,1778162248.1730192,0.
1778162248.273019,0.0000000000,1778162248.273019,0.
1778162248.373019,0.0000000000,1778162248.373019,0.
1778162248.4730191,0.0000000000,1778162248.4730191,0.
1778162248.573019,0.0000000000,1778162248.573019,0.
1778162248.6730192,0.0000000000,1778162248.6730192,0.
1778162248.773019,0.0000000000,1778162248.773019,0.
1778162248.873019,0.0000000000,1778162248.873019,0.
1778162248.9730191,0.0000000000,1778162248.9730191,0.
1778162249.073019,0.0000000000,1778162249.073019,0.
1778162249.1730192,0.0000000000,1778162249.1730192,0.
1778162249.273019,0.0000000000,1778162249.273019,0.
1778162249.373019,0.0000000000,1778162249.373019,0.
1778162249.4730191,0.0000000000,1778162249.4730191,0.
1778162249.573019,0.0000000000,1778162249.573019,0.
1778162249.6730192,0.0000000000,1778162249.6730192,0.
1778162249.773019,0.0000000000,1778162249.773019,0.
1778162249.873019,0.0000000000,1778162249.873019,0.
1778162249.9730191,0.0000000000,1778162249.9730191,0.
1778162250.073019,0.0000000000,1778162250.073019,0.
1778162250.1730192,0.0000000000,1778162250.1730192,0.
1778162250.273019,0.0000000000,1778162250.273019,0.
1778162250.373019,0.0000000000,1778162250.373019,0.
1778162250.4730191,0.0000000000,1778162250.4730191,0.
1778162250.573019,0.0000000000,1778162250.573019,0.
1778162250.6730192,0.0000000000,1778162250.6730192,0.
1778162250.773019,0.0000000000,1778162250.773019,0.
1778162250.873019,0.0000000000,1778162250.873019,0.
1778162250.9730191,0.0000000000,1778162250.9730191,0.
1778162251.073019,0.0000000000,1778162251.073019,0.
1778162251.1730192,0.0000000000,1778162251.1730192,0.
1778162251.273019,0.0000000000,1778162251.273019,0.
1778162251.373019,0.0000000000,1778162251.373019,0.
1778162251.4730191,0.0000000000,1778162251.4730191,0.
1778162251.573019,0.0000000000,1778162251.573019,0.
1778162251.6730192,0.0000000000,1778162251.6730192,0.
1778162251.773019,0.0000000000,1778162251.773019,0.
1778162251.873019,0.0000000000,1778162251.873019,0.
1778162251.9730191,0.0000000000,1778162251.9730191,0.
1778162252.073019,0.0000000000,1778162252.073019,0.
1778162252.1730192,0.0000000000,1778162252.1730192,0.
1778162252.273019,0.0000000000,1778162252.273019,0.
1778162252.373019,0.0000000000,1778162252.373019,0.
1778162252.4730191,0.0000000000,1778162252.4730191,0.
1778162252.573019,0.0000000000,1778162252.573019,0.
1778162252.6730192,0.0000000000,1778162252.6730192,0.
1778162252.773019,0.0000000000,1778162252.773019,0.
1778162252.873019,0.0000000000,1778162252.873019,0.
1778162252.9730191,0.0000000000,1778162252.9730191,0.
1778162253.073019,0.0000000000,1778162253.073019,0.
1778162253.1730192,0.0000000000,1778162253.1730192,0.
1778162253.273019,0.0000000000,1778162253.273019,0.
1778162253.373019,0.0000000000,1778162253.373019,0.
1778162253.4730191,0.0000000000,1778162253.4730191,0.
1778162253.573019,0.0000000000,1778162253.573019,0.
1778162253.6730192,0.0000000000,1778162253.6730192,0.
1778162253.773019,0.0000000000,1778162253.773019,0.
1778162253.873019,0.0000000000,1778162253.873019,0.
1778162253.9730191,0.0000000000,1778162253.9730191,0.
1778162254.073019,0.0000000000,1778162254.073019,0.
1778162254.1730192,0.0000000000,1778162254.1730192,0.
1778162254.273019,0.0000000000,1778162254.273019,0.
1778162254.373019,0.0000000000,1778162254.373019,0.
1778162254.4730191,0.0000000000,1778162254.4730191,0.
1778162254.573019,0.0000000000,1778162254.573019,0.
1778162254.6730192,0.0000000000,1778162254.6730192,0.
1778162254.773019,0.0000000000,1778162254.773019,0.
1778162254.873019,0.0000000000,1778162254.873019,0.
1778162254.9730191,0.0000000000,1778162254.9730191,0.
1778162255.073019,0.0000000000,1778162255.073019,0.
1778162255.1730192,0.0000000000,1778162255.1730192,0.
1778162255.273019,0.0000000000,1778162255.273019,0.
1778162255.373019,0.0000000000,1778162255.373019,0.
1778162255.4730191,0.0000000000,1778162255.4730191,0.
1778162255.573019,0.0000000000,1778162255.573019,0.
1778162255.6730192,0.0000000000,1778162255.6730192,0.
1778162255.773019,0.0000000000,1778162255.773019,0.
1778162255.873019,0.0000000000,1778162255.873019,0.
1778162255.9730191,0.0000000000,1778162255.9730191,0.
1778162256.073019,0.0000000000,1778162256.073019,0.
1778162256.1730192,0.0000000000,1778162256.1730192,0.
1778162256.273019,0.0000000000,1778162256.273019,0.
1778162256.373019,0.0000000000,1778162256.373019,0.
1778162256.4730191,0.0000000000,1778162256.4730191,0.
1778162256.573019,0.0000000000,1778162256.573019,0.
1778162256.6730192,0.0000000000,1778162256.6730192,0.
1778162256.773019,0.0000000000,1778162256.773019,0.
1778162256.873019,0.0000000000,1778162256.873019,0.
1778162256.9730191,0.0000000000,1778162256.9730191,0.
1778162257.073019,0.0000000000,1778162257.073019,0.
1778162257.1730192,0.0000000000,1778162257.1730192,0.
1778162257.273019,0.0000000000,1778162257.273019,0.
1778162257.373019,0.0000000000,1778162257.373019,0.
1778162257.4730191,0.0000000000,1778162257.4730191,0.
1778162257.573019,0.0000000000,1778162257.573019,0.
1778162257.6730192,0.0000000000,1778162257.6730192,0.
1778162257.773019,0.0000000000,1778162257.773019,0.
1778162257.873019,0.0000000000,1778162257.873019,0.
1778162257.9730191,0.0000000000,1778162257.9730191,0.
1778162258.073019,0.0000000000,1778162258.073019,0.
1778162258.1730192,0.0000000000,1778162258.1730192,0.
1778162258.273019,0.0000000000,1778162258.273019,0.
1778162258.373019,0.0000000000,1778162258.373019,0.
1778162258.4730191,0.0000000000,1778162258.4730191,0.
1778162258.573019,0.0000000000,1778162258.573019,0.
1778162258.6730192,0.0000000000,1778162258.6730192,0.
1778162258.773019,0.0000000000,1778162258.773019,0.
1778162258.873019,0.0000000000,1778162258.873019,0.
1778162258.9730191,0.0000000000,1778162258.9730191,0.
1778162259.073019,0.0000000000,1778162259.073019,0.
1778162259.1730192,0.0000000000,1778162259.1730192,0.
1778162259.273019,0.0000000000,1778162259.273019,0.
1778162259.373019,0.0000000000,1778162259.373019,0.
1778162259.4730191,0.0000000000,1778162259.4730191,0.
1778162259.573019,0.0000000000,1778162259.573019,0.
1778162259.6730192,0.0000000000,1778162259.6730192,0.
1778162259.773019,0.0000000000,1778162259.773019,0.
1778162259.873019,0.0000000000,1778162259.873019,0.
1778162259.9730191,0.0000000000,1778162259.9730191,0.
1778162260.073019,0.0000000000,1778162260.073019,0.
1778162260.1730192,0.0000000000,1778162260.1730192,0.
1778162260.273019,0.0000000000,1778162260.273019,0.
1778162260.373019,0.0000000000,1778162260.373019,0.
1778162260.4730191,0.0000000000,1778162260.4730191,0.
1778162260.573019,0.0000000000,1778162260.573019,0.
1778162260.6730192,0.0000000000,1778162260.6730192,0.
1778162260.773019,0.0000000000,1778162260.773019,0.
1778162260.873019,0.0000000000,1778162260.873019,0.
1778162260.9730191,0.0000000000,1778162260.9730191,0.
1778162261.073019,0.0000000000,1778162261.073019,0.
1778162261.1730192,0.0000000000,1778162261.1730192,0.
1778162261.273019,0.0000000000,1778162261.273019,0.
1778162261.373019,0.0000000000,1778162261.373019,0.
1778162261.4730191,0.0000000000,1778162261.4730191,0.
1778162261.573019,0.0000000000,1778162261.573019,0.
1778162261.6730192,0.0000000000,1778162261.6730192,0.
1778162261.773019,0.0000000000,1778162261.773019,0.
1778162261.873019,0.0000000000,1778162261.873019,0.
1778162261.9730191,0.0000000000,1778162261.9730191,0.
1778162262.073019,0.0000000000,1778162262.073019,0.
1778162262.1730192,0.0000000000,1778162262.1730192,0.
1778162262.273019,0.0000000000,1778162262.273019,0.
1778162262.373019,0.0000000000,1778162262.373019,0.
1778162262.4730191,0.0000000000,1778162262.4730191,0.
1778162262.573019,0.0000000000,1778162262.573019,0.
1778162262.6730192,0.0000000000,1778162262.6730192,0.
1778162262.773019,0.0000000000,1778162262.773019,0.
1778162262.873019,0.0000000000,1778162262.873019,0.
1778162262.9730191,0.0000000000,1778162262.9730191,0.
1778162263.073019,0.0000000000,1778162263.073019,0.
1778162263.1730192,0.0000000000,1778162263.1730192,0.
1778162263.273019,0.0000000000,1778162263.273019,0.
1778162263.373019,0.0000000000,1778162263.373019,0.
1778162263.4730191,0.0000000000,1778162263.4730191,0.
1778162263.573019,0.0000000000,1778162263.573019,0.
1778162263.6730192,0.0000000000,1778162263.6730192,0.
1778162263.773019,0.0000000000,1778162263.773019,0.
1778162263.873019,0.0000000000,1778162263.873019,0.
1778162263.9730191,0.0000000000,1778162263.9730191,0.
1778162264.073019,0.0000000000,1778162264.073019,0.
1778162264.1730192,0.0000000000,1778162264.1730192,0.
1778162264.273019,0.0000000000,1778162264.273019,0.
1778162264.373019,0.0000000000,1778162264.373019,0.
1778162264.4730191,0.0000000000,1778162264.4730191,0.
1778162264.573019,0.0000000000,1778162264.573019,0.
1778162264.6730192,0.0000000000,1778162264.6730192,0.
1778162264.773019,0.0000000000,1778162264.773019,0.
1778162264.873019,0.0000000000,1778162264.873019,0.
1778162264.9730191,0.0000000000,1778162264.9730191,0.
1778162265.073019,0.0000000000,1778162265.073019,0.
1778162265.1730192,0.0000000000,1778162265.1730192,0.
1778162265.273019,0.0000000000,1778162265.273019,0.
1778162265.373019,0.0000000000,1778162265.373019,0.
1778162265.4730191,0.0000000000,1778162265.4730191,0.
1778162265.573019,0.0000000000,1778162265.573019,0.
1778162265.6730192,0.0000000000,1778162265.6730192,0.
1778162265.773019,0.0000000000,1778162265.773019,0.
1778162265.873019,0.0000000000,1778162265.873019,0.
1778162265.9730191,0.0000000000,1778162265.9730191,0.
1778162266.073019,0.0000000000,1778162266.073019,0.
1778162266.1730192,0.0000000000,1778162266.1730192,0.
1778162266.273019,0.0000000000,1778162266.273019,0.
1778162266.373019,0.0000000000,1778162266.373019,0.
1778162266.4730191,0.0000000000,1778162266.4730191,0.
1778162266.573019,0.0000000000,1778162266.573019,0.
1778162266.6730192,0.0000000000,1778162266.6730192,0.
1778162266.773019,0.0000000000,1778162266.773019,0.
1778162266.873019,0.0000000000,1778162266.873019,0.
1778162266.9730191,0.0000000000,1778162266.9730191,0.
1778162267.073019,0.0000000000,1778162267.073019,0.
1778162267.1730192,0.0000000000,1778162267.1730192,0.
1778162267.273019,0.0000000000,1778162267.273019,0.
1778162267.373019,0.0000000000,1778162267.373019,0.
1778162267.4730191,0.0000000000,1778162267.4730191,0.
1778162267.573019,0.0000000000,1778162267.573019,0.
1778162267.6730192,0.0000000000,1778162267.6730192,0.
1778162267.773019,0.0000000000,1778162267.773019,0.
1778162267.873019,0.0000000000,1778162267.873019,0.
1778162267.9730191,0.0000000000,1778162267.9730191,0.
1778162268.073019,0.0000000000,1778162268.073019,0.
1778162268.1730192,0.0000000000,1778162268.1730192,0.
1778162268.273019,0.0000000000,1778162268.273019,0.
1778162268.373019,0.0000000000,1778162268.373019,0.
1778162268.4730191,0.0000000000,1778162268.4730191,0.
1778162268.573019,0.0000000000,1778162268.573019,0.
1778162268.6730192,0.0000000000,1778162268.6730192,0.
1778162268.773019,0.0000000000,1778162268.773019,0.
1778162268.873019,0.0000000000,1778162268.873019,0.
1778162268.9730191,0.0000000000,1778162268.9730191,0.
1778162269.073019,0.0000000000,1778162269.073019,0.
1778162269.1730192,0.0000000000,1778162269.1730192,0.
1778162269.273019,0.0000000000,1778162269.273019,0.
1778162269.373019,0.0000000000,1778162269.373019,0.
1778162269.4730191,0.0000000000,1778162269.4730191,0.
1778162269.573019,0.0000000000,1778162269.573019,0.
1778162269.6730192,0.0000000000,1778162269.6730192,0.
1778162269.773019,0.0000000000,1778162269.773019,0.
1778162269.873019,0.0000000000,1778162269.873019,0.
1778162269.9730191,0.0000000000,1778162269.9730191,0.
1778162270.073019,0.0000000000,1778162270.073019,0.
1778162270.1730192,0.0000000000,1778162270.1730192,0.
1778162270.273019,0.0000000000,1778162270.273019,0.
1778162270.373019,0.0000000000,1778162270.373019,0.
1778162270.4730191,0.0000000000,1778162270.4730191,0.
1778162270.573019,0.0000000000,1778162270.573019,0.
1778162270.6730192,0.0000000000,1778162270.6730192,0.
1778162270.773019,0.0000000000,1778162270.773019,0.
1778162270.873019,0.0000000000,1778162270.873019,0.
1778162270.9730191,0.0000000000,1778162270.9730191,0.
1778162271.073019,0.0000000000,1778162271.073019,0.
1778162271.1730192,0.0000000000,1778162271.1730192,0.
1778162271.273019,0.0000000000,1778162271.273019,0.
1778162271.373019,0.0000000000,1778162271.373019,0.
1778162271.4730191,0.0000000000,1778162271.4730191,0.
1778162271.573019,0.0000000000,1778162271.573019,0.
1778162271.6730192,0.0000000000,1778162271.6730192,0.
1778162271.773019,0.0000000000,1778162271.773019,0.
1778162271.873019,0.0000000000,1778162271.873019,0.
1778162271.9730191,0.0000000000,1778162271.9730191,0.
1778162272.073019,0.0000000000,1778162272.073019,0.
1778162272.1730192,0.0000000000,1778162272.1730192,0.
1778162272.273019,0.0000000000,1778162272.273019,0.
1778162272.373019,0.0000000000,1778162272.373019,0.
1778162272.4730191,0.0000000000,1778162272.4730191,0.
1778162272.573019,0.0000000000,1778162272.573019,0.
1778162272.6730192,0.0000000000,1778162272.6730192,0.
1778162272.773019,0.0000000000,1778162272.773019,0.
1778162272.873019,0.0000000000,1778162272.873019,0.
1778162272.9730191,0.0000000000,1778162272.9730191,0.
1778162273.073019,0.0000000000,1778162273.073019,0.
1778162273.1730192,0.0000000000,1778162273.1730192,0.
1778162273.273019,0.0000000000,1778162273.273019,0.
1778162273.373019,0.0000000000,1778162273.373019,0.
1778162273.4730191,0.0000000000,1778162273.4730191,0.
1778162273.573019,0.0000000000,1778162273.573019,0.
1778162273.6730192,0.0000000000,1778162273.6730192,0.
1778162273.773019,0.0000000000,1778162273.773019,0.
1778162273.873019,0.0000000000,1778162273.873019,0.
1778162273.9730191,0.0000000000,1778162273.9730191,0.
1778162274.073019,0.0000000000,1778162274.073019,0.
1778162274.1730192,0.0000000000,1778162274.1730192,0.
1778162274.273019,0.0000000000,1778162274.273019,0.
1778162274.373019,0.0000000000,1778162274.373019,0.
1778162274.4730191,0.0000000000,1778162274.4730191,0.
1778162274.573019,0.0000000000,1778162274.573019,0.
1778162274.6730192,0.0000000000,1778162274.6730192,0.
1778162274.773019,0.0000000000,1778162274.773019,0.
1778162274.873019,0.0000000000,1778162274.873019,0.
1778162274.9730191,0.0000000000,1778162274.9730191,0.
1778162275.073019,0.0000000000,1778162275.073019,0.
1778162275.1730192,0.0000000000,1778162275.1730192,0.
1778162275.273019,0.0000000000,1778162275.273019,0.
1778162275.373019,0.0000000000,1778162275.373019,0.
1778162275.4730191,0.0000000000,1778162275.4730191,0.
1778162275.573019,0.0000000000,1778162275.573019,0.
1778162275.6730192,0.0000000000,1778162275.6730192,0.
1778162275.773019,0.0000000000,1778162275.773019,0.
1778162275.873019,0.0000000000,1778162275.873019,0.
1778162275.9730191,0.0000000000,1778162275.9730191,0.
1778162276.073019,0.0000000000,1778162276.073019,0.
1778162276.1730192,0.0000000000,1778162276.1730192,0.
1778162276.273019,0.0000000000,1778162276.273019,0.
1778162276.373019,0.0000000000,1778162276.373019,0.
1778162276.4730191,0.0000000000,1778162276.4730191,0.
1778162276.573019,0.0000000000,1778162276.573019,0.
1778162276.6730192,0.0000000000,1778162276.6730192,0.
1778162276.773019,0.0000000000,1778162276.773019,0.
1778162276.873019,0.0000000000,1778162276.873019,0.
1778162276.9730191,0.0000000000,1778162276.9730191,0.
1778162277.073019,0.0000000000,1778162277.073019,0.
1778162277.1730192,0.0000000000,1778162277.1730192,0.
1778162277.273019,0.0000000000,1778162277.273019,0.
1778162277.373019,0.0000000000,1778162277.373019,0.
1778162277.4730191,0.0000000000,1778162277.4730191,0.
1778162277.573019,0.0000000000,1778162277.573019,0.
1778162277.6730192,0.0000000000,1778162277.6730192,0.
1778162277.773019,0.0000000000,1778162277.773019,0.
1778162277.873019,0.0000000000,1778162277.873019,0.
1778162277.9730191,0.0000000000,1778162277.9730191,0.
1778162278.073019,0.0000000000,1778162278.073019,0.
1778162278.1730192,0.0000000000,1778162278.1730192,0.
1778162278.273019,0.0000000000,1778162278.273019,0.
1778162278.373019,0.0000000000,1778162278.373019,0.
1778162278.4730191,0.0000000000,1778162278.4730191,0.
1778162278.573019,0.0000000000,1778162278.573019,0.
1778162278.6730192,0.0000000000,1778162278.6730192,0.
1778162278.773019,0.0000000000,1778162278.773019,0.
1778162278.873019,0.0000000000,1778162278.873019,0.
1778162278.9730191,0.0000000000,1778162278.9730191,0.
1778162279.073019,0.0000000000,1778162279.073019,0.
1778162279.1730192,0.0000000000,1778162279.1730192,0.
1778162279.273019,0.0000000000,1778162279.273019,0.
1778162279.373019,0.0000000000,1778162279.373019,0.
1778162279.4730191,0.0000000000,1778162279.4730191,0.
1778162279.573019,0.0000000000,1778162279.573019,0.
1778162279.6730192,0.0000000000,1778162279.6730192,0.
1778162279.773019,0.0000000000,1778162279.773019,0.
1778162279.873019,0.0000000000,1778162279.873019,0.
1778162279.9730191,0.0000000000,1778162279.9730191,0.
1778162280.073019,0.0000000000,1778162280.073019,0.
1778162280.1730192,0.0000000000,1778162280.1730192,0.
1778162280.273019,0.0000000000,1778162280.273019,0.
1778162280.373019,0.0000000000,1778162280.373019,0.
1778162280.4730191,0.0000000000,1778162280.4730191,0.
1778162280.573019,0.0000000000,1778162280.573019,0.
1778162280.6730192,0.0000000000,1778162280.6730192,0.
1778162280.773019,0.0000000000,1778162280.773019,0.
1778162280.873019,0.0000000000,1778162280.873019,0.
1778162280.9730191,0.0000000000,1778162280.9730191,0.
1778162281.073019,0.0000000000,1778162281.073019,0.
1778162281.1730192,0.0000000000,1778162281.1730192,0.
1778162281.273019,0.0000000000,1778162281.273019,0.
1778162281.373019,0.0000000000,1778162281.373019,0.
1778162281.4730191,0.0000000000,1778162281.4730191,0.
1778162281.573019,0.0000000000,1778162281.573019,0.
1778162281.6730192,0.0000000000,1778162281.6730192,0.
1778162281.773019,0.0000000000,1778162281.773019,0.
1778162281.873019,0.0000000000,1778162281.873019,0.
1778162281.9730191,0.0000000000,1778162281.9730191,0.
1778162282.073019,0.0000000000,1778162282.073019,0.
1778162282.1730192,0.0000000000,1778162282.1730192,0.
1778162282.273019,0.0000000000,1778162282.273019,0.
1778162282.373019,0.0000000000,1778162282.373019,0.
1778162282.4730191,0.0000000000,1778162282.4730191,0.
1778162282.573019,0.0000000000,1778162282.573019,0.
1778162282.6730192,0.0000000000,1778162282.6730192,0.
1778162282.773019,0.0000000000,1778162282.773019,0.
1778162282.873019,0.0000000000,1778162282.873019,0.
1778162282.9730191,0.0000000000,1778162282.9730191,0.
1778162283.073019,0.0000000000,1778162283.073019,0.
1778162283.1730192,0.0000000000,1778162283.1730192,0.
1778162283.273019,0.0000000000,1778162283.273019,0.
1778162283.373019,0.0000000000,1778162283.373019,0.
1778162283.4730191,0.0000000000,1778162283.4730191,0.
1778162283.573019,0.0000000000,1778162283.573019,0.
1778162283.6730192,0.0000000000,1778162283.6730192,0.
1778162283.773019,0.0000000000,1778162283.773019,0.
1778162283.873019,0.0000000000,1778162283.873019,0.
1778162283.9730191,0.0000000000,1778162283.9730191,0.
1778162284.073019,0.0000000000,1778162284.073019,0.
1778162284.1730192,0.0000000000,1778162284.1730192,0.
1778162284.273019,0.0000000000,1778162284.273019,0.
1778162284.373019,0.0000000000,1778162284.373019,0.
1778162284.4730191,0.0000000000,1778162284.4730191,0.
1778162284.573019,0.0000000000,1778162284.573019,0.
1778162284.6730192,0.0000000000,1778162284.6730192,0.
1778162284.773019,0.0000000000,1778162284.773019,0.
1778162284.873019,0.0000000000,1778162284.873019,0.
1778162284.9730191,0.0000000000,1778162284.9730191,0.
1778162285.073019,0.0000000000,1778162285.073019,0.
1778162285.1730192,0.0000000000,1778162285.1730192,0.
1778162285.273019,0.0000000000,1778162285.273019,0.
1778162285.373019,0.0000000000,1778162285.373019,0.
1778162285.4730191,0.0000000000,1778162285.4730191,0.
1778162285.573019,0.0000000000,1778162285.573019,0.
1778162285.6730192,0.0000000000,1778162285.6730192,0.
1778162285.773019,0.0000000000,1778162285.773019,0.
1778162285.873019,0.0000000000,1778162285.873019,0.
1778162285.9730191,0.0000000000,1778162285.9730191,0.
1778162286.073019,0.0000000000,1778162286.073019,0.
1778162286.1730192,0.0000000000,1778162286.1730192,0.
1778162286.273019,0.0000000000,1778162286.273019,0.
1778162286.373019,0.0000000000,1778162286.373019,0.
1778162286.4730191,0.0000000000,1778162286.4730191,0.
1778162286.573019,0.0000000000,1778162286.573019,0.
1778162286.6730192,0.0000000000,1778162286.6730192,0.
1778162286.773019,0.0000000000,1778162286.773019,0.
1778162286.873019,0.0000000000,1778162286.873019,0.
1778162286.9730191,0.0000000000,1778162286.9730191,0.
1778162287.073019,0.0000000000,1778162287.073019,0.
1778162287.1730192,0.0000000000,1778162287.1730192,0.
1778162287.273019,0.0000000000,1778162287.273019,0.
1778162287.373019,0.0000000000,1778162287.373019,0.
1778162287.4730191,0.0000000000,1778162287.4730191,0.
1778162287.573019,0.0000000000,1778162287.573019,0.
1778162287.6730192,0.0000000000,1778162287.6730192,0.
1778162287.773019,0.0000000000,1778162287.773019,0.
1778162287.873019,0.0000000000,1778162287.873019,0.
1778162287.9730191,0.0000000000,1778162287.9730191,0.
1778162288.073019,0.0000000000,1778162288.073019,0.
1778162288.1730192,0.0000000000,1778162288.1730192,0.
1778162288.273019,0.0000000000,1778162288.273019,0.
1778162288.373019,0.0000000000,1778162288.373019,0.
1778162288.4730191,0.0000000000,1778162288.4730191,0.
1778162288.573019,0.0000000000,1778162288.573019,0.
1778162288.6730192,0.0000000000,1778162288.6730192,0.
1778162288.773019,0.0000000000,1778162288.773019,0.
1778162288.873019,0.0000000000,1778162288.873019,0.
1778162288.9730191,0.0000000000,1778162288.9730191,0.
1778162289.073019,0.0000000000,1778162289.073019,0.
1778162289.1730192,0.0000000000,1778162289.1730192,0.
1778162289.273019,0.0000000000,1778162289.273019,0.
1778162289.373019,0.0000000000,1778162289.373019,0.
1778162289.4730191,0.0000000000,1778162289.4730191,0.
1778162289.573019,0.0000000000,1778162289.573019,0.
1778162289.6730192,0.0000000000,1778162289.6730192,0.
1778162289.773019,0.0000000000,1778162289.773019,0.
1778162289.873019,0.0000000000,1778162289.873019,0.
1778162289.9730191,0.0000000000,1778162289.9730191,0.
1778162290.073019,0.0000000000,1778162290.073019,0.
1778162290.1730192,0.0000000000,1778162290.1730192,0.
1778162290.273019,0.0000000000,1778162290.273019,0.
1778162290.373019,0.0000000000,1778162290.373019,0.
1778162290.4730191,0.0000000000,1778162290.4730191,0.
1778162290.573019,0.0000000000,1778162290.573019,0.
1778162290.6730192,0.0000000000,1778162290.6730192,0.
1778162290.773019,0.0000000000,1778162290.773019,0.
1778162290.873019,0.0000000000,1778162290.873019,0.
1778162290.9730191,0.0000000000,1778162290.9730191,0.
1778162291.073019,0.0000000000,1778162291.073019,0.
1778162291.1730192,0.0000000000,1778162291.1730192,0.
1778162291.273019,0.0000000000,1778162291.273019,0.
1778162291.373019,0.0000000000,1778162291.373019,0.
1778162291.4730191,0.0000000000,1778162291.4730191,0.
1778162291.573019,0.0000000000,1778162291.573019,0.
1778162291.6730192,0.0000000000,1778162291.6730192,0.
1778162291.773019,0.0000000000,1778162291.773019,0.
1778162291.873019,0.0000000000,1778162291.873019,0.
1778162291.9730191,0.0000000000,1778162291.9730191,0.
1778162292.073019,0.0000000000,1778162292.073019,0.
1778162292.1730192,0.0000000000,1778162292.1730192,0.
1778162292.273019,0.0000000000,1778162292.273019,0.
1778162292.373019,0.0000000000,1778162292.373019,0.
1778162292.4730191,0.0000000000,1778162292.4730191,0.
1778162292.573019,0.0000000000,1778162292.573019,0.
1778162292.6730192,0.0000000000,1778162292.6730192,0.
1778162292.773019,0.0000000000,1778162292.773019,0.
1778162292.873019,0.0000000000,1778162292.873019,0.
1778162292.9730191,0.0000000000,1778162292.9730191,0.
1778162293.073019,0.0000000000,1778162293.073019,0.
1778162293.1730192,0.0000000000,1778162293.1730192,0.
1778162293.273019,0.0000000000,1778162293.273019,0.
1778162293.373019,0.0000000000,1778162293.373019,0.
1778162293.4730191,0.0000000000,1778162293.4730191,0.
1778162293.573019,0.0000000000,1778162293.573019,0.
1778162293.6730192,0.0000000000,1778162293.6730192,0.
1778162293.773019,0.0000000000,1778162293.773019,0.
1778162293.873019,0.0000000000,1778162293.873019,0.
1778162293.9730191,0.0000000000,1778162293.9730191,0.
1778162294.073019,0.0000000000,1778162294.073019,0.
1778162294.1730192,0.0000000000,1778162294.1730192,0.
1778162294.273019,0.0000000000,1778162294.273019,0.
1778162294.373019,0.0000000000,1778162294.373019,0.
1778162294.4730191,0.0000000000,1778162294.4730191,0.
1778162294.573019,0.0000000000,1778162294.573019,0.
1778162294.6730192,0.0000000000,1778162294.6730192,0.
1778162294.773019,0.0000000000,1778162294.773019,0.
1778162294.873019,0.0000000000,1778162294.873019,0.
1778162294.9730191,0.0000000000,1778162294.9730191,0.
1778162295.073019,0.0000000000,1778162295.073019,0.
1778162295.1730192,0.0000000000,1778162295.1730192,0.
1778162295.273019,0.0000000000,1778162295.273019,0.
1778162295.373019,0.0000000000,1778162295.373019,0.
1778162295.4730191,0.0000000000,1778162295.4730191,0.
1778162295.573019,0.0000000000,1778162295.573019,0.
1778162295.6730192,0.0000000000,1778162295.6730192,0.
1778162295.773019,0.0000000000,1778162295.773019,0.
1778162295.873019,0.0000000000,1778162295.873019,0.
1778162295.9730191,0.0000000000,1778162295.9730191,0.
1778162296.073019,0.0000000000,1778162296.073019,0.
1778162296.1730192,0.0000000000,1778162296.1730192,0.
1778162296.273019,0.0000000000,1778162296.273019,0.
1778162296.373019,0.0000000000,1778162296.373019,0.
1778162296.4730191,0.0000000000,1778162296.4730191,0.
1778162296.573019,0.0000000000,1778162296.573019,0.
1778162296.6730192,0.0000000000,1778162296.6730192,0.
1778162296.773019,0.0000000000,1778162296.773019,0.
1778162296.873019,0.0000000000,1778162296.873019,0.
1778162296.9730191,0.0000000000,1778162296.9730191,0.
1778162297.073019,0.0000000000,1778162297.073019,0.
1778162297.1730192,0.0000000000,1778162297.1730192,0.
1778162297.273019,0.0000000000,1778162297.273019,0.
1778162297.373019,0.0000000000,1778162297.373019,0.
1778162297.4730191,0.0000000000,1778162297.4730191,0.
1778162297.573019,0.0000000000,1778162297.573019,0.
1778162297.6730192,0.0000000000,1778162297.6730192,0.
1778162297.773019,0.0000000000,1778162297.773019,0.
1778162297.873019,0.0000000000,1778162297.873019,0.
1778162297.9730191,0.0000000000,1778162297.9730191,0.
1778162298.073019,0.0000000000,1778162298.073019,0.
1778162298.1730192,0.0000000000,1778162298.1730192,0.
1778162298.273019,0.0000000000,1778162298.273019,0.
1778162298.373019,0.0000000000,1778162298.373019,0.
1778162298.4730191,0.0000000000,1778162298.4730191,0.
1778162298.573019,0.0000000000,1778162298.573019,0.
1778162298.6730192,0.0000000000,1778162298.6730192,0.
1778162298.773019,0.0000000000,1778162298.773019,0.
1778162298.873019,0.0000000000,1778162298.873019,0.
1778162298.9730191,0.0000000000,1778162298.9730191,0.
1778162299.073019,0.0000000000,1778162299.073019,0.
1778162299.1730192,0.0000000000,1778162299.1730192,0.
1778162299.273019,0.0000000000,1778162299.273019,0.
1778162299.373019,0.0000000000,1778162299.373019,0.
1778162299.4730191,0.0000000000,1778162299.4730191,0.
1778162299.573019,0.0000000000,1778162299.573019,0.
1778162299.6730192,0.0000000000,1778162299.6730192,0.
1778162299.773019,0.0000000000,1778162299.773019,0.
1778162299.873019,0.0000000000,1778162299.873019,0.
1778162299.9730191,0.0000000000,1778162299.9730191,0.
1778162300.073019,0.0000000000,1778162300.073019,0.
1778162300.1730192,0.0000000000,1778162300.1730192,0.
1778162300.273019,0.0000000000,1778162300.273019,0.
1778162300.373019,0.0000000000,1778162300.373019,0.
1778162300.4730191,0.0000000000,1778162300.4730191,0.
1778162300.573019,0.0000000000,1778162300.573019,0.
1778162300.6730192,0.0000000000,1778162300.6730192,0.
1778162300.773019,0.0000000000,1778162300.773019,0.
1778162300.873019,0.0000000000,1778162300.873019,0.
1778162300.9730191,0.0000000000,1778162300.9730191,0.
1778162301.073019,0.0000000000,1778162301.073019,0.
1778162301.1730192,0.0000000000,1778162301.1730192,0.
1778162301.273019,0.0000000000,1778162301.273019,0.
1778162301.373019,0.0000000000,1778162301.373019,0.
1778162301.4730191,0.0000000000,1778162301.4730191,0.
1778162301.573019,0.0000000000,1778162301.573019,0.
1778162301.6730192,0.0000000000,1778162301.6730192,0.
1778162301.773019,0.0000000000,1778162301.773019,0.
1778162301.873019,0.0000000000,1778162301.873019,0.
1778162301.9730191,0.0000000000,1778162301.9730191,0.
1778162302.073019,0.0000000000,1778162302.073019,0.
1778162302.1730192,0.0000000000,1778162302.1730192,0.
1778162302.273019,0.0000000000,1778162302.273019,0.
1778162302.373019,0.0000000000,1778162302.373019,0.
1778162302.4730191,0.0000000000,1778162302.4730191,0.
1778162302.573019,0.0000000000,1778162302.573019,0.
1778162302.6730192,0.0000000000,1778162302.6730192,0.
1778162302.773019,0.0000000000,1778162302.773019,0.
1778162302.873019,0.0000000000,1778162302.873019,0.
1778162302.9730191,0.0000000000,1778162302.9730191,0.
1778162303.073019,0.0000000000,1778162303.073019,0.
1778162303.1730192,0.0000000000,1778162303.1730192,0.
1778162303.273019,0.0000000000,1778162303.273019,0.
1778162303.373019,0.0000000000,1778162303.373019,0.
1778162303.4730191,0.0000000000,1778162303.4730191,0.
1778162303.573019,0.0000000000,1778162303.573019,0.
1778162303.6730192,0.0000000000,1778162303.6730192,0.
1778162303.773019,0.0000000000,1778162303.773019,0.
1778162303.873019,0.0000000000,1778162303.873019,0.
1778162303.9730191,0.0000000000,1778162303.9730191,0.
1778162304.073019,0.0000000000,1778162304.073019,0.
1778162304.1730192,0.0000000000,1778162304.1730192,0.
1778162304.273019,0.0000000000,1778162304.273019,0.
1778162304.373019,0.0000000000,1778162304.373019,0.
1778162304.4730191,0.0000000000,1778162304.4730191,0.
1778162304.573019,0.0000000000,1778162304.573019,0.
1778162304.6730192,0.0000000000,1778162304.6730192,0.
1778162304.773019,0.0000000000,1778162304.773019,0.
1778162304.873019,0.0000000000,1778162304.873019,0.
1778162304.9730191,0.0000000000,1778162304.9730191,0.
1778162305.073019,0.0000000000,1778162305.073019,0.
1778162305.1730192,0.0000000000,1778162305.1730192,0.
1778162305.273019,0.0000000000,1778162305.273019,0.
1778162305.373019,0.0000000000,1778162305.373019,0.
1778162305.4730191,0.0000000000,1778162305.4730191,0.
1778162305.573019,0.0000000000,1778162305.573019,0.
1778162305.6730192,0.0000000000,1778162305.6730192,0.
1778162305.773019,0.0000000000,1778162305.773019,0.
1778162305.873019,0.0000000000,1778162305.873019,0.
1778162305.9730191,0.0000000000,1778162305.9730191,0.
1778162306.073019,0.0000000000,1778162306.073019,0.
1778162306.1730192,0.0000000000,1778162306.1730192,0.
1778162306.273019,0.0000000000,1778162306.273019,0.
1778162306.373019,0.0000000000,1778162306.373019,0.
1778162306.4730191,0.0000000000,1778162306.4730191,0.
1778162306.573019,0.0000000000,1778162306.573019,0.
1778162306.6730192,0.0000000000,1778162306.6730192,0.
1778162306.773019,0.0000000000,1778162306.773019,0.
1778162306.873019,0.0000000000,1778162306.873019,0.
1778162306.9730191,0.0000000000,1778162306.9730191,0.
1778162307.073019,0.0000000000,1778162307.073019,0.
1778162307.1730192,0.0000000000,1778162307.1730192,0.
1778162307.273019,0.0000000000,1778162307.273019,0.
1778162307.373019,0.0000000000,1778162307.373019,0.
1778162307.4730191,0.0000000000,1778162307.4730191,0.
1778162307.573019,0.0000000000,1778162307.573019,0.
1778162307.6730192,0.0000000000,1778162307.6730192,0.
1778162307.773019,0.0000000000,1778162307.773019,0.
1778162307.873019,0.0000000000,1778162307.873019,0.
1778162307.9730191,0.0000000000,1778162307.9730191,0.
1778162308.073019,0.0000000000,1778162308.073019,0.
1778162308.1730192,0.0000000000,1778162308.1730192,0.
1778162308.273019,0.0000000000,1778162308.273019,0.
1778162308.373019,0.0000000000,1778162308.373019,0.
1778162308.4730191,0.0000000000,1778162308.4730191,0.
1778162308.573019,0.0000000000,1778162308.573019,0.
1778162308.6730192,0.0000000000,1778162308.6730192,0.
1778162308.773019,0.0000000000,1778162308.773019,0.
1778162308.873019,0.0000000000,1778162308.873019,0.
1778162308.9730191,0.0000000000,1778162308.9730191,0.
1778162309.073019,0.0000000000,1778162309.073019,0.
1778162309.1730192,0.0000000000,1778162309.1730192,0.
1778162309.273019,0.0000000000,1778162309.273019,0.
1778162309.373019,0.0000000000,1778162309.373019,0.
1778162309.4730191,0.0000000000,1778162309.4730191,0.
1778162309.573019,0.0000000000,1778162309.573019,0.
1778162309.6730192,0.0000000000,1778162309.6730192,0.
1778162309.773019,0.0000000000,1778162309.773019,0.
1778162309.873019,0.0000000000,1778162309.873019,0.
1778162309.9730191,0.0000000000,1778162309.9730191,0.
1778162310.073019,0.0000000000,1778162310.073019,0.
1778162310.1730192,0.0000000000,1778162310.1730192,0.
1778162310.273019,0.0000000000,1778162310.273019,0.
1778162310.373019,0.0000000000,1778162310.373019,0.
1778162310.4730191,0.0000000000,1778162310.4730191,0.
1778162310.573019,0.0000000000,1778162310.573019,0.
1778162310.6730192,0.0000000000,1778162310.6730192,0.
1778162310.773019,0.0000000000,1778162310.773019,0.
1778162310.873019,0.0000000000,1778162310.873019,0.
1778162310.9730191,0.0000000000,1778162310.9730191,0.
1778162311.073019,0.0000000000,1778162311.073019,0.
1778162311.1730192,0.0000000000,1778162311.1730192,0.
1778162311.273019,0.0000000000,1778162311.273019,0.
1778162311.373019,0.0000000000,1778162311.373019,0.
1778162311.4730191,0.0000000000,1778162311.4730191,0.
1778162311.573019,0.0000000000,1778162311.573019,0.
1778162311.6730192,0.0000000000,1778162311.6730192,0.
1778162311.773019,0.0000000000,1778162311.773019,0.
1778162311.873019,0.0000000000,1778162311.873019,0.
1778162311.9730191,0.0000000000,1778162311.9730191,0.
1778162312.073019,0.0000000000,1778162312.073019,0.
1778162312.1730192,0.0000000000,1778162312.1730192,0.
1778162312.273019,0.0000000000,1778162312.273019,0.
1778162312.373019,0.0000000000,1778162312.373019,0.
1778162312.4730191,0.0000000000,1778162312.4730191,0.
1778162312.573019,0.0000000000,1778162312.573019,0.
1778162312.6730192,0.0000000000,1778162312.6730192,0.
1778162312.773019,0.0000000000,1778162312.773019,0.
1778162312.873019,0.0000000000,1778162312.873019,0.
1778162312.9730191,0.0000000000,1778162312.9730191,0.
1778162313.073019,0.0000000000,1778162313.073019,0.
1778162313.1730192,0.0000000000,1778162313.1730192,0.
1778162313.273019,0.0000000000,1778162313.273019,0.
1778162313.373019,0.0000000000,1778162313.373019,0.
1778162313.4730191,0.0000000000,1778162313.4730191,0.
1778162313.573019,0.0000000000,1778162313.573019,0.
1778162313.6730192,0.0000000000,1778162313.6730192,0.
1778162313.773019,0.0000000000,1778162313.773019,0.
1778162313.873019,0.0000000000,1778162313.873019,0.
1778162313.9730191,0.0000000000,1778162313.9730191,0.
1778162314.073019,0.0000000000,1778162314.073019,0.
1778162314.1730192,0.0000000000,1778162314.1730192,0.
1778162314.273019,0.0000000000,1778162314.273019,0.
1778162314.373019,0.0000000000,1778162314.373019,0.
1778162314.4730191,0.0000000000,1778162314.4730191,0.
1778162314.573019,0.0000000000,1778162314.573019,0.
1778162314.6730192,0.0000000000,1778162314.6730192,0.
1778162314.773019,0.0000000000,1778162314.773019,0.
1778162314.873019,0.0000000000,1778162314.873019,0.
1778162314.9730191,0.0000000000,1778162314.9730191,0.
1778162315.073019,0.0000000000,1778162315.073019,0.
1778162315.1730192,0.0000000000,1778162315.1730192,0.
1778162315.273019,0.0000000000,1778162315.273019,0.
1778162315.373019,0.0000000000,1778162315.373019,0.
1778162315.4730191,0.0000000000,1778162315.4730191,0.
1778162315.573019,0.0000000000,1778162315.573019,0.
1778162315.6730192,0.0000000000,1778162315.6730192,0.
1778162315.773019,0.0000000000,1778162315.773019,0.
1778162315.873019,0.0000000000,1778162315.873019,0.
1778162315.9730191,0.0000000000,1778162315.9730191,0.
1778162316.073019,0.0000000000,1778162316.073019,0.
1778162316.1730192,0.0000000000,1778162316.1730192,0.
1778162316.273019,0.0000000000,1778162316.273019,0.
1778162316.373019,0.0000000000,1778162316.373019,0.
1778162316.4730191,0.0000000000,1778162316.4730191,0.
1778162316.573019,0.0000000000,1778162316.573019,0.
1778162316.6730192,0.0000000000,1778162316.6730192,0.
1778162316.773019,0.0000000000,1778162316.773019,0.
1778162316.873019,0.0000000000,1778162316.873019,0.
1778162316.9730191,0.0000000000,1778162316.9730191,0.
1778162317.073019,0.0000000000,1778162317.073019,0.
1778162317.1730192,0.0000000000,1778162317.1730192,0.
1778162317.273019,0.0000000000,1778162317.273019,0.
1778162317.373019,0.0000000000,1778162317.373019,0.
1778162317.4730191,0.0000000000,1778162317.4730191,0.
1778162317.573019,0.0000000000,1778162317.573019,0.
1778162317.6730192,0.0000000000,1778162317.6730192,0.
1778162317.773019,0.0000000000,1778162317.773019,0.
1778162317.873019,0.0000000000,1778162317.873019,0.
1778162317.9730191,0.0000000000,1778162317.9730191,0.
1778162318.073019,0.0000000000,1778162318.073019,0.
1778162318.1730192,0.0000000000,1778162318.1730192,0.
1778162318.273019,0.0000000000,1778162318.273019,0.
1778162318.373019,0.0000000000,1778162318.373019,0.
1778162318.4730191,0.0000000000,1778162318.4730191,0.
1778162318.573019,0.0000000000,1778162318.573019,0.
1778162318.6730192,0.0000000000,1778162318.6730192,0.
1778162318.773019,0.0000000000,1778162318.773019,0.
1778162318.873019,0.0000000000,1778162318.873019,0.
1778162318.9730191,0.0000000000,1778162318.9730191,0.
1778162319.073019,0.0000000000,1778162319.073019,0.
1778162319.1730192,0.0000000000,1778162319.1730192,0.
1778162319.273019,0.0000000000,1778162319.273019,0.
1778162319.373019,0.0000000000,1778162319.373019,0.
1778162319.4730191,0.0000000000,1778162319.4730191,0.
1778162319.573019,0.0000000000,1778162319.573019,0.
1778162319.6730192,0.0000000000,1778162319.6730192,0.
1778162319.773019,0.0000000000,1778162319.773019,0.
1778162319.873019,0.0000000000,1778162319.873019,0.
1778162319.9730191,0.0000000000,1778162319.9730191,0.
1778162320.073019,0.0000000000,1778162320.073019,0.
1778162320.1730192,0.0000000000,1778162320.1730192,0.
1778162320.273019,0.0000000000,1778162320.273019,0.
1778162320.373019,0.0000000000,1778162320.373019,0.
1778162320.4730191,0.0000000000,1778162320.4730191,0.
1778162320.573019,0.0000000000,1778162320.573019,0.
1778162320.6730192,0.0000000000,1778162320.6730192,0.
1778162320.773019,0.0000000000,1778162320.773019,0.
1778162320.873019,0.0000000000,1778162320.873019,0.
1778162320.9730191,0.0000000000,1778162320.9730191,0.
1778162321.073019,0.0000000000,1778162321.073019,0.
1778162321.1730192,0.0000000000,1778162321.1730192,0.
1778162321.273019,0.0000000000,1778162321.273019,0.
1778162321.373019,0.0000000000,1778162321.373019,0.
1778162321.4730191,0.0000000000,1778162321.4730191,0.
1778162321.573019,0.0000000000,1778162321.573019,0.
1778162321.6730192,0.0000000000,1778162321.6730192,0.
1778162321.773019,0.0000000000,1778162321.773019,0.
1778162321.873019,0.0000000000,1778162321.873019,0.
1778162321.9730191,0.0000000000,1778162321.9730191,0.
1778162322.073019,0.0000000000,1778162322.073019,0.
1778162322.1730192,0.0000000000,1778162322.1730192,0.
1778162322.273019,0.0000000000,1778162322.273019,0.
1778162322.373019,0.0000000000,1778162322.373019,0.
1778162322.4730191,0.0000000000,1778162322.4730191,0.
1778162322.573019,0.0000000000,1778162322.573019,0.
1778162322.6730192,0.0000000000,1778162322.6730192,0.
1778162322.773019,0.0000000000,1778162322.773019,0.
1778162322.873019,0.0000000000,1778162322.873019,0.
1778162322.9730191,0.0000000000,1778162322.9730191,0.
1778162323.073019,0.0000000000,1778162323.073019,0.
1778162323.1730192,0.0000000000,1778162323.1730192,0.
1778162323.273019,0.0000000000,1778162323.273019,0.
1778162323.373019,0.0000000000,1778162323.373019,0.
1778162323.4730191,0.0000000000,1778162323.4730191,0.
1778162323.573019,0.0000000000,1778162323.573019,0.
1778162323.6730192,0.0000000000,1778162323.6730192,0.
1778162323.773019,0.0000000000,1778162323.773019,0.
1778162323.873019,0.0000000000,1778162323.873019,0.
1778162323.9730191,0.0000000000,1778162323.9730191,0.
1778162324.073019,0.0000000000,1778162324.073019,0.
1778162324.1730192,0.0000000000,1778162324.1730192,0.
1778162324.273019,0.0000000000,1778162324.273019,0.
1778162324.373019,0.0000000000,1778162324.373019,0.
1778162324.4730191,0.0000000000,1778162324.4730191,0.
1778162324.573019,0.0000000000,1778162324.573019,0.
1778162324.6730192,0.0000000000,1778162324.6730192,0.
1778162324.773019,0.0000000000,1778162324.773019,0.
1778162324.873019,0.0000000000,1778162324.873019,0.
1778162324.9730191,0.0000000000,1778162324.9730191,0.
1778162325.073019,0.0000000000,1778162325.073019,0.
1778162325.1730192,0.0000000000,1778162325.1730192,0.
1778162325.273019,0.0000000000,1778162325.273019,0.
1778162325.373019,0.0000000000,1778162325.373019,0.
1778162325.4730191,0.0000000000,1778162325.4730191,0.
1778162325.573019,0.0000000000,1778162325.573019,0.
1778162325.6730192,0.0000000000,1778162325.6730192,0.
1778162325.773019,0.0000000000,1778162325.773019,0.
1778162325.873019,0.0000000000,1778162325.873019,0.
1778162325.9730191,0.0000000000,1778162325.9730191,0.
1778162326.073019,0.0000000000,1778162326.073019,0.
1778162326.1730192,0.0000000000,1778162326.1730192,0.
1778162326.273019,0.0000000000,1778162326.273019,0.
1778162326.373019,0.0000000000,1778162326.373019,0.
1778162326.4730191,0.0000000000,1778162326.4730191,0.
1778162326.573019,0.0000000000,1778162326.573019,0.
1778162326.6730192,0.0000000000,1778162326.6730192,0.
1778162326.773019,0.0000000000,1778162326.773019,0.
1778162326.873019,0.0000000000,1778162326.873019,0.
1778162326.9730191,0.0000000000,1778162326.9730191,0.
1778162327.073019,0.0000000000,1778162327.073019,0.
1778162327.1730192,0.0000000000,1778162327.1730192,0.
1778162327.273019,0.0000000000,1778162327.273019,0.
1778162327.373019,0.0000000000,1778162327.373019,0.
1778162327.4730191,0.0000000000,1778162327.4730191,0.
1778162327.573019,0.0000000000,1778162327.573019,0.
1778162327.6730192,0.0000000000,1778162327.6730192,0.
1778162327.773019,0.0000000000,1778162327.773019,0.
1778162327.873019,0.0000000000,1778162327.873019,0.
1778162327.9730191,0.0000000000,1778162327.9730191,0.
1778162328.073019,0.0000000000,1778162328.073019,0.
1778162328.1730192,0.0000000000,1778162328.1730192,0.
1778162328.273019,0.0000000000,1778162328.273019,0.
1778162328.373019,0.0000000000,1778162328.373019,0.
1778162328.4730191,0.0000000000,1778162328.4730191,0.
1778162328.573019,0.0000000000,1778162328.573019,0.
1778162328.6730192,0.0000000000,1778162328.6730192,0.
1778162328.773019,0.0000000000,1778162328.773019,0.
1778162328.873019,0.0000000000,1778162328.873019,0.
1778162328.9730191,0.0000000000,1778162328.9730191,0.
1778162329.073019,0.0000000000,1778162329.073019,0.
1778162329.1730192,0.0000000000,1778162329.1730192,0.
1778162329.273019,0.0000000000,1778162329.273019,0.
1778162329.373019,0.0000000000,1778162329.373019,0.
1778162329.4730191,0.0000000000,1778162329.4730191,0.
1778162329.573019,0.0000000000,1778162329.573019,0.
1778162329.6730192,0.0000000000,1778162329.6730192,0.
1778162329.773019,0.0000000000,1778162329.773019,0.
1778162329.873019,0.0000000000,1778162329.873019,0.
1778162329.9730191,0.0000000000,1778162329.9730191,0.
1778162330.073019,0.0000000000,1778162330.073019,0.
1778162330.1730192,0.0000000000,1778162330.1730192,0.
1778162330.273019,0.0000000000,1778162330.273019,0.
1778162330.373019,0.0000000000,1778162330.373019,0.
1778162330.4730191,0.0000000000,1778162330.4730191,0.
1778162330.573019,0.0000000000,1778162330.573019,0.
1778162330.6730192,0.0000000000,1778162330.6730192,0.
1778162330.773019,0.0000000000,1778162330.773019,0.
1778162330.873019,0.0000000000,1778162330.873019,0.
1778162330.9730191,0.0000000000,1778162330.9730191,0.
1778162331.073019,0.0000000000,1778162331.073019,0.
1778162331.1730192,0.0000000000,1778162331.1730192,0.
1778162331.273019,0.0000000000,1778162331.273019,0.
1778162331.373019,0.0000000000,1778162331.373019,0.
1778162331.4730191,0.0000000000,1778162331.4730191,0.
1778162331.573019,0.0000000000,1778162331.573019,0.
1778162331.6730192,0.0000000000,1778162331.6730192,0.
1778162331.773019,0.0000000000,1778162331.773019,0.
1778162331.873019,0.0000000000,1778162331.873019,0.
1778162331.9730191,0.0000000000,1778162331.9730191,0.
1778162332.073019,0.0000000000,1778162332.073019,0.
1778162332.1730192,0.0000000000,1778162332.1730192,0.
1778162332.273019,0.0000000000,1778162332.273019,0.
1778162332.373019,0.0000000000,1778162332.373019,0.
1778162332.4730191,0.0000000000,1778162332.4730191,0.
1778162332.573019,0.0000000000,1778162332.573019,0.
1778162332.6730192,0.0000000000,1778162332.6730192,0.
1778162332.773019,0.0000000000,1778162332.773019,0.
1778162332.873019,0.0000000000,1778162332.873019,0.
1778162332.9730191,0.0000000000,1778162332.9730191,0.
1778162333.073019,0.0000000000,1778162333.073019,0.
1778162333.1730192,0.0000000000,1778162333.1730192,0.
1778162333.273019,0.0000000000,1778162333.273019,0.
1778162333.373019,0.0000000000,1778162333.373019,0.
1778162333.4730191,0.0000000000,1778162333.4730191,0.
1778162333.573019,0.0000000000,1778162333.573019,0.
1778162333.6730192,0.0000000000,1778162333.6730192,0.
1778162333.773019,0.0000000000,1778162333.773019,0.
1778162333.873019,0.0000000000,1778162333.873019,0.
1778162333.9730191,0.0000000000,1778162333.9730191,0.
1778162334.073019,0.0000000000,1778162334.073019,0.
1778162334.1730192,0.0000000000,1778162334.1730192,0.
1778162334.273019,0.0000000000,1778162334.273019,0.
1778162334.373019,0.0000000000,1778162334.373019,0.
1778162334.4730191,0.0000000000,1778162334.4730191,0.
1778162334.573019,0.0000000000,1778162334.573019,0.
1778162334.6730192,0.0000000000,1778162334.6730192,0.
1778162334.773019,0.0000000000,1778162334.773019,0.
1778162334.873019,0.0000000000,1778162334.873019,0.
1778162334.9730191,0.0000000000,1778162334.9730191,0.
1778162335.073019,0.0000000000,1778162335.073019,0.
1778162335.1730192,0.0000000000,1778162335.1730192,0.
1778162335.273019,0.0000000000,1778162335.273019,0.
1778162335.373019,0.0000000000,1778162335.373019,0.
1778162335.4730191,0.0000000000,1778162335.4730191,0.
1778162335.573019,0.0000000000,1778162335.573019,0.
1778162335.6730192,0.0000000000,1778162335.6730192,0.
1778162335.773019,0.0000000000,1778162335.773019,0.
1778162335.873019,0.0000000000,1778162335.873019,0.
1778162335.9730191,0.0000000000,1778162335.9730191,0.
1778162336.073019,0.0000000000,1778162336.073019,0.
1778162336.1730192,0.0000000000,1778162336.1730192,0.
1778162336.273019,0.0000000000,1778162336.273019,0.
1778162336.373019,0.0000000000,1778162336.373019,0.
1778162336.4730191,0.0000000000,1778162336.4730191,0.
1778162336.573019,0.0000000000,1778162336.573019,0.
1778162336.6730192,0.0000000000,1778162336.6730192,0.
1778162336.773019,0.0000000000,1778162336.773019,0.
1778162336.873019,0.0000000000,1778162336.873019,0.
1778162336.9730191,0.0000000000,1778162336.9730191,0.
1778162337.073019,0.0000000000,1778162337.073019,0.
1778162337.1730192,0.0000000000,1778162337.1730192,0.
1778162337.273019,0.0000000000,1778162337.273019,0.
1778162337.373019,0.0000000000,1778162337.373019,0.
1778162337.4730191,0.0000000000,1778162337.4730191,0.
1778162337.573019,0.0000000000,1778162337.573019,0.
1778162337.6730192,0.0000000000,1778162337.6730192,0.
1778162337.773019,0.0000000000,1778162337.773019,0.
1778162337.873019,0.0000000000,1778162337.873019,0.
1778162337.9730191,0.0000000000,1778162337.9730191,0.
1778162338.073019,0.0000000000,1778162338.073019,0.
1778162338.1730192,0.0000000000,1778162338.1730192,0.
1778162338.273019,0.0000000000,1778162338.273019,0.
1778162338.373019,0.0000000000,1778162338.373019,0.
1778162338.4730191,0.0000000000,1778162338.4730191,0.
1778162338.573019,0.0000000000,1778162338.573019,0.
1778162338.6730192,0.0000000000,1778162338.6730192,0.
1778162338.773019,0.0000000000,1778162338.773019,0.
1778162338.873019,0.0000000000,1778162338.873019,0.
1778162338.9730191,0.0000000000,1778162338.9730191,0.
1778162339.073019,0.0000000000,1778162339.073019,0.
1778162339.1730192,0.0000000000,1778162339.1730192,0.
1778162339.273019,0.0000000000,1778162339.273019,0.
1778162339.373019,0.0000000000,1778162339.373019,0.
1778162339.4730191,0.0000000000,1778162339.4730191,0.
1778162339.573019,0.0000000000,1778162339.573019,0.
1778162339.6730192,0.0000000000,1778162339.6730192,0.
1778162339.773019,0.0000000000,1778162339.773019,0.
1778162339.873019,0.0000000000,1778162339.873019,0.
1778162339.9730191,0.0000000000,1778162339.9730191,0.
1778162340.073019,0.0000000000,1778162340.073019,0.
1778162340.1730192,0.0000000000,1778162340.1730192,0.
1778162340.273019,0.0000000000,1778162340.273019,0.
1778162340.373019,0.0000000000,1778162340.373019,0.
1778162340.4730191,0.0000000000,1778162340.4730191,0.
1778162340.573019,0.0000000000,1778162340.573019,0.
1778162340.6730192,0.0000000000,1778162340.6730192,0.
1778162340.773019,0.0000000000,1778162340.773019,0.
1778162340.873019,0.0000000000,1778162340.873019,0.
1778162340.9730191,0.0000000000,1778162340.9730191,0.
1778162341.073019,0.0000000000,1778162341.073019,0.
1778162341.1730192,0.0000000000,1778162341.1730192,0.
1778162341.273019,0.0000000000,1778162341.273019,0.
1778162341.373019,0.0000000000,1778162341.373019,0.
1778162341.4730191,0.0000000000,1778162341.4730191,0.
1778162341.573019,0.0000000000,1778162341.573019,0.
1778162341.6730192,0.0000000000,1778162341.6730192,0.
1778162341.773019,0.0000000000,1778162341.773019,0.
1778162341.873019,0.0000000000,1778162341.873019,0.
1778162341.9730191,0.0000000000,1778162341.9730191,0.
1778162342.073019,0.0000000000,1778162342.073019,0.
1778162342.1730192,0.0000000000,1778162342.1730192,0.
1778162342.273019,0.0000000000,1778162342.273019,0.
1778162342.373019,0.0000000000,1778162342.373019,0.
1778162342.4730191,0.0000000000,1778162342.4730191,0.
1778162342.573019,0.0000000000,1778162342.573019,0.
1778162342.6730192,0.0000000000,1778162342.6730192,0.
1778162342.773019,0.0000000000,1778162342.773019,0.
1778162342.873019,0.0000000000,1778162342.873019,0.
1778162342.9730191,0.0000000000,1778162342.9730191,0.
1778162343.073019,0.0000000000,1778162343.073019,0.
1778162343.1730192,0.0000000000,1778162343.1730192,0.
1778162343.273019,0.0000000000,1778162343.273019,0.
1778162343.373019,0.0000000000,1778162343.373019,0.
1778162343.4730191,0.0000000000,1778162343.4730191,0.
1778162343.573019,0.0000000000,1778162343.573019,0.
1778162343.6730192,0.0000000000,1778162343.6730192,0.
1778162343.773019,0.0000000000,1778162343.773019,0.
1778162343.873019,0.0000000000,1778162343.873019,0.
1778162343.9730191,0.0000000000,1778162343.9730191,0.
1778162344.073019,0.0000000000,1778162344.073019,0.
1778162344.1730192,0.0000000000,1778162344.1730192,0.
1778162344.273019,0.0000000000,1778162344.273019,0.
1778162344.373019,0.0000000000,1778162344.373019,0.
1778162344.4730191,0.0000000000,1778162344.4730191,0.
1778162344.573019,0.0000000000,1778162344.573019,0.
1778162344.6730192,0.0000000000,1778162344.6730192,0.
1778162344.773019,0.0000000000,1778162344.773019,0.
1778162344.873019,0.0000000000,1778162344.873019,0.
1778162344.9730191,0.0000000000,1778162344.9730191,0.
1778162345.073019,0.0000000000,1778162345.073019,0.
1778162345.1730192,0.0000000000,1778162345.1730192,0.
1778162345.273019,0.0000000000,1778162345.273019,0.
1778162345.373019,0.0000000000,1778162345.373019,0.
1778162345.4730191,0.0000000000,1778162345.4730191,0.
1778162345.573019,0.0000000000,1778162345.573019,0.
1778162345.6730192,0.0000000000,1778162345.6730192,0.
1778162345.773019,0.0000000000,1778162345.773019,0.
1778162345.873019,0.0000000000,1778162345.873019,0.
1778162345.9730191,0.0000000000,1778162345.9730191,0.
1778162346.073019,0.0000000000,1778162346.073019,0.
1778162346.1730192,0.0000000000,1778162346.1730192,0.
1778162346.273019,0.0000000000,1778162346.273019,0.
1778162346.373019,0.0000000000,1778162346.373019,0.
1778162346.4730191,0.0000000000,1778162346.4730191,0.
1778162346.573019,0.0000000000,1778162346.573019,0.
1778162346.6730192,0.0000000000,1778162346.6730192,0.
1778162346.773019,0.0000000000,1778162346.773019,0.
1778162346.873019,0.0000000000,1778162346.873019,0.
1778162346.9730191,0.0000000000,1778162346.9730191,0.
1778162347.073019,0.0000000000,1778162347.073019,0.
1778162347.1730192,0.0000000000,1778162347.1730192,0.
1778162347.273019,0.0000000000,1778162347.273019,0.
1778162347.373019,0.0000000000,1778162347.373019,0.
1778162347.4730191,0.0000000000,1778162347.4730191,0.
1778162347.573019,0.0000000000,1778162347.573019,0.
1778162347.6730192,0.0000000000,1778162347.6730192,0.
1778162347.773019,0.0000000000,1778162347.773019,0.
1778162347.873019,0.0000000000,1778162347.873019,0.
1778162347.9730191,0.0000000000,1778162347.9730191,0.
1778162348.073019,0.0000000000,1778162348.073019,0.
1778162348.1730192,0.0000000000,1778162348.1730192,0.
1778162348.273019,0.0000000000,1778162348.273019,0.
1778162348.373019,0.0000000000,1778162348.373019,0.
1778162348.4730191,0.0000000000,1778162348.4730191,0.
1778162348.573019,0.0000000000,1778162348.573019,0.
1778162348.6730192,0.0000000000,1778162348.6730192,0.
1778162348.773019,0.0000000000,1778162348.773019,0.
1778162348.873019,0.0000000000,1778162348.873019,0.
1778162348.9730191,0.0000000000,1778162348.9730191,0.
1778162349.073019,0.0000000000,1778162349.073019,0.
1778162349.1730192,0.0000000000,1778162349.1730192,0.
1778162349.273019,0.0000000000,1778162349.273019,0.
1778162349.373019,0.0000000000,1778162349.373019,0.
1778162349.4730191,0.0000000000,1778162349.4730191,0.
1778162349.573019,0.0000000000,1778162349.573019,0.
1778162349.6730192,0.0000000000,1778162349.6730192,0.
1778162349.773019,0.0000000000,1778162349.773019,0.
1778162349.873019,0.0000000000,1778162349.873019,0.
1778162349.9730191,0.0000000000,1778162349.9730191,0.
1778162350.073019,0.0000000000,1778162350.073019,0.
1778162350.1730192,0.0000000000,1778162350.1730192,0.
1778162350.273019,0.0000000000,1778162350.273019,0.
1778162350.373019,0.0000000000,1778162350.373019,0.
1778162350.4730191,0.0000000000,1778162350.4730191,0.
1778162350.573019,0.0000000000,1778162350.573019,0.
1778162350.6730192,0.0000000000,1778162350.6730192,0.
1778162350.773019,0.0000000000,1778162350.773019,0.
1778162350.873019,0.0000000000,1778162350.873019,0.
1778162350.9730191,0.0000000000,1778162350.9730191,0.
1778162351.073019,0.0000000000,1778162351.073019,0.
1778162351.1730192,0.0000000000,1778162351.1730192,0.
1778162351.273019,0.0000000000,1778162351.273019,0.
1778162351.373019,0.0000000000,1778162351.373019,0.
1778162351.4730191,0.0000000000,1778162351.4730191,0.
1778162351.573019,0.0000000000,1778162351.573019,0.
1778162351.6730192,0.0000000000,1778162351.6730192,0.
1778162351.773019,0.0000000000,1778162351.773019,0.
1778162351.873019,0.0000000000,1778162351.873019,0.
1778162351.9730191,0.0000000000,1778162351.9730191,0.
1778162352.073019,0.0000000000,1778162352.073019,0.
1778162352.1730192,0.0000000000,1778162352.1730192,0.
1778162352.273019,0.0000000000,1778162352.273019,0.
1778162352.373019,0.0000000000,1778162352.373019,0.
1778162352.4730191,0.0000000000,1778162352.4730191,0.
1778162352.573019,0.0000000000,1778162352.573019,0.
1778162352.6730192,0.0000000000,1778162352.6730192,0.
1778162352.773019,0.0000000000,1778162352.773019,0.
1778162352.873019,0.0000000000,1778162352.873019,0.
1778162352.9730191,0.0000000000,1778162352.9730191,0.
1778162353.073019,0.0000000000,1778162353.073019,0.
1778162353.1730192,0.0000000000,1778162353.1730192,0.
1778162353.273019,0.0000000000,1778162353.273019,0.
1778162353.373019,0.0000000000,1778162353.373019,0.
1778162353.4730191,0.0000000000,1778162353.4730191,0.
1778162353.573019,0.0000000000,1778162353.573019,0.
1778162353.6730192,0.0000000000,1778162353.6730192,0.
1778162353.773019,0.0000000000,1778162353.773019,0.
1778162353.873019,0.0000000000,1778162353.873019,0.
1778162353.9730191,0.0000000000,1778162353.9730191,0.
1778162354.073019,0.0000000000,1778162354.073019,0.
1778162354.1730192,0.0000000000,1778162354.1730192,0.
1778162354.273019,0.0000000000,1778162354.273019,0.
1778162354.373019,0.0000000000,1778162354.373019,0.
1778162354.4730191,0.0000000000,1778162354.4730191,0.
1778162354.573019,0.0000000000,1778162354.573019,0.
1778162354.6730192,0.0000000000,1778162354.6730192,0.
1778162354.773019,0.0000000000,1778162354.773019,0.
1778162354.873019,0.0000000000,1778162354.873019,0.
1778162354.9730191,0.0000000000,1778162354.9730191,0.
1778162355.073019,0.0000000000,1778162355.073019,0.
1778162355.1730192,0.0000000000,1778162355.1730192,0.
1778162355.273019,0.0000000000,1778162355.273019,0.
1778162355.373019,0.0000000000,1778162355.373019,0.
1778162355.4730191,0.0000000000,1778162355.4730191,0.
1778162355.573019,0.0000000000,1778162355.573019,0.
1778162355.6730192,0.0000000000,1778162355.6730192,0.
1778162355.773019,0.0000000000,1778162355.773019,0.
1778162355.873019,0.0000000000,1778162355.873019,0.
1778162355.9730191,0.0000000000,1778162355.9730191,0.
1778162356.073019,0.0000000000,1778162356.073019,0.
1778162356.1730192,0.0000000000,1778162356.1730192,0.
1778162356.273019,0.0000000000,1778162356.273019,0.
1778162356.373019,0.0000000000,1778162356.373019,0.
1778162356.4730191,0.0000000000,1778162356.4730191,0.
1778162356.573019,0.0000000000,1778162356.573019,0.
1778162356.6730192,0.0000000000,1778162356.6730192,0.
1778162356.773019,0.0000000000,1778162356.773019,0.
1778162356.873019,0.0000000000,1778162356.873019,0.
1778162356.9730191,0.0000000000,1778162356.9730191,0.
1778162357.073019,0.0000000000,1778162357.073019,0.
1778162357.1730192,0.0000000000,1778162357.1730192,0.
1778162357.273019,0.0000000000,1778162357.273019,0.
1778162357.373019,0.0000000000,1778162357.373019,0.
1778162357.4730191,0.0000000000,1778162357.4730191,0.
1778162357.573019,0.0000000000,1778162357.573019,0.
1778162357.6730192,0.0000000000,1778162357.6730192,0.
1778162357.773019,0.0000000000,1778162357.773019,0.
1778162357.873019,0.0000000000,1778162357.873019,0.
1778162357.9730191,0.0000000000,1778162357.9730191,0.
1778162358.073019,0.0000000000,1778162358.073019,0.
1778162358.1730192,0.0000000000,1778162358.1730192,0.
1778162358.273019,0.0000000000,1778162358.273019,0.
1778162358.373019,0.0000000000,1778162358.373019,0.
1778162358.4730191,0.0000000000,1778162358.4730191,0.
1778162358.573019,0.0000000000,1778162358.573019,0.
1778162358.6730192,0.0000000000,1778162358.6730192,0.
1778162358.773019,0.0000000000,1778162358.773019,0.
1778162358.873019,0.0000000000,1778162358.873019,0.
1778162358.9730191,0.0000000000,1778162358.9730191,0.
1778162359.073019,0.0000000000,1778162359.073019,0.
1778162359.1730192,0.0000000000,1778162359.1730192,0.
1778162359.273019,0.0000000000,1778162359.273019,0.
1778162359.373019,0.0000000000,1778162359.373019,0.
1778162359.4730191,0.0000000000,1778162359.4730191,0.
1778162359.573019,0.0000000000,1778162359.573019,0.
1778162359.6730192,0.0000000000,1778162359.6730192,0.
1778162359.773019,0.0000000000,1778162359.773019,0.
1778162359.873019,0.0000000000,1778162359.873019,0.
1778162359.9730191,0.0000000000,1778162359.9730191,0.
1778162360.073019,0.0000000000,1778162360.073019,0.
1778162360.1730192,0.0000000000,1778162360.1730192,0.
1778162360.273019,0.0000000000,1778162360.273019,0.
1778162360.373019,0.0000000000,1778162360.373019,0.
1778162360.4730191,0.0000000000,1778162360.4730191,0.
1778162360.573019,0.0000000000,1778162360.573019,0.
1778162360.6730192,0.0000000000,1778162360.6730192,0.
1778162360.773019,0.0000000000,1778162360.773019,0.
1778162360.873019,0.0000000000,1778162360.873019,0.
1778162360.9730191,0.0000000000,1778162360.9730191,0.
1778162361.073019,0.0000000000,1778162361.073019,0.
1778162361.1730192,0.0000000000,1778162361.1730192,0.
1778162361.273019,0.0000000000,1778162361.273019,0.
1778162361.373019,0.0000000000,1778162361.373019,0.
1778162361.4730191,0.0000000000,1778162361.4730191,0.
1778162361.573019,0.0000000000,1778162361.573019,0.
1778162361.6730192,0.0000000000,1778162361.6730192,0.
1778162361.773019,0.0000000000,1778162361.773019,0.
1778162361.873019,0.0000000000,1778162361.873019,0.
1778162361.9730191,0.0000000000,1778162361.9730191,0.
1778162362.073019,0.0000000000,1778162362.073019,0.
1778162362.1730192,0.0000000000,1778162362.1730192,0.
1778162362.273019,0.0000000000,1778162362.273019,0.
1778162362.373019,0.0000000000,1778162362.373019,0.
1778162362.4730191,0.0000000000,1778162362.4730191,0.
1778162362.573019,0.0000000000,1778162362.573019,0.
1778162362.6730192,0.0000000000,1778162362.6730192,0.
1778162362.773019,0.0000000000,1778162362.773019,0.
1778162362.873019,0.0000000000,1778162362.873019,0.
1778162362.9730191,0.0000000000,1778162362.9730191,0.
1778162363.073019,0.0000000000,1778162363.073019,0.
1778162363.1730192,0.0000000000,1778162363.1730192,0.
1778162363.273019,0.0000000000,1778162363.273019,0.
1778162363.373019,0.0000000000,1778162363.373019,0.
1778162363.4730191,0.0000000000,1778162363.4730191,0.
1778162363.573019,0.0000000000,1778162363.573019,0.
1778162363.6730192,0.0000000000,1778162363.6730192,0.
1778162363.773019,0.0000000000,1778162363.773019,0.
1778162363.873019,0.0000000000,1778162363.873019,0.
1778162363.9730191,0.0000000000,1778162363.9730191,0.
1778162364.073019,0.0000000000,1778162364.073019,0.
1778162364.1730192,0.0000000000,1778162364.1730192,0.
1778162364.273019,0.0000000000,1778162364.273019,0.
1778162364.373019,0.0000000000,1778162364.373019,0.
1778162364.4730191,0.0000000000,1778162364.4730191,0.
1778162364.573019,0.0000000000,1778162364.573019,0.
1778162364.6730192,0.0000000000,1778162364.6730192,0.
1778162364.773019,0.0000000000,1778162364.773019,0.
1778162364.873019,0.0000000000,1778162364.873019,0.
1778162364.9730191,0.0000000000,1778162364.9730191,0.
1778162365.073019,0.0000000000,1778162365.073019,0.
1778162365.1730192,0.0000000000,1778162365.1730192,0.
1778162365.273019,0.0000000000,1778162365.273019,0.
1778162365.373019,0.0000000000,1778162365.373019,0.
1778162365.4730191,0.0000000000,1778162365.4730191,0.
1778162365.573019,0.0000000000,1778162365.573019,0.
1778162365.6730192,0.0000000000,1778162365.6730192,0.
1778162365.773019,0.0000000000,1778162365.773019,0.
1778162365.873019,0.0000000000,1778162365.873019,0.
1778162365.9730191,0.0000000000,1778162365.9730191,0.
1778162366.073019,0.0000000000,1778162366.073019,0.
1778162366.1730192,0.0000000000,1778162366.1730192,0.
1778162366.273019,0.0000000000,1778162366.273019,0.
1778162366.373019,0.0000000000,1778162366.373019,0.
1778162366.4730191,0.0000000000,1778162366.4730191,0.
1778162366.573019,0.0000000000,1778162366.573019,0.
1778162366.6730192,0.0000000000,1778162366.6730192,0.
1778162366.773019,0.0000000000,1778162366.773019,0.
1778162366.873019,0.0000000000,1778162366.873019,0.
1778162366.9730191,0.0000000000,1778162366.9730191,0.
1778162367.073019,0.0000000000,1778162367.073019,0.
1778162367.1730192,0.0000000000,1778162367.1730192,0.
1778162367.273019,0.0000000000,1778162367.273019,0.
1778162367.373019,0.0000000000,1778162367.373019,0.
1778162367.4730191,0.0000000000,1778162367.4730191,0.
1778162367.573019,0.0000000000,1778162367.573019,0.
1778162367.6730192,0.0000000000,1778162367.6730192,0.
1778162367.773019,0.0000000000,1778162367.773019,0.
1778162367.873019,0.0000000000,1778162367.873019,0.
1778162367.9730191,0.0000000000,1778162367.9730191,0.
1778162368.073019,0.0000000000,1778162368.073019,0.
1778162368.1730192,0.0000000000,1778162368.1730192,0.
1778162368.273019,0.0000000000,1778162368.273019,0.
1778162368.373019,0.0000000000,1778162368.373019,0.
1778162368.4730191,0.0000000000,1778162368.4730191,0.
1778162368.573019,0.0000000000,1778162368.573019,0.
1778162368.6730192,0.0000000000,1778162368.6730192,0.
1778162368.773019,0.0000000000,1778162368.773019,0.
1778162368.873019,0.0000000000,1778162368.873019,0.
1778162368.9730191,0.0000000000,1778162368.9730191,0.
1778162369.073019,0.0000000000,1778162369.073019,0.
1778162369.1730192,0.0000000000,1778162369.1730192,0.
1778162369.273019,0.0000000000,1778162369.273019,0.
1778162369.373019,0.0000000000,1778162369.373019,0.
1778162369.4730191,0.0000000000,1778162369.4730191,0.
1778162369.573019,0.0000000000,1778162369.573019,0.
1778162369.6730192,0.0000000000,1778162369.6730192,0.
1778162369.773019,0.0000000000,1778162369.773019,0.
1778162369.873019,0.0000000000,1778162369.873019,0.
1778162369.9730191,0.0000000000,1778162369.9730191,0.
1778162370.073019,0.0000000000,1778162370.073019,0.
1778162370.1730192,0.0000000000,1778162370.1730192,0.
1778162370.273019,0.0000000000,1778162370.273019,0.
1778162370.373019,0.0000000000,1778162370.373019,0.
1778162370.4730191,0.0000000000,1778162370.4730191,0.
1778162370.573019,0.0000000000,1778162370.573019,0.
1778162370.6730192,0.0000000000,1778162370.6730192,0.
1778162370.773019,0.0000000000,1778162370.773019,0.
1778162370.873019,0.0000000000,1778162370.873019,0.
1778162370.9730191,0.0000000000,1778162370.9730191,0.
1778162371.073019,0.0000000000,1778162371.073019,0.
1778162371.1730192,0.0000000000,1778162371.1730192,0.
1778162371.273019,0.0000000000,1778162371.273019,0.
1778162371.373019,0.0000000000,1778162371.373019,0.
1778162371.4730191,0.0000000000,1778162371.4730191,0.
1778162371.573019,0.0000000000,1778162371.573019,0.
1778162371.6730192,0.0000000000,1778162371.6730192,0.
1778162371.773019,0.0000000000,1778162371.773019,0.
1778162371.873019,0.0000000000,1778162371.873019,0.
1778162371.9730191,0.0000000000,1778162371.9730191,0.
1778162372.073019,0.0000000000,1778162372.073019,0.
1778162372.1730192,0.0000000000,1778162372.1730192,0.
1778162372.273019,0.0000000000,1778162372.273019,0.
1778162372.373019,0.0000000000,1778162372.373019,0.
1778162372.4730191,0.0000000000,1778162372.4730191,0.
1778162372.573019,0.0000000000,1778162372.573019,0.
1778162372.6730192,0.0000000000,1778162372.6730192,0.
1778162372.773019,0.0000000000,1778162372.773019,0.
1778162372.873019,0.0000000000,1778162372.873019,0.
1778162372.9730191,0.0000000000,1778162372.9730191,0.
1778162373.073019,0.0000000000,1778162373.073019,0.
1778162373.1730192,0.0000000000,1778162373.1730192,0.
1778162373.273019,0.0000000000,1778162373.273019,0.
1778162373.373019,0.0000000000,1778162373.373019,0.
1778162373.4730191,0.0000000000,1778162373.4730191,0.
1778162373.573019,0.0000000000,1778162373.573019,0.
1778162373.6730192,0.0000000000,1778162373.6730192,0.
1778162373.773019,0.0000000000,1778162373.773019,0.
1778162373.873019,0.0000000000,1778162373.873019,0.
1778162373.9730191,0.0000000000,1778162373.9730191,0.
1778162374.073019,0.0000000000,1778162374.073019,0.
1778162374.1730192,0.0000000000,1778162374.1730192,0.
1778162374.273019,0.0000000000,1778162374.273019,0.
1778162374.373019,0.0000000000,1778162374.373019,0.
1778162374.4730191,0.0000000000,1778162374.4730191,0.
1778162374.573019,0.0000000000,1778162374.573019,0.
1778162374.6730192,0.0000000000,1778162374.6730192,0.
1778162374.773019,0.0000000000,1778162374.773019,0.
1778162374.873019,0.0000000000,1778162374.873019,0.
1778162374.9730191,0.0000000000,1778162374.9730191,0.
1778162375.073019,0.0000000000,1778162375.073019,0.
1778162375.1730192,0.0000000000,1778162375.1730192,0.
1778162375.273019,0.0000000000,1778162375.273019,0.
1778162375.373019,0.0000000000,1778162375.373019,0.
1778162375.4730191,0.0000000000,1778162375.4730191,0.
1778162375.573019,0.0000000000,1778162375.573019,0.
1778162375.6730192,0.0000000000,1778162375.6730192,0.
1778162375.773019,0.0000000000,1778162375.773019,0.
1778162375.873019,0.0000000000,1778162375.873019,0.
1778162375.9730191,0.0000000000,1778162375.9730191,0.
1778162376.073019,0.0000000000,1778162376.073019,0.
1778162376.1730192,0.0000000000,1778162376.1730192,0.
1778162376.273019,0.0000000000,1778162376.273019,0.
1778162376.373019,0.0000000000,1778162376.373019,0.
1778162376.4730191,0.0000000000,1778162376.4730191,0.
1778162376.573019,0.0000000000,1778162376.573019,0.
1778162376.6730192,0.0000000000,1778162376.6730192,0.
1778162376.773019,0.0000000000,1778162376.773019,0.
1778162376.873019,0.0000000000,1778162376.873019,0.
1778162376.9730191,0.0000000000,1778162376.9730191,0.
1778162377.073019,0.0000000000,1778162377.073019,0.
1778162377.1730192,0.0000000000,1778162377.1730192,0.
1778162377.273019,0.0000000000,1778162377.273019,0.
1778162377.373019,0.0000000000,1778162377.373019,0.
1778162377.4730191,0.0000000000,1778162377.4730191,0.
1778162377.573019,0.0000000000,1778162377.573019,0.
1778162377.6730192,0.0000000000,1778162377.6730192,0.
1778162377.773019,0.0000000000,1778162377.773019,0.
1778162377.873019,0.0000000000,1778162377.873019,0.
1778162377.9730191,0.0000000000,1778162377.9730191,0.
1778162378.073019,0.0000000000,1778162378.073019,0.
1778162378.1730192,0.0000000000,1778162378.1730192,0.
1778162378.273019,0.0000000000,1778162378.273019,0.
1778162378.373019,0.0000000000,1778162378.373019,0.
1778162378.4730191,0.0000000000,1778162378.4730191,0.
1778162378.573019,0.0000000000,1778162378.573019,0.
1778162378.6730192,0.0000000000,1778162378.6730192,0.
1778162378.773019,0.0000000000,1778162378.773019,0.
1778162378.873019,0.0000000000,1778162378.873019,0.
1778162378.9730191,0.0000000000,1778162378.9730191,0.
1778162379.073019,0.0000000000,1778162379.073019,0.
1778162379.1730192,0.0000000000,1778162379.1730192,0.
1778162379.273019,0.0000000000,1778162379.273019,0.
1778162379.373019,0.0000000000,1778162379.373019,0.
1778162379.4730191,0.0000000000,1778162379.4730191,0.
1778162379.573019,0.0000000000,1778162379.573019,0.
1778162379.6730192,0.0000000000,1778162379.6730192,0.
1778162379.773019,0.0000000000,1778162379.773019,0.
1778162379.873019,0.0000000000,1778162379.873019,0.
1778162379.9730191,0.0000000000,1778162379.9730191,0.
1778162380.073019,0.0000000000,1778162380.073019,0.
1778162380.1730192,0.0000000000,1778162380.1730192,0.
1778162380.273019,0.0000000000,1778162380.273019,0.
1778162380.373019,0.0000000000,1778162380.373019,0.
1778162380.4730191,0.0000000000,1778162380.4730191,0.
1778162380.573019,0.0000000000,1778162380.573019,0.
1778162380.6730192,0.0000000000,1778162380.6730192,0.
1778162380.773019,0.0000000000,1778162380.773019,0.
1778162380.873019,0.0000000000,1778162380.873019,0.
1778162380.9730191,0.0000000000,1778162380.9730191,0.
1778162381.073019,0.0000000000,1778162381.073019,0.
1778162381.1730192,0.0000000000,1778162381.1730192,0.
1778162381.273019,0.0000000000,1778162381.273019,0.
1778162381.373019,0.0000000000,1778162381.373019,0.
1778162381.4730191,0.0000000000,1778162381.4730191,0.
1778162381.573019,0.0000000000,1778162381.573019,0.
1778162381.6730192,0.0000000000,1778162381.6730192,0.
1778162381.773019,0.0000000000,1778162381.773019,0.
1778162381.873019,0.0000000000,1778162381.873019,0.
1778162381.9730191,0.0000000000,1778162381.9730191,0.
1778162382.073019,0.0000000000,1778162382.073019,0.
1778162382.1730192,0.0000000000,1778162382.1730192,0.
1778162382.273019,0.0000000000,1778162382.273019,0.
1778162382.373019,0.0000000000,1778162382.373019,0.
1778162382.4730191,0.0000000000,1778162382.4730191,0.
1778162382.573019,0.0000000000,1778162382.573019,0.
1778162382.6730192,0.0000000000,1778162382.6730192,0.
1778162382.773019,0.0000000000,1778162382.773019,0.
1778162382.873019,0.0000000000,1778162382.873019,0.
1778162382.9730191,0.0000000000,1778162382.9730191,0.
1778162383.073019,0.0000000000,1778162383.073019,0.
1778162383.1730192,0.0000000000,1778162383.1730192,0.
1778162383.273019,0.0000000000,1778162383.273019,0.
1778162383.373019,0.0000000000,1778162383.373019,0.
1778162383.4730191,0.0000000000,1778162383.4730191,0.
1778162383.573019,0.0000000000,1778162383.573019,0.
1778162383.6730192,0.0000000000,1778162383.6730192,0.
1778162383.773019,0.0000000000,1778162383.773019,0.
1778162383.873019,0.0000000000,1778162383.873019,0.
1778162383.9730191,0.0000000000,1778162383.9730191,0.
1778162384.073019,0.0000000000,1778162384.073019,0.
1778162384.1730192,0.0000000000,1778162384.1730192,0.
1778162384.273019,0.0000000000,1778162384.273019,0.
1778162384.373019,0.0000000000,1778162384.373019,0.
1778162384.4730191,0.0000000000,1778162384.4730191,0.
1778162384.573019,0.0000000000,1778162384.573019,0.
1778162384.6730192,0.0000000000,1778162384.6730192,0.
1778162384.773019,0.0000000000,1778162384.773019,0.
1778162384.873019,0.0000000000,1778162384.873019,0.
1778162384.9730191,0.0000000000,1778162384.9730191,0.
1778162385.073019,0.0000000000,1778162385.073019,0.
1778162385.1730192,0.0000000000,1778162385.1730192,0.
1778162385.273019,0.0000000000,1778162385.273019,0.
1778162385.373019,0.0000000000,1778162385.373019,0.
1778162385.4730191,0.0000000000,1778162385.4730191,0.
1778162385.573019,0.0000000000,1778162385.573019,0.
1778162385.6730192,0.0000000000,1778162385.6730192,0.
1778162385.773019,0.0000000000,1778162385.773019,0.
1778162385.873019,0.0000000000,1778162385.873019,0.
1778162385.9730191,0.0000000000,1778162385.9730191,0.
1778162386.073019,0.0000000000,1778162386.073019,0.
1778162386.1730192,0.0000000000,1778162386.1730192,0.
1778162386.273019,0.0000000000,1778162386.273019,0.
1778162386.373019,0.0000000000,1778162386.373019,0.
1778162386.4730191,0.0000000000,1778162386.4730191,0.
1778162386.573019,0.0000000000,1778162386.573019,0.
1778162386.6730192,0.0000000000,1778162386.6730192,0.
1778162386.773019,0.0000000000,1778162386.773019,0.
1778162386.873019,0.0000000000,1778162386.873019,0.
1778162386.9730191,0.0000000000,1778162386.9730191,0.
1778162387.073019,0.0000000000,1778162387.073019,0.
1778162387.1730192,0.0000000000,1778162387.1730192,0.
1778162387.273019,0.0000000000,1778162387.273019,0.
1778162387.373019,0.0000000000,1778162387.373019,0.
1778162387.4730191,0.0000000000,1778162387.4730191,0.
1778162387.573019,0.0000000000,1778162387.573019,0.
1778162387.6730192,0.0000000000,1778162387.6730192,0.
1778162387.773019,0.0000000000,1778162387.773019,0.
1778162387.873019,0.0000000000,1778162387.873019,0.
1778162387.9730191,0.0000000000,1778162387.9730191,0.
1778162388.073019,0.0000000000,1778162388.073019,0.
1778162388.1730192,0.0000000000,1778162388.1730192,0.
1778162388.273019,0.0000000000,1778162388.273019,0.
1778162388.373019,0.0000000000,1778162388.373019,0.
1778162388.4730191,0.0000000000,1778162388.4730191,0.
1778162388.573019,0.0000000000,1778162388.573019,0.
1778162388.6730192,0.0000000000,1778162388.6730192,0.
1778162388.773019,0.0000000000,1778162388.773019,0.
1778162388.873019,0.0000000000,1778162388.873019,0.
1778162388.9730191,0.0000000000,1778162388.9730191,0.
1778162389.073019,0.0000000000,1778162389.073019,0.
1778162389.1730192,0.0000000000,1778162389.1730192,0.
1778162389.273019,0.0000000000,1778162389.273019,0.
1778162389.373019,0.0000000000,1778162389.373019,0.
1778162389.4730191,0.0000000000,1778162389.4730191,0.
1778162389.573019,0.0000000000,1778162389.573019,0.
1778162389.6730192,0.0000000000,1778162389.6730192,0.
1778162389.773019,0.0000000000,1778162389.773019,0.
1778162389.873019,0.0000000000,1778162389.873019,0.
1778162389.9730191,0.0000000000,1778162389.9730191,0.
1778162390.073019,0.0000000000,1778162390.073019,0.
1778162390.1730192,0.0000000000,1778162390.1730192,0.
1778162390.273019,0.0000000000,1778162390.273019,0.
1778162390.373019,0.0000000000,1778162390.373019,0.
1778162390.4730191,0.0000000000,1778162390.4730191,0.
1778162390.573019,0.0000000000,1778162390.573019,0.
1778162390.6730192,0.0000000000,1778162390.6730192,0.
1778162390.773019,0.0000000000,1778162390.773019,0.
1778162390.873019,0.0000000000,1778162390.873019,0.
1778162390.9730191,0.0000000000,1778162390.9730191,0.
1778162391.073019,0.0000000000,1778162391.073019,0.
1778162391.1730192,0.0000000000,1778162391.1730192,0.
1778162391.273019,0.0000000000,1778162391.273019,0.
1778162391.373019,0.0000000000,1778162391.373019,0.
1778162391.4730191,0.0000000000,1778162391.4730191,0.
1778162391.573019,0.0000000000,1778162391.573019,0.
1778162391.6730192,0.0000000000,1778162391.6730192,0.
1778162391.773019,0.0000000000,1778162391.773019,0.
1778162391.873019,0.0000000000,1778162391.873019,0.
1778162391.9730191,0.0000000000,1778162391.9730191,0.
1778162392.073019,0.0000000000,1778162392.073019,0.
1778162392.1730192,0.0000000000,1778162392.1730192,0.
1778162392.273019,0.0000000000,1778162392.273019,0.
1778162392.373019,0.0000000000,1778162392.373019,0.
1778162392.4730191,0.0000000000,1778162392.4730191,0.
1778162392.573019,0.0000000000,1778162392.573019,0.
1778162392.6730192,0.0000000000,1778162392.6730192,0.
1778162392.773019,0.0000000000,1778162392.773019,0.
1778162392.873019,0.0000000000,1778162392.873019,0.
1778162392.9730191,0.0000000000,1778162392.9730191,0.
1778162393.073019,0.0000000000,1778162393.073019,0.
1778162393.1730192,0.0000000000,1778162393.1730192,0.
1778162393.273019,0.0000000000,1778162393.273019,0.
1778162393.373019,0.0000000000,1778162393.373019,0.
1778162393.4730191,0.0000000000,1778162393.4730191,0.
1778162393.573019,0.0000000000,1778162393.573019,0.
1778162393.6730192,0.0000000000,1778162393.6730192,0.
1778162393.773019,0.0000000000,1778162393.773019,0.
1778162393.873019,0.0000000000,1778162393.873019,0.
1778162393.9730191,0.0000000000,1778162393.9730191,0.
1778162394.073019,0.0000000000,1778162394.073019,0.
1778162394.1730192,0.0000000000,1778162394.1730192,0.
1778162394.273019,0.0000000000,1778162394.273019,0.
1778162394.373019,0.0000000000,1778162394.373019,0.
1778162394.4730191,0.0000000000,1778162394.4730191,0.
1778162394.573019,0.0000000000,1778162394.573019,0.
1778162394.6730192,0.0000000000,1778162394.6730192,0.
1778162394.773019,0.0000000000,1778162394.773019,0.
1778162394.873019,0.0000000000,1778162394.873019,0.
1778162394.9730191,0.0000000000,1778162394.9730191,0.
1778162395.073019,0.0000000000,1778162395.073019,0.
1778162395.1730192,0.0000000000,1778162395.1730192,0.
1778162395.273019,0.0000000000,1778162395.273019,0.
1778162395.373019,0.0000000000,1778162395.373019,0.
1778162395.4730191,0.0000000000,1778162395.4730191,0.
1778162395.573019,0.0000000000,1778162395.573019,0.
1778162395.6730192,0.0000000000,1778162395.6730192,0.
1778162395.773019,0.0000000000,1778162395.773019,0.
1778162395.873019,0.0000000000,1778162395.873019,0.
1778162395.9730191,0.0000000000,1778162395.9730191,0.
1778162396.073019,0.0000000000,1778162396.073019,0.
1778162396.1730192,0.0000000000,1778162396.1730192,0.
1778162396.273019,0.0000000000,1778162396.273019,0.
1778162396.373019,0.0000000000,1778162396.373019,0.
1778162396.4730191,0.0000000000,1778162396.4730191,0.
1778162396.573019,0.0000000000,1778162396.573019,0.
1778162396.6730192,0.0000000000,1778162396.6730192,0.
1778162396.773019,0.0000000000,1778162396.773019,0.
1778162396.873019,0.0000000000,1778162396.873019,0.
1778162396.9730191,0.0000000000,1778162396.9730191,0.
1778162397.073019,0.0000000000,1778162397.073019,0.
1778162397.1730192,0.0000000000,1778162397.1730192,0.
1778162397.273019,0.0000000000,1778162397.273019,0.
1778162397.373019,0.0000000000,1778162397.373019,0.
1778162397.4730191,0.0000000000,1778162397.4730191,0.
1778162397.573019,0.0000000000,1778162397.573019,0.
1778162397.6730192,0.0000000000,1778162397.6730192,0.
1778162397.773019,0.0000000000,1778162397.773019,0.
1778162397.873019,0.0000000000,1778162397.873019,0.
1778162397.9730191,0.0000000000,1778162397.9730191,0.
1778162398.073019,0.0000000000,1778162398.073019,0.
1778162398.1730192,0.0000000000,1778162398.1730192,0.
1778162398.273019,0.0000000000,1778162398.273019,0.
1778162398.373019,0.0000000000,1778162398.373019,0.
1778162398.4730191,0.0000000000,1778162398.4730191,0.
1778162398.573019,0.0000000000,1778162398.573019,0.
1778162398.6730192,0.0000000000,1778162398.6730192,0.
1778162398.773019,0.0000000000,1778162398.773019,0.
1778162398.873019,0.0000000000,1778162398.873019,0.
1778162398.9730191,0.0000000000,1778162398.9730191,0.
1778162399.073019,0.0000000000,1778162399.073019,0.
1778162399.1730192,0.0000000000,1778162399.1730192,0.
1778162399.273019,0.0000000000,1778162399.273019,0.
1778162399.373019,0.0000000000,1778162399.373019,0.
1778162399.4730191,0.0000000000,1778162399.4730191,0.
1778162399.573019,0.0000000000,1778162399.573019,0.
1778162399.6730192,0.0000000000,1778162399.6730192,0.
1778162399.773019,0.0000000000,1778162399.773019,0.
1778162399.873019,0.0000000000,1778162399.873019,0.
1778162399.9730191,0.0000000000,1778162399.9730191,0.
1778162400.073019,0.0000000000,1778162400.073019,0.
1778162400.1730192,0.0000000000,1778162400.1730192,0.
1778162400.273019,0.0000000000,1778162400.273019,0.
1778162400.373019,0.0000000000,1778162400.373019,0.
1778162400.4730191,0.0000000000,1778162400.4730191,0.
1778162400.573019,0.0000000000,1778162400.573019,0.
1778162400.6730192,0.0000000000,1778162400.6730192,0.
1778162400.773019,0.0000000000,1778162400.773019,0.
1778162400.873019,0.0000000000,1778162400.873019,0.
1778162400.9730191,0.0000000000,1778162400.9730191,0.
1778162401.073019,0.0000000000,1778162401.073019,0.
1778162401.1730192,0.0000000000,1778162401.1730192,0.
1778162401.273019,0.0000000000,1778162401.273019,0.
1778162401.373019,0.0000000000,1778162401.373019,0.
1778162401.4730191,0.0000000000,1778162401.4730191,0.
1778162401.573019,0.0000000000,1778162401.573019,0.
1778162401.6730192,0.0000000000,1778162401.6730192,0.
1778162401.773019,0.0000000000,1778162401.773019,0.
1778162401.873019,0.0000000000,1778162401.873019,0.
1778162401.9730191,0.0000000000,1778162401.9730191,0.
1778162402.073019,0.0000000000,1778162402.073019,0.
1778162402.1730192,0.0000000000,1778162402.1730192,0.
1778162402.273019,0.0000000000,1778162402.273019,0.
1778162402.373019,0.0000000000,1778162402.373019,0.
1778162402.4730191,0.0000000000,1778162402.4730191,0.
1778162402.573019,0.0000000000,1778162402.573019,0.
1778162402.6730192,0.0000000000,1778162402.6730192,0.
1778162402.773019,0.0000000000,1778162402.773019,0.
1778162402.873019,0.0000000000,1778162402.873019,0.
1778162402.9730191,0.0000000000,1778162402.9730191,0.
1778162403.073019,0.0000000000,1778162403.073019,0.
1778162403.1730192,0.0000000000,1778162403.1730192,0.
1778162403.273019,0.0000000000,1778162403.273019,0.
1778162403.373019,0.0000000000,1778162403.373019,0.
1778162403.4730191,0.0000000000,1778162403.4730191,0.
1778162403.573019,0.0000000000,1778162403.573019,0.
1778162403.6730192,0.0000000000,1778162403.6730192,0.
1778162403.773019,0.0000000000,1778162403.773019,0.
1778162403.873019,0.0000000000,1778162403.873019,0.
1778162403.9730191,0.0000000000,1778162403.9730191,0.
1778162404.073019,0.0000000000,1778162404.073019,0.
1778162404.1730192,0.0000000000,1778162404.1730192,0.
1778162404.273019,0.0000000000,1778162404.273019,0.
1778162404.373019,0.0000000000,1778162404.373019,0.
1778162404.4730191,0.0000000000,1778162404.4730191,0.
1778162404.573019,0.0000000000,1778162404.573019,0.
1778162404.6730192,0.0000000000,1778162404.6730192,0.
1778162404.773019,0.0000000000,1778162404.773019,0.
1778162404.873019,0.0000000000,1778162404.873019,0.
1778162404.9730191,0.0000000000,1778162404.9730191,0.
1778162405.073019,0.0000000000,1778162405.073019,0.
1778162405.1730192,0.0000000000,1778162405.1730192,0.
1778162405.273019,0.0000000000,1778162405.273019,0.
1778162405.373019,0.0000000000,1778162405.373019,0.
1778162405.4730191,0.0000000000,1778162405.4730191,0.
1778162405.573019,0.0000000000,1778162405.573019,0.
1778162405.6730192,0.0000000000,1778162405.6730192,0.
1778162405.773019,0.0000000000,1778162405.773019,0.
1778162405.873019,0.0000000000,1778162405.873019,0.
1778162405.9730191,0.0000000000,1778162405.9730191,0.
1778162406.073019,0.0000000000,1778162406.073019,0.
1778162406.1730192,0.0000000000,1778162406.1730192,0.
1778162406.273019,0.0000000000,1778162406.273019,0.
1778162406.373019,0.0000000000,1778162406.373019,0.
1778162406.4730191,0.0000000000,1778162406.4730191,0.
1778162406.573019,0.0000000000,1778162406.573019,0.
1778162406.6730192,0.0000000000,1778162406.6730192,0.
1778162406.773019,0.0000000000,1778162406.773019,0.
1778162406.873019,0.0000000000,1778162406.873019,0.
1778162406.9730191,0.0000000000,1778162406.9730191,0.
1778162407.073019,0.0000000000,1778162407.073019,0.
1778162407.1730192,0.0000000000,1778162407.1730192,0.
1778162407.273019,0.0000000000,1778162407.273019,0.
1778162407.373019,0.0000000000,1778162407.373019,0.
1778162407.4730191,0.0000000000,1778162407.4730191,0.
1778162407.573019,0.0000000000,1778162407.573019,0.
1778162407.6730192,0.0000000000,1778162407.6730192,0.
1778162407.773019,0.0000000000,1778162407.773019,0.
1778162407.873019,0.0000000000,1778162407.873019,0.
1778162407.9730191,0.0000000000,1778162407.9730191,0.
1778162408.073019,0.0000000000,1778162408.073019,0.
1778162408.1730192,0.0000000000,1778162408.1730192,0.
1778162408.273019,0.0000000000,1778162408.273019,0.
1778162408.373019,0.0000000000,1778162408.373019,0.
1778162408.4730191,0.0000000000,1778162408.4730191,0.
1778162408.573019,0.0000000000,1778162408.573019,0.
1778162408.6730192,0.0000000000,1778162408.6730192,0.
1778162408.773019,0.0000000000,1778162408.773019,0.
1778162408.873019,0.0000000000,1778162408.873019,0.
1778162408.9730191,0.0000000000,1778162408.9730191,0.
1778162409.073019,0.0000000000,1778162409.073019,0.
1778162409.1730192,0.0000000000,1778162409.1730192,0.
1778162409.273019,0.0000000000,1778162409.273019,0.
1778162409.373019,0.0000000000,1778162409.373019,0.
1778162409.4730191,0.0000000000,1778162409.4730191,0.
1778162409.573019,0.0000000000,1778162409.573019,0.
1778162409.6730192,0.0000000000,1778162409.6730192,0.
1778162409.773019,0.0000000000,1778162409.773019,0.
1778162409.873019,0.0000000000,1778162409.873019,0.
1778162409.9730191,0.0000000000,1778162409.9730191,0.
1778162410.073019,0.0000000000,1778162410.073019,0.
1778162410.1730192,0.0000000000,1778162410.1730192,0.
1778162410.273019,0.0000000000,1778162410.273019,0.
1778162410.373019,0.0000000000,1778162410.373019,0.
1778162410.4730191,0.0000000000,1778162410.4730191,0.
1778162410.573019,0.0000000000,1778162410.573019,0.
1778162410.6730192,0.0000000000,1778162410.6730192,0.
1778162410.773019,0.0000000000,1778162410.773019,0.
1778162410.873019,0.0000000000,1778162410.873019,0.
1778162410.9730191,0.0000000000,1778162410.9730191,0.
1778162411.073019,0.0000000000,1778162411.073019,0.
1778162411.1730192,0.0000000000,1778162411.1730192,0.
1778162411.273019,0.0000000000,1778162411.273019,0.
1778162411.373019,0.0000000000,1778162411.373019,0.
1778162411.4730191,0.0000000000,1778162411.4730191,0.
1778162411.573019,0.0000000000,1778162411.573019,0.
1778162411.6730192,0.0000000000,1778162411.6730192,0.
1778162411.773019,0.0000000000,1778162411.773019,0.
1778162411.873019,0.0000000000,1778162411.873019,0.
1778162411.9730191,0.0000000000,1778162411.9730191,0.
1778162412.073019,0.0000000000,1778162412.073019,0.
1778162412.1730192,0.0000000000,1778162412.1730192,0.
1778162412.273019,0.0000000000,1778162412.273019,0.
1778162412.373019,0.0000000000,1778162412.373019,0.
1778162412.4730191,0.0000000000,1778162412.4730191,0.
1778162412.573019,0.0000000000,1778162412.573019,0.
1778162412.6730192,0.0000000000,1778162412.6730192,0.
1778162412.773019,0.0000000000,1778162412.773019,0.
1778162412.873019,0.0000000000,1778162412.873019,0.
1778162412.9730191,0.0000000000,1778162412.9730191,0.
1778162413.073019,0.0000000000,1778162413.073019,0.
1778162413.1730192,0.0000000000,1778162413.1730192,0.
1778162413.273019,0.0000000000,1778162413.273019,0.
1778162413.373019,0.0000000000,1778162413.373019,0.
1778162413.4730191,0.0000000000,1778162413.4730191,0.
1778162413.573019,0.0000000000,1778162413.573019,0.
1778162413.6730192,0.0000000000,1778162413.6730192,0.
1778162413.773019,0.0000000000,1778162413.773019,0.
1778162413.873019,0.0000000000,1778162413.873019,0.
1778162413.9730191,0.0000000000,1778162413.9730191,0.
1778162414.073019,0.0000000000,1778162414.073019,0.
1778162414.1730192,0.0000000000,1778162414.1730192,0.
1778162414.273019,0.0000000000,1778162414.273019,0.
1778162414.373019,0.0000000000,1778162414.373019,0.
1778162414.4730191,0.0000000000,1778162414.4730191,0.
1778162414.573019,0.0000000000,1778162414.573019,0.
1778162414.6730192,0.0000000000,1778162414.6730192,0.
1778162414.773019,0.0000000000,1778162414.773019,0.
1778162414.873019,0.0000000000,1778162414.873019,0.
1778162414.9730191,0.0000000000,1778162414.9730191,0.
1778162415.073019,0.0000000000,1778162415.073019,0.
1778162415.1730192,0.0000000000,1778162415.1730192,0.
1778162415.273019,0.0000000000,1778162415.273019,0.
1778162415.373019,0.0000000000,1778162415.373019,0.
1778162415.4730191,0.0000000000,1778162415.4730191,0.
1778162415.573019,0.0000000000,1778162415.573019,0.
1778162415.6730192,0.0000000000,1778162415.6730192,0.
1778162415.773019,0.0000000000,1778162415.773019,0.
1778162415.873019,0.0000000000,1778162415.873019,0.
1778162415.9730191,0.0000000000,1778162415.9730191,0.
1778162416.073019,0.0000000000,1778162416.073019,0.
1778162416.1730192,0.0000000000,1778162416.1730192,0.
1778162416.273019,0.0000000000,1778162416.273019,0.
1778162416.373019,0.0000000000,1778162416.373019,0.
1778162416.4730191,0.0000000000,1778162416.4730191,0.
1778162416.573019,0.0000000000,1778162416.573019,0.
1778162416.6730192,0.0000000000,1778162416.6730192,0.
1778162416.773019,0.0000000000,1778162416.773019,0.
1778162416.873019,0.0000000000,1778162416.873019,0.
1778162416.9730191,0.0000000000,1778162416.9730191,0.
1778162417.073019,0.0000000000,1778162417.073019,0.
1778162417.1730192,0.0000000000,1778162417.1730192,0.
1778162417.273019,0.0000000000,1778162417.273019,0.
1778162417.373019,0.0000000000,1778162417.373019,0.
1778162417.4730191,0.0000000000,1778162417.4730191,0.
1778162417.573019,0.0000000000,1778162417.573019,0.
1778162417.6730192,0.0000000000,1778162417.6730192,0.
1778162417.773019,0.0000000000,1778162417.773019,0.
1778162417.873019,0.0000000000,1778162417.873019,0.
1778162417.9730191,0.0000000000,1778162417.9730191,0.
1778162418.073019,0.0000000000,1778162418.073019,0.
1778162418.1730192,0.0000000000,1778162418.1730192,0.
1778162418.273019,0.0000000000,1778162418.273019,0.
1778162418.373019,0.0000000000,1778162418.373019,0.
1778162418.4730191,0.0000000000,1778162418.4730191,0.
1778162418.573019,0.0000000000,1778162418.573019,0.
1778162418.6730192,0.0000000000,1778162418.6730192,0.
1778162418.773019,0.0000000000,1778162418.773019,0.
1778162418.873019,0.0000000000,1778162418.873019,0.
1778162418.9730191,0.0000000000,1778162418.9730191,0.
1778162419.073019,0.0000000000,1778162419.073019,0.
1778162419.1730192,0.0000000000,1778162419.1730192,0.
1778162419.273019,0.0000000000,1778162419.273019,0.
1778162419.373019,0.0000000000,1778162419.373019,0.
1778162419.4730191,0.0000000000,1778162419.4730191,0.
1778162419.573019,0.0000000000,1778162419.573019,0.
1778162419.6730192,0.0000000000,1778162419.6730192,0.
1778162419.773019,0.0000000000,1778162419.773019,0.
1778162419.873019,0.0000000000,1778162419.873019,0.
1778162419.9730191,0.0000000000,1778162419.9730191,0.
1778162420.073019,0.0000000000,1778162420.073019,0.
1778162420.1730192,0.0000000000,1778162420.1730192,0.
1778162420.273019,0.0000000000,1778162420.273019,0.
1778162420.373019,0.0000000000,1778162420.373019,0.
1778162420.4730191,0.0000000000,1778162420.4730191,0.
1778162420.573019,0.0000000000,1778162420.573019,0.
1778162420.6730192,0.0000000000,1778162420.6730192,0.
1778162420.773019,0.0000000000,1778162420.773019,0.
1778162420.873019,0.0000000000,1778162420.873019,0.
1778162420.9730191,0.0000000000,1778162420.9730191,0.
1778162421.073019,0.0000000000,1778162421.073019,0.
1778162421.1730192,0.0000000000,1778162421.1730192,0.
1778162421.273019,0.0000000000,1778162421.273019,0.
1778162421.373019,0.0000000000,1778162421.373019,0.
1778162421.4730191,0.0000000000,1778162421.4730191,0.
1778162421.573019,0.0000000000,1778162421.573019,0.
1778162421.6730192,0.0000000000,1778162421.6730192,0.
1778162421.773019,0.0000000000,1778162421.773019,0.
1778162421.873019,0.0000000000,1778162421.873019,0.
1778162421.9730191,0.0000000000,1778162421.9730191,0.
1778162422.073019,0.0000000000,1778162422.073019,0.
1778162422.1730192,0.0000000000,1778162422.1730192,0.
1778162422.273019,0.0000000000,1778162422.273019,0.
1778162422.373019,0.0000000000,1778162422.373019,0.
1778162422.4730191,0.0000000000,1778162422.4730191,0.
1778162422.573019,0.0000000000,1778162422.573019,0.
1778162422.6730192,0.0000000000,1778162422.6730192,0.
1778162422.773019,0.0000000000,1778162422.773019,0.
1778162422.873019,0.0000000000,1778162422.873019,0.
1778162422.9730191,0.0000000000,1778162422.9730191,0.
1778162423.073019,0.0000000000,1778162423.073019,0.
1778162423.1730192,0.0000000000,1778162423.1730192,0.
1778162423.273019,0.0000000000,1778162423.273019,0.
1778162423.373019,0.0000000000,1778162423.373019,0.
1778162423.4730191,0.0000000000,1778162423.4730191,0.
1778162423.573019,0.0000000000,1778162423.573019,0.
1778162423.6730192,0.0000000000,1778162423.6730192,0.
1778162423.773019,0.0000000000,1778162423.773019,0.
1778162423.873019,0.0000000000,1778162423.873019,0.
1778162423.9730191,0.0000000000,1778162423.9730191,0.
1778162424.073019,0.0000000000,1778162424.073019,0.
1778162424.1730192,0.0000000000,1778162424.1730192,0.
1778162424.273019,0.0000000000,1778162424.273019,0.
1778162424.373019,0.0000000000,1778162424.373019,0.
1778162424.4730191,0.0000000000,1778162424.4730191,0.
1778162424.573019,0.0000000000,1778162424.573019,0.
1778162424.6730192,0.0000000000,1778162424.6730192,0.
1778162424.773019,0.0000000000,1778162424.773019,0.
1778162424.873019,0.0000000000,1778162424.873019,0.
1778162424.9730191,0.0000000000,1778162424.9730191,0.
1778162425.073019,0.0000000000,1778162425.073019,0.
1778162425.1730192,0.0000000000,1778162425.1730192,0.
1778162425.273019,0.0000000000,1778162425.273019,0.
1778162425.373019,0.0000000000,1778162425.373019,0.
1778162425.4730191,0.0000000000,1778162425.4730191,0.
1778162425.573019,0.0000000000,1778162425.573019,0.
1778162425.6730192,0.0000000000,1778162425.6730192,0.
1778162425.773019,0.0000000000,1778162425.773019,0.
1778162425.873019,0.0000000000,1778162425.873019,0.
1778162425.9730191,0.0000000000,1778162425.9730191,0.
1778162426.073019,0.0000000000,1778162426.073019,0.
1778162426.1730192,0.0000000000,1778162426.1730192,0.
1778162426.273019,0.0000000000,1778162426.273019,0.
1778162426.373019,0.0000000000,1778162426.373019,0.
1778162426.4730191,0.0000000000,1778162426.4730191,0.
1778162426.573019,0.0000000000,1778162426.573019,0.
1778162426.6730192,0.0000000000,1778162426.6730192,0.
1778162426.773019,0.0000000000,1778162426.773019,0.
1778162426.873019,0.0000000000,1778162426.873019,0.
1778162426.9730191,0.0000000000,1778162426.9730191,0.
1778162427.073019,0.0000000000,1778162427.073019,0.
1778162427.1730192,0.0000000000,1778162427.1730192,0.
1778162427.273019,0.0000000000,1778162427.273019,0.
1778162427.373019,0.0000000000,1778162427.373019,0.
1778162427.4730191,0.0000000000,1778162427.4730191,0.
1778162427.573019,0.0000000000,1778162427.573019,0.
1778162427.6730192,0.0000000000,1778162427.6730192,0.
1778162427.773019,0.0000000000,1778162427.773019,0.
1778162427.873019,0.0000000000,1778162427.873019,0.
1778162427.9730191,0.0000000000,1778162427.9730191,0.
1778162428.073019,0.0000000000,1778162428.073019,0.
1778162428.1730192,0.0000000000,1778162428.1730192,0.
1778162428.273019,0.0000000000,1778162428.273019,0.
1778162428.373019,0.0000000000,1778162428.373019,0.
1778162428.4730191,0.0000000000,1778162428.4730191,0.
1778162428.573019,0.0000000000,1778162428.573019,0.
1778162428.6730192,0.0000000000,1778162428.6730192,0.
1778162428.773019,0.0000000000,1778162428.773019,0.
1778162428.873019,0.0000000000,1778162428.873019,0.
1778162428.9730191,0.0000000000,1778162428.9730191,0.
1778162429.073019,0.0000000000,1778162429.073019,0.
1778162429.1730192,0.0000000000,1778162429.1730192,0.
1778162429.273019,0.0000000000,1778162429.273019,0.
1778162429.373019,0.0000000000,1778162429.373019,0.
1778162429.4730191,0.0000000000,1778162429.4730191,0.
1778162429.573019,0.0000000000,1778162429.573019,0.
1778162429.6730192,0.0000000000,1778162429.6730192,0.
1778162429.773019,0.0000000000,1778162429.773019,0.
1778162429.873019,0.0000000000,1778162429.873019,0.
1778162429.9730191,0.0000000000,1778162429.9730191,0.
1778162430.073019,0.0000000000,1778162430.073019,0.
1778162430.1730192,0.0000000000,1778162430.1730192,0.
1778162430.273019,0.0000000000,1778162430.273019,0.
1778162430.373019,0.0000000000,1778162430.373019,0.
1778162430.4730191,0.0000000000,1778162430.4730191,0.
1778162430.573019,0.0000000000,1778162430.573019,0.
1778162430.6730192,0.0000000000,1778162430.6730192,0.
1778162430.773019,0.0000000000,1778162430.773019,0.
1778162430.873019,0.0000000000,1778162430.873019,0.
1778162430.9730191,0.0000000000,1778162430.9730191,0.
1778162431.073019,0.0000000000,1778162431.073019,0.
1778162431.1730192,0.0000000000,1778162431.1730192,0.
1778162431.273019,0.0000000000,1778162431.273019,0.
1778162431.373019,0.0000000000,1778162431.373019,0.
1778162431.4730191,0.0000000000,1778162431.4730191,0.
1778162431.573019,0.0000000000,1778162431.573019,0.
1778162431.6730192,0.0000000000,1778162431.6730192,0.
1778162431.773019,0.0000000000,1778162431.773019,0.
1778162431.873019,0.0000000000,1778162431.873019,0.
1778162431.9730191,0.0000000000,1778162431.9730191,0.
1778162432.073019,0.0000000000,1778162432.073019,0.
1778162432.1730192,0.0000000000,1778162432.1730192,0.
1778162432.273019,0.0000000000,1778162432.273019,0.
1778162432.373019,0.0000000000,1778162432.373019,0.
1778162432.4730191,0.0000000000,1778162432.4730191,0.
1778162432.573019,0.0000000000,1778162432.573019,0.
1778162432.6730192,0.0000000000,1778162432.6730192,0.
1778162432.773019,0.0000000000,1778162432.773019,0.
1778162432.873019,0.0000000000,1778162432.873019,0.
1778162432.9730191,0.0000000000,1778162432.9730191,0.
1778162433.073019,0.0000000000,1778162433.073019,0.
1778162433.1730192,0.0000000000,1778162433.1730192,0.
1778162433.273019,0.0000000000,1778162433.273019,0.
1778162433.373019,0.0000000000,1778162433.373019,0.
1778162433.4730191,0.0000000000,1778162433.4730191,0.
1778162433.573019,0.0000000000,1778162433.573019,0.
1778162433.6730192,0.0000000000,1778162433.6730192,0.
1778162433.773019,0.0000000000,1778162433.773019,0.
1778162433.873019,0.0000000000,1778162433.873019,0.
1778162433.9730191,0.0000000000,1778162433.9730191,0.
1778162434.073019,0.0000000000,1778162434.073019,0.
1778162434.1730192,0.0000000000,1778162434.1730192,0.
1778162434.273019,0.0000000000,1778162434.273019,0.
1778162434.373019,0.0000000000,1778162434.373019,0.
1778162434.4730191,0.0000000000,1778162434.4730191,0.
1778162434.573019,0.0000000000,1778162434.573019,0.
1778162434.6730192,0.0000000000,1778162434.6730192,0.
1778162434.773019,0.0000000000,1778162434.773019,0.
1778162434.873019,0.0000000000,1778162434.873019,0.
1778162434.9730191,0.0000000000,1778162434.9730191,0.
1778162435.073019,0.0000000000,1778162435.073019,0.
1778162435.1730192,0.0000000000,1778162435.1730192,0.
1778162435.273019,0.0000000000,1778162435.273019,0.
1778162435.373019,0.0000000000,1778162435.373019,0.
1778162435.4730191,0.0000000000,1778162435.4730191,0.
1778162435.573019,0.0000000000,1778162435.573019,0.
1778162435.6730192,0.0000000000,1778162435.6730192,0.
1778162435.773019,0.0000000000,1778162435.773019,0.
1778162435.873019,0.0000000000,1778162435.873019,0.
1778162435.9730191,0.0000000000,1778162435.9730191,0.
1778162436.073019,0.0000000000,1778162436.073019,0.
1778162436.1730192,0.0000000000,1778162436.1730192,0.
1778162436.273019,0.0000000000,1778162436.273019,0.
1778162436.373019,0.0000000000,1778162436.373019,0.
1778162436.4730191,0.0000000000,1778162436.4730191,0.
1778162436.573019,0.0000000000,1778162436.573019,0.
1778162436.6730192,0.0000000000,1778162436.6730192,0.
1778162436.773019,0.0000000000,1778162436.773019,0.
1778162436.873019,0.0000000000,1778162436.873019,0.
1778162436.9730191,0.0000000000,1778162436.9730191,0.
1778162437.073019,0.0000000000,1778162437.073019,0.
1778162437.1730192,0.0000000000,1778162437.1730192,0.
1778162437.273019,0.0000000000,1778162437.273019,0.
1778162437.373019,0.0000000000,1778162437.373019,0.
1778162437.4730191,0.0000000000,1778162437.4730191,0.
1778162437.573019,0.0000000000,1778162437.573019,0.
1778162437.6730192,0.0000000000,1778162437.6730192,0.
1778162437.773019,0.0000000000,1778162437.773019,0.
1778162437.873019,0.0000000000,1778162437.873019,0.
1778162437.9730191,0.0000000000,1778162437.9730191,0.
1778162438.073019,0.0000000000,1778162438.073019,0.
1778162438.1730192,0.0000000000,1778162438.1730192,0.
1778162438.273019,0.0000000000,1778162438.273019,0.
1778162438.373019,0.0000000000,1778162438.373019,0.
1778162438.4730191,0.0000000000,1778162438.4730191,0.
1778162438.573019,0.0000000000,1778162438.573019,0.
1778162438.6730192,0.0000000000,1778162438.6730192,0.
1778162438.773019,0.0000000000,1778162438.773019,0.
1778162438.873019,0.0000000000,1778162438.873019,0.
1778162438.9730191,0.0000000000,1778162438.9730191,0.
1778162439.073019,0.0000000000,1778162439.073019,0.
1778162439.1730192,0.0000000000,1778162439.1730192,0.
1778162439.273019,0.0000000000,1778162439.273019,0.
1778162439.373019,0.0000000000,1778162439.373019,0.
1778162439.4730191,0.0000000000,1778162439.4730191,0.
1778162439.573019,0.0000000000,1778162439.573019,0.
1778162439.6730192,0.0000000000,1778162439.6730192,0.
1778162439.773019,0.0000000000,1778162439.773019,0.
1778162439.873019,0.0000000000,1778162439.873019,0.
1778162439.9730191,0.0000000000,1778162439.9730191,0.
1778162440.073019,0.0000000000,1778162440.073019,0.
1778162440.1730192,0.0000000000,1778162440.1730192,0.
1778162440.273019,0.0000000000,1778162440.273019,0.
1778162440.373019,0.0000000000,1778162440.373019,0.
1778162440.4730191,0.0000000000,1778162440.4730191,0.
1778162440.573019,0.0000000000,1778162440.573019,0.
1778162440.6730192,0.0000000000,1778162440.6730192,0.
1778162440.773019,0.0000000000,1778162440.773019,0.
1778162440.873019,0.0000000000,1778162440.873019,0.
1778162440.9730191,0.0000000000,1778162440.9730191,0.
1778162441.073019,0.0000000000,1778162441.073019,0.
1778162441.1730192,0.0000000000,1778162441.1730192,0.
1778162441.273019,0.0000000000,1778162441.273019,0.
1778162441.373019,0.0000000000,1778162441.373019,0.
1778162441.4730191,0.0000000000,1778162441.4730191,0.
1778162441.573019,0.0000000000,1778162441.573019,0.
1778162441.6730192,0.0000000000,1778162441.6730192,0.
1778162441.773019,0.0000000000,1778162441.773019,0.
1778162441.873019,0.0000000000,1778162441.873019,0.
1778162441.9730191,0.0000000000,1778162441.9730191,0.
1778162442.073019,0.0000000000,1778162442.073019,0.
1778162442.1730192,0.0000000000,1778162442.1730192,0.
1778162442.273019,0.0000000000,1778162442.273019,0.
1778162442.373019,0.0000000000,1778162442.373019,0.
1778162442.4730191,0.0000000000,1778162442.4730191,0.
1778162442.573019,0.0000000000,1778162442.573019,0.
1778162442.6730192,0.0000000000,1778162442.6730192,0.
1778162442.773019,0.0000000000,1778162442.773019,0.
1778162442.873019,0.0000000000,1778162442.873019,0.
1778162442.9730191,0.0000000000,1778162442.9730191,0.
1778162443.073019,0.0000000000,1778162443.073019,0.
1778162443.1730192,0.0000000000,1778162443.1730192,0.
1778162443.273019,0.0000000000,1778162443.273019,0.
1778162443.373019,0.0000000000,1778162443.373019,0.
1778162443.4730191,0.0000000000,1778162443.4730191,0.
1778162443.573019,0.0000000000,1778162443.573019,0.
1778162443.6730192,0.0000000000,1778162443.6730192,0.
1778162443.773019,0.0000000000,1778162443.773019,0.
1778162443.873019,0.0000000000,1778162443.873019,0.
1778162443.9730191,0.0000000000,1778162443.9730191,0.
1778162444.073019,0.0000000000,1778162444.073019,0.
1778162444.1730192,0.0000000000,1778162444.1730192,0.
1778162444.273019,0.0000000000,1778162444.273019,0.
1778162444.373019,0.0000000000,1778162444.373019,0.
1778162444.4730191,0.0000000000,1778162444.4730191,0.
1778162444.573019,0.0000000000,1778162444.573019,0.
1778162444.6730192,0.0000000000,1778162444.6730192,0.
1778162444.773019,0.0000000000,1778162444.773019,0.
1778162444.873019,0.0000000000,1778162444.873019,0.
1778162444.9730191,0.0000000000,1778162444.9730191,0.
1778162445.073019,0.0000000000,1778162445.073019,0.
1778162445.1730192,0.0000000000,1778162445.1730192,0.
1778162445.273019,0.0000000000,1778162445.273019,0.
1778162445.373019,0.0000000000,1778162445.373019,0.
1778162445.4730191,0.0000000000,1778162445.4730191,0.
1778162445.573019,0.0000000000,1778162445.573019,0.
1778162445.6730192,0.0000000000,1778162445.6730192,0.
1778162445.773019,0.0000000000,1778162445.773019,0.
1778162445.873019,0.0000000000,1778162445.873019,0.
1778162445.9730191,0.0000000000,1778162445.9730191,0.
1778162446.073019,0.0000000000,1778162446.073019,0.
1778162446.1730192,0.0000000000,1778162446.1730192,0.
1778162446.273019,0.0000000000,1778162446.273019,0.
1778162446.373019,0.0000000000,1778162446.373019,0.
1778162446.4730191,0.0000000000,1778162446.4730191,0.
1778162446.573019,0.0000000000,1778162446.573019,0.
1778162446.6730192,0.0000000000,1778162446.6730192,0.
1778162446.773019,0.0000000000,1778162446.773019,0.
1778162446.873019,0.0000000000,1778162446.873019,0.
1778162446.9730191,0.0000000000,1778162446.9730191,0.
1778162447.073019,0.0000000000,1778162447.073019,0.
1778162447.1730192,0.0000000000,1778162447.1730192,0.
1778162447.273019,0.0000000000,1778162447.273019,0.
1778162447.373019,0.0000000000,1778162447.373019,0.
1778162447.4730191,0.0000000000,1778162447.4730191,0.
1778162447.573019,0.0000000000,1778162447.573019,0.
1778162447.6730192,0.0000000000,1778162447.6730192,0.
1778162447.773019,0.0000000000,1778162447.773019,0.
1778162447.873019,0.0000000000,1778162447.873019,0.
1778162447.9730191,0.0000000000,1778162447.9730191,0.
1778162448.073019,0.0000000000,1778162448.073019,0.
1778162448.1730192,0.0000000000,1778162448.1730192,0.
1778162448.273019,0.0000000000,1778162448.273019,0.
1778162448.373019,0.0000000000,1778162448.373019,0.
1778162448.4730191,0.0000000000,1778162448.4730191,0.
1778162448.573019,0.0000000000,1778162448.573019,0.
1778162448.6730192,0.0000000000,1778162448.6730192,0.
1778162448.773019,0.0000000000,1778162448.773019,0.
1778162448.873019,0.0000000000,1778162448.873019,0.
1778162448.9730191,0.0000000000,1778162448.9730191,0.
1778162449.073019,0.0000000000,1778162449.073019,0.
1778162449.1730192,0.0000000000,1778162449.1730192,0.
1778162449.273019,0.0000000000,1778162449.273019,0.
1778162449.373019,0.0000000000,1778162449.373019,0.
1778162449.4730191,0.0000000000,1778162449.4730191,0.
1778162449.573019,0.0000000000,1778162449.573019,0.
1778162449.6730192,0.0000000000,1778162449.6730192,0.
1778162449.773019,0.0000000000,1778162449.773019,0.
1778162449.873019,0.0000000000,1778162449.873019,0.
1778162449.9730191,0.0000000000,1778162449.9730191,0.
1778162450.073019,0.0000000000,1778162450.073019,0.
1778162450.1730192,0.0000000000,1778162450.1730192,0.
1778162450.273019,0.0000000000,1778162450.273019,0.
1778162450.373019,0.0000000000,1778162450.373019,0.
1778162450.4730191,0.0000000000,1778162450.4730191,0.
1778162450.573019,0.0000000000,1778162450.573019,0.
1778162450.6730192,0.0000000000,1778162450.6730192,0.
1778162450.773019,0.0000000000,1778162450.773019,0.
1778162450.873019,0.0000000000,1778162450.873019,0.
1778162450.9730191,0.0000000000,1778162450.9730191,0.
1778162451.073019,0.0000000000,1778162451.073019,0.
1778162451.1730192,0.0000000000,1778162451.1730192,0.
1778162451.273019,0.0000000000,1778162451.273019,0.
1778162451.373019,0.0000000000,1778162451.373019,0.
1778162451.4730191,0.0000000000,1778162451.4730191,0.
1778162451.573019,0.0000000000,1778162451.573019,0.
1778162451.6730192,0.0000000000,1778162451.6730192,0.
1778162451.773019,0.0000000000,1778162451.773019,0.
1778162451.873019,0.0000000000,1778162451.873019,0.
1778162451.9730191,0.0000000000,1778162451.9730191,0.
1778162452.073019,0.0000000000,1778162452.073019,0.
1778162452.1730192,0.0000000000,1778162452.1730192,0.
1778162452.273019,0.0000000000,1778162452.273019,0.
1778162452.373019,0.0000000000,1778162452.373019,0.
1778162452.4730191,0.0000000000,1778162452.4730191,0.
1778162452.573019,0.0000000000,1778162452.573019,0.
1778162452.6730192,0.0000000000,1778162452.6730192,0.
1778162452.773019,0.0000000000,1778162452.773019,0.
1778162452.873019,0.0000000000,1778162452.873019,0.
1778162452.9730191,0.0000000000,1778162452.9730191,0.
1778162453.073019,0.0000000000,1778162453.073019,0.
1778162453.1730192,0.0000000000,1778162453.1730192,0.
1778162453.273019,0.0000000000,1778162453.273019,0.
1778162453.373019,0.0000000000,1778162453.373019,0.
1778162453.4730191,0.0000000000,1778162453.4730191,0.
1778162453.573019,0.0000000000,1778162453.573019,0.
1778162453.6730192,0.0000000000,1778162453.6730192,0.
1778162453.773019,0.0000000000,1778162453.773019,0.
1778162453.873019,0.0000000000,1778162453.873019,0.
1778162453.9730191,0.0000000000,1778162453.9730191,0.
1778162454.073019,0.0000000000,1778162454.073019,0.
1778162454.1730192,0.0000000000,1778162454.1730192,0.
1778162454.273019,0.0000000000,1778162454.273019,0.
1778162454.373019,0.0000000000,1778162454.373019,0.
1778162454.4730191,0.0000000000,1778162454.4730191,0.
1778162454.573019,0.0000000000,1778162454.573019,0.
1778162454.6730192,0.0000000000,1778162454.6730192,0.
1778162454.773019,0.0000000000,1778162454.773019,0.
1778162454.873019,0.0000000000,1778162454.873019,0.
1778162454.9730191,0.0000000000,1778162454.9730191,0.
1778162455.073019,0.0000000000,1778162455.073019,0.
1778162455.1730192,0.0000000000,1778162455.1730192,0.
1778162455.273019,0.0000000000,1778162455.273019,0.
1778162455.373019,0.0000000000,1778162455.373019,0.
1778162455.4730191,0.0000000000,1778162455.4730191,0.
1778162455.573019,0.0000000000,1778162455.573019,0.
1778162455.6730192,0.0000000000,1778162455.6730192,0.
1778162455.773019,0.0000000000,1778162455.773019,0.
1778162455.873019,0.0000000000,1778162455.873019,0.
1778162455.9730191,0.0000000000,1778162455.9730191,0.
1778162456.073019,0.0000000000,1778162456.073019,0.
1778162456.1730192,0.0000000000,1778162456.1730192,0.
1778162456.273019,0.0000000000,1778162456.273019,0.
1778162456.373019,0.0000000000,1778162456.373019,0.
1778162456.4730191,0.0000000000,1778162456.4730191,0.
1778162456.573019,0.0000000000,1778162456.573019,0.
1778162456.6730192,0.0000000000,1778162456.6730192,0.
1778162456.773019,0.0000000000,1778162456.773019,0.
1778162456.873019,0.0000000000,1778162456.873019,0.
1778162456.9730191,0.0000000000,1778162456.9730191,0.
1778162457.073019,0.0000000000,1778162457.073019,0.
1778162457.1730192,0.0000000000,1778162457.1730192,0.
1778162457.273019,0.0000000000,1778162457.273019,0.
1778162457.373019,0.0000000000,1778162457.373019,0.
1778162457.4730191,0.0000000000,1778162457.4730191,0.
1778162457.573019,0.0000000000,1778162457.573019,0.
1778162457.6730192,0.0000000000,1778162457.6730192,0.
1778162457.773019,0.0000000000,1778162457.773019,0.
1778162457.873019,0.0000000000,1778162457.873019,0.
1778162457.9730191,0.0000000000,1778162457.9730191,0.
1778162458.073019,0.0000000000,1778162458.073019,0.
1778162458.1730192,0.0000000000,1778162458.1730192,0.
1778162458.273019,0.0000000000,1778162458.273019,0.
1778162458.373019,0.0000000000,1778162458.373019,0.
1778162458.4730191,0.0000000000,1778162458.4730191,0.
1778162458.573019,0.0000000000,1778162458.573019,0.
1778162458.6730192,0.0000000000,1778162458.6730192,0.
1778162458.773019,0.0000000000,1778162458.773019,0.
1778162458.873019,0.0000000000,1778162458.873019,0.
1778162458.9730191,0.0000000000,1778162458.9730191,0.
1778162459.073019,0.0000000000,1778162459.073019,0.
1778162459.1730192,0.0000000000,1778162459.1730192,0.
1778162459.273019,0.0000000000,1778162459.273019,0.
1778162459.373019,0.0000000000,1778162459.373019,0.
1778162459.4730191,0.0000000000,1778162459.4730191,0.
1778162459.573019,0.0000000000,1778162459.573019,0.
1778162459.6730192,0.0000000000,1778162459.6730192,0.
1778162459.773019,0.0000000000,1778162459.773019,0.
1778162459.873019,0.0000000000,1778162459.873019,0.
1778162459.9730191,0.0000000000,1778162459.9730191,0.
1778162460.073019,0.0000000000,1778162460.073019,0.
1778162460.1730192,0.0000000000,1778162460.1730192,0.
1778162460.273019,0.0000000000,1778162460.273019,0.
1778162460.373019,0.0000000000,1778162460.373019,0.
1778162460.4730191,0.0000000000,1778162460.4730191,0.
1778162460.573019,0.0000000000,1778162460.573019,0.
1778162460.6730192,0.0000000000,1778162460.6730192,0.
1778162460.773019,0.0000000000,1778162460.773019,0.
1778162460.873019,0.0000000000,1778162460.873019,0.
1778162460.9730191,0.0000000000,1778162460.9730191,0.
1778162461.073019,0.0000000000,1778162461.073019,0.
1778162461.1730192,0.0000000000,1778162461.1730192,0.
1778162461.273019,0.0000000000,1778162461.273019,0.
1778162461.373019,0.0000000000,1778162461.373019,0.
1778162461.4730191,0.0000000000,1778162461.4730191,0.
1778162461.573019,0.0000000000,1778162461.573019,0.
1778162461.6730192,0.0000000000,1778162461.6730192,0.
1778162461.773019,0.0000000000,1778162461.773019,0.
1778162461.873019,0.0000000000,1778162461.873019,0.
1778162461.9730191,0.0000000000,1778162461.9730191,0.
1778162462.073019,0.0000000000,1778162462.073019,0.
1778162462.1730192,0.0000000000,1778162462.1730192,0.
1778162462.273019,0.0000000000,1778162462.273019,0.
1778162462.373019,0.0000000000,1778162462.373019,0.
1778162462.4730191,0.0000000000,1778162462.4730191,0.
1778162462.573019,0.0000000000,1778162462.573019,0.
1778162462.6730192,0.0000000000,1778162462.6730192,0.
1778162462.773019,0.0000000000,1778162462.773019,0.
1778162462.873019,0.0000000000,1778162462.873019,0.
1778162462.9730191,0.0000000000,1778162462.9730191,0.
1778162463.073019,0.0000000000,1778162463.073019,0.
1778162463.1730192,0.0000000000,1778162463.1730192,0.
1778162463.273019,0.0000000000,1778162463.273019,0.
1778162463.373019,0.0000000000,1778162463.373019,0.
1778162463.4730191,0.0000000000,1778162463.4730191,0.
1778162463.573019,0.0000000000,1778162463.573019,0.
1778162463.6730192,0.0000000000,1778162463.6730192,0.
1778162463.773019,0.0000000000,1778162463.773019,0.
1778162463.873019,0.0000000000,1778162463.873019,0.
1778162463.9730191,0.0000000000,1778162463.9730191,0.
1778162464.073019,0.0000000000,1778162464.073019,0.
1778162464.1730192,0.0000000000,1778162464.1730192,0.
1778162464.273019,0.0000000000,1778162464.273019,0.
1778162464.373019,0.0000000000,1778162464.373019,0.
1778162464.4730191,0.0000000000,1778162464.4730191,0.
1778162464.573019,0.0000000000,1778162464.573019,0.
1778162464.6730192,0.0000000000,1778162464.6730192,0.
1778162464.773019,0.0000000000,1778162464.773019,0.
1778162464.873019,0.0000000000,1778162464.873019,0.
1778162464.9730191,0.0000000000,1778162464.9730191,0.
1778162465.073019,0.0000000000,1778162465.073019,0.
1778162465.1730192,0.0000000000,1778162465.1730192,0.
1778162465.273019,0.0000000000,1778162465.273019,0.
1778162465.373019,0.0000000000,1778162465.373019,0.
1778162465.4730191,0.0000000000,1778162465.4730191,0.
1778162465.573019,0.0000000000,1778162465.573019,0.
1778162465.6730192,0.0000000000,1778162465.6730192,0.
1778162465.773019,0.0000000000,1778162465.773019,0.
1778162465.873019,0.0000000000,1778162465.873019,0.
1778162465.9730191,0.0000000000,1778162465.9730191,0.
1778162466.073019,0.0000000000,1778162466.073019,0.
1778162466.1730192,0.0000000000,1778162466.1730192,0.
1778162466.273019,0.0000000000,1778162466.273019,0.
1778162466.373019,0.0000000000,1778162466.373019,0.
1778162466.4730191,0.0000000000,1778162466.4730191,0.
1778162466.573019,0.0000000000,1778162466.573019,0.
1778162466.6730192,0.0000000000,1778162466.6730192,0.
1778162466.773019,0.0000000000,1778162466.773019,0.
1778162466.873019,0.0000000000,1778162466.873019,0.
1778162466.9730191,0.0000000000,1778162466.9730191,0.
1778162467.073019,0.0000000000,1778162467.073019,0.
1778162467.1730192,0.0000000000,1778162467.1730192,0.
1778162467.273019,0.0000000000,1778162467.273019,0.
1778162467.373019,0.0000000000,1778162467.373019,0.
1778162467.4730191,0.0000000000,1778162467.4730191,0.
1778162467.573019,0.0000000000,1778162467.573019,0.
1778162467.6730192,0.0000000000,1778162467.6730192,0.
1778162467.773019,0.0000000000,1778162467.773019,0.
1778162467.873019,0.0000000000,1778162467.873019,0.
1778162467.9730191,0.0000000000,1778162467.9730191,0.
1778162468.073019,0.0000000000,1778162468.073019,0.
1778162468.1730192,0.0000000000,1778162468.1730192,0.
1778162468.273019,0.0000000000,1778162468.273019,0.
1778162468.373019,0.0000000000,1778162468.373019,0.
1778162468.4730191,0.0000000000,1778162468.4730191,0.
1778162468.573019,0.0000000000,1778162468.573019,0.
1778162468.6730192,0.0000000000,1778162468.6730192,0.
1778162468.773019,0.0000000000,1778162468.773019,0.
1778162468.873019,0.0000000000,1778162468.873019,0.
1778162468.9730191,0.0000000000,1778162468.9730191,0.
1778162469.073019,0.0000000000,1778162469.073019,0.
1778162469.1730192,0.0000000000,1778162469.1730192,0.
1778162469.273019,0.0000000000,1778162469.273019,0.
1778162469.373019,0.0000000000,1778162469.373019,0.
1778162469.4730191,0.0000000000,1778162469.4730191,0.
1778162469.573019,0.0000000000,1778162469.573019,0.
1778162469.6730192,0.0000000000,1778162469.6730192,0.
1778162469.773019,0.0000000000,1778162469.773019,0.
1778162469.873019,0.0000000000,1778162469.873019,0.
1778162469.9730191,0.0000000000,1778162469.9730191,0.
1778162470.073019,0.0000000000,1778162470.073019,0.
1778162470.1730192,0.0000000000,1778162470.1730192,0.
1778162470.273019,0.0000000000,1778162470.273019,0.
1778162470.373019,0.0000000000,1778162470.373019,0.
1778162470.4730191,0.0000000000,1778162470.4730191,0.
1778162470.573019,0.0000000000,1778162470.573019,0.
1778162470.6730192,0.0000000000,1778162470.6730192,0.
1778162470.773019,0.0000000000,1778162470.773019,0.
1778162470.873019,0.0000000000,1778162470.873019,0.
1778162470.9730191,0.0000000000,1778162470.9730191,0.
1778162471.073019,0.0000000000,1778162471.073019,0.
1778162471.1730192,0.0000000000,1778162471.1730192,0.
1778162471.273019,0.0000000000,1778162471.273019,0.
1778162471.373019,0.0000000000,1778162471.373019,0.
1778162471.4730191,0.0000000000,1778162471.4730191,0.
1778162471.573019,0.0000000000,1778162471.573019,0.
1778162471.6730192,0.0000000000,1778162471.6730192,0.
1778162471.773019,0.0000000000,1778162471.773019,0.
1778162471.873019,0.0000000000,1778162471.873019,0.
1778162471.9730191,0.0000000000,1778162471.9730191,0.
1778162472.073019,0.0000000000,1778162472.073019,0.
1778162472.1730192,0.0000000000,1778162472.1730192,0.
1778162472.273019,0.0000000000,1778162472.273019,0.
1778162472.373019,0.0000000000,1778162472.373019,0.
1778162472.4730191,0.0000000000,1778162472.4730191,0.
1778162472.573019,0.0000000000,1778162472.573019,0.
1778162472.6730192,0.0000000000,1778162472.6730192,0.
1778162472.773019,0.0000000000,1778162472.773019,0.
1778162472.873019,0.0000000000,1778162472.873019,0.
1778162472.9730191,0.0000000000,1778162472.9730191,0.
1778162473.073019,0.0000000000,1778162473.073019,0.
1778162473.1730192,0.0000000000,1778162473.1730192,0.
1778162473.273019,0.0000000000,1778162473.273019,0.
1778162473.373019,0.0000000000,1778162473.373019,0.
1778162473.4730191,0.0000000000,1778162473.4730191,0.
1778162473.573019,0.0000000000,1778162473.573019,0.
1778162473.6730192,0.0000000000,1778162473.6730192,0.
1778162473.773019,0.0000000000,1778162473.773019,0.
1778162473.873019,0.0000000000,1778162473.873019,0.
1778162473.9730191,0.0000000000,1778162473.9730191,0.
1778162474.073019,0.0000000000,1778162474.073019,0.
1778162474.1730192,0.0000000000,1778162474.1730192,0.
1778162474.273019,0.0000000000,1778162474.273019,0.
1778162474.373019,0.0000000000,1778162474.373019,0.
1778162474.4730191,0.0000000000,1778162474.4730191,0.
1778162474.573019,0.0000000000,1778162474.573019,0.
1778162474.6730192,0.0000000000,1778162474.6730192,0.
1778162474.773019,0.0000000000,1778162474.773019,0.
1778162474.873019,0.0000000000,1778162474.873019,0.
1778162474.9730191,0.0000000000,1778162474.9730191,0.
1778162475.073019,0.0000000000,1778162475.073019,0.
1778162475.1730192,0.0000000000,1778162475.1730192,0.
1778162475.273019,0.0000000000,1778162475.273019,0.
1778162475.373019,0.0000000000,1778162475.373019,0.
1778162475.4730191,0.0000000000,1778162475.4730191,0.
1778162475.573019,0.0000000000,1778162475.573019,0.
1778162475.6730192,0.0000000000,1778162475.6730192,0.
1778162475.773019,0.0000000000,1778162475.773019,0.
1778162475.873019,0.0000000000,1778162475.873019,0.
1778162475.9730191,0.0000000000,1778162475.9730191,0.
1778162476.073019,0.0000000000,1778162476.073019,0.
1778162476.1730192,0.0000000000,1778162476.1730192,0.
1778162476.273019,0.0000000000,1778162476.273019,0.
1778162476.373019,0.0000000000,1778162476.373019,0.
1778162476.4730191,0.0000000000,1778162476.4730191,0.
1778162476.573019,0.0000000000,1778162476.573019,0.
1778162476.6730192,0.0000000000,1778162476.6730192,0.
1778162476.773019,0.0000000000,1778162476.773019,0.
1778162476.873019,0.0000000000,1778162476.873019,0.
1778162476.9730191,0.0000000000,1778162476.9730191,0.
1778162477.073019,0.0000000000,1778162477.073019,0.
1778162477.1730192,0.0000000000,1778162477.1730192,0.
1778162477.273019,0.0000000000,1778162477.273019,0.
1778162477.373019,0.0000000000,1778162477.373019,0.
1778162477.4730191,0.0000000000,1778162477.4730191,0.
1778162477.573019,0.0000000000,1778162477.573019,0.
1778162477.6730192,0.0000000000,1778162477.6730192,0.
1778162477.773019,0.0000000000,1778162477.773019,0.
1778162477.873019,0.0000000000,1778162477.873019,0.
1778162477.9730191,0.0000000000,1778162477.9730191,0.
1778162478.073019,0.0000000000,1778162478.073019,0.
1778162478.1730192,0.0000000000,1778162478.1730192,0.
1778162478.273019,0.0000000000,1778162478.273019,0.
1778162478.373019,0.0000000000,1778162478.373019,0.
1778162478.4730191,0.0000000000,1778162478.4730191,0.
1778162478.573019,0.0000000000,1778162478.573019,0.
1778162478.6730192,0.0000000000,1778162478.6730192,0.
1778162478.773019,0.0000000000,1778162478.773019,0.
1778162478.873019,0.0000000000,1778162478.873019,0.
1778162478.9730191,0.0000000000,1778162478.9730191,0.
1778162479.073019,0.0000000000,1778162479.073019,0.
1778162479.1730192,0.0000000000,1778162479.1730192,0.
1778162479.273019,0.0000000000,1778162479.273019,0.
1778162479.373019,0.0000000000,1778162479.373019,0.
1778162479.4730191,0.0000000000,1778162479.4730191,0.
1778162479.573019,0.0000000000,1778162479.573019,0.
1778162479.6730192,0.0000000000,1778162479.6730192,0.
1778162479.773019,0.0000000000,1778162479.773019,0.
1778162479.873019,0.0000000000,1778162479.873019,0.
1778162479.9730191,0.0000000000,1778162479.9730191,0.
1778162480.073019,0.0000000000,1778162480.073019,0.
1778162480.1730192,0.0000000000,1778162480.1730192,0.
1778162480.273019,0.0000000000,1778162480.273019,0.
1778162480.373019,0.0000000000,1778162480.373019,0.
1778162480.4730191,0.0000000000,1778162480.4730191,0.
1778162480.573019,0.0000000000,1778162480.573019,0.
1778162480.6730192,0.0000000000,1778162480.6730192,0.
1778162480.773019,0.0000000000,1778162480.773019,0.
1778162480.873019,0.0000000000,1778162480.873019,0.
1778162480.9730191,0.0000000000,1778162480.9730191,0.
1778162481.073019,0.0000000000,1778162481.073019,0.
1778162481.1730192,0.0000000000,1778162481.1730192,0.
1778162481.273019,0.0000000000,1778162481.273019,0.
1778162481.373019,0.0000000000,1778162481.373019,0.
1778162481.4730191,0.0000000000,1778162481.4730191,0.
1778162481.573019,0.0000000000,1778162481.573019,0.
1778162481.6730192,0.0000000000,1778162481.6730192,0.
1778162481.773019,0.0000000000,1778162481.773019,0.
1778162481.873019,0.0000000000,1778162481.873019,0.
1778162481.9730191,0.0000000000,1778162481.9730191,0.
1778162482.073019,0.0000000000,1778162482.073019,0.
1778162482.1730192,0.0000000000,1778162482.1730192,0.
1778162482.273019,0.0000000000,1778162482.273019,0.
1778162482.373019,0.0000000000,1778162482.373019,0.
1778162482.4730191,0.0000000000,1778162482.4730191,0.
1778162482.573019,0.0000000000,1778162482.573019,0.
1778162482.6730192,0.0000000000,1778162482.6730192,0.
1778162482.773019,0.0000000000,1778162482.773019,0.
1778162482.873019,0.0000000000,1778162482.873019,0.
1778162482.9730191,0.0000000000,1778162482.9730191,0.
1778162483.073019,0.0000000000,1778162483.073019,0.
1778162483.1730192,0.0000000000,1778162483.1730192,0.
1778162483.273019,0.0000000000,1778162483.273019,0.
1778162483.373019,0.0000000000,1778162483.373019,0.
1778162483.4730191,0.0000000000,1778162483.4730191,0.
1778162483.573019,0.0000000000,1778162483.573019,0.
1778162483.6730192,0.0000000000,1778162483.6730192,0.
1778162483.773019,0.0000000000,1778162483.773019,0.
1778162483.873019,0.0000000000,1778162483.873019,0.
1778162483.9730191,0.0000000000,1778162483.9730191,0.
1778162484.073019,0.0000000000,1778162484.073019,0.
1778162484.1730192,0.0000000000,1778162484.1730192,0.
1778162484.273019,0.0000000000,1778162484.273019,0.
1778162484.373019,0.0000000000,1778162484.373019,0.
1778162484.4730191,0.0000000000,1778162484.4730191,0.
1778162484.573019,0.0000000000,1778162484.573019,0.
1778162484.6730192,0.0000000000,1778162484.6730192,0.
1778162484.773019,0.0000000000,1778162484.773019,0.
1778162484.873019,0.0000000000,1778162484.873019,0.
1778162484.9730191,0.0000000000,1778162484.9730191,0.
1778162485.073019,0.0000000000,1778162485.073019,0.
1778162485.1730192,0.0000000000,1778162485.1730192,0.
1778162485.273019,0.0000000000,1778162485.273019,0.
1778162485.373019,0.0000000000,1778162485.373019,0.
1778162485.4730191,0.0000000000,1778162485.4730191,0.
1778162485.573019,0.0000000000,1778162485.573019,0.
1778162485.6730192,0.0000000000,1778162485.6730192,0.
1778162485.773019,0.0000000000,1778162485.773019,0.
1778162485.873019,0.0000000000,1778162485.873019,0.
1778162485.9730191,0.0000000000,1778162485.9730191,0.
1778162486.073019,0.0000000000,1778162486.073019,0.
1778162486.1730192,0.0000000000,1778162486.1730192,0.
1778162486.273019,0.0000000000,1778162486.273019,0.
1778162486.373019,0.0000000000,1778162486.373019,0.
1778162486.4730191,0.0000000000,1778162486.4730191,0.
1778162486.573019,0.0000000000,1778162486.573019,0.
1778162486.6730192,0.0000000000,1778162486.6730192,0.
1778162486.773019,0.0000000000,1778162486.773019,0.
1778162486.873019,0.0000000000,1778162486.873019,0.
1778162486.9730191,0.0000000000,1778162486.9730191,0.
1778162487.073019,0.0000000000,1778162487.073019,0.
1778162487.1730192,0.0000000000,1778162487.1730192,0.
1778162487.273019,0.0000000000,1778162487.273019,0.
1778162487.373019,0.0000000000,1778162487.373019,0.
1778162487.4730191,0.0000000000,1778162487.4730191,0.
1778162487.573019,0.0000000000,1778162487.573019,0.
1778162487.6730192,0.0000000000,1778162487.6730192,0.
1778162487.773019,0.0000000000,1778162487.773019,0.
1778162487.873019,0.0000000000,1778162487.873019,0.
1778162487.9730191,0.0000000000,1778162487.9730191,0.
1778162488.073019,0.0000000000,1778162488.073019,0.
1778162488.1730192,0.0000000000,1778162488.1730192,0.
1778162488.273019,0.0000000000,1778162488.273019,0.
1778162488.373019,0.0000000000,1778162488.373019,0.
1778162488.4730191,0.0000000000,1778162488.4730191,0.
1778162488.573019,0.0000000000,1778162488.573019,0.
1778162488.6730192,0.0000000000,1778162488.6730192,0.
1778162488.773019,0.0000000000,1778162488.773019,0.
1778162488.873019,0.0000000000,1778162488.873019,0.
1778162488.9730191,0.0000000000,1778162488.9730191,0.
1778162489.073019,0.0000000000,1778162489.073019,0.
1778162489.1730192,0.0000000000,1778162489.1730192,0.
1778162489.273019,0.0000000000,1778162489.273019,0.
1778162489.373019,0.0000000000,1778162489.373019,0.
1778162489.4730191,0.0000000000,1778162489.4730191,0.
1778162489.573019,0.0000000000,1778162489.573019,0.
1778162489.6730192,0.0000000000,1778162489.6730192,0.
1778162489.773019,0.0000000000,1778162489.773019,0.
1778162489.873019,0.0000000000,1778162489.873019,0.
1778162489.9730191,0.0000000000,1778162489.9730191,0.
1778162490.073019,0.0000000000,1778162490.073019,0.
1778162490.1730192,0.0000000000,1778162490.1730192,0.
1778162490.273019,0.0000000000,1778162490.273019,0.
1778162490.373019,0.0000000000,1778162490.373019,0.
1778162490.4730191,0.0000000000,1778162490.4730191,0.
1778162490.573019,0.0000000000,1778162490.573019,0.
1778162490.6730192,0.0000000000,1778162490.6730192,0.
1778162490.773019,0.0000000000,1778162490.773019,0.
1778162490.873019,0.0000000000,1778162490.873019,0.
1778162490.9730191,0.0000000000,1778162490.9730191,0.
1778162491.073019,0.0000000000,1778162491.073019,0.
1778162491.1730192,0.0000000000,1778162491.1730192,0.
1778162491.273019,0.0000000000,1778162491.273019,0.
1778162491.373019,0.0000000000,1778162491.373019,0.
1778162491.4730191,0.0000000000,1778162491.4730191,0.
1778162491.573019,0.0000000000,1778162491.573019,0.
1778162491.6730192,0.0000000000,1778162491.6730192,0.
1778162491.773019,0.0000000000,1778162491.773019,0.
1778162491.873019,0.0000000000,1778162491.873019,0.
1778162491.9730191,0.0000000000,1778162491.9730191,0.
1778162492.073019,0.0000000000,1778162492.073019,0.
1778162492.1730192,0.0000000000,1778162492.1730192,0.
1778162492.273019,0.0000000000,1778162492.273019,0.
1778162492.373019,0.0000000000,1778162492.373019,0.
1778162492.4730191,0.0000000000,1778162492.4730191,0.
1778162492.573019,0.0000000000,1778162492.573019,0.
1778162492.6730192,0.0000000000,1778162492.6730192,0.
1778162492.773019,0.0000000000,1778162492.773019,0.
1778162492.873019,0.0000000000,1778162492.873019,0.
1778162492.9730191,0.0000000000,1778162492.9730191,0.
1778162493.073019,0.0000000000,1778162493.073019,0.
1778162493.1730192,0.0000000000,1778162493.1730192,0.
1778162493.273019,0.0000000000,1778162493.273019,0.
1778162493.373019,0.0000000000,1778162493.373019,0.
1778162493.4730191,0.0000000000,1778162493.4730191,0.
1778162493.573019,0.0000000000,1778162493.573019,0.
1778162493.6730192,0.0000000000,1778162493.6730192,0.
1778162493.773019,0.0000000000,1778162493.773019,0.
1778162493.873019,0.0000000000,1778162493.873019,0.
1778162493.9730191,0.0000000000,1778162493.9730191,0.
1778162494.073019,0.0000000000,1778162494.073019,0.
1778162494.1730192,0.0000000000,1778162494.1730192,0.
1778162494.273019,0.0000000000,1778162494.273019,0.
1778162494.373019,0.0000000000,1778162494.373019,0.
1778162494.4730191,0.0000000000,1778162494.4730191,0.
1778162494.573019,0.0000000000,1778162494.573019,0.
1778162494.6730192,0.0000000000,1778162494.6730192,0.
1778162494.773019,0.0000000000,1778162494.773019,0.
1778162494.873019,0.0000000000,1778162494.873019,0.
1778162494.9730191,0.0000000000,1778162494.9730191,0.
1778162495.073019,0.0000000000,1778162495.073019,0.
1778162495.1730192,0.0000000000,1778162495.1730192,0.
1778162495.273019,0.0000000000,1778162495.273019,0.
1778162495.373019,0.0000000000,1778162495.373019,0.
1778162495.4730191,0.0000000000,1778162495.4730191,0.
1778162495.573019,0.0000000000,1778162495.573019,0.
1778162495.6730192,0.0000000000,1778162495.6730192,0.
1778162495.773019,0.0000000000,1778162495.773019,0.
1778162495.873019,0.0000000000,1778162495.873019,0.
1778162495.9730191,0.0000000000,1778162495.9730191,0.
1778162496.073019,0.0000000000,1778162496.073019,0.
1778162496.1730192,0.0000000000,1778162496.1730192,0.
1778162496.273019,0.0000000000,1778162496.273019,0.
1778162496.373019,0.0000000000,1778162496.373019,0.
1778162496.4730191,0.0000000000,1778162496.4730191,0.
1778162496.573019,0.0000000000,1778162496.573019,0.
1778162496.6730192,0.0000000000,1778162496.6730192,0.
1778162496.773019,0.0000000000,1778162496.773019,0.
1778162496.873019,0.0000000000,1778162496.873019,0.
1778162496.9730191,0.0000000000,1778162496.9730191,0.
1778162497.073019,0.0000000000,1778162497.073019,0.
1778162497.1730192,0.0000000000,1778162497.1730192,0.
1778162497.273019,0.0000000000,1778162497.273019,0.
1778162497.373019,0.0000000000,1778162497.373019,0.
1778162497.4730191,0.0000000000,1778162497.4730191,0.
1778162497.573019,0.0000000000,1778162497.573019,0.
1778162497.6730192,0.0000000000,1778162497.6730192,0.
1778162497.773019,0.0000000000,1778162497.773019,0.
1778162497.873019,0.0000000000,1778162497.873019,0.
1778162497.9730191,0.0000000000,1778162497.9730191,0.
1778162498.073019,0.0000000000,1778162498.073019,0.
1778162498.1730192,0.0000000000,1778162498.1730192,0.
1778162498.273019,0.0000000000,1778162498.273019,0.
1778162498.373019,0.0000000000,1778162498.373019,0.
1778162498.4730191,0.0000000000,1778162498.4730191,0.
1778162498.573019,0.0000000000,1778162498.573019,0.
1778162498.6730192,0.0000000000,1778162498.6730192,0.
1778162498.773019,0.0000000000,1778162498.773019,0.
1778162498.873019,0.0000000000,1778162498.873019,0.
1778162498.9730191,0.0000000000,1778162498.9730191,0.
1778162499.073019,0.0000000000,1778162499.073019,0.
1778162499.1730192,0.0000000000,1778162499.1730192,0.
1778162499.273019,0.0000000000,1778162499.273019,0.
1778162499.373019,0.0000000000,1778162499.373019,0.
1778162499.4730191,0.0000000000,1778162499.4730191,0.
1778162499.573019,0.0000000000,1778162499.573019,0.
1778162499.6730192,0.0000000000,1778162499.6730192,0.
1778162499.773019,0.0000000000,1778162499.773019,0.
1778162499.873019,0.0000000000,1778162499.873019,0.
1778162499.9730191,0.0000000000,1778162499.9730191,0.
1778162500.073019,0.0000000000,1778162500.073019,0.
1778162500.1730192,0.0000000000,1778162500.1730192,0.
1778162500.273019,0.0000000000,1778162500.273019,0.
1778162500.373019,0.0000000000,1778162500.373019,0.
1778162500.4730191,0.0000000000,1778162500.4730191,0.
1778162500.573019,0.0000000000,1778162500.573019,0.
1778162500.6730192,0.0000000000,1778162500.6730192,0.
1778162500.773019,0.0000000000,1778162500.773019,0.
1778162500.873019,0.0000000000,1778162500.873019,0.
1778162500.9730191,0.0000000000,1778162500.9730191,0.
1778162501.073019,0.0000000000,1778162501.073019,0.
1778162501.1730192,0.0000000000,1778162501.1730192,0.
1778162501.273019,0.0000000000,1778162501.273019,0.
1778162501.373019,0.0000000000,1778162501.373019,0.
1778162501.4730191,0.0000000000,1778162501.4730191,0.
1778162501.573019,0.0000000000,1778162501.573019,0.
1778162501.6730192,0.0000000000,1778162501.6730192,0.
1778162501.773019,0.0000000000,1778162501.773019,0.
1778162501.873019,0.0000000000,1778162501.873019,0.
1778162501.9730191,0.0000000000,1778162501.9730191,0.
1778162502.073019,0.0000000000,1778162502.073019,0.
1778162502.1730192,0.0000000000,1778162502.1730192,0.
1778162502.273019,0.0000000000,1778162502.273019,0.
1778162502.373019,0.0000000000,1778162502.373019,0.
1778162502.4730191,0.0000000000,1778162502.4730191,0.
1778162502.573019,0.0000000000,1778162502.573019,0.
1778162502.6730192,0.0000000000,1778162502.6730192,0.
1778162502.773019,0.0000000000,1778162502.773019,0.
1778162502.873019,0.0000000000,1778162502.873019,0.
1778162502.9730191,0.0000000000,1778162502.9730191,0.
1778162503.073019,0.0000000000,1778162503.073019,0.
1778162503.1730192,0.0000000000,1778162503.1730192,0.
1778162503.273019,0.0000000000,1778162503.273019,0.
1778162503.373019,0.0000000000,1778162503.373019,0.
1778162503.4730191,0.0000000000,1778162503.4730191,0.
1778162503.573019,0.0000000000,1778162503.573019,0.
1778162503.6730192,0.0000000000,1778162503.6730192,0.
1778162503.773019,0.0000000000,1778162503.773019,0.
1778162503.873019,0.0000000000,1778162503.873019,0.
1778162503.9730191,0.0000000000,1778162503.9730191,0.
1778162504.073019,0.0000000000,1778162504.073019,0.
1778162504.1730192,0.0000000000,1778162504.1730192,0.
1778162504.273019,0.0000000000,1778162504.273019,0.
1778162504.373019,0.0000000000,1778162504.373019,0.
1778162504.4730191,0.0000000000,1778162504.4730191,0.
1778162504.573019,0.0000000000,1778162504.573019,0.
1778162504.6730192,0.0000000000,1778162504.6730192,0.
1778162504.773019,0.0000000000,1778162504.773019,0.
1778162504.873019,0.0000000000,1778162504.873019,0.
1778162504.9730191,0.0000000000,1778162504.9730191,0.
1778162505.073019,0.0000000000,1778162505.073019,0.
1778162505.1730192,0.0000000000,1778162505.1730192,0.
1778162505.273019,0.0000000000,1778162505.273019,0.
1778162505.373019,0.0000000000,1778162505.373019,0.
1778162505.4730191,0.0000000000,1778162505.4730191,0.
1778162505.573019,0.0000000000,1778162505.573019,0.
1778162505.6730192,0.0000000000,1778162505.6730192,0.
1778162505.773019,0.0000000000,1778162505.773019,0.
1778162505.873019,0.0000000000,1778162505.873019,0.
1778162505.9730191,0.0000000000,1778162505.9730191,0.
1778162506.073019,0.0000000000,1778162506.073019,0.
1778162506.1730192,0.0000000000,1778162506.1730192,0.
1778162506.273019,0.0000000000,1778162506.273019,0.
1778162506.373019,0.0000000000,1778162506.373019,0.
1778162506.4730191,0.0000000000,1778162506.4730191,0.
1778162506.573019,0.0000000000,1778162506.573019,0.
1778162506.6730192,0.0000000000,1778162506.6730192,0.
1778162506.773019,0.0000000000,1778162506.773019,0.
1778162506.873019,0.0000000000,1778162506.873019,0.
1778162506.9730191,0.0000000000,1778162506.9730191,0.
1778162507.073019,0.0000000000,1778162507.073019,0.
1778162507.1730192,0.0000000000,1778162507.1730192,0.
1778162507.273019,0.0000000000,1778162507.273019,0.
1778162507.373019,0.0000000000,1778162507.373019,0.
1778162507.4730191,0.0000000000,1778162507.4730191,0.
1778162507.573019,0.0000000000,1778162507.573019,0.
1778162507.6730192,0.0000000000,1778162507.6730192,0.
1778162507.773019,0.0000000000,1778162507.773019,0.
1778162507.873019,0.0000000000,1778162507.873019,0.
1778162507.9730191,0.0000000000,1778162507.9730191,0.
1778162508.073019,0.0000000000,1778162508.073019,0.
1778162508.1730192,0.0000000000,1778162508.1730192,0.
1778162508.273019,0.0000000000,1778162508.273019,0.
1778162508.373019,0.0000000000,1778162508.373019,0.
1778162508.4730191,0.0000000000,1778162508.4730191,0.
1778162508.573019,0.0000000000,1778162508.573019,0.
1778162508.6730192,0.0000000000,1778162508.6730192,0.
1778162508.773019,0.0000000000,1778162508.773019,0.
1778162508.873019,0.0000000000,1778162508.873019,0.
1778162508.9730191,0.0000000000,1778162508.9730191,0.
1778162509.073019,0.0000000000,1778162509.073019,0.
1778162509.1730192,0.0000000000,1778162509.1730192,0.
1778162509.273019,0.0000000000,1778162509.273019,0.
1778162509.373019,0.0000000000,1778162509.373019,0.
1778162509.4730191,0.0000000000,1778162509.4730191,0.
1778162509.573019,0.0000000000,1778162509.573019,0.
1778162509.6730192,0.0000000000,1778162509.6730192,0.
1778162509.773019,0.0000000000,1778162509.773019,0.
1778162509.873019,0.0000000000,1778162509.873019,0.
1778162509.9730191,0.0000000000,1778162509.9730191,0.
1778162510.073019,0.0000000000,1778162510.073019,0.
1778162510.1730192,0.0000000000,1778162510.1730192,0.
1778162510.273019,0.0000000000,1778162510.273019,0.
1778162510.373019,0.0000000000,1778162510.373019,0.
1778162510.4730191,0.0000000000,1778162510.4730191,0.
1778162510.573019,0.0000000000,1778162510.573019,0.
1778162510.6730192,0.0000000000,1778162510.6730192,0.
1778162510.773019,0.0000000000,1778162510.773019,0.
1778162510.873019,0.0000000000,1778162510.873019,0.
1778162510.9730191,0.0000000000,1778162510.9730191,0.
1778162511.073019,0.0000000000,1778162511.073019,0.
1778162511.1730192,0.0000000000,1778162511.1730192,0.
1778162511.273019,0.0000000000,1778162511.273019,0.
1778162511.373019,0.0000000000,1778162511.373019,0.
1778162511.4730191,0.0000000000,1778162511.4730191,0.
1778162511.573019,0.0000000000,1778162511.573019,0.
1778162511.6730192,0.0000000000,1778162511.6730192,0.
1778162511.773019,0.0000000000,1778162511.773019,0.
1778162511.873019,0.0000000000,1778162511.873019,0.
1778162511.9730191,0.0000000000,1778162511.9730191,0.
1778162512.073019,0.0000000000,1778162512.073019,0.
1778162512.1730192,0.0000000000,1778162512.1730192,0.
1778162512.273019,0.0000000000,1778162512.273019,0.
1778162512.373019,0.0000000000,1778162512.373019,0.
1778162512.4730191,0.0000000000,1778162512.4730191,0.
1778162512.573019,0.0000000000,1778162512.573019,0.
1778162512.6730192,0.0000000000,1778162512.6730192,0.
1778162512.773019,0.0000000000,1778162512.773019,0.
1778162512.873019,0.0000000000,1778162512.873019,0.
1778162512.9730191,0.0000000000,1778162512.9730191,0.
1778162513.073019,0.0000000000,1778162513.073019,0.
1778162513.1730192,0.0000000000,1778162513.1730192,0.
1778162513.273019,0.0000000000,1778162513.273019,0.
1778162513.373019,0.0000000000,1778162513.373019,0.
1778162513.4730191,0.0000000000,1778162513.4730191,0.
1778162513.573019,0.0000000000,1778162513.573019,0.
1778162513.6730192,0.0000000000,1778162513.6730192,0.
1778162513.773019,0.0000000000,1778162513.773019,0.
1778162513.873019,0.0000000000,1778162513.873019,0.
1778162513.9730191,0.0000000000,1778162513.9730191,0.
1778162514.073019,0.0000000000,1778162514.073019,0.
1778162514.1730192,0.0000000000,1778162514.1730192,0.
1778162514.273019,0.0000000000,1778162514.273019,0.
1778162514.373019,0.0000000000,1778162514.373019,0.
1778162514.4730191,0.0000000000,1778162514.4730191,0.
1778162514.573019,0.0000000000,1778162514.573019,0.
1778162514.6730192,0.0000000000,1778162514.6730192,0.
1778162514.773019,0.0000000000,1778162514.773019,0.
1778162514.873019,0.0000000000,1778162514.873019,0.
1778162514.9730191,0.0000000000,1778162514.9730191,0.
1778162515.073019,0.0000000000,1778162515.073019,0.
1778162515.1730192,0.0000000000,1778162515.1730192,0.
1778162515.273019,0.0000000000,1778162515.273019,0.
1778162515.373019,0.0000000000,1778162515.373019,0.
1778162515.4730191,0.0000000000,1778162515.4730191,0.
1778162515.573019,0.0000000000,1778162515.573019,0.
1778162515.6730192,0.0000000000,1778162515.6730192,0.
1778162515.773019,0.0000000000,1778162515.773019,0.
1778162515.873019,0.0000000000,1778162515.873019,0.
1778162515.9730191,0.0000000000,1778162515.9730191,0.
1778162516.073019,0.0000000000,1778162516.073019,0.
1778162516.1730192,0.0000000000,1778162516.1730192,0.
1778162516.273019,0.0000000000,1778162516.273019,0.
1778162516.373019,0.0000000000,1778162516.373019,0.
1778162516.4730191,0.0000000000,1778162516.4730191,0.
1778162516.573019,0.0000000000,1778162516.573019,0.
1778162516.6730192,0.0000000000,1778162516.6730192,0.
1778162516.773019,0.0000000000,1778162516.773019,0.
1778162516.873019,0.0000000000,1778162516.873019,0.
1778162516.9730191,0.0000000000,1778162516.9730191,0.
1778162517.073019,0.0000000000,1778162517.073019,0.
1778162517.1730192,0.0000000000,1778162517.1730192,0.
1778162517.273019,0.0000000000,1778162517.273019,0.
1778162517.373019,0.0000000000,1778162517.373019,0.
1778162517.4730191,0.0000000000,1778162517.4730191,0.
1778162517.573019,0.0000000000,1778162517.573019,0.
1778162517.6730192,0.0000000000,1778162517.6730192,0.
1778162517.773019,0.0000000000,1778162517.773019,0.
1778162517.873019,0.0000000000,1778162517.873019,0.
1778162517.9730191,0.0000000000,1778162517.9730191,0.
1778162518.073019,0.0000000000,1778162518.073019,0.
1778162518.1730192,0.0000000000,1778162518.1730192,0.
1778162518.273019,0.0000000000,1778162518.273019,0.
1778162518.373019,0.0000000000,1778162518.373019,0.
1778162518.4730191,0.0000000000,1778162518.4730191,0.
1778162518.573019,0.0000000000,1778162518.573019,0.
1778162518.6730192,0.0000000000,1778162518.6730192,0.
1778162518.773019,0.0000000000,1778162518.773019,0.
1778162518.873019,0.0000000000,1778162518.873019,0.
1778162518.9730191,0.0000000000,1778162518.9730191,0.
1778162519.073019,0.0000000000,1778162519.073019,0.
1778162519.1730192,0.0000000000,1778162519.1730192,0.
1778162519.273019,0.0000000000,1778162519.273019,0.
1778162519.373019,0.0000000000,1778162519.373019,0.
1778162519.4730191,0.0000000000,1778162519.4730191,0.
1778162519.573019,0.0000000000,1778162519.573019,0.
1778162519.6730192,0.0000000000,1778162519.6730192,0.
1778162519.773019,0.0000000000,1778162519.773019,0.
1778162519.873019,0.0000000000,1778162519.873019,0.
1778162519.9730191,0.0000000000,1778162519.9730191,0.
1778162520.073019,0.0000000000,1778162520.073019,0.
1778162520.1730192,0.0000000000,1778162520.1730192,0.
1778162520.273019,0.0000000000,1778162520.273019,0.
1778162520.373019,0.0000000000,1778162520.373019,0.
1778162520.4730191,0.0000000000,1778162520.4730191,0.
1778162520.573019,0.0000000000,1778162520.573019,0.
1778162520.6730192,0.0000000000,1778162520.6730192,0.
1778162520.773019,0.0000000000,1778162520.773019,0.
1778162520.873019,0.0000000000,1778162520.873019,0.
1778162520.9730191,0.0000000000,1778162520.9730191,0.
1778162521.073019,0.0000000000,1778162521.073019,0.
1778162521.1730192,0.0000000000,1778162521.1730192,0.
1778162521.273019,0.0000000000,1778162521.273019,0.
1778162521.373019,0.0000000000,1778162521.373019,0.
1778162521.4730191,0.0000000000,1778162521.4730191,0.
1778162521.573019,0.0000000000,1778162521.573019,0.
1778162521.6730192,0.0000000000,1778162521.6730192,0.
1778162521.773019,0.0000000000,1778162521.773019,0.
1778162521.873019,0.0000000000,1778162521.873019,0.
1778162521.9730191,0.0000000000,1778162521.9730191,0.
1778162522.073019,0.0000000000,1778162522.073019,0.
1778162522.1730192,0.0000000000,1778162522.1730192,0.
1778162522.273019,0.0000000000,1778162522.273019,0.
1778162522.373019,0.0000000000,1778162522.373019,0.
1778162522.4730191,0.0000000000,1778162522.4730191,0.
1778162522.573019,0.0000000000,1778162522.573019,0.
1778162522.6730192,0.0000000000,1778162522.6730192,0.
1778162522.773019,0.0000000000,1778162522.773019,0.
1778162522.873019,0.0000000000,1778162522.873019,0.
1778162522.9730191,0.0000000000,1778162522.9730191,0.
1778162523.073019,0.0000000000,1778162523.073019,0.
1778162523.1730192,0.0000000000,1778162523.1730192,0.
1778162523.273019,0.0000000000,1778162523.273019,0.
1778162523.373019,0.0000000000,1778162523.373019,0.
1778162523.4730191,0.0000000000,1778162523.4730191,0.
1778162523.573019,0.0000000000,1778162523.573019,0.
1778162523.6730192,0.0000000000,1778162523.6730192,0.
1778162523.773019,0.0000000000,1778162523.773019,0.
1778162523.873019,0.0000000000,1778162523.873019,0.
1778162523.9730191,0.0000000000,1778162523.9730191,0.
1778162524.073019,0.0000000000,1778162524.073019,0.
1778162524.1730192,0.0000000000,1778162524.1730192,0.
1778162524.273019,0.0000000000,1778162524.273019,0.
1778162524.373019,0.0000000000,1778162524.373019,0.
1778162524.4730191,0.0000000000,1778162524.4730191,0.
1778162524.573019,0.0000000000,1778162524.573019,0.
1778162524.6730192,0.0000000000,1778162524.6730192,0.
1778162524.773019,0.0000000000,1778162524.773019,0.
1778162524.873019,0.0000000000,1778162524.873019,0.
1778162524.9730191,0.0000000000,1778162524.9730191,0.
1778162525.073019,0.0000000000,1778162525.073019,0.
1778162525.1730192,0.0000000000,1778162525.1730192,0.
1778162525.273019,0.0000000000,1778162525.273019,0.
1778162525.373019,0.0000000000,1778162525.373019,0.
1778162525.4730191,0.0000000000,1778162525.4730191,0.
1778162525.573019,0.0000000000,1778162525.573019,0.
1778162525.6730192,0.0000000000,1778162525.6730192,0.
1778162525.773019,0.0000000000,1778162525.773019,0.
1778162525.873019,0.0000000000,1778162525.873019,0.
1778162525.9730191,0.0000000000,1778162525.9730191,0.
1778162526.073019,0.0000000000,1778162526.073019,0.
1778162526.1730192,0.0000000000,1778162526.1730192,0.
1778162526.273019,0.0000000000,1778162526.273019,0.
1778162526.373019,0.0000000000,1778162526.373019,0.
1778162526.4730191,0.0000000000,1778162526.4730191,0.
1778162526.573019,0.0000000000,1778162526.573019,0.
1778162526.6730192,0.0000000000,1778162526.6730192,0.
1778162526.773019,0.0000000000,1778162526.773019,0.
1778162526.873019,0.0000000000,1778162526.873019,0.
1778162526.9730191,0.0000000000,1778162526.9730191,0.
1778162527.073019,0.0000000000,1778162527.073019,0.
1778162527.1730192,0.0000000000,1778162527.1730192,0.
1778162527.273019,0.0000000000,1778162527.273019,0.
1778162527.373019,0.0000000000,1778162527.373019,0.
1778162527.4730191,0.0000000000,1778162527.4730191,0.
1778162527.573019,0.0000000000,1778162527.573019,0.
1778162527.6730192,0.0000000000,1778162527.6730192,0.
1778162527.773019,0.0000000000,1778162527.773019,0.
1778162527.873019,0.0000000000,1778162527.873019,0.
1778162527.9730191,0.0000000000,1778162527.9730191,0.
1778162528.073019,0.0000000000,1778162528.073019,0.
1778162528.1730192,0.0000000000,1778162528.1730192,0.
1778162528.273019,0.0000000000,1778162528.273019,0.
1778162528.373019,0.0000000000,1778162528.373019,0.
1778162528.4730191,0.0000000000,1778162528.4730191,0.
1778162528.573019,0.0000000000,1778162528.573019,0.
1778162528.6730192,0.0000000000,1778162528.6730192,0.
1778162528.773019,0.0000000000,1778162528.773019,0.
1778162528.873019,0.0000000000,1778162528.873019,0.
1778162528.9730191,0.0000000000,1778162528.9730191,0.
1778162529.073019,0.0000000000,1778162529.073019,0.
1778162529.1730192,0.0000000000,1778162529.1730192,0.
1778162529.273019,0.0000000000,1778162529.273019,0.
1778162529.373019,0.0000000000,1778162529.373019,0.
1778162529.4730191,0.0000000000,1778162529.4730191,0.
1778162529.573019,0.0000000000,1778162529.573019,0.
1778162529.6730192,0.0000000000,1778162529.6730192,0.
1778162529.773019,0.0000000000,1778162529.773019,0.
1778162529.873019,0.0000000000,1778162529.873019,0.
1778162529.9730191,0.0000000000,1778162529.9730191,0.
1778162530.073019,0.0000000000,1778162530.073019,0.
1778162530.1730192,0.0000000000,1778162530.1730192,0.
1778162530.273019,0.0000000000,1778162530.273019,0.
1778162530.373019,0.0000000000,1778162530.373019,0.
1778162530.4730191,0.0000000000,1778162530.4730191,0.
1778162530.573019,0.0000000000,1778162530.573019,0.
1778162530.6730192,0.0000000000,1778162530.6730192,0.
1778162530.773019,0.0000000000,1778162530.773019,0.
1778162530.873019,0.0000000000,1778162530.873019,0.
1778162530.9730191,0.0000000000,1778162530.9730191,0.
1778162531.073019,0.0000000000,1778162531.073019,0.
1778162531.1730192,0.0000000000,1778162531.1730192,0.
1778162531.273019,0.0000000000,1778162531.273019,0.
1778162531.373019,0.0000000000,1778162531.373019,0.
1778162531.4730191,0.0000000000,1778162531.4730191,0.
1778162531.573019,0.0000000000,1778162531.573019,0.
1778162531.6730192,0.0000000000,1778162531.6730192,0.
1778162531.773019,0.0000000000,1778162531.773019,0.
1778162531.873019,0.0000000000,1778162531.873019,0.
1778162531.9730191,0.0000000000,1778162531.9730191,0.
1778162532.073019,0.0000000000,1778162532.073019,0.
1778162532.1730192,0.0000000000,1778162532.1730192,0.
1778162532.273019,0.0000000000,1778162532.273019,0.
1778162532.373019,0.0000000000,1778162532.373019,0.
1778162532.4730191,0.0000000000,1778162532.4730191,0.
1778162532.573019,0.0000000000,1778162532.573019,0.
1778162532.6730192,0.0000000000,1778162532.6730192,0.
1778162532.773019,0.0000000000,1778162532.773019,0.
1778162532.873019,0.0000000000,1778162532.873019,0.
1778162532.9730191,0.0000000000,1778162532.9730191,0.
1778162533.073019,0.0000000000,1778162533.073019,0.
1778162533.1730192,0.0000000000,1778162533.1730192,0.
1778162533.273019,0.0000000000,1778162533.273019,0.
1778162533.373019,0.0000000000,1778162533.373019,0.
1778162533.4730191,0.0000000000,1778162533.4730191,0.
1778162533.573019,0.0000000000,1778162533.573019,0.
1778162533.6730192,0.0000000000,1778162533.6730192,0.
1778162533.773019,0.0000000000,1778162533.773019,0.
1778162533.873019,0.0000000000,1778162533.873019,0.
1778162533.9730191,0.0000000000,1778162533.9730191,0.
1778162534.073019,0.0000000000,1778162534.073019,0.
1778162534.1730192,0.0000000000,1778162534.1730192,0.
1778162534.273019,0.0000000000,1778162534.273019,0.
1778162534.373019,0.0000000000,1778162534.373019,0.
1778162534.4730191,0.0000000000,1778162534.4730191,0.
1778162534.573019,0.0000000000,1778162534.573019,0.
1778162534.6730192,0.0000000000,1778162534.6730192,0.
1778162534.773019,0.0000000000,1778162534.773019,0.
1778162534.873019,0.0000000000,1778162534.873019,0.
1778162534.9730191,0.0000000000,1778162534.9730191,0.
1778162535.073019,0.0000000000,1778162535.073019,0.
1778162535.1730192,0.0000000000,1778162535.1730192,0.
1778162535.273019,0.0000000000,1778162535.273019,0.
1778162535.373019,0.0000000000,1778162535.373019,0.
1778162535.4730191,0.0000000000,1778162535.4730191,0.
1778162535.573019,0.0000000000,1778162535.573019,0.
1778162535.6730192,0.0000000000,1778162535.6730192,0.
1778162535.773019,0.0000000000,1778162535.773019,0.
1778162535.873019,0.0000000000,1778162535.873019,0.
1778162535.9730191,0.0000000000,1778162535.9730191,0.
1778162536.073019,0.0000000000,1778162536.073019,0.
1778162536.1730192,0.0000000000,1778162536.1730192,0.
1778162536.273019,0.0000000000,1778162536.273019,0.
1778162536.373019,0.0000000000,1778162536.373019,0.
1778162536.4730191,0.0000000000,1778162536.4730191,0.
1778162536.573019,0.0000000000,1778162536.573019,0.
1778162536.6730192,0.0000000000,1778162536.6730192,0.
1778162536.773019,0.0000000000,1778162536.773019,0.
1778162536.873019,0.0000000000,1778162536.873019,0.
1778162536.9730191,0.0000000000,1778162536.9730191,0.
1778162537.073019,0.0000000000,1778162537.073019,0.
1778162537.1730192,0.0000000000,1778162537.1730192,0.
1778162537.273019,0.0000000000,1778162537.273019,0.
1778162537.373019,0.0000000000,1778162537.373019,0.
1778162537.4730191,0.0000000000,1778162537.4730191,0.
1778162537.573019,0.0000000000,1778162537.573019,0.
1778162537.6730192,0.0000000000,1778162537.6730192,0.
1778162537.773019,0.0000000000,1778162537.773019,0.
1778162537.873019,0.0000000000,1778162537.873019,0.
1778162537.9730191,0.0000000000,1778162537.9730191,0.
1778162538.073019,0.0000000000,1778162538.073019,0.
1778162538.1730192,0.0000000000,1778162538.1730192,0.
1778162538.273019,0.0000000000,1778162538.273019,0.
1778162538.373019,0.0000000000,1778162538.373019,0.
1778162538.4730191,0.0000000000,1778162538.4730191,0.
1778162538.573019,0.0000000000,1778162538.573019,0.
1778162538.6730192,0.0000000000,1778162538.6730192,0.
1778162538.773019,0.0000000000,1778162538.773019,0.
1778162538.873019,0.0000000000,1778162538.873019,0.
1778162538.9730191,0.0000000000,1778162538.9730191,0.
1778162539.073019,0.0000000000,1778162539.073019,0.
1778162539.1730192,0.0000000000,1778162539.1730192,0.
1778162539.273019,0.0000000000,1778162539.273019,0.
1778162539.373019,0.0000000000,1778162539.373019,0.
1778162539.4730191,0.0000000000,1778162539.4730191,0.
1778162539.573019,0.0000000000,1778162539.573019,0.
1778162539.6730192,0.0000000000,1778162539.6730192,0.
1778162539.773019,0.0000000000,1778162539.773019,0.
1778162539.873019,0.0000000000,1778162539.873019,0.
1778162539.9730191,0.0000000000,1778162539.9730191,0.
1778162540.073019,0.0000000000,1778162540.073019,0.
1778162540.1730192,0.0000000000,1778162540.1730192,0.
1778162540.273019,0.0000000000,1778162540.273019,0.
1778162540.373019,0.0000000000,1778162540.373019,0.
1778162540.4730191,0.0000000000,1778162540.4730191,0.
1778162540.573019,0.0000000000,1778162540.573019,0.
1778162540.6730192,0.0000000000,1778162540.6730192,0.
1778162540.773019,0.0000000000,1778162540.773019,0.
1778162540.873019,0.0000000000,1778162540.873019,0.
1778162540.9730191,0.0000000000,1778162540.9730191,0.
1778162541.073019,0.0000000000,1778162541.073019,0.
1778162541.1730192,0.0000000000,1778162541.1730192,0.
1778162541.273019,0.0000000000,1778162541.273019,0.
1778162541.373019,0.0000000000,1778162541.373019,0.
1778162541.4730191,0.0000000000,1778162541.4730191,0.
1778162541.573019,0.0000000000,1778162541.573019,0.
1778162541.6730192,0.0000000000,1778162541.6730192,0.
1778162541.773019,0.0000000000,1778162541.773019,0.
1778162541.873019,0.0000000000,1778162541.873019,0.
1778162541.9730191,0.0000000000,1778162541.9730191,0.
1778162542.073019,0.0000000000,1778162542.073019,0.
1778162542.1730192,0.0000000000,1778162542.1730192,0.
1778162542.273019,0.0000000000,1778162542.273019,0.
1778162542.373019,0.0000000000,1778162542.373019,0.
1778162542.4730191,0.0000000000,1778162542.4730191,0.
1778162542.573019,0.0000000000,1778162542.573019,0.
1778162542.6730192,0.0000000000,1778162542.6730192,0.
1778162542.773019,0.0000000000,1778162542.773019,0.
1778162542.873019,0.0000000000,1778162542.873019,0.
1778162542.9730191,0.0000000000,1778162542.9730191,0.
1778162543.073019,0.0000000000,1778162543.073019,0.
1778162543.1730192,0.0000000000,1778162543.1730192,0.
1778162543.273019,0.0000000000,1778162543.273019,0.
1778162543.373019,0.0000000000,1778162543.373019,0.
1778162543.4730191,0.0000000000,1778162543.4730191,0.
1778162543.573019,0.0000000000,1778162543.573019,0.
1778162543.6730192,0.0000000000,1778162543.6730192,0.
1778162543.773019,0.0000000000,1778162543.773019,0.
1778162543.873019,0.0000000000,1778162543.873019,0.
1778162543.9730191,0.0000000000,1778162543.9730191,0.
1778162544.073019,0.0000000000,1778162544.073019,0.
1778162544.1730192,0.0000000000,1778162544.1730192,0.
1778162544.273019,0.0000000000,1778162544.273019,0.
1778162544.373019,0.0000000000,1778162544.373019,0.
1778162544.4730191,0.0000000000,1778162544.4730191,0.
1778162544.573019,0.0000000000,1778162544.573019,0.
1778162544.6730192,0.0000000000,1778162544.6730192,0.
1778162544.773019,0.0000000000,1778162544.773019,0.
1778162544.873019,0.0000000000,1778162544.873019,0.
1778162544.9730191,0.0000000000,1778162544.9730191,0.
1778162545.073019,0.0000000000,1778162545.073019,0.
1778162545.1730192,0.0000000000,1778162545.1730192,0.
1778162545.273019,0.0000000000,1778162545.273019,0.
1778162545.373019,0.0000000000,1778162545.373019,0.
1778162545.4730191,0.0000000000,1778162545.4730191,0.
1778162545.573019,0.0000000000,1778162545.573019,0.
1778162545.6730192,0.0000000000,1778162545.6730192,0.
1778162545.773019,0.0000000000,1778162545.773019,0.
1778162545.873019,0.0000000000,1778162545.873019,0.
1778162545.9730191,0.0000000000,1778162545.9730191,0.
1778162546.073019,0.0000000000,1778162546.073019,0.
1778162546.1730192,0.0000000000,1778162546.1730192,0.
1778162546.273019,0.0000000000,1778162546.273019,0.
1778162546.373019,0.0000000000,1778162546.373019,0.
1778162546.4730191,0.0000000000,1778162546.4730191,0.
1778162546.573019,0.0000000000,1778162546.573019,0.
1778162546.6730192,0.0000000000,1778162546.6730192,0.
1778162546.773019,0.0000000000,1778162546.773019,0.
1778162546.873019,0.0000000000,1778162546.873019,0.
1778162546.9730191,0.0000000000,1778162546.9730191,0.
1778162547.073019,0.0000000000,1778162547.073019,0.
1778162547.1730192,0.0000000000,1778162547.1730192,0.
1778162547.273019,0.0000000000,1778162547.273019,0.
1778162547.373019,0.0000000000,1778162547.373019,0.
1778162547.4730191,0.0000000000,1778162547.4730191,0.
1778162547.573019,0.0000000000,1778162547.573019,0.
1778162547.6730192,0.0000000000,1778162547.6730192,0.
1778162547.773019,0.0000000000,1778162547.773019,0.
1778162547.873019,0.0000000000,1778162547.873019,0.
1778162547.9730191,0.0000000000,1778162547.9730191,0.
1778162548.073019,0.0000000000,1778162548.073019,0.
1778162548.1730192,0.0000000000,1778162548.1730192,0.
1778162548.273019,0.0000000000,1778162548.273019,0.
1778162548.373019,0.0000000000,1778162548.373019,0.
1778162548.4730191,0.0000000000,1778162548.4730191,0.
1778162548.573019,0.0000000000,1778162548.573019,0.
1778162548.6730192,0.0000000000,1778162548.6730192,0.
1778162548.773019,0.0000000000,1778162548.773019,0.
1778162548.873019,0.0000000000,1778162548.873019,0.
1778162548.9730191,0.0000000000,1778162548.9730191,0.
1778162549.073019,0.0000000000,1778162549.073019,0.
1778162549.1730192,0.0000000000,1778162549.1730192,0.
1778162549.273019,0.0000000000,1778162549.273019,0.
1778162549.373019,0.0000000000,1778162549.373019,0.
1778162549.4730191,0.0000000000,1778162549.4730191,0.
1778162549.573019,0.0000000000,1778162549.573019,0.
1778162549.6730192,0.0000000000,1778162549.6730192,0.
1778162549.773019,0.0000000000,1778162549.773019,0.
1778162549.873019,0.0000000000,1778162549.873019,0.
1778162549.9730191,0.0000000000,1778162549.9730191,0.
1778162550.073019,0.0000000000,1778162550.073019,0.
1778162550.1730192,0.0000000000,1778162550.1730192,0.
1778162550.273019,0.0000000000,1778162550.273019,0.
1778162550.373019,0.0000000000,1778162550.373019,0.
1778162550.4730191,0.0000000000,1778162550.4730191,0.
1778162550.573019,0.0000000000,1778162550.573019,0.
1778162550.6730192,0.0000000000,1778162550.6730192,0.
1778162550.773019,0.0000000000,1778162550.773019,0.
1778162550.873019,0.0000000000,1778162550.873019,0.
1778162550.9730191,0.0000000000,1778162550.9730191,0.
1778162551.073019,0.0000000000,1778162551.073019,0.
1778162551.1730192,0.0000000000,1778162551.1730192,0.
1778162551.273019,0.0000000000,1778162551.273019,0.
1778162551.373019,0.0000000000,1778162551.373019,0.
1778162551.4730191,0.0000000000,1778162551.4730191,0.
1778162551.573019,0.0000000000,1778162551.573019,0.
1778162551.6730192,0.0000000000,1778162551.6730192,0.
1778162551.773019,0.0000000000,1778162551.773019,0.
1778162551.873019,0.0000000000,1778162551.873019,0.
1778162551.9730191,0.0000000000,1778162551.9730191,0.
1778162552.073019,0.0000000000,1778162552.073019,0.
1778162552.1730192,0.0000000000,1778162552.1730192,0.
1778162552.273019,0.0000000000,1778162552.273019,0.
1778162552.373019,0.0000000000,1778162552.373019,0.
1778162552.4730191,0.0000000000,1778162552.4730191,0.
1778162552.573019,0.0000000000,1778162552.573019,0.
1778162552.6730192,0.0000000000,1778162552.6730192,0.
1778162552.773019,0.0000000000,1778162552.773019,0.
1778162552.873019,0.0000000000,1778162552.873019,0.
1778162552.9730191,0.0000000000,1778162552.9730191,0.
1778162553.073019,0.0000000000,1778162553.073019,0.
1778162553.1730192,0.0000000000,1778162553.1730192,0.
1778162553.273019,0.0000000000,1778162553.273019,0.
1778162553.373019,0.0000000000,1778162553.373019,0.
1778162553.4730191,0.0000000000,1778162553.4730191,0.
1778162553.573019,0.0000000000,1778162553.573019,0.
1778162553.6730192,0.0000000000,1778162553.6730192,0.
1778162553.773019,0.0000000000,1778162553.773019,0.
1778162553.873019,0.0000000000,1778162553.873019,0.
1778162553.9730191,0.0000000000,1778162553.9730191,0.
1778162554.073019,0.0000000000,1778162554.073019,0.
1778162554.1730192,0.0000000000,1778162554.1730192,0.
1778162554.273019,0.0000000000,1778162554.273019,0.
1778162554.373019,0.0000000000,1778162554.373019,0.
1778162554.4730191,0.0000000000,1778162554.4730191,0.
1778162554.573019,0.0000000000,1778162554.573019,0.
1778162554.6730192,0.0000000000,1778162554.6730192,0.
1778162554.773019,0.0000000000,1778162554.773019,0.
1778162554.873019,0.0000000000,1778162554.873019,0.
1778162554.9730191,0.0000000000,1778162554.9730191,0.
1778162555.073019,0.0000000000,1778162555.073019,0.
1778162555.1730192,0.0000000000,1778162555.1730192,0.
1778162555.273019,0.0000000000,1778162555.273019,0.
1778162555.373019,0.0000000000,1778162555.373019,0.
1778162555.4730191,0.0000000000,1778162555.4730191,0.
1778162555.573019,0.0000000000,1778162555.573019,0.
1778162555.6730192,0.0000000000,1778162555.6730192,0.
1778162555.773019,0.0000000000,1778162555.773019,0.
1778162555.873019,0.0000000000,1778162555.873019,0.
1778162555.9730191,0.0000000000,1778162555.9730191,0.
1778162556.073019,0.0000000000,1778162556.073019,0.
1778162556.1730192,0.0000000000,1778162556.1730192,0.
1778162556.273019,0.0000000000,1778162556.273019,0.
1778162556.373019,0.0000000000,1778162556.373019,0.
1778162556.4730191,0.0000000000,1778162556.4730191,0.
1778162556.573019,0.0000000000,1778162556.573019,0.
1778162556.6730192,0.0000000000,1778162556.6730192,0.
1778162556.773019,0.0000000000,1778162556.773019,0.
1778162556.873019,0.0000000000,1778162556.873019,0.
1778162556.9730191,0.0000000000,1778162556.9730191,0.
1778162557.073019,0.0000000000,1778162557.073019,0.
1778162557.1730192,0.0000000000,1778162557.1730192,0.
1778162557.273019,0.0000000000,1778162557.273019,0.
1778162557.373019,0.0000000000,1778162557.373019,0.
1778162557.4730191,0.0000000000,1778162557.4730191,0.
1778162557.573019,0.0000000000,1778162557.573019,0.
1778162557.6730192,0.0000000000,1778162557.6730192,0.
1778162557.773019,0.0000000000,1778162557.773019,0.
1778162557.873019,0.0000000000,1778162557.873019,0.
1778162557.9730191,0.0000000000,1778162557.9730191,0.
1778162558.073019,0.0000000000,1778162558.073019,0.
1778162558.1730192,0.0000000000,1778162558.1730192,0.
1778162558.273019,0.0000000000,1778162558.273019,0.
1778162558.373019,0.0000000000,1778162558.373019,0.
1778162558.4730191,0.0000000000,1778162558.4730191,0.
1778162558.573019,0.0000000000,1778162558.573019,0.
1778162558.6730192,0.0000000000,1778162558.6730192,0.
1778162558.773019,0.0000000000,1778162558.773019,0.
1778162558.873019,0.0000000000,1778162558.873019,0.
1778162558.9730191,0.0000000000,1778162558.9730191,0.
1778162559.073019,0.0000000000,1778162559.073019,0.
1778162559.1730192,0.0000000000,1778162559.1730192,0.
1778162559.273019,0.0000000000,1778162559.273019,0.
1778162559.373019,0.0000000000,1778162559.373019,0.
1778162559.4730191,0.0000000000,1778162559.4730191,0.
1778162559.573019,0.0000000000,1778162559.573019,0.
1778162559.6730192,0.0000000000,1778162559.6730192,0.
1778162559.773019,0.0000000000,1778162559.773019,0.
1778162559.873019,0.0000000000,1778162559.873019,0.
1778162559.9730191,0.0000000000,1778162559.9730191,0.
1778162560.073019,0.0000000000,1778162560.073019,0.
1778162560.1730192,0.0000000000,1778162560.1730192,0.
1778162560.273019,0.0000000000,1778162560.273019,0.
1778162560.373019,0.0000000000,1778162560.373019,0.
1778162560.4730191,0.0000000000,1778162560.4730191,0.
1778162560.573019,0.0000000000,1778162560.573019,0.
1778162560.6730192,0.0000000000,1778162560.6730192,0.
1778162560.773019,0.0000000000,1778162560.773019,0.
1778162560.873019,0.0000000000,1778162560.873019,0.
1778162560.9730191,0.0000000000,1778162560.9730191,0.
1778162561.073019,0.0000000000,1778162561.073019,0.
1778162561.1730192,0.0000000000,1778162561.1730192,0.
1778162561.273019,0.0000000000,1778162561.273019,0.
1778162561.373019,0.0000000000,1778162561.373019,0.
1778162561.4730191,0.0000000000,1778162561.4730191,0.
1778162561.573019,0.0000000000,1778162561.573019,0.
1778162561.6730192,0.0000000000,1778162561.6730192,0.
1778162561.773019,0.0000000000,1778162561.773019,0.
1778162561.873019,0.0000000000,1778162561.873019,0.
1778162561.9730191,0.0000000000,1778162561.9730191,0.
1778162562.073019,0.0000000000,1778162562.073019,0.
1778162562.1730192,0.0000000000,1778162562.1730192,0.
1778162562.273019,0.0000000000,1778162562.273019,0.
1778162562.373019,0.0000000000,1778162562.373019,0.
1778162562.4730191,0.0000000000,1778162562.4730191,0.
1778162562.573019,0.0000000000,1778162562.573019,0.
1778162562.6730192,0.0000000000,1778162562.6730192,0.
1778162562.773019,0.0000000000,1778162562.773019,0.
1778162562.873019,0.0000000000,1778162562.873019,0.
1778162562.9730191,0.0000000000,1778162562.9730191,0.
1778162563.073019,0.0000000000,1778162563.073019,0.
1778162563.1730192,0.0000000000,1778162563.1730192,0.
1778162563.273019,0.0000000000,1778162563.273019,0.
1778162563.373019,0.0000000000,1778162563.373019,0.
1778162563.4730191,0.0000000000,1778162563.4730191,0.
1778162563.573019,0.0000000000,1778162563.573019,0.
1778162563.6730192,0.0000000000,1778162563.6730192,0.
1778162563.773019,0.0000000000,1778162563.773019,0.
1778162563.873019,0.0000000000,1778162563.873019,0.
1778162563.9730191,0.0000000000,1778162563.9730191,0.
1778162564.073019,0.0000000000,1778162564.073019,0.
1778162564.1730192,0.0000000000,1778162564.1730192,0.
1778162564.273019,0.0000000000,1778162564.273019,0.
1778162564.373019,0.0000000000,1778162564.373019,0.
1778162564.4730191,0.0000000000,1778162564.4730191,0.
1778162564.573019,0.0000000000,1778162564.573019,0.
1778162564.6730192,0.0000000000,1778162564.6730192,0.
1778162564.773019,0.0000000000,1778162564.773019,0.
1778162564.873019,0.0000000000,1778162564.873019,0.
1778162564.9730191,0.0000000000,1778162564.9730191,0.
1778162565.073019,0.0000000000,1778162565.073019,0.
1778162565.1730192,0.0000000000,1778162565.1730192,0.
1778162565.273019,0.0000000000,1778162565.273019,0.
1778162565.373019,0.0000000000,1778162565.373019,0.
1778162565.4730191,0.0000000000,1778162565.4730191,0.
1778162565.573019,0.0000000000,1778162565.573019,0.
1778162565.6730192,0.0000000000,1778162565.6730192,0.
1778162565.773019,0.0000000000,1778162565.773019,0.
1778162565.873019,0.0000000000,1778162565.873019,0.
1778162565.9730191,0.0000000000,1778162565.9730191,0.
1778162566.073019,0.0000000000,1778162566.073019,0.
1778162566.1730192,0.0000000000,1778162566.1730192,0.
1778162566.273019,0.0000000000,1778162566.273019,0.
1778162566.373019,0.0000000000,1778162566.373019,0.
1778162566.4730191,0.0000000000,1778162566.4730191,0.
1778162566.573019,0.0000000000,1778162566.573019,0.
1778162566.6730192,0.0000000000,1778162566.6730192,0.
1778162566.773019,0.0000000000,1778162566.773019,0.
1778162566.873019,0.0000000000,1778162566.873019,0.
1778162566.9730191,0.0000000000,1778162566.9730191,0.
1778162567.073019,0.0000000000,1778162567.073019,0.
1778162567.1730192,0.0000000000,1778162567.1730192,0.
1778162567.273019,0.0000000000,1778162567.273019,0.
1778162567.373019,0.0000000000,1778162567.373019,0.
1778162567.4730191,0.0000000000,1778162567.4730191,0.
1778162567.573019,0.0000000000,1778162567.573019,0.
1778162567.6730192,0.0000000000,1778162567.6730192,0.
1778162567.773019,0.0000000000,1778162567.773019,0.
1778162567.873019,0.0000000000,1778162567.873019,0.
1778162567.9730191,0.0000000000,1778162567.9730191,0.
1778162568.073019,0.0000000000,1778162568.073019,0.
1778162568.1730192,0.0000000000,1778162568.1730192,0.
1778162568.273019,0.0000000000,1778162568.273019,0.
1778162568.373019,0.0000000000,1778162568.373019,0.
1778162568.4730191,0.0000000000,1778162568.4730191,0.
1778162568.573019,0.0000000000,1778162568.573019,0.
1778162568.6730192,0.0000000000,1778162568.6730192,0.
1778162568.773019,0.0000000000,1778162568.773019,0.
1778162568.873019,0.0000000000,1778162568.873019,0.
1778162568.9730191,0.0000000000,1778162568.9730191,0.
1778162569.073019,0.0000000000,1778162569.073019,0.
1778162569.1730192,0.0000000000,1778162569.1730192,0.
1778162569.273019,0.0000000000,1778162569.273019,0.
1778162569.373019,0.0000000000,1778162569.373019,0.
1778162569.4730191,0.0000000000,1778162569.4730191,0.
1778162569.573019,0.0000000000,1778162569.573019,0.
1778162569.6730192,0.0000000000,1778162569.6730192,0.
1778162569.773019,0.0000000000,1778162569.773019,0.
1778162569.873019,0.0000000000,1778162569.873019,0.
1778162569.9730191,0.0000000000,1778162569.9730191,0.
1778162570.073019,0.0000000000,1778162570.073019,0.
1778162570.1730192,0.0000000000,1778162570.1730192,0.
1778162570.273019,0.0000000000,1778162570.273019,0.
1778162570.373019,0.0000000000,1778162570.373019,0.
1778162570.4730191,0.0000000000,1778162570.4730191,0.
1778162570.573019,0.0000000000,1778162570.573019,0.
1778162570.6730192,0.0000000000,1778162570.6730192,0.
1778162570.773019,0.0000000000,1778162570.773019,0.
1778162570.873019,0.0000000000,1778162570.873019,0.
1778162570.9730191,0.0000000000,1778162570.9730191,0.
1778162571.073019,0.0000000000,1778162571.073019,0.
1778162571.1730192,0.0000000000,1778162571.1730192,0.
1778162571.273019,0.0000000000,1778162571.273019,0.
1778162571.373019,0.0000000000,1778162571.373019,0.
1778162571.4730191,0.0000000000,1778162571.4730191,0.
1778162571.573019,0.0000000000,1778162571.573019,0.
1778162571.6730192,0.0000000000,1778162571.6730192,0.
1778162571.773019,0.0000000000,1778162571.773019,0.
1778162571.873019,0.0000000000,1778162571.873019,0.
1778162571.9730191,0.0000000000,1778162571.9730191,0.
1778162572.073019,0.0000000000,1778162572.073019,0.
1778162572.1730192,0.0000000000,1778162572.1730192,0.
1778162572.273019,0.0000000000,1778162572.273019,0.
1778162572.373019,0.0000000000,1778162572.373019,0.
1778162572.4730191,0.0000000000,1778162572.4730191,0.
1778162572.573019,0.0000000000,1778162572.573019,0.
1778162572.6730192,0.0000000000,1778162572.6730192,0.
1778162572.773019,0.0000000000,1778162572.773019,0.
1778162572.873019,0.0000000000,1778162572.873019,0.
1778162572.9730191,0.0000000000,1778162572.9730191,0.
1778162573.073019,0.0000000000,1778162573.073019,0.
1778162573.1730192,0.0000000000,1778162573.1730192,0.
1778162573.273019,0.0000000000,1778162573.273019,0.
1778162573.373019,0.0000000000,1778162573.373019,0.
1778162573.4730191,0.0000000000,1778162573.4730191,0.
1778162573.573019,0.0000000000,1778162573.573019,0.
1778162573.6730192,0.0000000000,1778162573.6730192,0.
1778162573.773019,0.0000000000,1778162573.773019,0.
1778162573.873019,0.0000000000,1778162573.873019,0.
1778162573.9730191,0.0000000000,1778162573.9730191,0.
1778162574.073019,0.0000000000,1778162574.073019,0.
1778162574.1730192,0.0000000000,1778162574.1730192,0.
1778162574.273019,0.0000000000,1778162574.273019,0.
1778162574.373019,0.0000000000,1778162574.373019,0.
1778162574.4730191,0.0000000000,1778162574.4730191,0.
1778162574.573019,0.0000000000,1778162574.573019,0.
1778162574.6730192,0.0000000000,1778162574.6730192,0.
1778162574.773019,0.0000000000,1778162574.773019,0.
1778162574.873019,0.0000000000,1778162574.873019,0.
1778162574.9730191,0.0000000000,1778162574.9730191,0.
1778162575.073019,0.0000000000,1778162575.073019,0.
1778162575.1730192,0.0000000000,1778162575.1730192,0.
1778162575.273019,0.0000000000,1778162575.273019,0.
1778162575.373019,0.0000000000,1778162575.373019,0.
1778162575.4730191,0.0000000000,1778162575.4730191,0.
1778162575.573019,0.0000000000,1778162575.573019,0.
1778162575.6730192,0.0000000000,1778162575.6730192,0.
1778162575.773019,0.0000000000,1778162575.773019,0.
1778162575.873019,0.0000000000,1778162575.873019,0.
1778162575.9730191,0.0000000000,1778162575.9730191,0.
1778162576.073019,0.0000000000,1778162576.073019,0.
1778162576.1730192,0.0000000000,1778162576.1730192,0.
1778162576.273019,0.0000000000,1778162576.273019,0.
1778162576.373019,0.0000000000,1778162576.373019,0.
1778162576.4730191,0.0000000000,1778162576.4730191,0.
1778162576.573019,0.0000000000,1778162576.573019,0.
1778162576.6730192,0.0000000000,1778162576.6730192,0.
1778162576.773019,0.0000000000,1778162576.773019,0.
1778162576.873019,0.0000000000,1778162576.873019,0.
1778162576.9730191,0.0000000000,1778162576.9730191,0.
1778162577.073019,0.0000000000,1778162577.073019,0.
1778162577.1730192,0.0000000000,1778162577.1730192,0.
1778162577.273019,0.0000000000,1778162577.273019,0.
1778162577.373019,0.0000000000,1778162577.373019,0.
1778162577.4730191,0.0000000000,1778162577.4730191,0.
1778162577.573019,0.0000000000,1778162577.573019,0.
1778162577.6730192,0.0000000000,1778162577.6730192,0.
1778162577.773019,0.0000000000,1778162577.773019,0.
1778162577.873019,0.0000000000,1778162577.873019,0.
1778162577.9730191,0.0000000000,1778162577.9730191,0.
1778162578.073019,0.0000000000,1778162578.073019,0.
1778162578.1730192,0.0000000000,1778162578.1730192,0.
1778162578.273019,0.0000000000,1778162578.273019,0.
1778162578.373019,0.0000000000,1778162578.373019,0.
1778162578.4730191,0.0000000000,1778162578.4730191,0.
1778162578.573019,0.0000000000,1778162578.573019,0.
1778162578.6730192,0.0000000000,1778162578.6730192,0.
1778162578.773019,0.0000000000,1778162578.773019,0.
1778162578.873019,0.0000000000,1778162578.873019,0.
1778162578.9730191,0.0000000000,1778162578.9730191,0.
1778162579.073019,0.0000000000,1778162579.073019,0.
1778162579.1730192,0.0000000000,1778162579.1730192,0.
1778162579.273019,0.0000000000,1778162579.273019,0.
1778162579.373019,0.0000000000,1778162579.373019,0.
1778162579.4730191,0.0000000000,1778162579.4730191,0.
1778162579.573019,0.0000000000,1778162579.573019,0.
1778162579.6730192,0.0000000000,1778162579.6730192,0.
1778162579.773019,0.0000000000,1778162579.773019,0.
1778162579.873019,0.0000000000,1778162579.873019,0.
1778162579.9730191,0.0000000000,1778162579.9730191,0.
1778162580.073019,0.0000000000,1778162580.073019,0.
1778162580.1730192,0.0000000000,1778162580.1730192,0.
1778162580.273019,0.0000000000,1778162580.273019,0.
1778162580.373019,0.0000000000,1778162580.373019,0.
1778162580.4730191,0.0000000000,1778162580.4730191,0.
1778162580.573019,0.0000000000,1778162580.573019,0.
1778162580.6730192,0.0000000000,1778162580.6730192,0.
1778162580.773019,0.0000000000,1778162580.773019,0.
1778162580.873019,0.0000000000,1778162580.873019,0.
1778162580.9730191,0.0000000000,1778162580.9730191,0.
1778162581.073019,0.0000000000,1778162581.073019,0.
1778162581.1730192,0.0000000000,1778162581.1730192,0.
1778162581.273019,0.0000000000,1778162581.273019,0.
1778162581.373019,0.0000000000,1778162581.373019,0.
1778162581.4730191,0.0000000000,1778162581.4730191,0.
1778162581.573019,0.0000000000,1778162581.573019,0.
1778162581.6730192,0.0000000000,1778162581.6730192,0.
1778162581.773019,0.0000000000,1778162581.773019,0.
1778162581.873019,0.0000000000,1778162581.873019,0.
1778162581.9730191,0.0000000000,1778162581.9730191,0.
1778162582.073019,0.0000000000,1778162582.073019,0.
1778162582.1730192,0.0000000000,1778162582.1730192,0.
1778162582.273019,0.0000000000,1778162582.273019,0.
1778162582.373019,0.0000000000,1778162582.373019,0.
1778162582.4730191,0.0000000000,1778162582.4730191,0.
1778162582.573019,0.0000000000,1778162582.573019,0.
1778162582.6730192,0.0000000000,1778162582.6730192,0.
1778162582.773019,0.0000000000,1778162582.773019,0.
1778162582.873019,0.0000000000,1778162582.873019,0.
1778162582.9730191,0.0000000000,1778162582.9730191,0.
1778162583.073019,0.0000000000,1778162583.073019,0.
1778162583.1730192,0.0000000000,1778162583.1730192,0.
1778162583.273019,0.0000000000,1778162583.273019,0.
1778162583.373019,0.0000000000,1778162583.373019,0.
1778162583.4730191,0.0000000000,1778162583.4730191,0.
1778162583.573019,0.0000000000,1778162583.573019,0.
1778162583.6730192,0.0000000000,1778162583.6730192,0.
1778162583.773019,0.0000000000,1778162583.773019,0.
1778162583.873019,0.0000000000,1778162583.873019,0.
1778162583.9730191,0.0000000000,1778162583.9730191,0.
1778162584.073019,0.0000000000,1778162584.073019,0.
1778162584.1730192,0.0000000000,1778162584.1730192,0.
1778162584.273019,0.0000000000,1778162584.273019,0.
1778162584.373019,0.0000000000,1778162584.373019,0.
1778162584.4730191,0.0000000000,1778162584.4730191,0.
1778162584.573019,0.0000000000,1778162584.573019,0.
1778162584.6730192,0.0000000000,1778162584.6730192,0.
1778162584.773019,0.0000000000,1778162584.773019,0.
1778162584.873019,0.0000000000,1778162584.873019,0.
1778162584.9730191,0.0000000000,1778162584.9730191,0.
1778162585.073019,0.0000000000,1778162585.073019,0.
1778162585.1730192,0.0000000000,1778162585.1730192,0.
1778162585.273019,0.0000000000,1778162585.273019,0.
1778162585.373019,0.0000000000,1778162585.373019,0.
1778162585.4730191,0.0000000000,1778162585.4730191,0.
1778162585.573019,0.0000000000,1778162585.573019,0.
1778162585.6730192,0.0000000000,1778162585.6730192,0.
1778162585.773019,0.0000000000,1778162585.773019,0.
1778162585.873019,0.0000000000,1778162585.873019,0.
1778162585.9730191,0.0000000000,1778162585.9730191,0.
1778162586.073019,0.0000000000,1778162586.073019,0.
1778162586.1730192,0.0000000000,1778162586.1730192,0.
1778162586.273019,0.0000000000,1778162586.273019,0.
1778162586.373019,0.0000000000,1778162586.373019,0.
1778162586.4730191,0.0000000000,1778162586.4730191,0.
1778162586.573019,0.0000000000,1778162586.573019,0.
1778162586.6730192,0.0000000000,1778162586.6730192,0.
1778162586.773019,0.0000000000,1778162586.773019,0.
1778162586.873019,0.0000000000,1778162586.873019,0.
1778162586.9730191,0.0000000000,1778162586.9730191,0.
1778162587.073019,0.0000000000,1778162587.073019,0.
1778162587.1730192,0.0000000000,1778162587.1730192,0.
1778162587.273019,0.0000000000,1778162587.273019,0.
1778162587.373019,0.0000000000,1778162587.373019,0.
1778162587.4730191,0.0000000000,1778162587.4730191,0.
1778162587.573019,0.0000000000,1778162587.573019,0.
1778162587.6730192,0.0000000000,1778162587.6730192,0.
1778162587.773019,0.0000000000,1778162587.773019,0.
1778162587.873019,0.0000000000,1778162587.873019,0.
1778162587.9730191,0.0000000000,1778162587.9730191,0.
1778162588.073019,0.0000000000,1778162588.073019,0.
1778162588.1730192,0.0000000000,1778162588.1730192,0.
1778162588.273019,0.0000000000,1778162588.273019,0.
1778162588.373019,0.0000000000,1778162588.373019,0.
1778162588.4730191,0.0000000000,1778162588.4730191,0.
1778162588.573019,0.0000000000,1778162588.573019,0.
1778162588.6730192,0.0000000000,1778162588.6730192,0.
1778162588.773019,0.0000000000,1778162588.773019,0.
1778162588.873019,0.0000000000,1778162588.873019,0.
1778162588.9730191,0.0000000000,1778162588.9730191,0.
1778162589.073019,0.0000000000,1778162589.073019,0.
1778162589.1730192,0.0000000000,1778162589.1730192,0.
1778162589.273019,0.0000000000,1778162589.273019,0.
1778162589.373019,0.0000000000,1778162589.373019,0.
1778162589.4730191,0.0000000000,1778162589.4730191,0.
1778162589.573019,0.0000000000,1778162589.573019,0.
1778162589.6730192,0.0000000000,1778162589.6730192,0.
1778162589.773019,0.0000000000,1778162589.773019,0.
1778162589.873019,0.0000000000,1778162589.873019,0.
1778162589.9730191,0.0000000000,1778162589.9730191,0.
1778162590.073019,0.0000000000,1778162590.073019,0.
1778162590.1730192,0.0000000000,1778162590.1730192,0.
1778162590.273019,0.0000000000,1778162590.273019,0.
1778162590.373019,0.0000000000,1778162590.373019,0.
1778162590.4730191,0.0000000000,1778162590.4730191,0.
1778162590.573019,0.0000000000,1778162590.573019,0.
1778162590.6730192,0.0000000000,1778162590.6730192,0.
1778162590.773019,0.0000000000,1778162590.773019,0.
1778162590.873019,0.0000000000,1778162590.873019,0.
1778162590.9730191,0.0000000000,1778162590.9730191,0.
1778162591.073019,0.0000000000,1778162591.073019,0.
1778162591.1730192,0.0000000000,1778162591.1730192,0.
1778162591.273019,0.0000000000,1778162591.273019,0.
1778162591.373019,0.0000000000,1778162591.373019,0.
1778162591.4730191,0.0000000000,1778162591.4730191,0.
1778162591.573019,0.0000000000,1778162591.573019,0.
1778162591.6730192,0.0000000000,1778162591.6730192,0.
1778162591.773019,0.0000000000,1778162591.773019,0.
1778162591.873019,0.0000000000,1778162591.873019,0.
1778162591.9730191,0.0000000000,1778162591.9730191,0.
1778162592.073019,0.0000000000,1778162592.073019,0.
1778162592.1730192,0.0000000000,1778162592.1730192,0.
1778162592.273019,0.0000000000,1778162592.273019,0.
1778162592.373019,0.0000000000,1778162592.373019,0.
1778162592.4730191,0.0000000000,1778162592.4730191,0.
1778162592.573019,0.0000000000,1778162592.573019,0.
1778162592.6730192,0.0000000000,1778162592.6730192,0.
1778162592.773019,0.0000000000,1778162592.773019,0.
1778162592.873019,0.0000000000,1778162592.873019,0.
1778162592.9730191,0.0000000000,1778162592.9730191,0.
1778162593.073019,0.0000000000,1778162593.073019,0.
1778162593.1730192,0.0000000000,1778162593.1730192,0.
1778162593.273019,0.0000000000,1778162593.273019,0.
1778162593.373019,0.0000000000,1778162593.373019,0.
1778162593.4730191,0.0000000000,1778162593.4730191,0.
1778162593.573019,0.0000000000,1778162593.573019,0.
1778162593.6730192,0.0000000000,1778162593.6730192,0.
1778162593.773019,0.0000000000,1778162593.773019,0.
1778162593.873019,0.0000000000,1778162593.873019,0.
1778162593.9730191,0.0000000000,1778162593.9730191,0.
1778162594.073019,0.0000000000,1778162594.073019,0.
1778162594.1730192,0.0000000000,1778162594.1730192,0.
1778162594.273019,0.0000000000,1778162594.273019,0.
1778162594.373019,0.0000000000,1778162594.373019,0.
1778162594.4730191,0.0000000000,1778162594.4730191,0.
1778162594.573019,0.0000000000,1778162594.573019,0.
1778162594.6730192,0.0000000000,1778162594.6730192,0.
1778162594.773019,0.0000000000,1778162594.773019,0.
1778162594.873019,0.0000000000,1778162594.873019,0.
1778162594.9730191,0.0000000000,1778162594.9730191,0.
1778162595.073019,0.0000000000,1778162595.073019,0.
1778162595.1730192,0.0000000000,1778162595.1730192,0.
1778162595.273019,0.0000000000,1778162595.273019,0.
1778162595.373019,0.0000000000,1778162595.373019,0.
1778162595.4730191,0.0000000000,1778162595.4730191,0.
1778162595.573019,0.0000000000,1778162595.573019,0.
1778162595.6730192,0.0000000000,1778162595.6730192,0.
1778162595.773019,0.0000000000,1778162595.773019,0.
1778162595.873019,0.0000000000,1778162595.873019,0.
1778162595.9730191,0.0000000000,1778162595.9730191,0.
1778162596.073019,0.0000000000,1778162596.073019,0.
1778162596.1730192,0.0000000000,1778162596.1730192,0.
1778162596.273019,0.0000000000,1778162596.273019,0.
1778162596.373019,0.0000000000,1778162596.373019,0.
1778162596.4730191,0.0000000000,1778162596.4730191,0.
1778162596.573019,0.0000000000,1778162596.573019,0.
1778162596.6730192,0.0000000000,1778162596.6730192,0.
1778162596.773019,0.0000000000,1778162596.773019,0.
1778162596.873019,0.0000000000,1778162596.873019,0.
1778162596.9730191,0.0000000000,1778162596.9730191,0.
1778162597.073019,0.0000000000,1778162597.073019,0.
1778162597.1730192,0.0000000000,1778162597.1730192,0.
1778162597.273019,0.0000000000,1778162597.273019,0.
1778162597.373019,0.0000000000,1778162597.373019,0.
1778162597.4730191,0.0000000000,1778162597.4730191,0.
1778162597.573019,0.0000000000,1778162597.573019,0.
1778162597.6730192,0.0000000000,1778162597.6730192,0.
1778162597.773019,0.0000000000,1778162597.773019,0.
1778162597.873019,0.0000000000,1778162597.873019,0.
1778162597.9730191,0.0000000000,1778162597.9730191,0.
1778162598.073019,0.0000000000,1778162598.073019,0.
1778162598.1730192,0.0000000000,1778162598.1730192,0.
1778162598.273019,0.0000000000,1778162598.273019,0.
1778162598.373019,0.0000000000,1778162598.373019,0.
1778162598.4730191,0.0000000000,1778162598.4730191,0.
1778162598.573019,0.0000000000,1778162598.573019,0.
1778162598.6730192,0.0000000000,1778162598.6730192,0.
1778162598.773019,0.0000000000,1778162598.773019,0.
